driver_id,driver_name,vehicle_type,city,rating,status
D00001,Alison Miles,Hatchback,Singapore,4.75,Active
D00002,Tracey Carter,Sedan,Jurong,4.94,Active
D00003,Robert Myers,Electric,Bishan,4.23,Active
D00004,Amy Dennis,Premium,Toa Payoh,4.1,Suspended
D00005,Douglas Miller,Electric,Ang Mo Kio,4.04,Active
D00006,Michael Bradley,SUV,Tampines,4.02,Inactive
D00007,Robert York,SUV,Singapore,3.74,Active
D00008,Kelsey White,MPV,Jurong,4.84,Active
D00009,Joel Wright,Premium,Bishan,3.8,Active
D00010,Rachel Smith,Sedan,Punggol,4.02,Active
D00011,Calvin Howard,MPV,Yishun,4.1,Active
D00012,Thomas Parker,SUV,Tampines,4.83,Inactive
D00013,Sandra Adkins,Hatchback,Bedok,3.54,Active
D00014,Amanda Padilla,Sedan,Punggol,3.85,Active
D00015,David Richards,MPV,Yishun,3.58,Active
D00016,Lisa David,Hatchback,Ang Mo Kio,4.36,Active
D00017,Darrell Trujillo,Electric,Bedok,3.65,Active
D00018,Daniel Matthews,Electric,Bedok,4.28,Active
D00019,Rebecca Hernandez,Sedan,Bishan,4.9,Active
D00020,Cheyenne Levy,Electric,Punggol,4.08,Active
D00021,Timothy Hall,SUV,Yishun,3.81,Inactive
D00022,Deborah Rowe,Electric,Jurong,4.92,Active
D00023,Kimberly Henderson,Premium,Punggol,5.0,Active
D00024,Rebecca Allen,MPV,Singapore,4.53,Active
D00025,Micheal White,SUV,Toa Payoh,4.34,Suspended
D00026,Michael Gonzales,Premium,Ang Mo Kio,4.66,Active
D00027,Timothy Olson,MPV,Yishun,3.67,Active
D00028,Charles Ramirez,SUV,Punggol,3.53,Active
D00029,Jessica Horne,SUV,Woodlands,4.47,Active
D00030,Sophia Johnson,Premium,Punggol,4.93,Active
D00031,Michelle Ruiz,Electric,Yishun,4.28,Active
D00032,Carolyn Cook,SUV,Bishan,4.7,Active
D00033,Lauren Blake,Sedan,Woodlands,3.65,Active
D00034,Erica Smith,Sedan,Singapore,3.85,Active
D00035,Justin Barker,SUV,Toa Payoh,4.16,Active
D00036,Joshua Mills,Sedan,Toa Payoh,3.82,Active
D00037,Stacy Evans,Premium,Toa Payoh,3.73,Active
D00038,Kevin Guerrero,Hatchback,Toa Payoh,3.8,Active
D00039,Timothy Brock,Hatchback,Singapore,4.81,Active
D00040,Sandra Jimenez,Sedan,Bedok,4.1,Active
D00041,Rebekah Hubbard,Electric,Toa Payoh,4.24,Active
D00042,Cheryl Contreras,Premium,Woodlands,4.86,Active
D00043,Brandon Thornton,Hatchback,Woodlands,4.6,Active
D00044,Luis Thompson,Hatchback,Ang Mo Kio,4.74,Active
D00045,Zachary Jenkins,Premium,Singapore,3.62,Active
D00046,John Reese,Hatchback,Singapore,4.84,Active
D00047,Jasmine Andrews,Electric,Jurong,4.84,Suspended
D00048,Martin Lewis,Hatchback,Tampines,4.75,Active
D00049,Kayla Wright,Hatchback,Singapore,4.35,Active
D00050,Brittany Rodriguez,MPV,Singapore,4.93,Active
D00051,Darren Evans,Hatchback,Bishan,4.11,Active
D00052,Carrie Beck,Electric,Jurong,4.66,Active
D00053,Juan Mccarthy,Electric,Bedok,4.52,Active
D00054,Donald Daniels,SUV,Jurong,3.62,Active
D00055,Kathleen Walker,Electric,Woodlands,4.22,Active
D00056,Sean Blankenship,MPV,Ang Mo Kio,4.06,Active
D00057,Luke Yates,MPV,Ang Mo Kio,4.23,Active
D00058,Amanda Duke,Sedan,Bishan,4.42,Active
D00059,Tamara Carrillo,Hatchback,Ang Mo Kio,4.56,Inactive
D00060,Tracy Douglas,Sedan,Jurong,3.72,Active
D00061,Madison Jackson,MPV,Bedok,4.48,Active
D00062,Judith Pearson,MPV,Woodlands,4.09,Active
D00063,Keith Wagner,Electric,Yishun,4.11,Inactive
D00064,Elizabeth Rodriguez,Electric,Punggol,4.12,Inactive
D00065,James Matthews,Hatchback,Singapore,4.58,Active
D00066,Amanda Jimenez,SUV,Singapore,3.92,Inactive
D00067,Steven Hill,Electric,Singapore,4.76,Active
D00068,Brittney Lloyd,Electric,Yishun,3.58,Active
D00069,Emily Morales,Premium,Tampines,3.82,Active
D00070,Sarah Brown,Premium,Punggol,3.81,Active
D00071,Emma Schultz,SUV,Tampines,4.6,Active
D00072,Johnny Benson,MPV,Toa Payoh,4.65,Active
D00073,Michael Carroll,Hatchback,Punggol,3.68,Active
D00074,Jason Bradley,Premium,Toa Payoh,3.82,Active
D00075,James Davis,Electric,Yishun,4.86,Active
D00076,Bradley Elliott,Sedan,Bedok,3.73,Active
D00077,Jenna Baker,Premium,Yishun,3.82,Active
D00078,Todd Archer,Premium,Yishun,3.95,Active
D00079,Terry Sullivan,MPV,Woodlands,4.62,Active
D00080,Kathleen Bauer,Hatchback,Yishun,4.18,Active
D00081,Theresa Livingston,Electric,Yishun,4.46,Active
D00082,Jane Stanton,Sedan,Punggol,4.59,Active
D00083,Edward Wagner,Sedan,Bedok,4.69,Active
D00084,Meagan Cordova,Premium,Toa Payoh,3.66,Active
D00085,Sarah Wallace,MPV,Singapore,4.68,Active
D00086,Nicholas Rivera,Sedan,Ang Mo Kio,4.74,Active
D00087,Nicole Bishop,Sedan,Tampines,4.4,Active
D00088,Jacqueline Thomas,Sedan,Singapore,3.71,Active
D00089,James Lozano,Hatchback,Tampines,3.87,Active
D00090,Adam Day Jr.,MPV,Bishan,3.65,Inactive
D00091,Karen Jacobs,Hatchback,Bedok,4.6,Active
D00092,Eric Graves,Electric,Woodlands,4.27,Active
D00093,Julie Peters,Premium,Yishun,3.81,Active
D00094,Jennifer Oneill MD,MPV,Jurong,4.49,Active
D00095,Edward Owen,Premium,Woodlands,4.74,Inactive
D00096,Cynthia Potts,SUV,Bedok,3.55,Active
D00097,Lawrence Doyle,Hatchback,Singapore,4.13,Active
D00098,Zachary Williams,Hatchback,Punggol,4.57,Active
D00099,Ashley Lynch,Electric,Bishan,4.07,Active
D00100,Kristen Norton,Sedan,Singapore,4.97,Active
D00101,Michael Garrett,Sedan,Toa Payoh,4.03,Active
D00102,Amanda Scott,MPV,Ang Mo Kio,4.01,Active
D00103,Kylie Jones,Premium,Punggol,3.71,Inactive
D00104,Jacqueline Jenkins,Sedan,Toa Payoh,3.74,Active
D00105,Darrell Smith,Hatchback,Toa Payoh,3.97,Active
D00106,Amy Weiss,Hatchback,Bishan,4.03,Active
D00107,Lydia Duffy,Electric,Toa Payoh,3.67,Active
D00108,Robert Bush,Sedan,Jurong,4.09,Active
D00109,Carol Parks,MPV,Bedok,4.14,Active
D00110,Sandra Dunn,Sedan,Woodlands,4.26,Active
D00111,Joshua Rose,MPV,Woodlands,4.15,Active
D00112,Linda Hawkins,MPV,Tampines,4.46,Active
D00113,Carol Bartlett,Electric,Tampines,4.92,Active
D00114,Melissa Mason,Electric,Yishun,3.99,Active
D00115,Tamara Thornton,Premium,Jurong,3.88,Inactive
D00116,Dustin Coleman,Sedan,Bishan,3.63,Active
D00117,Sarah Tate,SUV,Yishun,3.98,Active
D00118,Ann Hernandez,MPV,Jurong,4.3,Active
D00119,Dawn Bender,Sedan,Bedok,4.94,Active
D00120,Walter Graves,Premium,Bedok,4.14,Active
D00121,Michael Travis,Hatchback,Punggol,4.6,Active
D00122,Michele Ortega,Electric,Singapore,3.5,Active
D00123,Michele Osborne,MPV,Jurong,4.85,Active
D00124,Stacey Gonzalez,Premium,Ang Mo Kio,5.0,Active
D00125,Ronald Jensen,MPV,Bedok,3.89,Active
D00126,Scott Harding,Electric,Woodlands,3.87,Active
D00127,Tonya Murphy,SUV,Ang Mo Kio,4.02,Active
D00128,Laura Garrett,Sedan,Punggol,4.19,Active
D00129,Steve Myers,Hatchback,Yishun,3.95,Active
D00130,Jill Jones,SUV,Bishan,4.37,Active
D00131,Paul Mathews,MPV,Ang Mo Kio,3.84,Active
D00132,Becky Russell,Hatchback,Tampines,4.02,Active
D00133,Thomas Brewer,SUV,Yishun,4.5,Active
D00134,James Howard,Hatchback,Jurong,4.8,Active
D00135,David Booth,Sedan,Ang Mo Kio,3.53,Active
D00136,Joseph Patterson,MPV,Singapore,4.3,Active
D00137,Scott Barnes,Sedan,Yishun,4.27,Active
D00138,Jorge Mcdonald,Premium,Ang Mo Kio,4.74,Suspended
D00139,Thomas Romero,Sedan,Toa Payoh,4.13,Active
D00140,Ryan Matthews,SUV,Singapore,3.79,Active
D00141,Wayne Johnson,Electric,Punggol,3.66,Active
D00142,Jamie Hicks,Premium,Tampines,4.16,Active
D00143,Michelle Burgess,Hatchback,Punggol,4.41,Active
D00144,Alicia Haas,MPV,Woodlands,4.19,Active
D00145,Ashley Blevins,Electric,Singapore,4.33,Active
D00146,Joanna Ramirez MD,SUV,Jurong,4.56,Active
D00147,John Smith,MPV,Bedok,3.98,Active
D00148,Kelly Taylor,SUV,Toa Payoh,4.46,Inactive
D00149,Paul Ferguson,Electric,Singapore,4.13,Active
D00150,Jessica Thornton,Premium,Toa Payoh,3.94,Active
D00151,Julie Evans,Sedan,Bishan,4.13,Inactive
D00152,Kenneth West,Hatchback,Bedok,4.38,Active
D00153,Sharon Carter,Electric,Woodlands,4.45,Active
D00154,Rhonda Lee,Electric,Woodlands,4.46,Active
D00155,Julia Trujillo,Electric,Tampines,4.72,Active
D00156,Amanda Richard,Sedan,Ang Mo Kio,3.83,Inactive
D00157,Michael Young,Hatchback,Toa Payoh,3.56,Active
D00158,Alexis Mcclure,SUV,Yishun,3.91,Active
D00159,Jessica Davidson,Hatchback,Ang Mo Kio,4.7,Active
D00160,Shane Harris,Premium,Woodlands,3.83,Active
D00161,Andrew Garner,MPV,Ang Mo Kio,4.39,Active
D00162,Lori Berg,Electric,Toa Payoh,4.34,Active
D00163,James Green,Electric,Jurong,4.21,Inactive
D00164,Paul Duncan,Hatchback,Yishun,3.63,Active
D00165,Cheryl Peterson,Electric,Punggol,3.84,Active
D00166,Christina Ramos,Premium,Ang Mo Kio,4.33,Active
D00167,Lisa Harper,Hatchback,Woodlands,4.76,Active
D00168,Sheila Dean,Sedan,Tampines,3.59,Active
D00169,Tristan Smith,SUV,Singapore,4.13,Active
D00170,Mandy Gonzalez,Hatchback,Singapore,3.97,Active
D00171,James Scott,Hatchback,Ang Mo Kio,4.25,Active
D00172,Eric Anthony,MPV,Bedok,4.65,Active
D00173,Charles Cantu,Electric,Jurong,4.73,Active
D00174,Jay Steele,SUV,Tampines,4.14,Active
D00175,Donald Harrell,SUV,Ang Mo Kio,4.81,Active
D00176,Jonathan Hodge,SUV,Ang Mo Kio,3.72,Active
D00177,Margaret Stephens,SUV,Jurong,3.61,Active
D00178,Troy Jackson,SUV,Singapore,3.83,Active
D00179,James Nunez,Sedan,Tampines,3.72,Active
D00180,Edward Davila,Sedan,Tampines,4.2,Inactive
D00181,Kaitlin Schwartz,Sedan,Bedok,4.96,Active
D00182,Nicholas Carlson,SUV,Bishan,4.92,Active
D00183,Ashley Jennings,SUV,Bishan,4.41,Active
D00184,Sonya Jones,Hatchback,Bedok,4.03,Active
D00185,Joshua Smith,Premium,Singapore,4.93,Active
D00186,Michael Sanford,Electric,Yishun,4.72,Active
D00187,Charles James,MPV,Ang Mo Kio,4.94,Active
D00188,Thomas Perez,MPV,Ang Mo Kio,4.94,Active
D00189,Brian Daniel,Hatchback,Punggol,4.25,Active
D00190,Kelly Ingram,Sedan,Woodlands,3.62,Active
D00191,Kristen Cook,MPV,Woodlands,3.71,Active
D00192,Katie Hamilton,Hatchback,Jurong,4.5,Suspended
D00193,Daniel Ward,SUV,Bishan,4.63,Active
D00194,Russell Norris,Premium,Yishun,4.98,Active
D00195,Justin Sullivan,Electric,Jurong,3.74,Inactive
D00196,Heather Berger,Premium,Jurong,4.94,Active
D00197,Jamie Young,MPV,Tampines,4.83,Active
D00198,Ronald Watts,SUV,Singapore,4.12,Active
D00199,Sarah Callahan,Premium,Bedok,4.34,Active
D00200,Michael Freeman,SUV,Singapore,4.13,Active
D00201,Sara Williams,SUV,Tampines,4.32,Active
D00202,Justin Butler,Sedan,Jurong,4.66,Active
D00203,Tony Murphy,Premium,Jurong,4.02,Active
D00204,Stephen Miller MD,Premium,Tampines,4.74,Active
D00205,Aaron Franklin,Premium,Yishun,4.25,Active
D00206,Kathleen Spence,Premium,Ang Mo Kio,4.63,Active
D00207,James Garrett MD,Sedan,Singapore,3.57,Active
D00208,Troy Thomas,MPV,Punggol,4.94,Active
D00209,Erica Moreno,MPV,Bishan,4.74,Active
D00210,Thomas Baxter,Electric,Toa Payoh,3.57,Active
D00211,Cynthia Taylor,Sedan,Ang Mo Kio,4.55,Active
D00212,Leah Scott,MPV,Tampines,4.95,Active
D00213,Catherine Hickman,Hatchback,Punggol,4.0,Active
D00214,Heather Williams,SUV,Jurong,4.66,Active
D00215,Brian Hanson,SUV,Ang Mo Kio,4.66,Active
D00216,Emily Crawford,Sedan,Bedok,3.88,Active
D00217,Michael Huff,SUV,Punggol,4.99,Active
D00218,Jessica Nixon,Hatchback,Toa Payoh,4.78,Active
D00219,Lynn Craig,Electric,Yishun,3.95,Active
D00220,Ricky Rios,MPV,Singapore,4.71,Active
D00221,Anthony Lin,Sedan,Woodlands,4.06,Active
D00222,Matthew Livingston,SUV,Tampines,4.97,Inactive
D00223,Keith Harris,Electric,Woodlands,4.61,Active
D00224,Anthony Lewis,MPV,Toa Payoh,4.27,Active
D00225,Joshua Mcknight,Sedan,Singapore,4.95,Inactive
D00226,Joseph Taylor,Premium,Bishan,4.64,Active
D00227,Jennifer Adams,Electric,Punggol,4.77,Active
D00228,Mrs. Donna Browning,Hatchback,Bedok,4.86,Active
D00229,Lawrence Montoya,Sedan,Jurong,4.06,Active
D00230,Brian Ross,MPV,Toa Payoh,4.69,Active
D00231,Christina Adams,Hatchback,Tampines,4.76,Active
D00232,Christopher Cooke,Hatchback,Woodlands,4.16,Active
D00233,Daniel Davis,Hatchback,Punggol,3.7,Active
D00234,Gerald Walters,Premium,Punggol,4.06,Active
D00235,Charles Hardy,SUV,Ang Mo Kio,4.44,Active
D00236,Kristen Gordon,Electric,Jurong,3.95,Active
D00237,Douglas Stewart,Premium,Woodlands,4.28,Active
D00238,Edward Bowen,Sedan,Bedok,3.97,Active
D00239,Crystal Adkins,Electric,Jurong,3.63,Active
D00240,Mason Armstrong,SUV,Toa Payoh,3.59,Active
D00241,Andrea Costa,MPV,Yishun,3.54,Active
D00242,Karen Sanchez,Electric,Toa Payoh,4.15,Active
D00243,John Cordova,Electric,Ang Mo Kio,4.63,Active
D00244,Mallory Rush,SUV,Tampines,4.84,Active
D00245,Darren Nelson,Sedan,Singapore,4.58,Active
D00246,Haley Wall,Sedan,Toa Payoh,3.88,Active
D00247,Rebecca Saunders,MPV,Woodlands,4.96,Active
D00248,Tami Nash,SUV,Jurong,3.81,Active
D00249,Frederick Webb,SUV,Bishan,3.78,Active
D00250,Rhonda White,Premium,Yishun,3.52,Active
D00251,James Bowen,Sedan,Yishun,3.74,Active
D00252,Beth Benjamin,SUV,Toa Payoh,4.3,Inactive
D00253,Dennis Bailey,Hatchback,Yishun,4.68,Inactive
D00254,Courtney Hernandez,Electric,Yishun,4.59,Active
D00255,Mr. Scott Burke PhD,Sedan,Woodlands,3.55,Inactive
D00256,Lance Barton,Premium,Jurong,4.1,Active
D00257,Charles Payne,Sedan,Ang Mo Kio,3.74,Active
D00258,Travis Reynolds,MPV,Woodlands,4.52,Active
D00259,Jennifer Cook,Premium,Singapore,4.99,Active
D00260,Ashley Murphy,Sedan,Yishun,4.29,Active
D00261,Heather Fox,Sedan,Bedok,3.87,Active
D00262,Mary Garrett,Sedan,Singapore,3.98,Active
D00263,Jeffrey Phillips,SUV,Tampines,4.59,Active
D00264,Brandon Lester,Hatchback,Toa Payoh,3.54,Active
D00265,Brenda Erickson,Electric,Jurong,4.26,Inactive
D00266,Angela Hicks,Premium,Punggol,3.69,Active
D00267,Regina Smith,MPV,Yishun,3.68,Active
D00268,Daniel Jackson,Sedan,Yishun,4.36,Suspended
D00269,Larry Francis,MPV,Ang Mo Kio,4.19,Active
D00270,Timothy Daniels,MPV,Bedok,3.74,Active
D00271,Steven Clark,MPV,Ang Mo Kio,4.59,Active
D00272,Terry Arnold,SUV,Tampines,4.09,Active
D00273,Michelle Flores,SUV,Bedok,3.57,Active
D00274,Colleen Kim,SUV,Punggol,4.03,Active
D00275,Thomas Delgado,Premium,Yishun,4.41,Active
D00276,Robert Gray,MPV,Jurong,4.89,Active
D00277,Austin Moore PhD,Hatchback,Ang Mo Kio,4.56,Active
D00278,Denise Carlson,SUV,Tampines,4.86,Active
D00279,James Saunders MD,Sedan,Singapore,4.76,Active
D00280,Karen Frost,Electric,Tampines,4.15,Active
D00281,Wendy Dixon,MPV,Toa Payoh,4.06,Active
D00282,Austin Walker,MPV,Bishan,3.73,Active
D00283,Dr. William Wiley,Hatchback,Bishan,4.33,Active
D00284,Sheila Johnson,MPV,Toa Payoh,4.45,Active
D00285,Brian Campbell,Sedan,Toa Payoh,4.26,Active
D00286,Emily Hunter,SUV,Singapore,4.64,Active
D00287,Tyler Diaz,Hatchback,Tampines,4.42,Active
D00288,Austin Nelson,Premium,Tampines,4.96,Active
D00289,Stephanie Watson,Sedan,Bedok,4.05,Active
D00290,Diamond Underwood,Hatchback,Bedok,3.53,Active
D00291,Christopher Mitchell,Hatchback,Yishun,4.76,Active
D00292,Susan Gilbert,Sedan,Ang Mo Kio,4.37,Active
D00293,Cristina Christensen,SUV,Woodlands,4.43,Active
D00294,Alan Wright,Hatchback,Ang Mo Kio,4.65,Active
D00295,Michael Hall,Hatchback,Jurong,3.95,Active
D00296,Jason Dean,Hatchback,Tampines,4.59,Active
D00297,Carolyn Davis,Sedan,Jurong,4.55,Active
D00298,Brooke Wood,Electric,Bedok,4.23,Active
D00299,Brandi Rasmussen,Electric,Bishan,4.69,Active
D00300,Jane Wilcox,SUV,Bedok,4.34,Active
D00301,Jonathan Newton,Premium,Singapore,3.65,Active
D00302,Michael Conway DVM,Hatchback,Bishan,4.55,Active
D00303,Nancy Valentine,Hatchback,Tampines,4.68,Active
D00304,Tina Miller,Premium,Woodlands,4.23,Active
D00305,Sabrina Bradley,Electric,Ang Mo Kio,4.08,Active
D00306,Sarah Montgomery,MPV,Ang Mo Kio,4.24,Active
D00307,Brianna Cole,SUV,Ang Mo Kio,3.84,Active
D00308,Melissa Anderson,Premium,Punggol,4.2,Active
D00309,Anna Brown,Premium,Ang Mo Kio,4.48,Active
D00310,Russell Greer,SUV,Tampines,3.79,Active
D00311,Mrs. Karen Howard DVM,MPV,Tampines,4.82,Active
D00312,Kenneth Hudson,Sedan,Woodlands,4.78,Active
D00313,Jose Lawson,Premium,Ang Mo Kio,3.52,Active
D00314,Maureen Hill,SUV,Punggol,4.63,Active
D00315,Richard Mills,Premium,Ang Mo Kio,3.61,Active
D00316,Stanley Wells,Premium,Yishun,4.05,Active
D00317,Jared Hicks,Sedan,Punggol,4.88,Active
D00318,Jake Rivera,SUV,Ang Mo Kio,3.56,Active
D00319,Kelly Smith,Sedan,Ang Mo Kio,4.16,Active
D00320,Sarah Williams,SUV,Punggol,3.92,Active
D00321,Kevin Mills,Premium,Tampines,4.5,Active
D00322,Christopher Garcia,Sedan,Ang Mo Kio,4.85,Active
D00323,Kathy Marshall,MPV,Punggol,4.84,Active
D00324,Linda Galloway,SUV,Yishun,4.08,Active
D00325,Jessica Rivera,Hatchback,Jurong,4.6,Active
D00326,Scott Brock,Sedan,Tampines,4.85,Active
D00327,Travis Tanner,Electric,Ang Mo Kio,4.54,Active
D00328,Amanda Wolfe,MPV,Bedok,4.23,Active
D00329,Jason Gray,Premium,Singapore,4.27,Active
D00330,Cheryl Gallagher,Sedan,Singapore,4.75,Active
D00331,Cheryl Galloway,Sedan,Punggol,4.0,Inactive
D00332,Charles Perry,MPV,Jurong,4.34,Active
D00333,Roy Mendoza,MPV,Bedok,4.86,Active
D00334,Jason Maxwell,Sedan,Jurong,4.98,Active
D00335,Kayla Joseph,Electric,Tampines,4.05,Active
D00336,Angela Chang,MPV,Bishan,4.92,Active
D00337,Curtis Spencer,Premium,Toa Payoh,3.87,Inactive
D00338,Alyssa Todd,SUV,Punggol,4.51,Active
D00339,Michelle Thompson,Sedan,Bedok,4.82,Suspended
D00340,Ashley Mcconnell,MPV,Bedok,4.38,Active
D00341,Nicholas Brown,Premium,Tampines,4.82,Active
D00342,Ann Ayala,Electric,Yishun,3.75,Active
D00343,Heather Dunn,Electric,Punggol,4.79,Active
D00344,Donna Miller,SUV,Woodlands,3.75,Active
D00345,Cody Miller,Hatchback,Ang Mo Kio,4.66,Suspended
D00346,Cynthia Drake,Premium,Jurong,3.6,Active
D00347,Hayden Gonzalez,Electric,Tampines,4.57,Active
D00348,Maurice Clayton,MPV,Yishun,4.48,Active
D00349,Morgan Cameron,Sedan,Tampines,4.54,Active
D00350,Jennifer Smith,Hatchback,Singapore,4.52,Active
D00351,Beth Benson,Premium,Punggol,4.13,Active
D00352,Andre Perry,Electric,Bedok,4.3,Active
D00353,Kevin Mcmillan,Sedan,Toa Payoh,4.99,Active
D00354,Lauren Garza,Sedan,Toa Payoh,4.73,Active
D00355,Dr. Erica Ross MD,Sedan,Tampines,4.67,Active
D00356,John Parker,Premium,Tampines,4.45,Active
D00357,Brian Smith,Electric,Woodlands,4.3,Active
D00358,Felicia Floyd,Premium,Punggol,4.3,Active
D00359,Cheryl Roberts,Sedan,Yishun,4.26,Active
D00360,Zachary Macdonald,Sedan,Yishun,4.85,Active
D00361,Tamara Jenkins,MPV,Ang Mo Kio,4.23,Active
D00362,Elizabeth Mccarty,Electric,Jurong,4.76,Active
D00363,Jeremiah Gonzalez,Sedan,Jurong,4.57,Active
D00364,Xavier Guzman,Electric,Yishun,4.05,Active
D00365,Karen Hopkins,Premium,Ang Mo Kio,4.91,Active
D00366,Stacie Sanders,MPV,Bedok,3.85,Active
D00367,Raymond Mays,Sedan,Woodlands,4.17,Active
D00368,Tiffany Cooper,SUV,Yishun,4.55,Active
D00369,Larry Wright,MPV,Yishun,3.86,Active
D00370,Samantha King,Sedan,Tampines,4.04,Inactive
D00371,Jeffrey Rivera,Electric,Singapore,3.57,Active
D00372,Carrie Allen,Hatchback,Yishun,4.82,Suspended
D00373,Anthony Cordova,SUV,Toa Payoh,3.68,Active
D00374,Michael Lane,SUV,Ang Mo Kio,4.9,Inactive
D00375,William Bauer,Premium,Ang Mo Kio,4.58,Active
D00376,Russell Melendez,MPV,Singapore,4.43,Active
D00377,Katie Jones,Premium,Punggol,3.52,Active
D00378,Anna Cuevas,Electric,Singapore,4.11,Inactive
D00379,Kenneth Berg,Electric,Yishun,4.84,Active
D00380,Christopher Campos,Hatchback,Tampines,4.76,Active
D00381,Stephanie Schmitt,MPV,Punggol,3.54,Active
D00382,Mary Zuniga,Premium,Bedok,3.64,Active
D00383,Tara Christian,Sedan,Tampines,3.91,Active
D00384,Michael Ho,Premium,Singapore,4.12,Active
D00385,Timothy Dawson,SUV,Punggol,4.97,Active
D00386,Bradley Parker,Hatchback,Punggol,4.3,Active
D00387,Vincent English,SUV,Woodlands,4.58,Inactive
D00388,Sandra Jones,Sedan,Punggol,3.55,Active
D00389,Heather Estrada,Hatchback,Bishan,4.14,Active
D00390,Emily Morgan,Premium,Tampines,3.91,Active
D00391,Aaron Morales,Hatchback,Tampines,4.2,Active
D00392,Bernard Freeman,Sedan,Toa Payoh,3.6,Active
D00393,Ashley Griffin,Electric,Woodlands,3.52,Suspended
D00394,Carol Lewis,SUV,Yishun,4.03,Active
D00395,Kelly Spencer,Hatchback,Bishan,3.9,Active
D00396,Matthew Escobar,Premium,Jurong,4.91,Active
D00397,Jesus Hensley,Electric,Bedok,3.89,Active
D00398,Alexander Mitchell,Hatchback,Punggol,3.73,Active
D00399,Jared Clark,Premium,Yishun,3.63,Active
D00400,Rebecca Hamilton,Sedan,Ang Mo Kio,4.2,Active
D00401,Raymond Mcmillan,Sedan,Bishan,4.4,Active
D00402,Stephen Golden,Premium,Toa Payoh,4.12,Inactive
D00403,Angela Brown,Electric,Jurong,3.84,Active
D00404,Rachael Wade,Premium,Woodlands,4.09,Active
D00405,Whitney Cox,SUV,Tampines,4.5,Active
D00406,Evan Lucero,MPV,Woodlands,3.54,Active
D00407,Jacqueline Hudson,Premium,Jurong,4.51,Active
D00408,Tammie Malone,Premium,Bedok,3.51,Active
D00409,Amanda Andersen,SUV,Yishun,4.26,Active
D00410,Michael Kelley,Premium,Woodlands,4.23,Active
D00411,Nathan Stephens,Electric,Bedok,4.26,Active
D00412,Michael Diaz,Electric,Jurong,4.74,Active
D00413,Lisa Barnett,Electric,Jurong,3.51,Active
D00414,James Neal,Sedan,Punggol,4.98,Inactive
D00415,Michelle Fowler,SUV,Ang Mo Kio,3.7,Active
D00416,Crystal Parker,Hatchback,Tampines,4.4,Active
D00417,Brandon Gonzalez,SUV,Tampines,4.08,Active
D00418,Stephen Daugherty,Sedan,Jurong,3.64,Active
D00419,Jamie Mason,Electric,Toa Payoh,4.23,Active
D00420,Michelle Gibbs,Electric,Toa Payoh,4.07,Active
D00421,Victoria Riley,Premium,Bedok,4.55,Active
D00422,Jill Simpson,Sedan,Singapore,4.51,Active
D00423,Emily Reed,SUV,Toa Payoh,4.06,Active
D00424,Anthony Donovan,Electric,Tampines,3.56,Active
D00425,Marcus Burton,Premium,Jurong,4.76,Active
D00426,Ian Jacobs,Sedan,Ang Mo Kio,4.85,Active
D00427,Christina Price,Sedan,Toa Payoh,4.16,Active
D00428,Walter Mora,Electric,Punggol,4.69,Active
D00429,Daniel King,MPV,Woodlands,3.67,Active
D00430,Teresa Hurst,Sedan,Ang Mo Kio,5.0,Active
D00431,Danielle Austin,Electric,Jurong,4.05,Active
D00432,Brittany Johnson,Electric,Bishan,3.97,Inactive
D00433,Tiffany Brown,Premium,Singapore,4.93,Inactive
D00434,Kelly Ward,Hatchback,Bedok,4.59,Active
D00435,Tasha Miller,Electric,Toa Payoh,4.07,Active
D00436,Christine Landry,Sedan,Bishan,3.73,Inactive
D00437,Thomas Dickson,Premium,Ang Mo Kio,3.9,Active
D00438,Alex Rivera,SUV,Ang Mo Kio,4.41,Active
D00439,Melissa Reyes,Electric,Woodlands,3.63,Active
D00440,Brittany Turner,SUV,Jurong,4.05,Active
D00441,Gerald Glover,SUV,Tampines,4.74,Active
D00442,Danielle Mitchell,Sedan,Woodlands,4.78,Active
D00443,Janet Andersen,SUV,Tampines,4.09,Active
D00444,Amanda Preston,SUV,Punggol,4.52,Active
D00445,Maria Robinson,MPV,Punggol,3.67,Active
D00446,Matthew Morgan,Hatchback,Singapore,4.12,Active
D00447,Krista Robinson,SUV,Woodlands,4.29,Active
D00448,Rhonda Savage,SUV,Ang Mo Kio,4.3,Active
D00449,Johnny Anderson,SUV,Bedok,3.68,Active
D00450,Angela Martinez,Sedan,Ang Mo Kio,4.82,Suspended
D00451,Jacqueline Soto,Sedan,Jurong,4.86,Active
D00452,Ryan Jones,Hatchback,Bedok,3.8,Active
D00453,Michael Morales,Premium,Yishun,3.73,Active
D00454,Edward Mcbride,SUV,Bishan,3.9,Active
D00455,Sherry Hansen,Sedan,Singapore,4.58,Active
D00456,Makayla Davis,Premium,Singapore,4.44,Active
D00457,Victoria Valentine,MPV,Punggol,4.89,Active
D00458,Michelle Higgins,Hatchback,Yishun,4.07,Active
D00459,Joshua Jones,MPV,Bedok,3.73,Active
D00460,Jo Baker,Premium,Yishun,3.98,Inactive
D00461,Kayla Gray,MPV,Yishun,4.65,Active
D00462,Zachary Gomez,Premium,Singapore,4.72,Active
D00463,Danielle Blackburn,Hatchback,Singapore,4.5,Active
D00464,Ryan Mathis,Premium,Toa Payoh,3.75,Active
D00465,Christopher Fisher,Premium,Bedok,4.56,Active
D00466,Kelly Robinson,Electric,Tampines,4.17,Inactive
D00467,Alexander Daniels,Hatchback,Woodlands,3.54,Active
D00468,Joseph Branch,MPV,Bishan,4.83,Active
D00469,Shawn Chan,SUV,Woodlands,4.62,Active
D00470,Cynthia Kaiser,MPV,Woodlands,3.58,Active
D00471,Victoria Horton,Electric,Yishun,4.44,Active
D00472,Jennifer Jennings,MPV,Yishun,3.93,Active
D00473,Amanda Harris,SUV,Tampines,4.03,Active
D00474,Juan Guzman,Premium,Punggol,4.55,Active
D00475,Eric Dawson,Electric,Toa Payoh,4.5,Active
D00476,Jamie Burgess,Sedan,Toa Payoh,4.94,Active
D00477,Tom Griffin,Electric,Tampines,4.8,Active
D00478,Crystal Giles,Electric,Woodlands,4.12,Active
D00479,Andrea Hill,Premium,Toa Payoh,3.7,Active
D00480,Caitlin Thompson,Premium,Singapore,4.44,Active
D00481,Paula Ross,Sedan,Tampines,4.08,Inactive
D00482,Lori Miller,Hatchback,Bedok,3.65,Active
D00483,Dawn Webster,MPV,Woodlands,3.78,Inactive
D00484,Tara Hernandez,MPV,Ang Mo Kio,3.69,Inactive
D00485,Jacqueline Young,Electric,Yishun,4.81,Active
D00486,Leah Richardson,Electric,Toa Payoh,4.85,Active
D00487,Michael Booker,Premium,Singapore,4.77,Active
D00488,Christopher Jackson,Hatchback,Toa Payoh,4.13,Active
D00489,Yolanda Thomas,Hatchback,Toa Payoh,4.39,Active
D00490,Donna Barrera,MPV,Ang Mo Kio,4.61,Active
D00491,Dana Adkins,Sedan,Jurong,4.56,Active
D00492,Abigail Kirby,MPV,Jurong,4.51,Active
D00493,Ian Brooks,MPV,Toa Payoh,4.9,Active
D00494,Ryan Johnson,Premium,Jurong,4.61,Active
D00495,Lori Reid,Electric,Bishan,4.0,Active
D00496,Stephanie Cunningham,Hatchback,Tampines,4.2,Active
D00497,Alexa Hunter,Premium,Punggol,3.87,Active
D00498,Joseph Schneider PhD,Electric,Woodlands,4.86,Active
D00499,Christopher Alexander,Premium,Ang Mo Kio,3.8,Active
D00500,Kristen Hanson,Hatchback,Punggol,4.34,Active
D00501,Joseph Hall,Hatchback,Jurong,3.9,Active
D00502,Stephanie Boyd,SUV,Bedok,3.77,Active
D00503,Shawn Huffman,MPV,Bedok,3.57,Active
D00504,Seth Perry,MPV,Bishan,3.79,Active
D00505,Alyssa Mccullough,Premium,Jurong,3.81,Inactive
D00506,Justin Ortiz,Electric,Punggol,4.38,Suspended
D00507,Mario Gonzales,Sedan,Bishan,4.87,Active
D00508,Zachary Davidson,MPV,Toa Payoh,3.7,Active
D00509,Kayla Anderson,Sedan,Tampines,3.68,Active
D00510,Jeffrey Frazier,SUV,Tampines,3.78,Active
D00511,Courtney Waller,Hatchback,Tampines,4.61,Active
D00512,Jorge Avery,Hatchback,Bishan,4.35,Active
D00513,Michael Hicks,SUV,Jurong,3.77,Active
D00514,Daryl Salazar,SUV,Yishun,4.06,Active
D00515,Crystal Jones,Electric,Punggol,4.39,Active
D00516,Linda Medina,Sedan,Woodlands,4.14,Active
D00517,Amber Collins,Premium,Toa Payoh,4.44,Inactive
D00518,Danielle Gonzalez,Hatchback,Woodlands,3.68,Active
D00519,Cassandra Young,MPV,Woodlands,4.05,Active
D00520,Lisa Lopez,Electric,Ang Mo Kio,3.51,Active
D00521,Jonathan Dalton,MPV,Punggol,4.12,Active
D00522,Robert Bradford,MPV,Yishun,3.63,Active
D00523,Rachel Pena,Sedan,Yishun,4.18,Active
D00524,David Cain,Electric,Punggol,4.47,Active
D00525,Amy Boone,Premium,Singapore,4.36,Active
D00526,Nicholas Collins,SUV,Punggol,4.26,Active
D00527,Joshua Ross,Hatchback,Jurong,3.6,Active
D00528,Jimmy Shannon,Hatchback,Bedok,3.51,Active
D00529,Patricia Henry,Premium,Woodlands,4.58,Active
D00530,Lisa Cook,Premium,Bishan,4.81,Active
D00531,Kathryn Parsons,Electric,Yishun,3.92,Active
D00532,Nicholas Mccall,Sedan,Bishan,4.99,Active
D00533,Henry Flores,Electric,Singapore,4.77,Active
D00534,Richard Cooper,Premium,Bedok,4.74,Active
D00535,Renee Davis,Premium,Bedok,4.52,Active
D00536,Melissa Garcia,Premium,Jurong,4.53,Active
D00537,Eddie Bennett,SUV,Bedok,3.64,Active
D00538,Amanda Johnson,Premium,Bedok,3.78,Active
D00539,Kristina Mccarthy,SUV,Bedok,4.97,Active
D00540,Brett Silva,Sedan,Yishun,4.88,Active
D00541,Ronald Mcdowell,Sedan,Bishan,4.62,Inactive
D00542,Sara Floyd,Hatchback,Tampines,3.54,Active
D00543,Anthony Jackson,Premium,Bishan,3.92,Active
D00544,Brian Little,SUV,Toa Payoh,3.72,Inactive
D00545,Destiny Perkins,Sedan,Singapore,4.78,Active
D00546,Thomas Barnes,Electric,Tampines,4.12,Active
D00547,Jennifer Sweeney,Hatchback,Tampines,3.52,Active
D00548,Cynthia Salazar,SUV,Bedok,4.04,Active
D00549,Benjamin Anderson,Premium,Yishun,4.07,Active
D00550,Alejandra Sanders,Hatchback,Woodlands,4.95,Inactive
D00551,George Johnson,Premium,Woodlands,4.95,Active
D00552,Beth Phillips,Electric,Yishun,4.41,Active
D00553,Margaret Gardner,MPV,Yishun,3.53,Active
D00554,Crystal Zavala,Premium,Singapore,3.76,Inactive
D00555,Andrew Copeland,MPV,Jurong,3.85,Active
D00556,Natalie Douglas,MPV,Jurong,4.54,Active
D00557,Nancy Mitchell,Sedan,Bishan,4.64,Active
D00558,Riley Ramirez,SUV,Toa Payoh,4.01,Active
D00559,Melissa Serrano,Premium,Woodlands,4.07,Inactive
D00560,Lisa Jones,Premium,Singapore,4.58,Active
D00561,Jacqueline Williams,Hatchback,Ang Mo Kio,4.99,Inactive
D00562,Stephanie Reid,Electric,Tampines,3.64,Active
D00563,Carla Hamilton,Electric,Bedok,3.96,Active
D00564,John Miller,Sedan,Toa Payoh,4.61,Active
D00565,Joshua Jackson,Hatchback,Tampines,3.77,Active
D00566,Kimberly Green,Sedan,Singapore,3.89,Active
D00567,Marissa Barron,Electric,Punggol,4.3,Active
D00568,Jennifer Parks,Electric,Ang Mo Kio,4.3,Inactive
D00569,Kelly Carrillo,Sedan,Bedok,4.3,Active
D00570,Lisa Griffith,MPV,Singapore,4.51,Active
D00571,Daniel Miller,Sedan,Singapore,4.1,Active
D00572,Lori Lopez,Hatchback,Toa Payoh,3.97,Active
D00573,Joseph Freeman,Hatchback,Yishun,3.56,Active
D00574,Jacob Shah,Sedan,Bishan,4.45,Active
D00575,Gerald Hill,Hatchback,Jurong,4.13,Active
D00576,Robert Oneal,Electric,Bishan,3.95,Inactive
D00577,Holly Mitchell,Hatchback,Yishun,4.05,Active
D00578,Douglas Clark MD,Electric,Punggol,4.01,Inactive
D00579,Jackson Mendoza,Hatchback,Woodlands,3.85,Inactive
D00580,Brandy Campbell,Hatchback,Singapore,3.52,Active
D00581,Sierra Brown,MPV,Jurong,4.78,Active
D00582,Gregory Carrillo,Electric,Yishun,3.68,Active
D00583,Ellen Hahn,Electric,Yishun,4.52,Inactive
D00584,Charlene Harrison,Hatchback,Singapore,4.63,Active
D00585,Elizabeth Deleon,MPV,Singapore,4.34,Active
D00586,John Green MD,Sedan,Bedok,4.87,Inactive
D00587,Heather Hall,Sedan,Bedok,3.84,Active
D00588,Rodney Carter,Sedan,Singapore,4.89,Active
D00589,William Watson,MPV,Bishan,4.13,Inactive
D00590,Denise Ortiz,Sedan,Woodlands,3.52,Active
D00591,Kara Simmons,MPV,Jurong,3.8,Active
D00592,Michael Martinez,MPV,Toa Payoh,3.56,Active
D00593,Joseph Mendez,Premium,Ang Mo Kio,4.56,Active
D00594,Mark Olson,Sedan,Bishan,3.97,Active
D00595,Rachel Erickson,Sedan,Bedok,3.57,Active
D00596,Mason Smith,Hatchback,Tampines,4.41,Active
D00597,Haley Wagner,Hatchback,Toa Payoh,4.06,Inactive
D00598,Christopher Manning,Electric,Bedok,4.24,Active
D00599,Amber James,SUV,Bedok,4.44,Active
D00600,Virginia Hartman,Electric,Toa Payoh,4.11,Active
D00601,Rachel Kim,Electric,Toa Payoh,4.47,Active
D00602,Richard Brock,Premium,Ang Mo Kio,3.93,Active
D00603,Mr. Daniel Riggs,SUV,Ang Mo Kio,4.44,Active
D00604,Kevin Wallace,Electric,Jurong,4.77,Active
D00605,Douglas Randall,SUV,Bishan,3.67,Active
D00606,Michael Green,MPV,Jurong,3.54,Active
D00607,Mr. Brandon Baird MD,Sedan,Yishun,4.75,Active
D00608,Ryan Russo,SUV,Punggol,4.94,Active
D00609,Ashley Gentry,Electric,Punggol,4.65,Active
D00610,Michael Flores,SUV,Bishan,4.68,Active
D00611,Grant Kline,Electric,Toa Payoh,4.22,Suspended
D00612,Christina Moore,Hatchback,Jurong,3.88,Active
D00613,Kaylee Lee,SUV,Singapore,3.55,Active
D00614,Mr. Nathaniel Johnson,SUV,Jurong,4.46,Active
D00615,Michael Brown,Sedan,Woodlands,4.98,Active
D00616,Casey Lopez,MPV,Woodlands,4.39,Active
D00617,Amber Taylor,MPV,Punggol,3.96,Active
D00618,Mr. David Ortiz,SUV,Singapore,4.87,Active
D00619,Brianna Davis,Electric,Ang Mo Kio,4.24,Active
D00620,Katherine Brown,Sedan,Tampines,4.89,Active
D00621,Catherine Grant,SUV,Ang Mo Kio,4.24,Active
D00622,Keith Rogers,Electric,Singapore,3.68,Active
D00623,Samuel Oliver,Electric,Woodlands,4.4,Active
D00624,Scott Larson,Hatchback,Ang Mo Kio,4.09,Active
D00625,Jermaine Jones,SUV,Tampines,4.35,Active
D00626,Willie May,MPV,Bishan,4.16,Active
D00627,Kevin Watson,MPV,Bishan,4.03,Active
D00628,Timothy Jones,SUV,Toa Payoh,5.0,Active
D00629,Kenneth Nguyen,SUV,Woodlands,3.99,Active
D00630,Desiree Perez,Sedan,Punggol,3.8,Inactive
D00631,Holly Richards,Premium,Bedok,4.78,Inactive
D00632,Leah Barnett,Sedan,Woodlands,4.5,Active
D00633,Brittany Grant,SUV,Yishun,3.86,Active
D00634,Jacqueline Henson,SUV,Bishan,4.43,Active
D00635,Carrie Davis,Electric,Bishan,4.18,Inactive
D00636,Gary Young,Hatchback,Woodlands,4.68,Active
D00637,Rachel Manning,Premium,Ang Mo Kio,3.81,Active
D00638,Cynthia Flores,SUV,Toa Payoh,4.2,Inactive
D00639,Amy White,Sedan,Woodlands,4.57,Active
D00640,Amy Velez,Electric,Ang Mo Kio,3.88,Active
D00641,Jennifer Carrillo,Sedan,Bedok,4.19,Active
D00642,Douglas Wheeler,SUV,Punggol,3.91,Active
D00643,Mary Wood,Hatchback,Singapore,4.87,Active
D00644,David Christian,Premium,Bedok,3.76,Active
D00645,Amanda Bowman,Electric,Punggol,3.51,Active
D00646,Vincent Buck,MPV,Ang Mo Kio,3.86,Active
D00647,Desiree Jones,MPV,Punggol,3.95,Active
D00648,Diane Scott,Premium,Woodlands,4.67,Active
D00649,Ross Gill,Premium,Yishun,4.3,Active
D00650,Christopher Bennett,Electric,Ang Mo Kio,4.0,Active
D00651,Kenneth Ramsey,Hatchback,Punggol,4.76,Active
D00652,Nicholas Wheeler,MPV,Jurong,4.63,Active
D00653,Sarah Welch,Hatchback,Punggol,4.74,Active
D00654,Joshua Davenport,Sedan,Yishun,3.88,Active
D00655,Tammy Garcia,SUV,Ang Mo Kio,4.41,Active
D00656,Kimberly Bernard,Sedan,Singapore,4.47,Active
D00657,Heather Pitts,SUV,Yishun,3.91,Active
D00658,Michael Coleman,Hatchback,Bedok,4.89,Active
D00659,Marvin French,Electric,Ang Mo Kio,4.62,Inactive
D00660,Michelle Stephens,Premium,Tampines,4.9,Active
D00661,Samantha Walters,Sedan,Bedok,4.16,Inactive
D00662,Scott Luna,SUV,Bedok,3.53,Active
D00663,Tonya Garcia,Premium,Singapore,3.6,Active
D00664,Amy Matthews,Hatchback,Bedok,3.76,Inactive
D00665,Taylor Ward,MPV,Bedok,4.37,Active
D00666,Ralph Price,Electric,Singapore,4.91,Active
D00667,Ryan Perkins,Electric,Singapore,4.76,Active
D00668,Jennifer Edwards,MPV,Bedok,4.63,Active
D00669,Alan Stephens,Hatchback,Jurong,4.41,Active
D00670,William Dennis,SUV,Bishan,4.56,Active
D00671,James Olson,Sedan,Bishan,3.62,Active
D00672,Dr. Michael Johnston,MPV,Ang Mo Kio,3.82,Active
D00673,Ethan Murphy,SUV,Toa Payoh,4.58,Active
D00674,Charles Torres,Electric,Bishan,3.75,Active
D00675,Diana Jones,SUV,Ang Mo Kio,3.66,Active
D00676,Keith Boone,MPV,Singapore,3.74,Active
D00677,Christopher Jones,MPV,Punggol,3.94,Active
D00678,Jonathan Moreno,Premium,Tampines,4.95,Active
D00679,Joe Ramos,Sedan,Bishan,3.97,Inactive
D00680,Jimmy Martin,Sedan,Punggol,3.68,Active
D00681,Tracy Cook,Hatchback,Singapore,3.73,Active
D00682,Susan Robinson,SUV,Tampines,4.36,Active
D00683,Jennifer Rivers,Hatchback,Woodlands,4.91,Active
D00684,Anita Black,Hatchback,Yishun,4.64,Active
D00685,Clayton Rodriguez,Sedan,Toa Payoh,4.59,Active
D00686,Mark Marks,Electric,Woodlands,4.57,Active
D00687,Brian Charles,SUV,Bishan,4.86,Active
D00688,Pamela Woodard,Hatchback,Singapore,4.07,Inactive
D00689,Laurie Smith,Sedan,Jurong,4.09,Active
D00690,Dakota Rodriguez,Premium,Punggol,4.33,Active
D00691,James Ross,Premium,Jurong,4.71,Active
D00692,Amy Hansen,MPV,Bedok,4.48,Active
D00693,Audrey Cabrera,Electric,Bedok,4.64,Active
D00694,Monica Dyer,Hatchback,Ang Mo Kio,3.85,Active
D00695,Douglas Robinson,Electric,Toa Payoh,3.79,Active
D00696,Mark Morrow,Hatchback,Jurong,4.95,Active
D00697,Dawn Brown,Electric,Bishan,4.35,Active
D00698,Renee Green,MPV,Punggol,4.48,Active
D00699,Michael Griffin,Premium,Jurong,3.68,Active
D00700,Timothy Mcdaniel,Premium,Ang Mo Kio,4.49,Active
D00701,Angelica Gonzalez,Sedan,Jurong,4.78,Active
D00702,Tracy Rodriguez,Premium,Woodlands,3.57,Inactive
D00703,Michael Davis,Electric,Tampines,4.43,Active
D00704,Dennis Bailey,Premium,Tampines,4.0,Active
D00705,Charles Escobar,Hatchback,Yishun,4.18,Active
D00706,Kayla Watson,Premium,Singapore,3.64,Active
D00707,Sheila Jimenez,Sedan,Bedok,4.09,Active
D00708,Virginia Roach,MPV,Bedok,4.98,Active
D00709,Sarah Neal,Sedan,Tampines,4.89,Active
D00710,Joseph Frost,Premium,Bishan,3.59,Active
D00711,Joseph Friedman,SUV,Bishan,3.99,Active
D00712,John Barr,Premium,Jurong,3.67,Active
D00713,Julie Rodriguez,Electric,Bedok,3.79,Active
D00714,Anthony Thompson,Hatchback,Woodlands,4.85,Active
D00715,Michael Lane,Premium,Bedok,3.85,Active
D00716,John Zuniga,Electric,Bishan,3.99,Active
D00717,Stephen Hampton,Premium,Jurong,4.82,Inactive
D00718,Christopher Hall,MPV,Bedok,4.76,Active
D00719,Amy Smith,MPV,Bishan,3.66,Active
D00720,Brian Smith,Premium,Woodlands,4.01,Active
D00721,Paul Parks,Sedan,Bishan,3.58,Active
D00722,Shannon Newman,MPV,Toa Payoh,4.97,Active
D00723,Jonathan Mckinney,MPV,Bedok,3.93,Active
D00724,Steve Cherry,Electric,Ang Mo Kio,3.61,Active
D00725,Taylor Cordova,SUV,Bedok,3.66,Suspended
D00726,Jorge Franklin,MPV,Bishan,4.51,Active
D00727,Alexander Barr,SUV,Bedok,3.6,Active
D00728,Sheila Griffin,Electric,Yishun,3.78,Active
D00729,Jessica Miller,SUV,Bedok,3.56,Active
D00730,Logan Hines,Premium,Singapore,4.79,Suspended
D00731,Rebecca Thomas,SUV,Bishan,4.04,Active
D00732,Keith Bauer,Hatchback,Ang Mo Kio,3.99,Active
D00733,Andrew Harrison,Premium,Ang Mo Kio,4.87,Active
D00734,Allison Craig,MPV,Bedok,4.23,Active
D00735,Patricia Ball,Hatchback,Bishan,3.5,Active
D00736,Seth Robbins,SUV,Ang Mo Kio,4.54,Active
D00737,John Figueroa,MPV,Tampines,3.87,Active
D00738,Harold Ortiz,Hatchback,Singapore,4.98,Active
D00739,Seth Barrett,Sedan,Toa Payoh,4.83,Active
D00740,Robert Mcdowell,Electric,Toa Payoh,4.89,Active
D00741,Cynthia Wilson,Electric,Bishan,4.41,Active
D00742,Amber Massey,Hatchback,Yishun,4.72,Active
D00743,Crystal Jackson,Hatchback,Tampines,4.82,Active
D00744,Gary Zuniga,MPV,Yishun,4.86,Active
D00745,Terry Aguilar,Premium,Bishan,3.59,Active
D00746,Carly Anderson,Premium,Singapore,4.58,Active
D00747,Sharon Rowe,SUV,Yishun,4.75,Active
D00748,Timothy Clarke,MPV,Woodlands,4.04,Active
D00749,Sara Garcia,MPV,Bishan,4.82,Active
D00750,Joseph Chambers,MPV,Woodlands,4.64,Active
D00751,Rhonda Wilson,Premium,Ang Mo Kio,4.9,Active
D00752,Patricia Smith,Electric,Bishan,4.8,Active
D00753,Christian Roberson,SUV,Woodlands,3.93,Active
D00754,Linda Aguilar,Hatchback,Woodlands,4.11,Active
D00755,Eric Gutierrez Jr.,Hatchback,Bishan,4.99,Active
D00756,Kevin Stokes,Premium,Punggol,4.19,Active
D00757,Caleb Aguirre,MPV,Tampines,4.36,Active
D00758,Lauren Medina,Sedan,Ang Mo Kio,4.99,Active
D00759,David Ruiz,MPV,Bedok,3.99,Active
D00760,Maria Kaiser,Sedan,Yishun,3.95,Active
D00761,Sarah Riley,SUV,Tampines,3.57,Active
D00762,Sean Collins,Hatchback,Jurong,4.96,Active
D00763,Julie Cook,Electric,Yishun,3.82,Active
D00764,Sandra Bowers,Sedan,Bedok,4.38,Active
D00765,Thomas Dodson,Sedan,Woodlands,3.71,Active
D00766,Zachary Sullivan,SUV,Bedok,4.56,Active
D00767,Rachel Phillips,Sedan,Bedok,3.62,Active
D00768,Chris Salinas,Sedan,Yishun,3.72,Inactive
D00769,David Cooley,MPV,Yishun,4.97,Active
D00770,Erin Turner,MPV,Tampines,4.56,Inactive
D00771,Nicholas Garza,Premium,Bishan,4.63,Active
D00772,Christine Dickson,Premium,Ang Mo Kio,4.47,Active
D00773,Shannon Morgan,Hatchback,Singapore,4.1,Active
D00774,Alvin Stewart,SUV,Ang Mo Kio,3.78,Active
D00775,Diane Padilla,Sedan,Jurong,4.31,Active
D00776,Molly Wood,MPV,Ang Mo Kio,4.54,Inactive
D00777,Justin Pena,MPV,Singapore,5.0,Active
D00778,Dawn Miller,Electric,Toa Payoh,3.75,Active
D00779,Crystal Charles,Premium,Woodlands,4.15,Active
D00780,Jennifer Guerra,SUV,Punggol,3.87,Active
D00781,George Sutton,Premium,Bedok,3.57,Active
D00782,Roger Horne,SUV,Toa Payoh,4.36,Active
D00783,Nicholas Collins,Premium,Bishan,3.62,Inactive
D00784,Nicholas Vega,Hatchback,Tampines,4.25,Active
D00785,Chad Carter,MPV,Ang Mo Kio,3.93,Active
D00786,David Woods,MPV,Tampines,3.8,Active
D00787,Peter Cooley,Hatchback,Toa Payoh,4.9,Inactive
D00788,Kent Boyd,MPV,Tampines,3.52,Active
D00789,Jeremy Perez,SUV,Punggol,4.22,Active
D00790,Melinda Williams,Sedan,Woodlands,4.89,Inactive
D00791,Katherine Tran,Electric,Ang Mo Kio,4.4,Active
D00792,Mr. William Rhodes,Sedan,Yishun,3.72,Active
D00793,Stephen Powell,SUV,Woodlands,4.39,Active
D00794,Miranda Peters,Sedan,Punggol,4.9,Active
D00795,Mrs. Jessica Phillips DVM,Electric,Punggol,3.71,Active
D00796,James Williams,Electric,Bedok,4.42,Active
D00797,Jeffrey Burton,Hatchback,Woodlands,3.95,Active
D00798,Stacey Gibson,Premium,Tampines,4.52,Active
D00799,Brian Hall,MPV,Woodlands,3.61,Active
D00800,Jesse Allison,MPV,Punggol,3.75,Active
D00801,Lisa Johnson,Hatchback,Woodlands,3.79,Active
D00802,Alexander Martinez,Hatchback,Tampines,3.57,Active
D00803,Jason Ray,Electric,Jurong,4.36,Active
D00804,Robin Bowman,SUV,Woodlands,4.55,Active
D00805,Anne Johnson,SUV,Bedok,4.35,Active
D00806,Albert Sanchez,Hatchback,Singapore,4.07,Active
D00807,Teresa Schneider,Premium,Punggol,4.76,Active
D00808,Andrew Mitchell,Hatchback,Bedok,4.59,Active
D00809,Bryan Johnson,SUV,Bedok,4.27,Active
D00810,Thomas Olson,Sedan,Singapore,4.61,Active
D00811,Christopher Roy,Electric,Tampines,4.8,Active
D00812,Richard Santiago,Sedan,Yishun,4.93,Active
D00813,Matthew Yang,Hatchback,Bishan,3.52,Active
D00814,Christian Goodman,Electric,Bishan,3.83,Active
D00815,Heather Lindsey,SUV,Toa Payoh,4.01,Active
D00816,Theresa Carter,Hatchback,Jurong,5.0,Active
D00817,Raymond Mccann,Electric,Bedok,3.71,Active
D00818,Paige Burgess,MPV,Bishan,4.45,Active
D00819,Raymond Ellis,Sedan,Ang Mo Kio,4.74,Active
D00820,Carlos Mason,Sedan,Bishan,4.4,Active
D00821,Jacob French,SUV,Yishun,3.9,Active
D00822,Todd Garcia,Premium,Bishan,4.39,Active
D00823,Theresa Dillon,Hatchback,Woodlands,4.44,Active
D00824,Carol Mills,Hatchback,Ang Mo Kio,4.24,Active
D00825,Wanda Rivas,Hatchback,Woodlands,4.7,Active
D00826,Katherine Hanson,Sedan,Jurong,4.18,Inactive
D00827,Adam Bradshaw,MPV,Bedok,4.14,Active
D00828,Ryan Cruz,Electric,Singapore,4.0,Active
D00829,Elizabeth Boyd,SUV,Bedok,4.58,Active
D00830,Amanda Cabrera,Electric,Singapore,3.71,Active
D00831,Ashley Smith,Electric,Bishan,3.87,Active
D00832,Robert Garza,Premium,Punggol,4.93,Active
D00833,Alexis Rodriguez MD,Hatchback,Woodlands,3.67,Active
D00834,Stephen Barker,Electric,Tampines,3.5,Active
D00835,Anne Rivera,Hatchback,Bedok,4.48,Active
D00836,Cynthia Harvey,MPV,Jurong,4.06,Active
D00837,Robert Mills,Sedan,Jurong,4.75,Active
D00838,Julie Davis,SUV,Punggol,3.51,Inactive
D00839,Alexander Williams,Hatchback,Jurong,4.2,Active
D00840,Rebecca Gay,Hatchback,Yishun,3.65,Inactive
D00841,Rachel Hale,Hatchback,Jurong,4.58,Inactive
D00842,William Orr,Electric,Tampines,4.58,Active
D00843,Jenna Kramer,Premium,Bishan,3.91,Active
D00844,Mr. Harry Hall,Sedan,Bedok,4.05,Active
D00845,Tyler Mitchell,Hatchback,Bedok,4.35,Active
D00846,Jonathan Garrison,SUV,Bedok,4.18,Active
D00847,Bryan Cooke,MPV,Tampines,4.39,Active
D00848,Natalie King,Premium,Bishan,3.83,Active
D00849,Austin Martinez,SUV,Woodlands,4.77,Active
D00850,Adrian Zimmerman,Premium,Tampines,3.52,Active
D00851,Tracy Jones,Electric,Tampines,4.22,Active
D00852,Jeffrey Mcgrath,Premium,Singapore,4.93,Active
D00853,Matthew Schmidt,Electric,Ang Mo Kio,3.84,Active
D00854,Ryan Herrera DDS,SUV,Singapore,4.47,Active
D00855,Misty Harding,Hatchback,Toa Payoh,4.02,Active
D00856,Mark Galvan,Hatchback,Toa Payoh,4.28,Active
D00857,Whitney Martin,SUV,Jurong,4.59,Active
D00858,Robert Villarreal,Premium,Bishan,4.33,Active
D00859,Lisa Scott,MPV,Bedok,3.57,Active
D00860,Theodore Pacheco,Electric,Tampines,4.7,Active
D00861,Alex Miller,Sedan,Punggol,4.47,Active
D00862,Stephanie Evans,Premium,Punggol,4.42,Active
D00863,Jamie Smith,Electric,Yishun,3.95,Active
D00864,Carol Price,Premium,Punggol,4.15,Active
D00865,Tim Key,Sedan,Singapore,3.51,Active
D00866,Christopher Price,Sedan,Bedok,4.92,Active
D00867,Annette Lewis,Premium,Punggol,4.62,Active
D00868,Carlos Stephens,Sedan,Bedok,4.11,Active
D00869,Gary Jenkins,Sedan,Bishan,4.75,Inactive
D00870,Jessica Jones,Hatchback,Punggol,4.84,Active
D00871,Debra Gardner,Electric,Woodlands,4.25,Inactive
D00872,Erin Boyle,Electric,Ang Mo Kio,4.23,Active
D00873,Katrina Keith,Electric,Yishun,4.15,Active
D00874,Timothy Johnson,Electric,Ang Mo Kio,3.97,Active
D00875,Pamela Sanders,Sedan,Bishan,4.17,Suspended
D00876,Melanie Russo,Hatchback,Ang Mo Kio,3.64,Active
D00877,Julie Hunt,Sedan,Bedok,4.32,Active
D00878,Walter Matthews,SUV,Yishun,3.61,Active
D00879,Michele Harris,Sedan,Punggol,3.81,Active
D00880,Cheryl Kelly,Sedan,Woodlands,3.76,Active
D00881,Kelly Nichols,Premium,Singapore,4.29,Active
D00882,Brandon Campbell,Electric,Tampines,4.64,Active
D00883,Rebecca James,SUV,Toa Payoh,4.45,Active
D00884,Jason Fletcher,Sedan,Punggol,4.08,Active
D00885,Christopher Rowe,Hatchback,Bedok,4.85,Active
D00886,Denise Hernandez,Electric,Toa Payoh,3.8,Active
D00887,Andrew Garza,SUV,Bishan,4.95,Active
D00888,Joseph Yang,Electric,Bishan,3.6,Active
D00889,Warren Ellis,SUV,Jurong,4.06,Active
D00890,Amber Dawson,Hatchback,Tampines,4.44,Active
D00891,Amy Peters,Electric,Bedok,4.96,Inactive
D00892,Janet Walker,Electric,Jurong,4.92,Active
D00893,Mitchell Brewer,Sedan,Bishan,4.52,Active
D00894,Robert Rivera,MPV,Tampines,4.36,Active
D00895,Sharon Jackson,MPV,Toa Payoh,4.2,Active
D00896,Susan Garcia MD,SUV,Woodlands,4.38,Active
D00897,Stacy Melendez,Premium,Bedok,4.5,Active
D00898,Melissa Fleming,Electric,Bedok,3.95,Active
D00899,Roger Bryant,Premium,Toa Payoh,3.94,Active
D00900,Elizabeth Stanley,Sedan,Ang Mo Kio,4.22,Active
D00901,Karen Cole,Hatchback,Punggol,4.21,Active
D00902,William Perkins,Hatchback,Tampines,4.02,Active
D00903,Joseph Patel,SUV,Tampines,4.64,Active
D00904,Henry Martinez,SUV,Jurong,4.27,Active
D00905,Mary Liu,MPV,Yishun,4.69,Active
D00906,James Moreno,Hatchback,Toa Payoh,4.92,Active
D00907,William Phillips,Electric,Bishan,3.86,Active
D00908,David Fuentes,SUV,Bishan,4.73,Active
D00909,Mrs. Laurie Gross MD,SUV,Bishan,4.16,Active
D00910,Donna Decker,SUV,Bedok,4.3,Active
D00911,Edward Flores,Hatchback,Tampines,4.99,Active
D00912,Maria Ferguson,Hatchback,Woodlands,4.12,Active
D00913,Phillip Anderson,SUV,Jurong,4.96,Active
D00914,Dustin Alvarez,Hatchback,Punggol,4.7,Active
D00915,Laura Watson,Electric,Ang Mo Kio,4.55,Active
D00916,Jillian Lewis,Hatchback,Ang Mo Kio,3.72,Active
D00917,Rhonda Sanchez,Sedan,Singapore,4.55,Active
D00918,Lauren Smith,SUV,Bedok,3.71,Inactive
D00919,Christopher Glenn,MPV,Singapore,4.91,Active
D00920,Christopher Kelly,Premium,Bishan,4.47,Active
D00921,Casey Smith,Sedan,Jurong,4.83,Active
D00922,Michael Henderson,Sedan,Singapore,3.67,Active
D00923,Scott Douglas,Sedan,Toa Payoh,3.51,Active
D00924,Jessica Dorsey,Electric,Bedok,4.96,Suspended
D00925,Rebecca Wade,MPV,Bedok,4.76,Inactive
D00926,Jose Cortez,MPV,Bishan,4.64,Active
D00927,Summer Bryant,Electric,Woodlands,3.7,Active
D00928,Robert Miller,Sedan,Tampines,4.92,Active
D00929,Derrick Moreno,SUV,Jurong,4.98,Active
D00930,Michelle Crawford,SUV,Bedok,4.13,Active
D00931,Albert Hanson,MPV,Ang Mo Kio,3.67,Active
D00932,Albert Walter,Sedan,Toa Payoh,3.82,Suspended
D00933,William Steele,MPV,Punggol,4.93,Active
D00934,Anthony Grant,Electric,Jurong,4.13,Active
D00935,Lauren Meyers,SUV,Yishun,4.54,Active
D00936,John Grant,Premium,Toa Payoh,4.41,Active
D00937,Wanda Ferrell,SUV,Bishan,3.94,Inactive
D00938,Kyle Hanson,Hatchback,Tampines,4.37,Inactive
D00939,Michael Gallegos,Sedan,Woodlands,3.68,Active
D00940,Corey Clark,Hatchback,Ang Mo Kio,3.85,Active
D00941,Renee Lee,MPV,Jurong,4.55,Active
D00942,Ernest Parks,Electric,Punggol,3.52,Active
D00943,Joshua Burnett,Sedan,Ang Mo Kio,3.95,Active
D00944,Kelly Vaughn,Electric,Tampines,4.77,Active
D00945,Sarah Payne,Premium,Punggol,4.06,Active
D00946,Craig Rich,SUV,Yishun,4.36,Active
D00947,Henry Grant,SUV,Yishun,4.17,Active
D00948,Sara Garner,Hatchback,Toa Payoh,3.73,Active
D00949,Kathleen Adams,Electric,Woodlands,4.98,Inactive
D00950,Kathy Cardenas,Electric,Tampines,4.62,Active
D00951,Deborah Diaz,Hatchback,Bishan,4.16,Active
D00952,Karen Johnson,Hatchback,Yishun,4.44,Active
D00953,Tracy Garcia,Hatchback,Ang Mo Kio,3.76,Active
D00954,Joseph Morales,MPV,Tampines,4.31,Active
D00955,Pedro Farrell,MPV,Punggol,4.47,Active
D00956,Joshua Clark,Hatchback,Jurong,4.04,Active
D00957,Jared Martin,Premium,Toa Payoh,3.75,Active
D00958,Jason Shaw,MPV,Tampines,4.94,Active
D00959,Nicholas Cunningham,Hatchback,Punggol,4.61,Active
D00960,Jason Oliver,Electric,Jurong,3.59,Active
D00961,Mark Collier,Premium,Woodlands,4.92,Active
D00962,Ryan Dixon,MPV,Tampines,3.79,Active
D00963,Christopher Smith,MPV,Punggol,4.45,Active
D00964,Stephen Bruce,Hatchback,Jurong,3.64,Active
D00965,Mrs. Erin Christian,SUV,Ang Mo Kio,4.07,Active
D00966,Patrick Powell,Hatchback,Tampines,4.02,Inactive
D00967,Cameron Stewart,Hatchback,Singapore,4.58,Active
D00968,Mark Fletcher,Electric,Punggol,4.52,Active
D00969,Karl Arnold,Electric,Ang Mo Kio,4.52,Active
D00970,Melissa Sutton,Electric,Yishun,4.67,Active
D00971,Roger Bennett,SUV,Tampines,4.83,Active
D00972,Hector Hall,Hatchback,Jurong,4.71,Active
D00973,Debra Cooper,Hatchback,Singapore,4.22,Active
D00974,Tracy Glenn,MPV,Yishun,3.54,Active
D00975,Joseph Jenkins,Sedan,Jurong,3.93,Active
D00976,Jill Ramirez,Premium,Bishan,3.61,Active
D00977,Michael Gomez,MPV,Woodlands,4.16,Active
D00978,Amy Ramirez,MPV,Bishan,4.23,Active
D00979,Michael Ramirez,Electric,Jurong,3.99,Active
D00980,Tyler Miller,Electric,Singapore,4.47,Active
D00981,Nancy Anderson,Sedan,Punggol,3.68,Active
D00982,Joseph Jones,Sedan,Bishan,3.58,Active
D00983,Valerie Hardy,SUV,Bedok,3.69,Active
D00984,Lisa Riley,SUV,Tampines,4.71,Active
D00985,Sarah Vargas,Hatchback,Yishun,4.45,Active
D00986,Sandra Rojas,Electric,Singapore,3.84,Active
D00987,Mr. Luke Mcfarland,Hatchback,Bishan,3.67,Active
D00988,Natasha Walker,MPV,Yishun,4.78,Active
D00989,Jennifer Clark,Hatchback,Woodlands,4.36,Active
D00990,George Mitchell,Premium,Woodlands,3.82,Active
D00991,Jenny Chambers,MPV,Tampines,4.89,Active
D00992,Seth Smith,Electric,Bedok,4.36,Active
D00993,John Lee,MPV,Bishan,4.74,Active
D00994,Natalie Marshall,SUV,Bishan,3.7,Active
D00995,Gerald Wallace,Sedan,Woodlands,4.66,Active
D00996,Edward Walker,Sedan,Jurong,4.83,Suspended
D00997,Patricia Joseph,Hatchback,Bishan,4.22,Active
D00998,Kimberly Stewart,Premium,Bishan,4.31,Active
D00999,Kayla Meyer,SUV,Ang Mo Kio,4.92,Active
D01000,Mark Powell,Sedan,Tampines,4.99,Active
D01001,Jennifer Evans,Premium,Toa Payoh,3.64,Active
D01002,Sydney Nunez,SUV,Jurong,4.87,Active
D01003,Jennifer Davidson,SUV,Ang Mo Kio,4.02,Active
D01004,Carla Alexander,Hatchback,Toa Payoh,4.93,Active
D01005,Lauren Curtis,Electric,Jurong,4.79,Inactive
D01006,John Brown,SUV,Yishun,3.82,Active
D01007,Janice Phillips,MPV,Yishun,4.09,Active
D01008,Lisa Cole,MPV,Ang Mo Kio,4.11,Active
D01009,Dillon Holmes,Hatchback,Ang Mo Kio,4.05,Active
D01010,Teresa Bush,Electric,Singapore,4.48,Active
D01011,Patrick Mcbride,MPV,Bishan,4.7,Inactive
D01012,Todd Moreno,Premium,Toa Payoh,4.55,Active
D01013,Angela Harris,Premium,Bedok,4.78,Inactive
D01014,Kelsey Brady,SUV,Tampines,4.86,Active
D01015,Ronald Berger,Hatchback,Bishan,4.67,Inactive
D01016,Kimberly Bell,Electric,Toa Payoh,3.56,Active
D01017,Angela Rodriguez,Hatchback,Bedok,3.67,Active
D01018,Sara Fuller,SUV,Jurong,4.9,Active
D01019,Christine Cunningham,Electric,Ang Mo Kio,3.65,Active
D01020,Donald Salazar,Sedan,Singapore,3.91,Active
D01021,Lisa Lewis,MPV,Ang Mo Kio,3.74,Active
D01022,Stacy Allen,Electric,Woodlands,3.6,Active
D01023,Richard Cummings,MPV,Tampines,3.73,Active
D01024,Jennifer Simpson,SUV,Ang Mo Kio,3.76,Active
D01025,David Guzman,SUV,Punggol,4.43,Active
D01026,Douglas Butler,MPV,Woodlands,4.35,Active
D01027,Andrew Fields,Electric,Bedok,4.25,Inactive
D01028,Hannah Jones,MPV,Jurong,4.3,Active
D01029,Samuel Cruz,MPV,Toa Payoh,4.03,Active
D01030,Catherine Alexander,Premium,Bishan,4.03,Active
D01031,Erica Brooks,Electric,Woodlands,4.75,Active
D01032,Debra Martinez,Hatchback,Bedok,4.42,Active
D01033,Gabriel Rice II,MPV,Bedok,4.42,Active
D01034,Brenda Graves,Hatchback,Ang Mo Kio,3.68,Active
D01035,David Calderon,MPV,Woodlands,3.52,Active
D01036,Mr. Joshua Brown Jr.,Electric,Tampines,4.9,Active
D01037,Michael Yu,Sedan,Ang Mo Kio,3.76,Active
D01038,Michael Avila,MPV,Ang Mo Kio,4.17,Active
D01039,Margaret Perez,Hatchback,Punggol,3.84,Active
D01040,Elizabeth Knight,SUV,Bedok,4.36,Active
D01041,Mrs. Tammy Mosley,Electric,Bishan,4.22,Active
D01042,Mary Marquez,Electric,Woodlands,4.1,Inactive
D01043,Martha Nguyen,Hatchback,Bedok,4.89,Active
D01044,Alexandria Velez,Hatchback,Punggol,4.55,Active
D01045,Alex Ward,Hatchback,Punggol,3.78,Active
D01046,Timothy Carpenter,Sedan,Ang Mo Kio,4.82,Active
D01047,Jonathan Cochran,Sedan,Yishun,4.59,Active
D01048,Beth Thomas,Hatchback,Tampines,4.16,Active
D01049,Matthew Allen,Electric,Ang Mo Kio,3.54,Active
D01050,Christopher Monroe,Electric,Toa Payoh,4.82,Active
D01051,Zachary George,Hatchback,Woodlands,4.54,Active
D01052,Amy Jones,Sedan,Bishan,4.4,Active
D01053,Richard Gross,MPV,Tampines,3.71,Inactive
D01054,Scott Griffith,Hatchback,Singapore,3.5,Active
D01055,Stephanie Davis,Electric,Jurong,4.07,Active
D01056,Scott James,SUV,Bishan,4.85,Inactive
D01057,Dominique Petty,MPV,Jurong,4.87,Active
D01058,David Johnson,Premium,Bedok,4.31,Active
D01059,Dr. Daniel Lee III,Hatchback,Jurong,4.16,Active
D01060,Mr. Joshua Turner Jr.,Sedan,Woodlands,4.51,Active
D01061,Julia Stewart,Premium,Woodlands,4.82,Active
D01062,Katie Barrett,Hatchback,Singapore,4.9,Active
D01063,Dale Baker,Electric,Bedok,4.42,Active
D01064,Jill Shields,Hatchback,Woodlands,3.57,Active
D01065,Monica Hopkins,SUV,Bishan,4.54,Active
D01066,Laura Goodwin,Sedan,Yishun,3.58,Active
D01067,Felicia Velasquez,Sedan,Toa Payoh,4.16,Active
D01068,Mathew Johnson,MPV,Punggol,4.71,Active
D01069,Jay Neal,SUV,Singapore,4.16,Active
D01070,Sandra Flores,MPV,Singapore,4.55,Active
D01071,Caitlin Brown,Hatchback,Ang Mo Kio,4.36,Active
D01072,Tracy Murray,Premium,Bedok,4.75,Active
D01073,Joseph Mcdonald DDS,Hatchback,Toa Payoh,4.63,Active
D01074,Jeffrey Rush,SUV,Jurong,3.69,Active
D01075,Elizabeth Farmer,Sedan,Tampines,3.78,Active
D01076,Victoria Kane,MPV,Woodlands,4.21,Active
D01077,Patricia Cooper,SUV,Yishun,3.58,Active
D01078,Hunter Harris,Sedan,Ang Mo Kio,4.43,Active
D01079,Nathan Taylor,Electric,Woodlands,3.59,Active
D01080,Ronald Miller,SUV,Jurong,3.57,Active
D01081,Christine Bradley,Sedan,Singapore,3.54,Active
D01082,Melinda Vance,Electric,Jurong,4.7,Active
D01083,Katherine Obrien,Electric,Yishun,4.94,Active
D01084,Jennifer Fuentes,SUV,Toa Payoh,3.71,Suspended
D01085,Susan Knight,MPV,Ang Mo Kio,4.75,Active
D01086,Paul Garcia,Premium,Yishun,4.84,Active
D01087,Nathaniel Mckee,Premium,Toa Payoh,4.68,Inactive
D01088,Danielle Dillon,Hatchback,Punggol,4.81,Active
D01089,Nicole White,MPV,Woodlands,4.46,Active
D01090,Nathaniel Carter,Premium,Ang Mo Kio,4.95,Active
D01091,Patricia Reeves,Premium,Jurong,4.84,Active
D01092,Meredith Walsh,Electric,Bishan,4.67,Active
D01093,Cynthia May,Electric,Bishan,3.52,Active
D01094,Tyrone Campbell,SUV,Bishan,4.05,Active
D01095,Brandon Bradley,Premium,Toa Payoh,4.53,Active
D01096,Douglas Jones,SUV,Bishan,3.52,Active
D01097,William Acevedo,Electric,Bedok,4.44,Active
D01098,Jonathan Matthews,SUV,Woodlands,3.99,Active
D01099,Stephanie Richardson,Sedan,Woodlands,4.8,Active
D01100,Peter Young,SUV,Woodlands,4.41,Active
D01101,Willie Peterson,Sedan,Bishan,4.93,Active
D01102,Christopher Clements,Premium,Singapore,4.07,Active
D01103,Jason Young,Electric,Jurong,4.48,Active
D01104,Paul Bowman,MPV,Jurong,4.52,Active
D01105,Maria Jones,MPV,Singapore,5.0,Active
D01106,James Phillips,Premium,Woodlands,4.43,Active
D01107,Patricia Griffith,MPV,Tampines,3.83,Active
D01108,Frank Patton,Electric,Tampines,4.19,Active
D01109,Elizabeth Hall,MPV,Jurong,3.92,Active
D01110,Kyle Sims,SUV,Punggol,4.08,Active
D01111,Mrs. Michelle Bishop MD,Sedan,Yishun,3.52,Active
D01112,Sheri Hart,MPV,Yishun,3.87,Active
D01113,Lisa Miller,Hatchback,Bishan,3.88,Active
D01114,Valerie Sanders,Electric,Bishan,4.85,Active
D01115,Belinda Garcia,SUV,Tampines,4.83,Active
D01116,Tony Watkins,Sedan,Woodlands,4.27,Active
D01117,Steven Martinez,SUV,Toa Payoh,4.35,Active
D01118,Lauren Butler,Premium,Punggol,4.46,Suspended
D01119,Ashley Crane,SUV,Woodlands,4.67,Inactive
D01120,Frank Robinson,MPV,Tampines,3.58,Active
D01121,Lauren West,Electric,Yishun,4.46,Active
D01122,Kristen Riley,Electric,Punggol,5.0,Active
D01123,Jorge Reed,Hatchback,Woodlands,4.22,Active
D01124,Mark Brown,MPV,Jurong,4.72,Active
D01125,Sabrina Best,MPV,Bedok,4.33,Active
D01126,George Jackson,Sedan,Bedok,4.91,Inactive
D01127,Jennifer George,Sedan,Tampines,4.52,Active
D01128,Stephen Villanueva,Sedan,Singapore,3.67,Active
D01129,Travis Douglas,MPV,Woodlands,4.65,Active
D01130,Debra Bowers,Hatchback,Ang Mo Kio,4.16,Active
D01131,Donna Green,Electric,Bishan,4.02,Active
D01132,Charles Mcclure,Premium,Jurong,4.58,Active
D01133,Cody Nguyen,Electric,Toa Payoh,4.51,Active
D01134,Rebecca Blackburn,Hatchback,Singapore,4.26,Active
D01135,Karen Watts,Premium,Bedok,3.63,Active
D01136,Rodney White,MPV,Tampines,3.53,Active
D01137,Mary Barber,Premium,Yishun,3.6,Active
D01138,Christopher Smith,Premium,Bedok,4.78,Active
D01139,Ryan Hernandez,Electric,Singapore,3.96,Active
D01140,Shawn Jones,SUV,Punggol,4.02,Active
D01141,Melanie Bartlett,Hatchback,Jurong,3.55,Active
D01142,Paul Bailey,Premium,Woodlands,4.44,Active
D01143,Lawrence Sanders,SUV,Woodlands,3.64,Inactive
D01144,Juan Day,Electric,Tampines,4.56,Active
D01145,Cody Stone,Hatchback,Bishan,3.74,Active
D01146,Kaitlyn Evans,Sedan,Woodlands,4.06,Active
D01147,Timothy Cross,Premium,Bedok,3.57,Active
D01148,Lindsey Davis,Sedan,Tampines,4.44,Active
D01149,Kevin Gutierrez,Electric,Punggol,4.78,Inactive
D01150,Tyler Jones,Sedan,Woodlands,4.38,Active
D01151,Melissa Mcclain,Sedan,Jurong,4.47,Active
D01152,Megan Wall,Hatchback,Bedok,4.35,Active
D01153,Samantha Mcdonald,Hatchback,Bedok,4.92,Inactive
D01154,Amanda Lam,MPV,Yishun,3.92,Active
D01155,Amy Lee,Sedan,Jurong,3.85,Active
D01156,Felicia Robertson,Sedan,Yishun,4.09,Active
D01157,Brian Johnson,MPV,Toa Payoh,4.71,Active
D01158,Stephen Roberts,SUV,Ang Mo Kio,3.95,Active
D01159,John Fisher,Hatchback,Bishan,3.94,Active
D01160,Megan Wiley,Electric,Tampines,4.2,Active
D01161,Kyle Moore,MPV,Ang Mo Kio,4.15,Active
D01162,Linda Fitzgerald,Hatchback,Tampines,4.71,Active
D01163,Andrew Cross,Premium,Ang Mo Kio,3.98,Active
D01164,Elizabeth Thomas,Electric,Singapore,4.35,Active
D01165,Terri Pierce,MPV,Punggol,3.83,Active
D01166,Kenneth Henderson,Electric,Ang Mo Kio,3.82,Inactive
D01167,Joseph Greer,MPV,Bishan,4.97,Active
D01168,Dennis Arnold,Hatchback,Punggol,4.13,Active
D01169,Heather Crawford,Sedan,Woodlands,3.68,Active
D01170,Susan Moore,MPV,Bishan,3.78,Active
D01171,Jordan Huffman,Premium,Bedok,3.9,Active
D01172,Walter Valencia,Hatchback,Tampines,4.41,Active
D01173,Brandy Rogers,Hatchback,Singapore,4.38,Active
D01174,Pam Cooley,MPV,Bedok,4.25,Active
D01175,Cynthia Bush,MPV,Ang Mo Kio,4.02,Active
D01176,Mrs. Sheila Sanchez DVM,MPV,Ang Mo Kio,4.09,Active
D01177,Thomas Johnson,Sedan,Punggol,3.81,Active
D01178,Jeffrey Ware,MPV,Ang Mo Kio,4.09,Active
D01179,Mario Harris,Premium,Woodlands,3.68,Active
D01180,Jeffrey Martin,SUV,Singapore,4.34,Active
D01181,Karen Leonard,Sedan,Bedok,4.11,Inactive
D01182,Cameron Parks,Hatchback,Tampines,3.64,Active
D01183,Monica Williams,Premium,Woodlands,4.41,Active
D01184,Elizabeth Rose,SUV,Tampines,3.63,Active
D01185,Jon Hubbard,MPV,Punggol,4.17,Active
D01186,Michele Atkins,SUV,Jurong,4.7,Active
D01187,Benjamin Blanchard,Sedan,Singapore,4.92,Active
D01188,Audrey Marshall,Hatchback,Bedok,4.54,Active
D01189,Eileen Perez,Sedan,Punggol,3.69,Active
D01190,Bill Morales,Hatchback,Bishan,4.02,Active
D01191,Kayla Sexton,Premium,Singapore,3.81,Inactive
D01192,Marie Nelson,Electric,Singapore,4.22,Suspended
D01193,Michelle Zamora,MPV,Punggol,4.62,Active
D01194,Paul Martinez,Sedan,Woodlands,4.29,Active
D01195,Randall Greene,SUV,Tampines,4.65,Active
D01196,Amanda Woods,Premium,Singapore,4.54,Active
D01197,John Hopkins,SUV,Punggol,4.35,Active
D01198,Doris Jackson,SUV,Jurong,4.9,Active
D01199,Jimmy Walsh,Sedan,Bedok,3.52,Active
D01200,Lori Gonzalez,MPV,Bishan,3.84,Active
D01201,James Howell,MPV,Ang Mo Kio,4.21,Active
D01202,Whitney Phelps,MPV,Yishun,4.18,Active
D01203,Katrina Hahn,SUV,Yishun,3.96,Active
D01204,Lisa Wilson,MPV,Ang Mo Kio,4.79,Active
D01205,Barbara Thomas,Premium,Yishun,3.83,Active
D01206,Amy Stone,MPV,Tampines,4.19,Suspended
D01207,Kevin Tucker,Electric,Yishun,4.4,Active
D01208,Richard Moore,Electric,Toa Payoh,3.5,Active
D01209,Bryce Terry,Premium,Woodlands,4.59,Inactive
D01210,Ashley Fowler,SUV,Yishun,3.9,Active
D01211,Andrew Cummings,Electric,Yishun,4.79,Active
D01212,Matthew Morales,Premium,Bishan,4.87,Inactive
D01213,Louis Leon,Sedan,Punggol,4.18,Active
D01214,Stephen Thomas,Sedan,Yishun,3.79,Active
D01215,Stephen Moore,Electric,Jurong,3.85,Active
D01216,Derek Bishop,Sedan,Bedok,3.8,Active
D01217,Jeff Greene,Hatchback,Ang Mo Kio,3.75,Inactive
D01218,Kelly Drake,MPV,Woodlands,3.92,Active
D01219,John Mayo,Sedan,Bedok,3.64,Inactive
D01220,Carol Cruz,SUV,Toa Payoh,4.93,Active
D01221,Cameron Taylor,Premium,Bishan,4.11,Suspended
D01222,Allison Garcia,Hatchback,Ang Mo Kio,4.22,Active
D01223,Angela Durham,SUV,Tampines,4.1,Active
D01224,Willie Adkins,MPV,Bishan,3.51,Active
D01225,Elizabeth Martin,Premium,Woodlands,4.36,Active
D01226,Eric Alexander,Hatchback,Yishun,3.52,Active
D01227,James Johnson,Premium,Punggol,4.25,Active
D01228,Michael Brown,Premium,Ang Mo Kio,4.02,Active
D01229,Marvin Graves,Electric,Ang Mo Kio,3.91,Active
D01230,Scott Perkins,Sedan,Punggol,3.94,Suspended
D01231,Ricky Patterson,Electric,Bishan,4.16,Active
D01232,Stephanie Mccarthy,SUV,Punggol,4.99,Active
D01233,Charles Woods,SUV,Bishan,4.3,Active
D01234,Christina Blankenship,Electric,Woodlands,4.92,Active
D01235,Savannah Cochran,MPV,Yishun,4.29,Active
D01236,Lisa Haley,Hatchback,Tampines,4.87,Active
D01237,Alyssa Smith,Electric,Jurong,4.35,Active
D01238,Sean Sanders,Sedan,Jurong,4.18,Inactive
D01239,Joshua Williamson DDS,Sedan,Toa Payoh,3.84,Active
D01240,Christina Smith,MPV,Punggol,3.64,Active
D01241,Terry West,Electric,Ang Mo Kio,3.72,Active
D01242,Kyle Lee,Electric,Tampines,4.64,Active
D01243,Anthony Brown,Sedan,Bedok,4.7,Active
D01244,Nicholas Sanchez,Sedan,Singapore,4.74,Active
D01245,Tyler Hunt,Sedan,Yishun,4.72,Active
D01246,Nathan Mora,MPV,Jurong,4.67,Active
D01247,Kimberly Solomon,Sedan,Tampines,4.68,Active
D01248,Zachary Cook,Sedan,Jurong,3.78,Active
D01249,Susan Ingram,SUV,Woodlands,3.91,Active
D01250,Julian Reed,Hatchback,Woodlands,3.96,Active
D01251,Evelyn Lyons,SUV,Tampines,4.73,Active
D01252,Emily Hawkins,Premium,Bedok,4.3,Active
D01253,Jerry Montgomery,MPV,Ang Mo Kio,3.79,Active
D01254,Kevin Gregory,Hatchback,Punggol,3.97,Suspended
D01255,Sharon Mason,Sedan,Jurong,3.82,Active
D01256,Melissa Ramirez,Electric,Ang Mo Kio,4.73,Active
D01257,Michelle Hughes,SUV,Woodlands,4.59,Active
D01258,Erin Davis,Sedan,Woodlands,4.73,Active
D01259,Jimmy Wise,Sedan,Toa Payoh,3.89,Active
D01260,Michael Watts,MPV,Punggol,3.89,Active
D01261,Johnny Howard,Hatchback,Ang Mo Kio,4.87,Active
D01262,Kyle Crawford,MPV,Punggol,4.39,Active
D01263,Mary Bell,Premium,Singapore,4.1,Active
D01264,Lisa Tucker,SUV,Bishan,4.96,Active
D01265,Amy Colon,SUV,Punggol,4.35,Active
D01266,Mrs. Rachael West,Electric,Bedok,3.81,Inactive
D01267,Nicholas Williams,Sedan,Tampines,4.75,Active
D01268,Dominic Spencer,MPV,Bedok,4.98,Active
D01269,Katelyn Carpenter,SUV,Singapore,4.27,Active
D01270,Christopher Richardson MD,Hatchback,Ang Mo Kio,3.56,Active
D01271,Pamela Wong,SUV,Ang Mo Kio,4.79,Active
D01272,Clinton Hernandez,Premium,Ang Mo Kio,4.63,Active
D01273,Stephen Jennings,Sedan,Ang Mo Kio,4.83,Active
D01274,Lisa Cooper,Electric,Bedok,4.78,Active
D01275,Virginia Evans,SUV,Bishan,4.56,Active
D01276,Gregory Tran,SUV,Punggol,4.51,Active
D01277,Brooke Watkins,Hatchback,Singapore,4.73,Active
D01278,Stephen Luna,Sedan,Toa Payoh,4.41,Active
D01279,James Harris,Hatchback,Ang Mo Kio,3.87,Active
D01280,Brenda Marquez,MPV,Bedok,4.07,Active
D01281,Jose Wood,MPV,Ang Mo Kio,4.26,Inactive
D01282,Christina Ballard,Sedan,Punggol,4.62,Active
D01283,Tracy Herrera,Hatchback,Toa Payoh,4.31,Active
D01284,Maria Curry,Electric,Punggol,4.25,Active
D01285,Bryan Lewis,Electric,Yishun,3.74,Active
D01286,Amy Armstrong,SUV,Yishun,3.53,Active
D01287,Adrienne Arnold,Sedan,Punggol,4.38,Active
D01288,Stephanie Jordan,Hatchback,Toa Payoh,3.5,Active
D01289,Regina Molina,Hatchback,Bedok,4.96,Inactive
D01290,David Velez,Electric,Jurong,4.33,Active
D01291,Erin Bradford,MPV,Singapore,4.35,Active
D01292,Daniel Hawkins,Electric,Bishan,3.67,Active
D01293,Susan Watson,Premium,Jurong,4.75,Active
D01294,John Lopez,SUV,Bishan,4.65,Active
D01295,Carol Stevens,SUV,Bedok,3.63,Active
D01296,Lawrence Jones,Sedan,Jurong,4.55,Active
D01297,Jeffrey Ortiz,Electric,Toa Payoh,4.03,Active
D01298,Patrick Scott,Premium,Yishun,4.39,Active
D01299,Henry White,SUV,Bishan,4.96,Active
D01300,Whitney Perry,Hatchback,Singapore,4.57,Inactive
D01301,Mr. William Johnson,MPV,Bishan,4.0,Active
D01302,James Pena,SUV,Woodlands,4.97,Active
D01303,Valerie Pruitt,Premium,Woodlands,4.26,Active
D01304,Bryan Rice,Electric,Singapore,3.62,Active
D01305,Andrew Johnson,MPV,Tampines,3.96,Active
D01306,Bobby Hernandez,Electric,Ang Mo Kio,4.94,Active
D01307,John Marshall,Sedan,Punggol,3.68,Active
D01308,Deborah Torres,MPV,Yishun,3.83,Active
D01309,Kari Smith,SUV,Ang Mo Kio,3.86,Active
D01310,Rhonda Ramirez,Hatchback,Punggol,4.26,Active
D01311,Jamie Knight,Sedan,Ang Mo Kio,4.75,Active
D01312,Lisa Jones,SUV,Punggol,3.95,Active
D01313,Jonathan Sherman,Premium,Bedok,3.5,Active
D01314,Katie Barnes,SUV,Bedok,4.03,Active
D01315,Tamara Duarte,Premium,Ang Mo Kio,4.38,Suspended
D01316,Jason Johnson,Hatchback,Tampines,4.45,Active
D01317,Shane Mitchell,MPV,Tampines,4.57,Active
D01318,Thomas Nelson,SUV,Woodlands,3.69,Active
D01319,Monica Villanueva,Electric,Bishan,4.9,Inactive
D01320,Sherri Smith,MPV,Ang Mo Kio,3.81,Active
D01321,Richard Parks,SUV,Singapore,4.97,Active
D01322,Dawn Avila,Premium,Singapore,3.72,Active
D01323,Michael George,Sedan,Bishan,3.9,Active
D01324,Craig Hull,Sedan,Punggol,3.93,Active
D01325,Paul Warren,Hatchback,Bedok,3.55,Active
D01326,Traci Mendoza,Sedan,Singapore,4.96,Active
D01327,Sean Fowler,Hatchback,Jurong,4.17,Active
D01328,Christina Carr,Premium,Yishun,4.39,Active
D01329,Nicole Edwards,Premium,Toa Payoh,3.56,Active
D01330,Edward Nunez,Electric,Woodlands,3.74,Active
D01331,Martin Jones,Sedan,Ang Mo Kio,4.25,Active
D01332,Teresa Campbell,Sedan,Toa Payoh,4.66,Active
D01333,Debra Castillo,Premium,Punggol,3.67,Active
D01334,Tony Thomas,SUV,Tampines,4.74,Active
D01335,Wendy Caldwell,SUV,Tampines,4.84,Active
D01336,Richard Morgan,Sedan,Bishan,4.51,Active
D01337,Matthew Richardson,SUV,Tampines,4.75,Active
D01338,Steven Bautista,SUV,Yishun,4.74,Active
D01339,Lucas Mejia,Electric,Punggol,3.51,Active
D01340,Daniel Yoder,Premium,Bishan,3.7,Active
D01341,Jonathan Sampson,Electric,Jurong,3.54,Active
D01342,Monica Barnes,Electric,Woodlands,4.74,Active
D01343,Chad Mills,Sedan,Singapore,3.53,Active
D01344,Chris Nelson,SUV,Ang Mo Kio,4.25,Active
D01345,Michael Herrera,Premium,Punggol,4.19,Active
D01346,Sierra Roberts,Sedan,Singapore,4.75,Active
D01347,Lori Peck,SUV,Singapore,3.88,Active
D01348,Kara Mitchell,MPV,Punggol,3.6,Active
D01349,Megan Price,SUV,Punggol,4.84,Active
D01350,Joanne Moore,Hatchback,Bishan,4.56,Active
D01351,Kayla Williams,Premium,Bedok,4.79,Active
D01352,Sandra Smith,Electric,Tampines,4.08,Active
D01353,Tammy Mendez,Electric,Punggol,4.32,Active
D01354,Michelle Burke,Sedan,Singapore,3.62,Active
D01355,Sharon Martinez,Premium,Toa Payoh,4.08,Active
D01356,Katie Jones,Electric,Bedok,4.3,Active
D01357,Melissa Sherman,Sedan,Toa Payoh,4.42,Active
D01358,Cody Martin,Electric,Punggol,4.62,Active
D01359,Gabriel Newton,SUV,Toa Payoh,3.88,Active
D01360,Ann Shields,SUV,Singapore,3.7,Inactive
D01361,Stephanie Roberts,Premium,Bishan,4.97,Active
D01362,Michael Edwards,Hatchback,Tampines,4.58,Active
D01363,Connor Guerrero,Premium,Yishun,3.59,Active
D01364,Katelyn Wilson,Sedan,Toa Payoh,3.77,Active
D01365,Angela Smith,Premium,Bedok,4.76,Active
D01366,Brandon Palmer,Sedan,Bishan,3.62,Active
D01367,Jenna Webb,Premium,Tampines,4.0,Inactive
D01368,Jacob Walker,SUV,Jurong,4.45,Active
D01369,William Martinez,Hatchback,Punggol,4.31,Active
D01370,Travis Phelps,MPV,Bedok,4.89,Active
D01371,Robert Salazar,SUV,Toa Payoh,4.02,Active
D01372,Erin Oconnor,Premium,Jurong,3.94,Inactive
D01373,Allison King,Hatchback,Toa Payoh,3.89,Active
D01374,Steven Roth,Electric,Tampines,3.75,Active
D01375,Katie Green,MPV,Woodlands,4.41,Active
D01376,Brooke Dawson,SUV,Jurong,4.2,Active
D01377,Jade Simmons,Electric,Singapore,3.84,Active
D01378,Mark Smith,Hatchback,Bedok,4.09,Active
D01379,Ryan Stout,Premium,Woodlands,4.9,Active
D01380,Cameron Williams,Premium,Bishan,3.5,Active
D01381,Jesse Rivas,SUV,Woodlands,4.53,Active
D01382,Matthew Thomas,Hatchback,Tampines,4.09,Active
D01383,Todd Brooks,Sedan,Woodlands,4.12,Active
D01384,Joseph Phillips,Premium,Bishan,3.98,Active
D01385,Jimmy Price,Hatchback,Jurong,3.99,Active
D01386,Jay Wilkerson,Hatchback,Bedok,4.78,Active
D01387,James Allison,Sedan,Tampines,3.92,Inactive
D01388,Donna Meyer,Premium,Yishun,3.82,Inactive
D01389,Julia Warner,MPV,Bedok,4.56,Active
D01390,Kevin George,Sedan,Bedok,3.54,Active
D01391,Paul Mora,MPV,Yishun,4.82,Active
D01392,Andrea Fischer,Sedan,Woodlands,4.23,Active
D01393,Heather Peterson DDS,MPV,Bishan,4.33,Inactive
D01394,Wesley Mitchell,Premium,Ang Mo Kio,3.97,Active
D01395,Leslie Henry,Electric,Singapore,4.64,Active
D01396,Cynthia Brown,Sedan,Bishan,4.86,Inactive
D01397,George Kim,Electric,Jurong,4.1,Active
D01398,Justin Beck,SUV,Bishan,4.29,Active
D01399,Jacob Booker,Premium,Tampines,4.41,Active
D01400,Scott Graham,Premium,Bishan,4.49,Active
D01401,Jennifer Hendrix,Premium,Toa Payoh,3.52,Active
D01402,Terry Zavala,SUV,Jurong,3.57,Active
D01403,Heather Jones,Hatchback,Punggol,3.63,Active
D01404,Nathan Stokes,Sedan,Yishun,3.85,Active
D01405,Chelsea Hicks,MPV,Bedok,3.6,Active
D01406,Laura White,Sedan,Woodlands,4.13,Active
D01407,Brianna Cardenas,Premium,Bedok,4.23,Active
D01408,Melissa Martin,Hatchback,Ang Mo Kio,4.01,Active
D01409,Erika Romero,Premium,Yishun,3.57,Active
D01410,Thomas Williams,Electric,Toa Payoh,4.13,Active
D01411,Angela Barnes,Sedan,Toa Payoh,4.04,Active
D01412,Curtis Sanchez,Hatchback,Bedok,3.9,Active
D01413,Michael Ponce,SUV,Yishun,4.92,Active
D01414,Joel Clark,Premium,Punggol,3.6,Active
D01415,Erin Williamson,MPV,Jurong,3.58,Active
D01416,Kimberly Gross,Premium,Tampines,3.68,Active
D01417,Elizabeth Young,SUV,Ang Mo Kio,3.61,Active
D01418,Katherine Hamilton,MPV,Toa Payoh,4.5,Active
D01419,Thomas Malone,Premium,Bishan,4.33,Active
D01420,Kyle Villarreal,Electric,Woodlands,4.22,Active
D01421,Jordan Mills,MPV,Ang Mo Kio,3.58,Active
D01422,Anthony Snyder,Premium,Jurong,4.31,Active
D01423,Daniel Anthony,Electric,Ang Mo Kio,3.88,Active
D01424,Sandra Lee,MPV,Toa Payoh,4.08,Active
D01425,Rebecca Brown,Hatchback,Ang Mo Kio,4.69,Active
D01426,Joshua Obrien,Electric,Punggol,4.09,Active
D01427,Gary Horton,Electric,Punggol,4.56,Active
D01428,Christie Diaz,Premium,Bishan,3.83,Active
D01429,Diana Ross,Hatchback,Punggol,4.78,Active
D01430,Jill Porter,Premium,Bedok,4.56,Active
D01431,Daniel Pierce,Sedan,Jurong,4.64,Inactive
D01432,Lisa Miller,Sedan,Bishan,4.81,Active
D01433,Kristen Davis,Electric,Bishan,4.06,Active
D01434,Daniel Obrien,Premium,Yishun,3.81,Active
D01435,Andrea Jenkins,MPV,Singapore,4.44,Active
D01436,Rachel Rivera,Hatchback,Punggol,3.92,Active
D01437,Brandon Kelly,Sedan,Toa Payoh,4.16,Inactive
D01438,William Freeman,SUV,Punggol,4.05,Active
D01439,John Bernard,MPV,Singapore,4.48,Active
D01440,Anna Miller,Electric,Bedok,4.0,Active
D01441,David Crawford,Electric,Ang Mo Kio,4.27,Active
D01442,Dana Brown,Sedan,Woodlands,4.58,Active
D01443,Linda Barker,Premium,Tampines,4.62,Active
D01444,Luke Montoya,MPV,Tampines,4.47,Active
D01445,Debra Boone,SUV,Toa Payoh,4.35,Active
D01446,Gabrielle Keller,SUV,Woodlands,3.56,Active
D01447,Jason Morales,Premium,Ang Mo Kio,4.55,Active
D01448,Misty Collins,Sedan,Singapore,4.75,Active
D01449,Jacob Peters,MPV,Singapore,4.27,Active
D01450,Mr. Jason Jackson,Premium,Woodlands,4.77,Active
D01451,Sharon Johnson,Electric,Toa Payoh,3.63,Active
D01452,Stacy Johnson,Electric,Toa Payoh,4.55,Active
D01453,Clayton Duncan,Hatchback,Tampines,4.55,Active
D01454,Kari Deleon,SUV,Yishun,3.99,Active
D01455,Cynthia Nash,SUV,Ang Mo Kio,4.82,Active
D01456,Matthew Davis,Premium,Bedok,4.58,Active
D01457,David Bennett,Electric,Bedok,3.69,Active
D01458,Christopher Henderson,Sedan,Jurong,4.53,Active
D01459,Tonya Roman,SUV,Toa Payoh,3.75,Active
D01460,Steven Bowers,SUV,Jurong,4.14,Active
D01461,Jamie Alvarado,Sedan,Singapore,3.93,Active
D01462,Wanda Price,Sedan,Tampines,4.8,Inactive
D01463,Mary Scott,Sedan,Woodlands,3.62,Active
D01464,Cody Sanders,SUV,Bedok,3.94,Active
D01465,Carlos Mendez,MPV,Toa Payoh,3.71,Inactive
D01466,Richard Wilson,SUV,Yishun,4.4,Active
D01467,Tabitha Douglas,SUV,Woodlands,4.15,Active
D01468,Robert Cobb,Sedan,Toa Payoh,3.61,Active
D01469,Roy Gilmore,MPV,Yishun,4.06,Active
D01470,Kevin Beasley,Sedan,Yishun,3.9,Active
D01471,Sharon Camacho,SUV,Singapore,3.94,Active
D01472,Raymond Parker,Sedan,Toa Payoh,4.57,Active
D01473,Heather Zavala,Hatchback,Jurong,4.3,Active
D01474,Barbara Vargas,Sedan,Bishan,4.68,Active
D01475,Lisa Spence,Premium,Yishun,3.69,Active
D01476,Sophia Williams,Premium,Bedok,4.15,Active
D01477,Charles Gray,Electric,Ang Mo Kio,3.84,Active
D01478,Michael Hunt,Sedan,Woodlands,4.83,Active
D01479,Gabrielle Zimmerman,Hatchback,Singapore,4.53,Inactive
D01480,Erika Hill,MPV,Bishan,4.19,Active
D01481,Jeremiah Taylor MD,Electric,Bishan,3.64,Active
D01482,Connie Walker,SUV,Bedok,4.4,Active
D01483,Sheila Jackson,Premium,Singapore,4.35,Active
D01484,Daniel Black,Premium,Singapore,4.88,Active
D01485,Christopher Wade,Premium,Jurong,3.53,Active
D01486,Theodore Morales,Electric,Bedok,4.89,Active
D01487,Amanda Flores,Hatchback,Ang Mo Kio,3.86,Active
D01488,Jason Buck,Premium,Tampines,4.16,Active
D01489,Mr. Jesse Villanueva MD,MPV,Tampines,4.11,Active
D01490,Donna Gibson,SUV,Yishun,4.07,Active
D01491,Anthony Flynn,SUV,Singapore,4.46,Active
D01492,Andrea Leblanc,MPV,Ang Mo Kio,4.74,Active
D01493,Robert Taylor,Sedan,Jurong,4.27,Active
D01494,Michael Hall,Electric,Toa Payoh,4.4,Active
D01495,Bryan Frank,SUV,Toa Payoh,3.66,Active
D01496,Andrew Sanchez,MPV,Bishan,4.94,Suspended
D01497,Ryan Pace,MPV,Singapore,4.14,Active
D01498,Andrew Foley,Electric,Punggol,4.56,Active
D01499,Steven Miller,Premium,Jurong,3.96,Active
D01500,Deborah Davis,SUV,Woodlands,3.76,Active
D01501,Andrew Braun,SUV,Woodlands,4.3,Active
D01502,Ryan Galvan,SUV,Woodlands,4.57,Active
D01503,Robert Jackson,MPV,Jurong,4.52,Active
D01504,Audrey Palmer,MPV,Bishan,3.65,Active
D01505,Roberto Brown,Hatchback,Punggol,4.5,Active
D01506,Anita Johnston,Premium,Jurong,3.66,Active
D01507,Dana Taylor,SUV,Bishan,4.41,Active
D01508,Katie Butler,Hatchback,Toa Payoh,3.79,Active
D01509,Leslie Blackburn,Sedan,Tampines,4.96,Active
D01510,David Townsend,Electric,Bishan,4.55,Active
D01511,Phillip Allison,Hatchback,Bishan,4.23,Active
D01512,Luke Blankenship,Hatchback,Toa Payoh,4.3,Active
D01513,Kristen Grant,Electric,Singapore,4.44,Active
D01514,Brandon Robinson,SUV,Yishun,4.9,Active
D01515,Michael Farrell,MPV,Yishun,4.53,Active
D01516,Nathaniel Owens,Sedan,Ang Mo Kio,5.0,Active
D01517,Mr. Jacob Evans,Hatchback,Tampines,3.57,Active
D01518,Melissa Ray,MPV,Tampines,3.92,Active
D01519,Timothy Fletcher,Hatchback,Singapore,4.74,Active
D01520,Mark Munoz,Electric,Ang Mo Kio,4.04,Active
D01521,James Ward,MPV,Tampines,4.06,Inactive
D01522,Cindy Watts,Sedan,Punggol,3.75,Active
D01523,Christopher Barron,Sedan,Tampines,3.96,Active
D01524,Derek Vaughn DDS,Hatchback,Bishan,3.71,Active
D01525,Nancy Key,Electric,Jurong,4.1,Active
D01526,Tammy Hurst,Premium,Punggol,4.63,Active
D01527,Tiffany Webb,SUV,Toa Payoh,4.81,Active
D01528,Patrick Wheeler,Electric,Yishun,4.15,Active
D01529,Brenda Jones,Electric,Bedok,3.54,Active
D01530,Andrew Coleman,Sedan,Bishan,4.51,Active
D01531,Eric Johns,Sedan,Punggol,3.84,Active
D01532,Levi Logan,MPV,Punggol,4.39,Active
D01533,Justin Thompson,Electric,Bedok,4.4,Inactive
D01534,William Mueller,Hatchback,Bedok,4.08,Suspended
D01535,Colleen King,Sedan,Punggol,3.72,Active
D01536,Stacy Lewis,Sedan,Jurong,4.37,Active
D01537,Daniel Williams,SUV,Jurong,4.57,Suspended
D01538,Kevin Walker Jr.,Electric,Punggol,3.85,Active
D01539,Kenneth Ayers,SUV,Woodlands,3.81,Active
D01540,Michelle Hull,Electric,Jurong,4.14,Active
D01541,Matthew Beltran,Premium,Ang Mo Kio,3.81,Active
D01542,Matthew Martin,Hatchback,Toa Payoh,3.6,Active
D01543,Tina Pearson,Sedan,Bedok,3.65,Active
D01544,Julie Raymond,SUV,Singapore,3.59,Active
D01545,Amy Garcia,MPV,Tampines,4.33,Active
D01546,Richard Ramirez,MPV,Tampines,3.93,Inactive
D01547,Jennifer Cardenas,Premium,Singapore,4.42,Active
D01548,Christina Jennings,SUV,Jurong,3.8,Active
D01549,Ruth Ramsey,Electric,Singapore,4.39,Active
D01550,Tracy Ferrell,Premium,Punggol,4.04,Active
D01551,Tiffany Gomez,SUV,Bishan,4.79,Active
D01552,Dr. Katherine Nolan,Hatchback,Tampines,3.6,Active
D01553,Carmen Davis,SUV,Ang Mo Kio,4.44,Active
D01554,Jessica Howard,Hatchback,Yishun,4.84,Active
D01555,Jennifer Smith,Hatchback,Ang Mo Kio,3.7,Active
D01556,Daniel Cooper,Sedan,Jurong,3.72,Suspended
D01557,Mr. Timothy Steele DDS,SUV,Bedok,4.15,Active
D01558,Leon Thompson,Sedan,Punggol,4.17,Active
D01559,Luis Bates,MPV,Woodlands,3.71,Active
D01560,Sherri Hunt,Premium,Jurong,4.16,Inactive
D01561,Brian Harris,Premium,Bishan,4.08,Active
D01562,Shannon Gregory,SUV,Ang Mo Kio,4.24,Inactive
D01563,Victoria Ward MD,Hatchback,Woodlands,3.94,Active
D01564,David Cook,Sedan,Toa Payoh,3.96,Active
D01565,Dr. Daniel Nunez,Premium,Ang Mo Kio,4.34,Active
D01566,Keith Cooper,SUV,Tampines,3.59,Active
D01567,Martin Lee,Sedan,Bedok,4.55,Active
D01568,Scott Vega,MPV,Tampines,4.82,Active
D01569,Daniel Thompson,Electric,Bishan,4.1,Active
D01570,Ian Hall,Hatchback,Bishan,4.08,Active
D01571,Christopher Nelson,Electric,Bishan,3.52,Active
D01572,David Yoder,Electric,Punggol,4.84,Active
D01573,John Stone,Sedan,Yishun,4.81,Active
D01574,Jermaine Diaz,SUV,Woodlands,4.38,Active
D01575,Beth Mcmahon,Sedan,Singapore,4.54,Inactive
D01576,Veronica Bell,Premium,Tampines,4.76,Active
D01577,Matthew Wise,Hatchback,Punggol,3.53,Active
D01578,Karen Kim,Hatchback,Bedok,4.33,Active
D01579,Melvin Hays,Hatchback,Ang Mo Kio,3.89,Active
D01580,Charles Gallegos,SUV,Ang Mo Kio,3.71,Active
D01581,Joel Davis,Hatchback,Singapore,4.48,Active
D01582,Meagan Mccarty,Hatchback,Tampines,3.57,Active
D01583,Timothy Montoya,Hatchback,Woodlands,3.61,Active
D01584,Nathan Donovan,Hatchback,Singapore,3.79,Active
D01585,Steven Bell,Hatchback,Toa Payoh,4.64,Active
D01586,Jennifer Mathews,Premium,Yishun,4.76,Active
D01587,Mr. Nicholas Nguyen PhD,MPV,Bedok,3.63,Active
D01588,Gregory Beard,Premium,Ang Mo Kio,3.71,Active
D01589,Mary Clark,Electric,Singapore,3.78,Inactive
D01590,Scott Lewis,Hatchback,Jurong,4.7,Active
D01591,Austin Mueller,MPV,Ang Mo Kio,4.91,Active
D01592,Alan Campbell,SUV,Ang Mo Kio,4.7,Active
D01593,Brandi Taylor,Sedan,Jurong,4.81,Active
D01594,Anna Holloway,Sedan,Yishun,4.85,Suspended
D01595,Sheila Stewart,Electric,Bishan,4.32,Inactive
D01596,Amanda Nelson,Sedan,Toa Payoh,4.44,Active
D01597,Mr. Justin Noble,Premium,Ang Mo Kio,4.6,Active
D01598,Tiffany Valdez,Premium,Bishan,3.87,Active
D01599,Joshua Collins,SUV,Ang Mo Kio,3.57,Active
D01600,Laurie Stevens,Electric,Woodlands,3.85,Active
D01601,Jason Wallace,Sedan,Bishan,4.71,Active
D01602,Lisa Stark,Premium,Punggol,4.83,Active
D01603,Crystal Clark,Premium,Jurong,4.4,Active
D01604,Jessica Phelps,Premium,Woodlands,4.73,Active
D01605,Jason Thomas,Sedan,Jurong,4.29,Active
D01606,William Medina,MPV,Toa Payoh,4.59,Active
D01607,Christopher Heath,Electric,Jurong,4.12,Active
D01608,James Smith,Premium,Singapore,4.76,Active
D01609,Cody Stevens,Premium,Jurong,3.65,Active
D01610,Stephen Espinoza,MPV,Yishun,3.7,Active
D01611,Katelyn Smith,MPV,Singapore,3.58,Active
D01612,Alexander Kelly,Sedan,Singapore,4.36,Active
D01613,James Brooks,Sedan,Toa Payoh,3.7,Active
D01614,Marcus Bridges,Electric,Toa Payoh,4.32,Active
D01615,Lisa Bass DDS,SUV,Toa Payoh,3.86,Inactive
D01616,Tabitha Mann,Electric,Tampines,3.82,Active
D01617,Brandy Lawrence,Hatchback,Bedok,4.39,Active
D01618,Bryan Olson,Premium,Jurong,4.58,Active
D01619,Casey Vazquez,SUV,Toa Payoh,4.48,Active
D01620,Thomas Wood,SUV,Bedok,4.49,Active
D01621,Stephanie Chambers,SUV,Punggol,3.83,Active
D01622,Jordan Pineda,Electric,Toa Payoh,3.56,Active
D01623,Laura Pierce,MPV,Jurong,4.9,Inactive
D01624,Richard Cruz,Sedan,Punggol,4.69,Active
D01625,Carolyn Blair,Sedan,Punggol,4.86,Active
D01626,Jerome Campbell,SUV,Bedok,4.57,Active
D01627,Tanya Roberts,Sedan,Jurong,3.55,Active
D01628,Brandon Martinez,Hatchback,Singapore,3.86,Active
D01629,Crystal Macias,SUV,Woodlands,4.5,Inactive
D01630,Brenda Phillips,MPV,Woodlands,4.35,Active
D01631,Matthew Crawford,Premium,Punggol,3.75,Active
D01632,Mark Simmons,Electric,Woodlands,4.6,Active
D01633,Jennifer Martin,Premium,Punggol,3.56,Suspended
D01634,Samantha Barron,Electric,Bishan,3.93,Inactive
D01635,Kathy Mitchell,MPV,Woodlands,4.58,Active
D01636,Yvette Henry,SUV,Bishan,3.82,Active
D01637,Anthony Bradley,Sedan,Woodlands,4.87,Suspended
D01638,Paul Pearson,MPV,Bedok,3.89,Active
D01639,Jacqueline Tran,Electric,Toa Payoh,4.63,Active
D01640,Alexandra Schneider,MPV,Woodlands,4.58,Active
D01641,Steven Conley MD,Electric,Ang Mo Kio,4.74,Active
D01642,Kimberly Rodriguez,Sedan,Ang Mo Kio,4.1,Active
D01643,Derek Cameron,Electric,Punggol,4.22,Active
D01644,Jason Miller,Sedan,Toa Payoh,3.68,Active
D01645,Michael Jones,Premium,Punggol,4.05,Active
D01646,Nicole Howard,Electric,Woodlands,4.29,Active
D01647,Jacob Price,Electric,Jurong,3.53,Active
D01648,Peter Riley,MPV,Punggol,4.72,Inactive
D01649,Larry Simmons,MPV,Ang Mo Kio,3.67,Active
D01650,Crystal Smith,Premium,Punggol,3.75,Active
D01651,Jake Pope,Premium,Jurong,3.61,Active
D01652,Nancy Frank,Electric,Punggol,4.32,Active
D01653,Tiffany Marquez,Hatchback,Toa Payoh,3.94,Active
D01654,Dawn Gamble,Premium,Bishan,3.9,Active
D01655,Shawn Harrington,Premium,Singapore,4.66,Inactive
D01656,Amy Martinez,Premium,Ang Mo Kio,4.17,Active
D01657,Jennifer Matthews,SUV,Bishan,4.82,Active
D01658,Steven Johnson,SUV,Punggol,4.44,Active
D01659,Robert Scott,Electric,Ang Mo Kio,4.08,Active
D01660,Casey Martinez,Electric,Woodlands,3.74,Active
D01661,Eric Hogan,Sedan,Bishan,4.14,Active
D01662,Kathleen Wilson,MPV,Tampines,3.7,Active
D01663,Jason Watson,Premium,Woodlands,4.55,Active
D01664,Gregory Jimenez,SUV,Bedok,3.82,Active
D01665,Daniel Middleton,Electric,Bishan,4.63,Active
D01666,Juan Kelly,MPV,Bedok,4.7,Active
D01667,Tracy Love,MPV,Bishan,4.17,Active
D01668,Melissa Bentley,Premium,Bedok,4.6,Active
D01669,Michael Houston,Electric,Jurong,4.63,Active
D01670,Becky Weiss,Sedan,Jurong,4.27,Active
D01671,Jorge Avila,Hatchback,Tampines,4.01,Active
D01672,Jennifer Frazier,SUV,Singapore,3.97,Active
D01673,Pamela Perry,Sedan,Ang Mo Kio,4.39,Active
D01674,Lori Keller,MPV,Punggol,4.95,Active
D01675,Maria Robinson,SUV,Ang Mo Kio,4.64,Active
D01676,Shelia Rhodes,Electric,Ang Mo Kio,4.42,Active
D01677,Jeffrey Dorsey,Hatchback,Ang Mo Kio,3.68,Active
D01678,Tom Goodwin,Electric,Punggol,4.03,Active
D01679,Matthew Hancock,Premium,Singapore,4.03,Active
D01680,Catherine Dyer,Premium,Tampines,4.92,Active
D01681,Jillian Weber,MPV,Tampines,4.51,Active
D01682,Shaun Martinez,Premium,Bishan,4.66,Active
D01683,Austin Williams,Hatchback,Singapore,4.24,Active
D01684,Mr. Craig Phillips,Sedan,Bishan,4.45,Active
D01685,Danielle Williamson,MPV,Bishan,3.91,Active
D01686,Sandra Thomas,Sedan,Toa Payoh,4.53,Active
D01687,Logan Ruiz,MPV,Punggol,4.59,Active
D01688,Sara Tran,Premium,Yishun,3.64,Active
D01689,David Green,SUV,Ang Mo Kio,4.72,Active
D01690,Natalie Gallegos,MPV,Ang Mo Kio,3.99,Suspended
D01691,Donald Joseph,Electric,Ang Mo Kio,4.72,Active
D01692,Jeffrey Cantrell,Electric,Bedok,4.94,Active
D01693,Sharon Lucas,Electric,Punggol,3.88,Active
D01694,Anthony French,Electric,Woodlands,4.81,Active
D01695,Marcia Taylor,Sedan,Woodlands,3.97,Inactive
D01696,James Mcmahon,Sedan,Woodlands,3.62,Active
D01697,Patricia Mcneil,Premium,Punggol,4.56,Active
D01698,Jeanette Robinson,Premium,Woodlands,5.0,Active
D01699,Todd Benitez,SUV,Bedok,4.55,Active
D01700,Melanie Fisher,Electric,Ang Mo Kio,4.24,Active
D01701,Richard Baker,Sedan,Singapore,4.41,Active
D01702,Jenna Hall,Premium,Yishun,3.87,Active
D01703,Joseph Moore,Sedan,Yishun,3.99,Active
D01704,Stephen Hill,SUV,Punggol,4.88,Active
D01705,Nancy Dickson,Sedan,Tampines,3.89,Active
D01706,Crystal Gomez,Hatchback,Ang Mo Kio,3.61,Active
D01707,Joseph Long,Electric,Toa Payoh,3.8,Active
D01708,Cynthia Brooks,MPV,Bishan,4.44,Active
D01709,Randy Byrd,Hatchback,Jurong,3.77,Active
D01710,Rebecca Duke,Premium,Woodlands,3.88,Suspended
D01711,Amy Cantrell,MPV,Yishun,4.79,Active
D01712,Jason Powers,Sedan,Bishan,3.95,Active
D01713,Darlene Shaw,Electric,Ang Mo Kio,4.15,Active
D01714,Jason Powell,SUV,Toa Payoh,4.84,Active
D01715,Eileen Henry,MPV,Toa Payoh,3.86,Active
D01716,Chelsea Henderson,SUV,Bedok,4.48,Inactive
D01717,Christie Rojas,Hatchback,Singapore,4.84,Active
D01718,Brian James,Premium,Tampines,4.79,Active
D01719,Jessica Adkins,MPV,Tampines,3.59,Active
D01720,Christian Castillo PhD,SUV,Toa Payoh,4.27,Active
D01721,Kenneth George,Premium,Woodlands,3.7,Active
D01722,Jamie Rogers,Sedan,Yishun,4.17,Active
D01723,Stephanie Cook,Electric,Bedok,3.54,Active
D01724,Stacey Jackson,Premium,Tampines,4.51,Inactive
D01725,Mariah Rogers,Electric,Singapore,3.59,Active
D01726,Nancy Dyer,SUV,Jurong,3.76,Active
D01727,Lindsey Page,Sedan,Woodlands,3.87,Active
D01728,Joann Hubbard,Premium,Yishun,4.37,Active
D01729,Emily Williams DDS,SUV,Toa Payoh,4.29,Active
D01730,Adam Mccarthy,Sedan,Yishun,4.92,Active
D01731,Ashley White,Sedan,Bedok,3.64,Active
D01732,Michael Allen,SUV,Jurong,4.43,Active
D01733,Jenna Flores,Sedan,Woodlands,4.41,Active
D01734,Brian Rosales,Electric,Punggol,4.09,Active
D01735,Donald Evans,Hatchback,Tampines,3.54,Active
D01736,Robert Fitzgerald,Electric,Ang Mo Kio,4.34,Active
D01737,Mitchell Jackson,SUV,Toa Payoh,4.81,Active
D01738,Lisa Dawson,Premium,Ang Mo Kio,4.5,Active
D01739,Susan Taylor,MPV,Tampines,3.91,Active
D01740,Susan Mora,MPV,Yishun,4.31,Active
D01741,Jessica Reyes,Hatchback,Jurong,4.31,Active
D01742,Mary Miller,MPV,Bishan,4.76,Inactive
D01743,Rodney Martinez,Electric,Tampines,3.84,Active
D01744,Sydney Nguyen,MPV,Ang Mo Kio,4.0,Active
D01745,Carla Gilbert,Hatchback,Tampines,4.71,Active
D01746,Anthony Jones,Hatchback,Ang Mo Kio,4.05,Active
D01747,Shannon Simmons,Sedan,Punggol,4.9,Active
D01748,Wayne Page,Sedan,Tampines,4.92,Active
D01749,Brent Calhoun,Electric,Yishun,3.56,Active
D01750,William Spencer,Electric,Yishun,3.5,Active
D01751,Austin Avila,Sedan,Bedok,4.66,Active
D01752,Michael Levine,Sedan,Woodlands,3.91,Active
D01753,Michael Ferguson,Premium,Jurong,4.93,Active
D01754,Mr. Stephen Valdez,Hatchback,Punggol,4.06,Active
D01755,Ian Newton,MPV,Punggol,4.21,Active
D01756,Carol King,Electric,Ang Mo Kio,4.48,Active
D01757,Kathleen Jones,Premium,Yishun,4.67,Active
D01758,Julie Carson,SUV,Tampines,4.1,Active
D01759,Brian Williams,Sedan,Jurong,4.34,Active
D01760,David Key,Hatchback,Yishun,3.93,Active
D01761,Chelsea Guerrero,MPV,Tampines,4.86,Active
D01762,Christopher Johnson,Premium,Toa Payoh,4.69,Active
D01763,Kaitlin White,Electric,Bishan,4.91,Active
D01764,Lisa Martin,Premium,Tampines,4.4,Active
D01765,Gary Watts,Sedan,Bishan,4.42,Active
D01766,Nathan Keller,Hatchback,Woodlands,3.88,Active
D01767,Dennis Long,Electric,Singapore,4.83,Active
D01768,Richard Brown,Electric,Singapore,3.98,Active
D01769,Brian Harvey,Electric,Bedok,4.33,Inactive
D01770,Deborah Simpson,Premium,Toa Payoh,4.43,Inactive
D01771,John Lee,Sedan,Woodlands,4.68,Active
D01772,Brian Garcia,Sedan,Singapore,4.79,Active
D01773,Felicia Ellis,Hatchback,Jurong,4.38,Active
D01774,John Avila,Electric,Punggol,4.11,Active
D01775,Ryan Ellis,Hatchback,Bedok,4.64,Active
D01776,Cameron Lyons,Hatchback,Jurong,4.17,Active
D01777,Roy Watson,Hatchback,Toa Payoh,3.64,Active
D01778,Kristin Lee,MPV,Bedok,3.84,Active
D01779,Brittney Stanley,SUV,Toa Payoh,4.33,Active
D01780,Darren Collins,Sedan,Punggol,4.15,Active
D01781,Robert Richmond,Sedan,Punggol,4.64,Active
D01782,Heather Mitchell,Electric,Toa Payoh,4.91,Active
D01783,Timothy Zuniga,Sedan,Singapore,4.75,Active
D01784,Samantha Price,Premium,Yishun,3.93,Active
D01785,Sue Dominguez,Hatchback,Jurong,4.73,Active
D01786,Barry Miller,SUV,Jurong,4.28,Active
D01787,Sarah Bullock,MPV,Bedok,4.3,Active
D01788,Terry Cox,Premium,Jurong,3.86,Active
D01789,Carlos Humphrey,Premium,Yishun,3.58,Active
D01790,Christopher Robertson,MPV,Bishan,4.07,Active
D01791,Jeffrey Velez,MPV,Bishan,4.63,Active
D01792,Kathleen Gomez,SUV,Yishun,4.35,Active
D01793,Heather Obrien,Premium,Toa Payoh,4.16,Active
D01794,Patricia Holmes,Hatchback,Punggol,3.82,Active
D01795,Adrian Juarez,MPV,Bedok,4.03,Active
D01796,Peter Jackson,Hatchback,Punggol,3.84,Active
D01797,Charles Delgado,Electric,Yishun,3.88,Active
D01798,Edward Wilkinson,SUV,Woodlands,4.05,Active
D01799,Daniel Butler,Hatchback,Punggol,3.59,Active
D01800,Charles Hall,Sedan,Punggol,5.0,Active
D01801,Glenn Manning,SUV,Bishan,3.9,Active
D01802,Robert Webster,Sedan,Jurong,4.23,Active
D01803,Donald Lewis,Sedan,Singapore,3.77,Active
D01804,Nancy Edwards,MPV,Ang Mo Kio,4.0,Active
D01805,Hayley Anderson,SUV,Punggol,4.14,Active
D01806,Victoria Martin,SUV,Woodlands,3.93,Active
D01807,Benjamin Valentine,Hatchback,Woodlands,4.36,Active
D01808,Anthony Mcdonald MD,Premium,Tampines,4.32,Inactive
D01809,Daniel Robinson,Sedan,Tampines,3.64,Active
D01810,Michael Richardson,Electric,Bedok,4.24,Active
D01811,Brandon Taylor,SUV,Yishun,4.85,Inactive
D01812,Joseph Thompson,Electric,Ang Mo Kio,4.81,Active
D01813,Jessica Rosario MD,SUV,Punggol,4.27,Active
D01814,Andrew Warner,Electric,Punggol,4.54,Active
D01815,Ana Bell,Sedan,Singapore,4.92,Active
D01816,Kelsey Hines,SUV,Bedok,4.1,Inactive
D01817,Samantha Wright,Electric,Bedok,4.17,Active
D01818,Garrett Thomas,MPV,Woodlands,4.73,Active
D01819,Corey Jackson,MPV,Ang Mo Kio,4.33,Active
D01820,Jonathon Park,MPV,Yishun,4.3,Active
D01821,Tim Mccarty,Premium,Singapore,4.13,Active
D01822,Nicole Bell,Premium,Bishan,3.63,Active
D01823,Juan Cox,MPV,Jurong,4.03,Active
D01824,Wendy Douglas,SUV,Yishun,4.04,Inactive
D01825,Kimberly Coleman,Sedan,Toa Payoh,4.55,Active
D01826,Cameron Fox,Electric,Jurong,4.82,Active
D01827,Benjamin Hunt,Electric,Bishan,4.03,Active
D01828,Gerald Riley,Premium,Toa Payoh,3.53,Active
D01829,Ronnie Kelly,Electric,Toa Payoh,4.87,Active
D01830,Karen Wilson,Sedan,Singapore,4.56,Active
D01831,John Savage,SUV,Toa Payoh,4.96,Active
D01832,Amy Aguilar,SUV,Singapore,4.24,Active
D01833,Douglas Johnson,Hatchback,Yishun,4.9,Active
D01834,Sandra Fuller,MPV,Punggol,4.98,Active
D01835,James Cochran,Sedan,Bishan,4.68,Active
D01836,Susan Bishop,SUV,Punggol,4.51,Active
D01837,Cheryl Goodman,SUV,Ang Mo Kio,3.95,Active
D01838,Eric Marshall,Sedan,Bedok,4.76,Active
D01839,Adam Diaz,Hatchback,Singapore,4.42,Active
D01840,Samantha Jones,Electric,Ang Mo Kio,4.45,Active
D01841,Betty Nguyen,Electric,Singapore,4.38,Active
D01842,Andrew Whitney,Electric,Ang Mo Kio,3.98,Active
D01843,Joseph Erickson,SUV,Ang Mo Kio,3.76,Active
D01844,Jose Sanchez,MPV,Bedok,4.15,Inactive
D01845,Carol Young,MPV,Ang Mo Kio,4.46,Active
D01846,Tiffany Richardson,Sedan,Yishun,4.56,Active
D01847,Devin Herrera,Electric,Bedok,4.52,Active
D01848,Samantha Garrett,Electric,Toa Payoh,4.31,Active
D01849,Katie Gonzalez,Premium,Jurong,3.78,Active
D01850,Michael Haas,Hatchback,Tampines,4.14,Active
D01851,Morgan Lester MD,MPV,Woodlands,3.77,Active
D01852,Arthur Sherman,Electric,Yishun,4.96,Inactive
D01853,Katherine Roman,MPV,Jurong,4.12,Active
D01854,Mark Stone,MPV,Singapore,4.92,Active
D01855,Jennifer Wood,MPV,Punggol,4.96,Active
D01856,Jose Mullins,MPV,Bedok,4.47,Active
D01857,Joseph Maldonado,Sedan,Jurong,3.74,Active
D01858,Gabriel Brewer,SUV,Bishan,3.89,Active
D01859,George Gonzales,Sedan,Woodlands,4.87,Active
D01860,Brian Smith,Sedan,Bedok,4.15,Active
D01861,Jose Martinez,MPV,Punggol,4.45,Active
D01862,Marissa Carter,Electric,Jurong,3.73,Active
D01863,Stephanie Williams,Hatchback,Ang Mo Kio,4.08,Active
D01864,Catherine Jones,MPV,Toa Payoh,4.76,Active
D01865,Paul Kennedy,Electric,Singapore,4.3,Active
D01866,Adriana May,Premium,Woodlands,4.15,Active
D01867,Michael Odonnell,Sedan,Bishan,4.78,Active
D01868,Rebecca Miller,MPV,Toa Payoh,3.79,Active
D01869,Sabrina Chan,Hatchback,Bishan,3.52,Active
D01870,Sydney Blair,MPV,Bishan,4.61,Active
D01871,Brittany Melton,Electric,Bishan,3.98,Active
D01872,Haley Haynes,SUV,Toa Payoh,4.26,Inactive
D01873,Brad Palmer,Electric,Toa Payoh,4.58,Active
D01874,John Washington,Hatchback,Yishun,3.53,Active
D01875,Kyle Garza,Sedan,Ang Mo Kio,4.44,Active
D01876,Samuel Simmons,SUV,Tampines,4.45,Active
D01877,Thomas Morrison,SUV,Ang Mo Kio,4.51,Active
D01878,Kelly Welch,Electric,Jurong,4.18,Active
D01879,Ashley Vang,SUV,Ang Mo Kio,4.01,Active
D01880,Kyle Bass,SUV,Bishan,3.58,Active
D01881,Nancy Alexander,Premium,Tampines,3.71,Active
D01882,Joshua Lee,Hatchback,Yishun,4.73,Active
D01883,Michael Li,Electric,Yishun,4.28,Active
D01884,Matthew Gonzalez,MPV,Singapore,4.33,Inactive
D01885,Jacob Wilson,Sedan,Bishan,3.89,Active
D01886,Tracy Powell,Premium,Tampines,3.99,Inactive
D01887,Wyatt Barry,Hatchback,Punggol,3.79,Active
D01888,Bryan Glass,Hatchback,Bishan,4.95,Active
D01889,Jason Johnson,MPV,Tampines,4.5,Active
D01890,Steven Alvarez,Premium,Singapore,4.56,Inactive
D01891,Stephen Rhodes,Electric,Singapore,4.63,Active
D01892,Samuel Ward,SUV,Punggol,4.19,Active
D01893,Ronald Gray,Sedan,Toa Payoh,3.77,Active
D01894,Amy Olson,Electric,Toa Payoh,4.51,Active
D01895,Jennifer Leblanc,Hatchback,Punggol,4.41,Active
D01896,Nicole Pope,MPV,Tampines,4.65,Active
D01897,Todd Carr,Electric,Ang Mo Kio,4.21,Active
D01898,David Phelps,Hatchback,Punggol,4.33,Active
D01899,Cynthia Cameron,MPV,Toa Payoh,4.93,Active
D01900,Nancy Moore DDS,Sedan,Jurong,4.44,Active
D01901,Amanda Olson,Electric,Bedok,4.94,Active
D01902,Jodi Townsend,Hatchback,Punggol,4.15,Active
D01903,Brittany Brown,Sedan,Woodlands,4.09,Active
D01904,Christopher Bennett,Sedan,Bedok,4.55,Active
D01905,Amy Hardy DDS,Hatchback,Yishun,4.35,Active
D01906,Adam Henry,MPV,Toa Payoh,4.87,Inactive
D01907,Christopher Sheppard,Sedan,Bedok,4.88,Active
D01908,Denise Flores,Premium,Toa Payoh,3.78,Active
D01909,William Romero,Premium,Bishan,4.15,Active
D01910,Elizabeth Morales,MPV,Ang Mo Kio,3.89,Active
D01911,Heather Gilmore,Premium,Singapore,4.23,Active
D01912,Lauren Jones,Hatchback,Yishun,4.1,Active
D01913,David Williams,Premium,Tampines,4.48,Active
D01914,James Hawkins,Hatchback,Toa Payoh,4.12,Active
D01915,Alexandria Hunter,Hatchback,Singapore,4.2,Active
D01916,Sharon Herrera,MPV,Ang Mo Kio,4.36,Active
D01917,Samuel Walton,Electric,Singapore,4.12,Active
D01918,Katelyn Anderson,MPV,Ang Mo Kio,3.74,Active
D01919,Russell Cruz,MPV,Bishan,4.9,Inactive
D01920,Elijah Payne,Electric,Bishan,3.73,Inactive
D01921,Julie Barker,Premium,Punggol,4.16,Active
D01922,Kevin Dean,Hatchback,Yishun,3.73,Active
D01923,Joshua Parker,Hatchback,Woodlands,4.54,Active
D01924,Laura Cox,Sedan,Woodlands,4.1,Active
D01925,Herbert Huynh,Electric,Tampines,4.85,Active
D01926,Megan Taylor,Hatchback,Bishan,4.13,Inactive
D01927,Allen Johnson,MPV,Punggol,4.95,Active
D01928,Mrs. Shannon Gomez,MPV,Punggol,3.55,Active
D01929,Brianna Davis,Hatchback,Ang Mo Kio,4.5,Active
D01930,Matthew Ball,Sedan,Tampines,4.75,Active
D01931,Renee Ruiz,Sedan,Bishan,3.74,Active
D01932,Carrie Carrillo,SUV,Tampines,4.44,Active
D01933,Nancy Anderson,SUV,Woodlands,4.6,Active
D01934,Leslie Bailey,Hatchback,Toa Payoh,3.72,Active
D01935,Ashley Cook,Sedan,Punggol,3.87,Active
D01936,Andrew Lyons,Electric,Yishun,4.53,Active
D01937,Linda Pratt,SUV,Yishun,4.72,Active
D01938,Jennifer Walsh,Sedan,Bedok,4.84,Active
D01939,Joshua Carr,Hatchback,Yishun,4.0,Active
D01940,Christopher Ashley,Electric,Bedok,3.53,Active
D01941,Ryan Watson,Sedan,Toa Payoh,4.53,Active
D01942,Sabrina Foster,Electric,Toa Payoh,4.14,Inactive
D01943,Kelly Williams,Hatchback,Bedok,3.94,Active
D01944,John Brooks,MPV,Bedok,4.1,Active
D01945,Michael Adkins,SUV,Bishan,4.91,Active
D01946,Melissa Patterson,Hatchback,Jurong,4.74,Active
D01947,Jeffrey Fernandez,Sedan,Bedok,3.8,Active
D01948,Connie Miller,Electric,Bedok,3.78,Active
D01949,Benjamin Townsend,MPV,Singapore,4.64,Active
D01950,Daniel Giles DDS,Hatchback,Tampines,4.23,Active
D01951,Travis Hill,Premium,Toa Payoh,4.14,Active
D01952,Jeffery Chang,Hatchback,Singapore,3.85,Inactive
D01953,Lance Stewart,Premium,Ang Mo Kio,4.5,Active
D01954,Madison Ochoa,SUV,Toa Payoh,4.99,Active
D01955,Scott Burnett,Hatchback,Yishun,4.12,Active
D01956,Heidi Sellers,MPV,Punggol,4.64,Active
D01957,Blake Montes,SUV,Singapore,4.5,Active
D01958,Michael Morris,MPV,Bedok,3.97,Active
D01959,Johnathan Huber,MPV,Woodlands,4.79,Active
D01960,Michelle Moss,Premium,Bedok,4.22,Active
D01961,Michelle Smith,SUV,Punggol,4.46,Active
D01962,Benjamin Smith,Premium,Bishan,4.8,Inactive
D01963,Douglas Hanson,MPV,Bishan,3.63,Active
D01964,Catherine Porter,SUV,Yishun,4.66,Active
D01965,Pamela Cole,Sedan,Singapore,4.55,Active
D01966,Jennifer Wood,SUV,Yishun,4.93,Active
D01967,Sarah Pierce,Hatchback,Tampines,3.79,Active
D01968,Joshua Lawrence,MPV,Woodlands,3.84,Active
D01969,Kimberly Blair,Electric,Jurong,4.95,Active
D01970,Wendy Strong,MPV,Bishan,4.5,Active
D01971,Riley Holt,SUV,Bishan,4.56,Active
D01972,Susan Walker,Sedan,Jurong,3.91,Active
D01973,Kristin Garcia,Electric,Singapore,4.2,Active
D01974,Ashlee Dean,SUV,Singapore,4.33,Active
D01975,Kyle Mathews,SUV,Singapore,4.1,Active
D01976,Francisco Hart,Premium,Yishun,3.98,Active
D01977,Steven Hernandez,Sedan,Jurong,3.93,Active
D01978,Dr. Brett Schultz,SUV,Bishan,4.29,Inactive
D01979,Christine Wood,Sedan,Bishan,3.96,Active
D01980,Miguel Haney,Hatchback,Tampines,4.16,Inactive
D01981,Joshua Wells,Electric,Bishan,4.6,Active
D01982,Daniel Ho,MPV,Jurong,3.93,Inactive
D01983,Jon Acosta,Hatchback,Tampines,4.56,Active
D01984,Kaylee Robinson,Hatchback,Ang Mo Kio,3.6,Active
D01985,Audrey Sanchez,MPV,Tampines,3.7,Active
D01986,Debbie Miller,Premium,Singapore,4.26,Active
D01987,Victoria Brown,Hatchback,Ang Mo Kio,4.15,Active
D01988,Joseph Farrell MD,SUV,Singapore,4.06,Active
D01989,Sherry Wade,MPV,Bishan,3.93,Active
D01990,Frank Heath,Premium,Ang Mo Kio,4.33,Active
D01991,Brent Hernandez,Premium,Bishan,3.51,Active
D01992,Russell Colon,Electric,Tampines,3.56,Active
D01993,Patrick Hicks,Premium,Ang Mo Kio,4.27,Suspended
D01994,Gary Shea,Electric,Tampines,4.42,Active
D01995,David Pace,Sedan,Tampines,4.35,Active
D01996,Lauren Stevens,MPV,Bishan,3.68,Active
D01997,Lindsey Burgess MD,Premium,Singapore,4.43,Active
D01998,Gabrielle Ryan,Hatchback,Toa Payoh,4.18,Active
D01999,Joseph Klein,Premium,Jurong,4.89,Active
D02000,Deanna Roberts,MPV,Bedok,4.58,Active
D02001,Daniel Lopez,Sedan,Tampines,4.24,Active
D02002,Jacqueline Kidd,MPV,Bedok,4.6,Active
D02003,Helen White,Hatchback,Yishun,4.87,Active
D02004,Jennifer Walker,Premium,Toa Payoh,4.31,Active
D02005,Tiffany Garcia,Electric,Singapore,4.21,Active
D02006,Michelle Archer,Premium,Bishan,3.6,Active
D02007,Brian Warren,Electric,Jurong,4.03,Active
D02008,Thomas Williams,Electric,Woodlands,4.99,Active
D02009,Nancy Parks,Hatchback,Bedok,3.75,Active
D02010,Cindy Horton,Electric,Yishun,4.23,Active
D02011,Donna Macias,SUV,Jurong,3.85,Active
D02012,Patrick Johnson,Premium,Punggol,4.87,Active
D02013,Nicholas Thomas,Premium,Bedok,3.76,Active
D02014,Steven Wright PhD,Hatchback,Yishun,4.88,Active
D02015,Dominic Evans,MPV,Yishun,4.71,Active
D02016,Timothy Mccarty,Premium,Yishun,3.81,Active
D02017,Max Grant,Sedan,Punggol,4.16,Active
D02018,Robert Erickson,Hatchback,Yishun,3.64,Active
D02019,Justin Bryant,Hatchback,Punggol,3.51,Active
D02020,Anita Wolfe,Sedan,Ang Mo Kio,4.8,Active
D02021,Susan Rogers,Electric,Bishan,4.19,Active
D02022,Tonya Rodriguez,SUV,Bishan,3.82,Active
D02023,Meghan Murphy,MPV,Toa Payoh,4.38,Active
D02024,Brooke Mayo,Hatchback,Yishun,4.18,Inactive
D02025,Cheyenne Reed,Premium,Ang Mo Kio,4.59,Active
D02026,Robert Douglas,Electric,Yishun,4.47,Active
D02027,Donald Daniels,Sedan,Ang Mo Kio,4.58,Active
D02028,Nicholas Gibson,Premium,Ang Mo Kio,4.27,Active
D02029,Jennifer Pena,MPV,Bishan,4.46,Active
D02030,John Rocha,Electric,Punggol,4.26,Active
D02031,Derek Hawkins,SUV,Punggol,3.85,Active
D02032,Wayne Gonzalez,Electric,Tampines,4.55,Active
D02033,John Harding,MPV,Yishun,3.72,Active
D02034,Brittany Collins,Premium,Woodlands,3.99,Active
D02035,Katie Young,MPV,Jurong,4.11,Active
D02036,Shane Molina,Sedan,Singapore,4.02,Inactive
D02037,Beth Tran,Sedan,Singapore,4.04,Active
D02038,Miss Savannah Savage,MPV,Woodlands,4.0,Active
D02039,Gregory Wilkerson,Premium,Yishun,4.35,Active
D02040,Crystal Hudson,Hatchback,Bishan,4.79,Active
D02041,Kristen Sweeney,Sedan,Ang Mo Kio,4.79,Active
D02042,Vanessa Gonzalez,SUV,Ang Mo Kio,3.54,Suspended
D02043,Alexis Robinson,Sedan,Woodlands,3.65,Active
D02044,Timothy Hawkins,Premium,Punggol,4.82,Inactive
D02045,Angela Myers,Hatchback,Ang Mo Kio,4.16,Active
D02046,Kathleen Ferguson,Premium,Toa Payoh,4.08,Active
D02047,Thomas Wilson,SUV,Toa Payoh,4.0,Active
D02048,Eric Day,Electric,Bishan,4.26,Active
D02049,Ralph Thomas,SUV,Jurong,3.84,Active
D02050,Nicole Price,Hatchback,Tampines,4.89,Active
D02051,Jeremy Kelley,Sedan,Ang Mo Kio,4.11,Active
D02052,Donald Wilson,SUV,Singapore,3.8,Active
D02053,Stephanie Martinez,Hatchback,Punggol,4.72,Active
D02054,Matthew Brooks,Premium,Toa Payoh,4.53,Active
D02055,Mr. Ryan Dunn,MPV,Ang Mo Kio,4.95,Active
D02056,Kristi Johnson,Electric,Punggol,4.09,Active
D02057,Joshua Morris,Premium,Bedok,4.32,Suspended
D02058,Cody Bell,Electric,Bishan,3.6,Active
D02059,Philip Hansen,Premium,Woodlands,3.59,Active
D02060,Corey Smith,Hatchback,Woodlands,3.6,Active
D02061,Marc Davis,Hatchback,Ang Mo Kio,4.04,Active
D02062,Patrick Reyes,Hatchback,Yishun,4.68,Active
D02063,Timothy Braun,MPV,Singapore,3.55,Active
D02064,Wesley Schneider,Hatchback,Tampines,4.53,Active
D02065,Gregory Barnes,MPV,Bedok,4.57,Active
D02066,Joan Christensen,Electric,Jurong,4.39,Active
D02067,Arthur Hensley,Premium,Tampines,3.91,Active
D02068,Timothy Dawson,MPV,Ang Mo Kio,4.85,Active
D02069,Melody Little,SUV,Woodlands,3.55,Active
D02070,Justin Arnold,SUV,Toa Payoh,4.5,Inactive
D02071,Ian Dennis,Premium,Bedok,4.95,Active
D02072,Curtis Crawford,Sedan,Yishun,4.34,Active
D02073,Veronica Cook MD,Premium,Jurong,4.46,Active
D02074,Jessica Rosales,Hatchback,Woodlands,4.73,Active
D02075,Natalie Williamson,Hatchback,Jurong,3.89,Active
D02076,Jessica Schneider,Premium,Jurong,4.93,Active
D02077,Joshua Bass,Premium,Bedok,4.13,Active
D02078,Wyatt Saunders,Premium,Tampines,3.98,Active
D02079,Matthew Jordan,SUV,Bishan,3.78,Active
D02080,Michael Smith,Sedan,Woodlands,4.54,Active
D02081,Jordan Sanchez,Sedan,Woodlands,3.88,Active
D02082,Theresa Lamb,MPV,Singapore,3.8,Active
D02083,Thomas Miller,Sedan,Bishan,3.9,Active
D02084,Joseph Mcintyre,Hatchback,Bedok,3.83,Active
D02085,Bryan Mcintosh,Hatchback,Woodlands,4.29,Active
D02086,Latasha Lewis,MPV,Punggol,4.59,Active
D02087,Andrew Charles,MPV,Singapore,4.47,Active
D02088,Jennifer Barnett,Premium,Yishun,3.74,Inactive
D02089,Emily Decker,Sedan,Toa Payoh,3.57,Active
D02090,Lisa Zimmerman,Sedan,Punggol,4.28,Active
D02091,Donna Dyer,Sedan,Yishun,4.7,Inactive
D02092,Lorraine Mccormick,SUV,Punggol,4.31,Active
D02093,Emma Braun,Hatchback,Toa Payoh,5.0,Active
D02094,Erik Zhang,SUV,Jurong,3.89,Inactive
D02095,Henry Keller,Electric,Toa Payoh,3.54,Inactive
D02096,John Salas,Premium,Toa Payoh,3.54,Active
D02097,Bobby Robertson,Premium,Yishun,3.67,Active
D02098,Glenn Orozco,SUV,Punggol,4.98,Active
D02099,Gregory Acevedo,MPV,Bedok,4.02,Inactive
D02100,Rick Benjamin,SUV,Yishun,4.39,Active
D02101,Kelsey Roberts,Premium,Punggol,4.77,Inactive
D02102,Laura Warren,Electric,Tampines,4.98,Active
D02103,Brittany Berger,Sedan,Bishan,4.3,Active
D02104,Elizabeth Costa,Hatchback,Toa Payoh,3.91,Active
D02105,Alexis Fowler,MPV,Woodlands,3.76,Active
D02106,Nathan Williams,Electric,Ang Mo Kio,4.18,Active
D02107,Laura Odonnell,SUV,Yishun,4.5,Active
D02108,Shane Carter,MPV,Bedok,3.64,Active
D02109,William Sharp,Premium,Bedok,4.23,Active
D02110,Elizabeth Garcia,Electric,Punggol,4.06,Active
D02111,Brenda Young,MPV,Bedok,4.35,Active
D02112,Katherine Rodriguez,Sedan,Ang Mo Kio,4.47,Active
D02113,Misty Munoz,Electric,Bishan,4.69,Active
D02114,Mario Jones,Premium,Yishun,4.89,Inactive
D02115,Lee Boyer,Sedan,Tampines,3.69,Active
D02116,Jason Meyers,SUV,Punggol,4.79,Inactive
D02117,Karen Hernandez,SUV,Yishun,4.75,Active
D02118,Susan Ortega,MPV,Bedok,4.4,Inactive
D02119,Jessica Young,MPV,Bishan,4.6,Active
D02120,Brad Parker,Premium,Jurong,4.23,Active
D02121,Bobby Burgess,Electric,Woodlands,4.42,Active
D02122,Robert Chen,Sedan,Bedok,4.62,Active
D02123,Jacob Mason,Sedan,Yishun,4.17,Suspended
D02124,Renee Gonzales,Hatchback,Ang Mo Kio,4.91,Suspended
D02125,Shannon Montes,SUV,Ang Mo Kio,3.74,Active
D02126,Kenneth Villarreal,Sedan,Punggol,4.91,Active
D02127,Connie Campbell,Hatchback,Yishun,3.59,Active
D02128,Wayne Morrison,SUV,Bedok,4.95,Active
D02129,April Elliott,SUV,Punggol,4.08,Active
D02130,Sarah Duncan,Electric,Bishan,4.29,Active
D02131,Travis Shah,Electric,Woodlands,4.02,Active
D02132,Jennifer Rivera,MPV,Singapore,4.59,Active
D02133,Natalie Johnson MD,Sedan,Toa Payoh,3.91,Active
D02134,John Herrera,Sedan,Tampines,4.63,Active
D02135,Andrea Lewis,Hatchback,Woodlands,3.57,Active
D02136,Daniel Gonzales,Hatchback,Singapore,4.6,Active
D02137,Susan Roberts,Hatchback,Jurong,4.35,Active
D02138,George Smith,Premium,Singapore,3.64,Active
D02139,Teresa Perez,Sedan,Toa Payoh,4.01,Active
D02140,Donald Ali,Premium,Woodlands,4.99,Active
D02141,Joshua Snyder,Premium,Toa Payoh,4.12,Active
D02142,Gregory Brown,Sedan,Toa Payoh,4.17,Active
D02143,Tina Whitehead,MPV,Yishun,3.63,Active
D02144,Kimberly Harper,Hatchback,Bishan,4.8,Active
D02145,Jeremy Ramirez,Hatchback,Woodlands,4.63,Active
D02146,Joseph Rhodes,Premium,Bishan,4.59,Active
D02147,Kevin Graham,MPV,Ang Mo Kio,4.05,Inactive
D02148,Christopher Jordan,SUV,Woodlands,4.92,Inactive
D02149,Brandon Walsh,Premium,Singapore,4.2,Active
D02150,Andrew Mccarthy,Sedan,Bishan,4.56,Active
D02151,Ashley Williams,Hatchback,Toa Payoh,3.79,Inactive
D02152,Hannah Romero,Electric,Yishun,4.5,Active
D02153,Mr. Keith Vance,MPV,Singapore,4.32,Active
D02154,Aaron Weaver,Sedan,Jurong,4.25,Active
D02155,Lisa House,Premium,Jurong,4.88,Active
D02156,Mr. Jeremiah Knox Jr.,Electric,Toa Payoh,3.83,Active
D02157,Deanna Gentry,MPV,Ang Mo Kio,4.08,Active
D02158,Angela Brooks MD,Sedan,Bedok,4.93,Active
D02159,Patricia Petty,Premium,Bedok,3.83,Active
D02160,Jacob Whitney,Sedan,Bishan,3.66,Active
D02161,Julie Smith,Premium,Singapore,4.45,Active
D02162,Michael Cooke,Electric,Bedok,4.17,Active
D02163,Jamie Collins,Hatchback,Singapore,3.73,Active
D02164,Breanna Cook,Premium,Yishun,4.21,Active
D02165,Tracy Reyes,Premium,Singapore,3.86,Active
D02166,Marilyn Powell,MPV,Yishun,3.78,Active
D02167,Amy Martinez,Sedan,Tampines,3.93,Active
D02168,John Hodge,Electric,Bishan,4.25,Active
D02169,Edward Gutierrez,Premium,Yishun,3.54,Active
D02170,Stephen Cooper,Hatchback,Jurong,4.88,Active
D02171,Brenda Hernandez,MPV,Bedok,4.16,Active
D02172,William Hernandez,Electric,Jurong,4.08,Active
D02173,Jeremiah Morris,Sedan,Yishun,4.74,Active
D02174,Albert Jimenez,Sedan,Bishan,4.34,Active
D02175,Cindy Tucker,Premium,Toa Payoh,4.97,Active
D02176,David Alexander,MPV,Ang Mo Kio,4.47,Active
D02177,Eric Smith,Electric,Bedok,3.54,Active
D02178,Sharon Henderson,Sedan,Bishan,4.1,Active
D02179,Taylor Short,Sedan,Bedok,4.88,Active
D02180,Rodney Pruitt,Electric,Yishun,3.77,Active
D02181,Richard Holden,Electric,Tampines,4.49,Active
D02182,Edward Cherry,Sedan,Jurong,4.91,Active
D02183,Sarah Brown,Premium,Tampines,4.43,Active
D02184,Amber Torres,Electric,Yishun,4.06,Active
D02185,Alexandra Stevens,Hatchback,Tampines,4.18,Inactive
D02186,Lisa Wise,Electric,Bishan,4.46,Active
D02187,Yolanda Trujillo,Sedan,Woodlands,4.39,Active
D02188,Ryan Moore,Electric,Woodlands,4.19,Active
D02189,Cathy Clay,Electric,Jurong,4.54,Active
D02190,Debra Shelton,SUV,Singapore,4.47,Active
D02191,Jonathan Clark,Hatchback,Woodlands,4.62,Active
D02192,Kathryn Austin,Electric,Tampines,3.76,Active
D02193,Lori Long,Sedan,Bedok,3.7,Inactive
D02194,Marisa Harris,Sedan,Toa Payoh,3.54,Active
D02195,Christopher Franklin,Hatchback,Bishan,4.1,Active
D02196,Mr. Philip Fisher,Premium,Yishun,3.93,Active
D02197,Andrea Gallagher,Sedan,Ang Mo Kio,4.74,Active
D02198,Roy Meyer,Sedan,Bedok,4.91,Active
D02199,Alyssa Martin,Premium,Woodlands,4.45,Suspended
D02200,Renee Gray,MPV,Tampines,4.48,Active
D02201,John Lowe,Premium,Singapore,4.48,Active
D02202,Rebecca Montgomery,MPV,Tampines,4.36,Active
D02203,Hector Keller,MPV,Tampines,4.74,Active
D02204,Benjamin Jones,Premium,Punggol,3.85,Active
D02205,Natalie Lowe,Electric,Bishan,4.8,Active
D02206,Sharon Brown,Electric,Tampines,3.51,Active
D02207,April Oliver,Electric,Yishun,3.94,Active
D02208,Paula Blevins,Hatchback,Yishun,3.82,Active
D02209,Zachary Richard,Premium,Bishan,4.64,Active
D02210,Heather Solis,SUV,Bedok,4.57,Active
D02211,Pamela Fernandez,Hatchback,Ang Mo Kio,4.96,Active
D02212,Gary Hobbs,MPV,Yishun,4.19,Active
D02213,Breanna Vincent,Premium,Tampines,3.86,Active
D02214,Michael Kelly,Premium,Bedok,4.81,Active
D02215,Jesse Fritz,SUV,Jurong,3.59,Active
D02216,James Jones Jr.,SUV,Toa Payoh,4.18,Inactive
D02217,Erik Smith,Premium,Yishun,4.53,Inactive
D02218,Angelica Webster,MPV,Bishan,4.7,Active
D02219,Kelly Murphy,MPV,Bedok,4.48,Active
D02220,Elaine Wells,Sedan,Bishan,4.09,Active
D02221,Hailey Martin,Hatchback,Woodlands,3.51,Active
D02222,Lorraine Allen,Hatchback,Yishun,4.59,Active
D02223,Diane Cooper,Sedan,Singapore,4.68,Active
D02224,Edwin Ball,Electric,Tampines,3.62,Active
D02225,Jon Walls,Premium,Singapore,4.85,Active
D02226,Tiffany Ramirez,MPV,Yishun,4.91,Active
D02227,Kimberly Young,Sedan,Singapore,4.46,Active
D02228,Amber Torres,SUV,Ang Mo Kio,3.51,Active
D02229,Stephanie Silva,Hatchback,Tampines,4.78,Active
D02230,Angel Williamson,Electric,Jurong,3.88,Active
D02231,Clayton Clark,Electric,Bishan,3.55,Active
D02232,Jody Rojas,SUV,Punggol,3.88,Active
D02233,Rebecca Marshall,Sedan,Toa Payoh,4.75,Active
D02234,Jennifer Bowen,Electric,Woodlands,4.18,Active
D02235,Dr. Norman Bell,SUV,Yishun,3.89,Active
D02236,Gail Bell,Premium,Ang Mo Kio,3.91,Active
D02237,Daniel Galloway,Sedan,Toa Payoh,3.83,Active
D02238,Kelly Henry,Hatchback,Jurong,4.25,Active
D02239,James Collins,Electric,Toa Payoh,3.99,Active
D02240,Monica Kelly,Premium,Woodlands,4.65,Active
D02241,Kevin Dennis,SUV,Singapore,3.85,Active
D02242,Rose Martinez,MPV,Tampines,3.68,Active
D02243,Howard Jackson,SUV,Singapore,4.46,Active
D02244,Mrs. Jenna Rodriguez,Premium,Woodlands,4.53,Suspended
D02245,Derrick Wilson,Premium,Woodlands,4.78,Active
D02246,Ashley Walker,SUV,Bishan,4.86,Active
D02247,Scott Harrington,Premium,Bedok,3.67,Active
D02248,Michael Brown,Sedan,Toa Payoh,4.22,Active
D02249,Kimberly Mcpherson,Premium,Bishan,4.73,Active
D02250,Ryan Ortega,Electric,Singapore,4.96,Active
D02251,Lisa Cortez,SUV,Punggol,3.84,Active
D02252,Lori Haynes,Sedan,Bedok,4.07,Active
D02253,Cynthia Huerta,Premium,Yishun,4.26,Active
D02254,Emily Dorsey,Sedan,Bishan,3.69,Active
D02255,James Grant,MPV,Singapore,4.96,Inactive
D02256,Terri Schmidt,SUV,Woodlands,4.98,Active
D02257,Wendy Evans,MPV,Bishan,4.62,Active
D02258,Sarah Price,Premium,Bedok,3.97,Active
D02259,Danielle Wilson,Hatchback,Bedok,3.73,Active
D02260,Evan Woods,SUV,Yishun,4.1,Active
D02261,Julie Haynes,Electric,Ang Mo Kio,4.4,Active
D02262,Tony Diaz,SUV,Jurong,4.71,Active
D02263,Michelle Hebert,Electric,Punggol,3.65,Active
D02264,Michael Torres,Premium,Punggol,4.39,Active
D02265,Shane Swanson,Electric,Bishan,4.56,Active
D02266,Christie Campbell,Premium,Jurong,3.56,Active
D02267,Cindy Smith,MPV,Toa Payoh,4.38,Active
D02268,Karen Maxwell,Electric,Toa Payoh,4.15,Active
D02269,Matthew Jacobs,MPV,Jurong,4.35,Active
D02270,Pamela Harrell,Sedan,Jurong,3.66,Active
D02271,Terri Blair,SUV,Punggol,4.22,Active
D02272,Ronnie Drake,Hatchback,Bedok,3.52,Active
D02273,Jason Leonard,Hatchback,Yishun,4.23,Active
D02274,Lindsay Jones,Electric,Punggol,3.98,Active
D02275,Victor Bailey,Electric,Woodlands,4.75,Active
D02276,Tonya Williams,SUV,Tampines,3.94,Active
D02277,Colleen Mckenzie,Premium,Tampines,3.69,Active
D02278,Evan Vasquez,SUV,Punggol,4.07,Active
D02279,Christian Lynch,Sedan,Woodlands,4.23,Active
D02280,Katherine Johnson,Hatchback,Punggol,3.74,Active
D02281,Todd Mckee,MPV,Tampines,3.82,Active
D02282,Michelle Keller,MPV,Bishan,3.81,Active
D02283,Kevin Parker PhD,Electric,Ang Mo Kio,4.24,Active
D02284,Jesse Davis,Premium,Bishan,4.36,Active
D02285,Denise Daugherty,Premium,Toa Payoh,4.5,Active
D02286,Julie Owens,Electric,Tampines,4.72,Suspended
D02287,Michael Smith,Sedan,Singapore,4.55,Inactive
D02288,Julie Wilson,Electric,Woodlands,4.06,Active
D02289,Johnathan Spencer,MPV,Singapore,4.06,Active
D02290,Sheila Robertson,SUV,Singapore,4.57,Active
D02291,Jordan Turner,MPV,Toa Payoh,4.06,Inactive
D02292,Kimberly Herrera,Hatchback,Ang Mo Kio,4.16,Active
D02293,Robert Mendoza,Electric,Singapore,4.99,Active
D02294,Gail Woods,Electric,Ang Mo Kio,3.73,Active
D02295,Todd Davis,MPV,Bishan,4.49,Active
D02296,Dean Williams,MPV,Singapore,3.89,Active
D02297,Charles Johnson,Premium,Bedok,3.65,Active
D02298,Nathaniel Wallace,Electric,Yishun,3.86,Active
D02299,Barbara Lowe,Hatchback,Bishan,4.49,Active
D02300,Sabrina Harris,Premium,Bishan,4.53,Active
D02301,Amy Brown,Hatchback,Woodlands,4.09,Active
D02302,Michael Phillips,Electric,Ang Mo Kio,4.62,Suspended
D02303,Dalton Padilla,Premium,Bishan,4.42,Active
D02304,Mary Richmond,Premium,Bedok,3.67,Active
D02305,Angie Mclaughlin,Premium,Punggol,3.59,Active
D02306,Kelly Hubbard,Hatchback,Tampines,3.65,Active
D02307,Michelle Hammond,MPV,Yishun,3.8,Active
D02308,Tyler Fleming,Premium,Yishun,4.76,Active
D02309,Traci Rodriguez,Electric,Tampines,4.98,Active
D02310,Ms. Elizabeth Vargas,SUV,Bishan,3.92,Active
D02311,Cathy Braun,Premium,Punggol,4.15,Active
D02312,Albert Strong,Hatchback,Bishan,3.52,Active
D02313,Melissa Hernandez,Sedan,Punggol,4.55,Active
D02314,Phillip Harrington,MPV,Tampines,4.6,Active
D02315,Amanda Hays,Sedan,Punggol,4.67,Active
D02316,Stephen Taylor,Hatchback,Ang Mo Kio,4.57,Active
D02317,Cole Moore,Premium,Yishun,4.37,Active
D02318,Lauren Carter,Electric,Bishan,3.56,Active
D02319,Nathaniel Curry,SUV,Ang Mo Kio,3.5,Active
D02320,Scott Young MD,Hatchback,Bishan,3.71,Active
D02321,Nicole Ortega,Electric,Toa Payoh,3.81,Inactive
D02322,Jeremy Williams,Electric,Yishun,5.0,Active
D02323,Lisa Davidson PhD,Premium,Yishun,4.83,Active
D02324,Jennifer Cooper,Electric,Bedok,4.65,Active
D02325,Jennifer Nelson,Sedan,Toa Payoh,4.62,Active
D02326,Julie Brown,Electric,Yishun,3.56,Active
D02327,Sandy Moore,MPV,Yishun,4.57,Active
D02328,Amy Murphy,Electric,Bishan,4.47,Active
D02329,Randy Jackson,Sedan,Bedok,3.95,Active
D02330,Kaylee Hunt,MPV,Toa Payoh,4.32,Active
D02331,Amy Harper,Premium,Bishan,4.99,Active
D02332,Melanie Anderson,Sedan,Punggol,4.03,Active
D02333,Joshua Miller,MPV,Woodlands,4.3,Active
D02334,Dakota Cook,Premium,Singapore,4.74,Active
D02335,Jaclyn Rodriguez,MPV,Ang Mo Kio,3.89,Active
D02336,Evelyn Taylor,Premium,Punggol,3.66,Active
D02337,Jenna Berry,Electric,Jurong,4.77,Active
D02338,Seth Saunders,Electric,Ang Mo Kio,4.96,Active
D02339,William Miller,Electric,Toa Payoh,4.39,Active
D02340,William Allen,Electric,Toa Payoh,4.12,Active
D02341,Jennifer Williams,Electric,Toa Payoh,3.77,Active
D02342,Andrea Tapia,Sedan,Woodlands,4.4,Active
D02343,Hannah Case,MPV,Jurong,4.94,Active
D02344,Cody Brewer,Sedan,Singapore,3.86,Active
D02345,Mallory Nichols,SUV,Singapore,3.86,Inactive
D02346,Meghan White,Electric,Yishun,4.09,Active
D02347,William Burgess,Premium,Yishun,4.92,Active
D02348,Alicia Norton,Hatchback,Jurong,4.66,Active
D02349,Hayley Gonzalez,Hatchback,Yishun,4.95,Suspended
D02350,Jorge Davis,Premium,Bedok,3.91,Active
D02351,Amber Avery,Sedan,Jurong,4.46,Active
D02352,James Willis,Premium,Ang Mo Kio,4.97,Active
D02353,Mark Martin,SUV,Punggol,4.05,Active
D02354,Ivan Young,SUV,Punggol,4.05,Active
D02355,Justin Stafford,Electric,Yishun,4.96,Active
D02356,Jimmy Clark,MPV,Tampines,4.1,Active
D02357,Holly Davis,Electric,Woodlands,4.51,Active
D02358,Sandra Hill,Electric,Punggol,4.1,Active
D02359,Matthew Ochoa,Hatchback,Woodlands,4.52,Active
D02360,Kelly Noble,MPV,Toa Payoh,4.83,Active
D02361,Benjamin Taylor,Hatchback,Toa Payoh,3.84,Active
D02362,Christopher West,MPV,Yishun,3.64,Active
D02363,Jose Gomez,MPV,Bedok,3.68,Active
D02364,Jim Navarro,SUV,Woodlands,4.74,Active
D02365,Jennifer Montgomery,Sedan,Bishan,3.98,Active
D02366,Mr. David Fritz,MPV,Woodlands,3.89,Active
D02367,Joshua Cruz,Sedan,Jurong,4.06,Active
D02368,Justin Hunt,Sedan,Jurong,3.52,Active
D02369,Stephanie Holden,Hatchback,Toa Payoh,4.68,Inactive
D02370,Zachary Prince,Premium,Bedok,3.56,Active
D02371,Tiffany White,Hatchback,Ang Mo Kio,4.82,Active
D02372,Edward Sanchez,Hatchback,Ang Mo Kio,3.59,Active
D02373,Jim Barnes,SUV,Singapore,4.53,Active
D02374,John Morse,Electric,Bedok,3.64,Active
D02375,Stephen Perez,MPV,Singapore,3.72,Active
D02376,Robert Smith,Premium,Singapore,3.61,Active
D02377,Heather Wilson,SUV,Bishan,3.8,Active
D02378,Gary Powell,Hatchback,Yishun,3.89,Active
D02379,John Adams,SUV,Bishan,4.27,Inactive
D02380,Lawrence Lawrence,Hatchback,Jurong,4.14,Active
D02381,Ashley Crawford,Hatchback,Toa Payoh,4.13,Active
D02382,Heather Luna,Electric,Tampines,3.88,Active
D02383,Dr. James Barr,Electric,Yishun,4.98,Active
D02384,Anthony Graves,Hatchback,Bishan,3.7,Active
D02385,Melanie Hunter,Premium,Yishun,4.49,Active
D02386,Gregory Johnson DDS,Electric,Singapore,3.67,Active
D02387,Taylor Morales,Premium,Bedok,4.25,Active
D02388,Kenneth Perkins,Sedan,Yishun,4.0,Active
D02389,Jeffrey Wall,Premium,Ang Mo Kio,3.96,Active
D02390,Charles Maxwell,Sedan,Jurong,3.79,Active
D02391,Sean Morales,Hatchback,Singapore,4.99,Active
D02392,Melissa Robinson MD,SUV,Yishun,3.98,Active
D02393,Andrea Cruz,MPV,Toa Payoh,4.78,Active
D02394,Zachary Flores,Hatchback,Toa Payoh,4.15,Active
D02395,Adrian Diaz,Electric,Tampines,3.91,Active
D02396,Barbara Kirk,Premium,Bishan,4.31,Active
D02397,Stephen Long,Premium,Tampines,4.4,Active
D02398,Natalie Little,SUV,Bishan,4.47,Active
D02399,Heather Bryant,Sedan,Yishun,4.26,Active
D02400,Brittany Contreras,Electric,Ang Mo Kio,4.39,Active
D02401,Dale Rogers,MPV,Tampines,3.66,Active
D02402,Vanessa Mcguire,Premium,Jurong,4.96,Active
D02403,Nicholas Davidson,MPV,Singapore,4.05,Active
D02404,Christopher Allen,Sedan,Bedok,4.49,Active
D02405,Alyssa Cox,SUV,Jurong,4.62,Active
D02406,Mr. Andrew Jimenez,SUV,Singapore,4.31,Inactive
D02407,Kathy Day,MPV,Singapore,3.64,Active
D02408,Kimberly Olson,Sedan,Yishun,3.91,Active
D02409,Mary Collins,Hatchback,Yishun,4.4,Inactive
D02410,Joshua Kim,SUV,Ang Mo Kio,3.77,Suspended
D02411,James Anderson,Premium,Tampines,3.54,Suspended
D02412,Eric Garcia,Electric,Bedok,4.74,Active
D02413,Stephanie Gill,Hatchback,Tampines,4.68,Active
D02414,Chelsey Allison,MPV,Singapore,4.82,Active
D02415,Karen Anderson,Electric,Singapore,4.32,Active
D02416,Jessica Mullins,Hatchback,Bishan,3.96,Active
D02417,Ashley Wilkinson,Premium,Punggol,5.0,Active
D02418,Carlos Carter,SUV,Woodlands,4.56,Active
D02419,Crystal Hughes,Sedan,Bedok,3.96,Active
D02420,Brett Richardson,Electric,Tampines,3.86,Active
D02421,Michelle Nash,Sedan,Punggol,3.62,Active
D02422,Michael Morris,Electric,Toa Payoh,3.6,Active
D02423,Theresa Newman,Electric,Yishun,4.51,Active
D02424,Anthony Weeks,Premium,Singapore,4.77,Active
D02425,Joseph Rodriguez,Premium,Yishun,4.76,Active
D02426,Kimberly Dominguez,Electric,Toa Payoh,3.79,Active
D02427,Miss Carol Williams MD,Electric,Bishan,4.47,Active
D02428,Jesus Wood,Hatchback,Singapore,3.52,Active
D02429,Robert Cook,MPV,Punggol,3.88,Active
D02430,James Wilson,Electric,Bishan,4.56,Active
D02431,Mrs. Alexis Sanchez,MPV,Toa Payoh,4.02,Suspended
D02432,Susan Arnold,SUV,Punggol,4.18,Active
D02433,Melissa Maldonado,SUV,Jurong,3.95,Active
D02434,Teresa Rogers,MPV,Woodlands,3.64,Active
D02435,Randy Douglas,MPV,Jurong,3.51,Active
D02436,Mary Thompson,MPV,Jurong,4.65,Inactive
D02437,Meagan Monroe,SUV,Toa Payoh,4.53,Active
D02438,Bonnie Burke,MPV,Punggol,3.72,Active
D02439,Stephanie Vaughan,Hatchback,Woodlands,4.04,Active
D02440,Paul Smith,Premium,Woodlands,4.66,Inactive
D02441,Dustin Powell,MPV,Woodlands,4.9,Active
D02442,Paula Benson,Electric,Jurong,4.08,Active
D02443,Christopher Rivera,Hatchback,Yishun,3.69,Active
D02444,Traci Rose,MPV,Singapore,3.86,Active
D02445,Daniel Callahan,Sedan,Woodlands,3.7,Active
D02446,Robin Smith,MPV,Jurong,4.98,Active
D02447,Ashley Lee,Premium,Yishun,4.77,Active
D02448,Andrew Hernandez,Electric,Bishan,3.88,Active
D02449,Barbara Mendez,Electric,Woodlands,3.94,Active
D02450,Holly Richards,Sedan,Bishan,4.79,Active
D02451,Angela Compton,Premium,Yishun,4.54,Inactive
D02452,Brianna Dawson,Premium,Tampines,3.55,Active
D02453,Ronald Walsh,Sedan,Bedok,3.81,Active
D02454,Alan Kane,Sedan,Punggol,4.11,Active
D02455,Holly Smith,SUV,Toa Payoh,3.65,Active
D02456,Tammie Payne,Hatchback,Jurong,4.49,Active
D02457,Carmen Ryan,Hatchback,Yishun,4.59,Active
D02458,Angelica Johnson,SUV,Jurong,4.12,Active
D02459,Mary Garner,Sedan,Bishan,4.46,Active
D02460,Sarah Frazier,Hatchback,Ang Mo Kio,4.14,Active
D02461,Amanda Morrow,Premium,Singapore,4.51,Active
D02462,Dennis Garner,MPV,Bishan,4.83,Active
D02463,Sandra Reid,SUV,Woodlands,4.04,Active
D02464,Tina Villarreal,MPV,Tampines,4.64,Active
D02465,Brandon Jordan,MPV,Bishan,4.62,Active
D02466,John Cortez,Electric,Singapore,4.37,Active
D02467,Mrs. Kimberly Rivera PhD,Premium,Bishan,4.27,Active
D02468,Janet Garner,Hatchback,Punggol,4.02,Active
D02469,Alexis Bailey,MPV,Punggol,4.09,Active
D02470,Stacey Wright,Premium,Jurong,4.33,Active
D02471,Jeffrey Sullivan,Electric,Punggol,4.77,Active
D02472,Stacy Ibarra,MPV,Woodlands,4.46,Active
D02473,Adam Johns,SUV,Woodlands,4.33,Active
D02474,April Bridges,MPV,Jurong,3.79,Suspended
D02475,Alexander Santiago,Sedan,Jurong,4.3,Inactive
D02476,Jordan Robinson,Premium,Bedok,4.37,Active
D02477,Francisco Johnson,SUV,Bishan,3.74,Active
D02478,Jamie Shea,SUV,Yishun,3.91,Active
D02479,Jonathan Olsen,Electric,Tampines,4.51,Active
D02480,Lee Andrews,Premium,Yishun,3.7,Active
D02481,Jessica Frost,Sedan,Singapore,3.75,Active
D02482,Eric Jackson,Electric,Ang Mo Kio,3.6,Inactive
D02483,Brianna Moore,SUV,Tampines,4.8,Active
D02484,Carol Choi,MPV,Singapore,4.74,Active
D02485,Jennifer Bradford,Hatchback,Ang Mo Kio,4.3,Active
D02486,Lisa Mcfarland,MPV,Toa Payoh,4.64,Inactive
D02487,Brittany Kim,SUV,Punggol,3.76,Active
D02488,Jason Smith,Sedan,Bishan,4.96,Active
D02489,Brian Estrada,Premium,Jurong,4.08,Active
D02490,Adam Walker,Hatchback,Yishun,4.4,Active
D02491,Tracy Booth,Electric,Singapore,4.63,Active
D02492,Christopher Phillips,Electric,Singapore,4.39,Active
D02493,Dominic Warren,MPV,Bedok,4.32,Active
D02494,Debra Maldonado,Hatchback,Toa Payoh,3.78,Active
D02495,Michelle Hanson,Sedan,Tampines,3.75,Suspended
D02496,Joy Stein,Premium,Tampines,4.65,Active
D02497,Donna Rose,Premium,Bedok,4.61,Active
D02498,Vanessa Rodriguez,SUV,Tampines,3.8,Active
D02499,Susan Torres,Sedan,Toa Payoh,3.59,Active
D02500,Ronnie Harmon,Electric,Toa Payoh,4.36,Active
D02501,Jeffrey Nelson,MPV,Yishun,4.68,Suspended
D02502,Jeffrey Turner,SUV,Bedok,3.76,Active
D02503,Brandon Morris,Sedan,Punggol,4.39,Active
D02504,Kelly Nunez,Hatchback,Jurong,4.9,Active
D02505,Jennifer Hays,Sedan,Woodlands,4.89,Active
D02506,Ryan Young,Sedan,Toa Payoh,4.74,Active
D02507,Virginia Grant,Premium,Tampines,4.87,Active
D02508,Eugene Jensen,SUV,Punggol,4.98,Active
D02509,Christopher Robinson,Premium,Tampines,4.02,Active
D02510,James Tate,Sedan,Singapore,4.04,Active
D02511,Donald Walker,Electric,Ang Mo Kio,4.75,Inactive
D02512,Steven Holland,Electric,Punggol,4.59,Active
D02513,Jasmine Adams,MPV,Tampines,4.17,Active
D02514,Dana House,MPV,Bedok,3.78,Active
D02515,Juan Scott,Sedan,Toa Payoh,3.95,Suspended
D02516,Jamie Armstrong,Premium,Punggol,3.89,Active
D02517,Andrew Hill,Premium,Ang Mo Kio,3.81,Active
D02518,Jacob Santana,Hatchback,Bishan,4.79,Active
D02519,Taylor Hernandez,Sedan,Ang Mo Kio,4.96,Active
D02520,Kyle Torres,Premium,Toa Payoh,4.11,Active
D02521,David Holland,Electric,Bishan,4.02,Active
D02522,Peter Lin,MPV,Woodlands,4.92,Active
D02523,Joy Adams,Premium,Jurong,4.9,Active
D02524,Randy Robertson,Sedan,Ang Mo Kio,4.24,Active
D02525,Robert Brooks DDS,MPV,Bedok,4.07,Active
D02526,Christopher Kelly,Electric,Tampines,4.36,Active
D02527,Vickie Jackson,Sedan,Jurong,4.12,Active
D02528,Amanda Cooper,Premium,Bishan,4.39,Active
D02529,Anna Scott,Premium,Ang Mo Kio,4.94,Active
D02530,Angela Davis,SUV,Woodlands,4.86,Active
D02531,Adam Jones,MPV,Toa Payoh,3.55,Active
D02532,Katherine Bryant,SUV,Toa Payoh,4.04,Active
D02533,Tracy Cross,Sedan,Jurong,3.97,Active
D02534,Brian Cordova,Premium,Ang Mo Kio,4.33,Active
D02535,Randy Mcintyre,MPV,Punggol,3.66,Inactive
D02536,Patricia Neal,Hatchback,Bedok,3.7,Active
D02537,Jasmine Weeks,Electric,Ang Mo Kio,4.09,Active
D02538,Dr. Cody Solomon,Premium,Punggol,4.74,Inactive
D02539,Thomas Garcia MD,Sedan,Singapore,4.53,Active
D02540,Walter Thomas,Sedan,Toa Payoh,4.15,Active
D02541,Adrian Haney,Hatchback,Ang Mo Kio,4.7,Active
D02542,Mark Newton,Premium,Jurong,3.8,Active
D02543,Sandra Martinez,Premium,Jurong,3.91,Active
D02544,Mariah Wilkinson,Sedan,Woodlands,3.78,Active
D02545,Cindy Case,Premium,Ang Mo Kio,3.54,Active
D02546,Brian Mays,Electric,Punggol,4.13,Active
D02547,Raven Foster,MPV,Jurong,4.6,Active
D02548,Cheryl Johnson,Hatchback,Ang Mo Kio,4.64,Active
D02549,Donna Smith,Premium,Singapore,3.51,Active
D02550,Valerie Wood,Premium,Toa Payoh,4.32,Active
D02551,Jonathan Rodriguez,MPV,Singapore,4.76,Inactive
D02552,Kelly Bell,MPV,Toa Payoh,3.55,Active
D02553,Richard Anderson,Electric,Tampines,4.93,Active
D02554,Jeffrey Stephenson,Premium,Woodlands,4.18,Active
D02555,Joseph Brooks,Premium,Woodlands,4.92,Active
D02556,Mary Sanchez,MPV,Tampines,3.57,Active
D02557,Dr. Stephanie Larson,Hatchback,Ang Mo Kio,4.73,Suspended
D02558,Sheila Sandoval,Electric,Woodlands,4.58,Active
D02559,Emma Lopez,Electric,Punggol,4.07,Active
D02560,Brianna Jackson,Premium,Punggol,3.98,Active
D02561,Amanda Jackson PhD,Premium,Ang Mo Kio,4.66,Active
D02562,Patrick Hays,Hatchback,Singapore,4.14,Active
D02563,Melissa Herrera,Electric,Bedok,3.79,Active
D02564,Dennis Bennett,Sedan,Bishan,3.68,Active
D02565,Dr. John Thompson DDS,Sedan,Tampines,4.48,Active
D02566,Katie Hatfield,Sedan,Punggol,4.94,Active
D02567,Scott Manning,MPV,Yishun,3.65,Active
D02568,Brandy Wilson,Hatchback,Ang Mo Kio,4.07,Active
D02569,Amanda Brown,SUV,Bedok,3.96,Active
D02570,Dr. Kyle Obrien,Electric,Punggol,4.8,Active
D02571,Ryan Jones MD,Electric,Jurong,3.86,Active
D02572,Adrienne Hansen,Hatchback,Yishun,4.92,Active
D02573,Stephen Hays,Premium,Jurong,4.45,Active
D02574,Chad Mclaughlin,Premium,Yishun,4.85,Active
D02575,Paul Contreras,Electric,Jurong,4.06,Active
D02576,Tanner Greene,MPV,Toa Payoh,4.96,Active
D02577,Angela Taylor,Premium,Toa Payoh,4.95,Active
D02578,Duane Harding,Sedan,Ang Mo Kio,4.76,Active
D02579,David Johnson,Sedan,Yishun,4.05,Active
D02580,Albert Davis,MPV,Yishun,4.67,Active
D02581,Eugene Rivers,SUV,Toa Payoh,4.47,Active
D02582,James Thompson,Premium,Woodlands,3.84,Active
D02583,Michelle Sanchez,Sedan,Jurong,4.87,Active
D02584,Paul Smith,Electric,Tampines,4.64,Active
D02585,Henry Garcia,MPV,Bedok,4.56,Active
D02586,Matthew Buck,SUV,Jurong,4.71,Inactive
D02587,Kevin Valdez,Electric,Toa Payoh,4.42,Active
D02588,Matthew Morrison,Premium,Tampines,4.3,Inactive
D02589,Julie Little,Sedan,Singapore,4.89,Inactive
D02590,Rebecca Riley,Sedan,Punggol,4.4,Active
D02591,Hunter Garcia,Electric,Yishun,4.92,Active
D02592,Paige Reyes,Electric,Toa Payoh,3.65,Active
D02593,Caroline Greer,MPV,Punggol,4.64,Active
D02594,Brian Vaughan,Hatchback,Ang Mo Kio,3.52,Inactive
D02595,Julie Riggs,SUV,Ang Mo Kio,4.9,Active
D02596,Christopher Palmer,MPV,Ang Mo Kio,3.7,Active
D02597,Valerie Smith MD,Hatchback,Jurong,4.88,Active
D02598,William Brown,Sedan,Yishun,4.69,Active
D02599,Cheyenne Nichols,Sedan,Jurong,4.23,Active
D02600,Kara Vincent,MPV,Ang Mo Kio,4.48,Active
D02601,James Meyers,Hatchback,Jurong,4.53,Active
D02602,Adam Ramirez,SUV,Ang Mo Kio,3.61,Active
D02603,Erin Fernandez,Premium,Singapore,3.67,Active
D02604,Tammy Lee,Hatchback,Bedok,4.16,Active
D02605,Mary Brooks,Sedan,Yishun,4.27,Inactive
D02606,Teresa Wilkerson,MPV,Tampines,4.14,Active
D02607,Patricia Patterson,Electric,Tampines,3.69,Active
D02608,Deanna Hernandez,MPV,Yishun,3.64,Active
D02609,Kayla Crane,Sedan,Punggol,4.85,Active
D02610,Shane Jennings,SUV,Toa Payoh,4.37,Active
D02611,Jacob Manning,Sedan,Bedok,4.22,Active
D02612,Thomas Smith,MPV,Bedok,4.86,Active
D02613,Nancy Walker,Electric,Punggol,4.46,Active
D02614,James Schneider,Sedan,Bedok,3.54,Active
D02615,Anne Miller,MPV,Bedok,4.92,Active
D02616,Kim Roberts,SUV,Yishun,4.2,Active
D02617,Jamie Johnson,MPV,Punggol,4.58,Active
D02618,Kimberly Compton,Premium,Yishun,4.49,Active
D02619,Devon Jones,Sedan,Yishun,4.18,Active
D02620,Linda Hart,SUV,Singapore,4.34,Active
D02621,Brian Fields,Sedan,Singapore,4.34,Active
D02622,Nicholas Long,Hatchback,Bedok,3.72,Active
D02623,Amy Browning,Premium,Punggol,4.77,Active
D02624,Corey Shannon,Hatchback,Woodlands,3.83,Active
D02625,Alexander Wilson,Premium,Toa Payoh,4.46,Active
D02626,Christopher Howell,Sedan,Yishun,3.86,Active
D02627,Alyssa Doyle,Electric,Singapore,4.54,Active
D02628,Robert Ramsey,MPV,Toa Payoh,4.31,Active
D02629,Stephanie Flowers,SUV,Woodlands,3.89,Suspended
D02630,Gregory Martin,Premium,Jurong,4.94,Active
D02631,Tracy Cruz,Hatchback,Tampines,4.08,Active
D02632,Elizabeth Jacobs,SUV,Jurong,4.38,Active
D02633,Christopher Thompson,Sedan,Singapore,4.7,Active
D02634,Valerie George,Hatchback,Woodlands,3.58,Active
D02635,Tyler Foster,Premium,Singapore,3.63,Inactive
D02636,Aimee Nguyen,Sedan,Bedok,3.89,Active
D02637,Kyle Zavala,SUV,Singapore,4.58,Active
D02638,Jennifer Shields,Electric,Punggol,4.51,Active
D02639,Alexandra Haney,Sedan,Ang Mo Kio,3.81,Active
D02640,Kimberly Martinez,MPV,Punggol,4.29,Active
D02641,Steven Morse,Electric,Singapore,3.72,Active
D02642,Jesse Willis,SUV,Punggol,3.81,Active
D02643,Jesse Riley,MPV,Bedok,4.82,Active
D02644,Jennifer Murphy,Sedan,Jurong,3.85,Active
D02645,Amber Hunt,Electric,Singapore,4.05,Active
D02646,Joel Freeman,Premium,Yishun,4.02,Active
D02647,Kevin Hodges,Sedan,Ang Mo Kio,4.26,Inactive
D02648,Timothy Hall,Premium,Punggol,4.29,Active
D02649,April Stark,SUV,Jurong,4.29,Active
D02650,David Herrera,Sedan,Bishan,4.39,Active
D02651,Susan Rodriguez,Hatchback,Yishun,4.5,Inactive
D02652,Allen Young,MPV,Toa Payoh,3.88,Active
D02653,Gregory Mcdowell,MPV,Singapore,4.22,Active
D02654,Howard Adams,Hatchback,Punggol,4.98,Active
D02655,Yolanda Booth,Electric,Singapore,3.81,Active
D02656,Elaine Porter,Hatchback,Jurong,3.87,Suspended
D02657,Shawn Pace,Electric,Woodlands,4.57,Active
D02658,Melissa Tucker,Hatchback,Tampines,4.89,Active
D02659,Michael Hodges,SUV,Ang Mo Kio,3.88,Active
D02660,Brian Hernandez,Sedan,Toa Payoh,4.31,Active
D02661,Susan Martin,Premium,Tampines,3.8,Active
D02662,Steven King,Sedan,Jurong,3.77,Active
D02663,David Edwards,MPV,Bedok,4.64,Active
D02664,Joshua Little,Sedan,Singapore,3.69,Active
D02665,Terri Olson,MPV,Singapore,4.57,Active
D02666,Mrs. Maria Fowler,MPV,Jurong,4.13,Inactive
D02667,Jordan Dennis,Hatchback,Bishan,4.12,Active
D02668,Kathleen Soto,Premium,Woodlands,3.78,Active
D02669,Benjamin Cole,Electric,Bedok,3.61,Active
D02670,Michael Davis,SUV,Bishan,3.87,Inactive
D02671,Sandra Simpson,MPV,Yishun,4.67,Active
D02672,John Patterson,Electric,Toa Payoh,3.52,Active
D02673,Kevin Jones,MPV,Punggol,3.9,Active
D02674,Mark Sanford,SUV,Yishun,4.58,Active
D02675,Christina Curtis,SUV,Tampines,4.66,Active
D02676,Lori Clark,Premium,Bishan,3.85,Active
D02677,Tiffany Stevens,Electric,Ang Mo Kio,3.56,Active
D02678,Carl Vasquez,Hatchback,Toa Payoh,4.79,Active
D02679,Jennifer Garner,SUV,Toa Payoh,4.2,Active
D02680,Shelby Villanueva,MPV,Singapore,3.63,Active
D02681,Cynthia Conrad,Sedan,Bishan,4.38,Active
D02682,Amy Howard,Hatchback,Ang Mo Kio,4.86,Active
D02683,Carol Fleming,Electric,Toa Payoh,4.97,Active
D02684,Nancy Peters,SUV,Punggol,3.91,Active
D02685,George Ayala,Hatchback,Yishun,4.17,Active
D02686,Kelli Mason,Electric,Singapore,3.75,Active
D02687,Rhonda Carter,SUV,Yishun,4.99,Active
D02688,Jenna Lee,MPV,Woodlands,4.99,Active
D02689,Angela Hale,Premium,Punggol,3.87,Active
D02690,Christina Wright,Hatchback,Bedok,4.63,Active
D02691,Joel Gibson,Premium,Tampines,3.72,Active
D02692,Jennifer Maxwell,Sedan,Singapore,3.92,Active
D02693,Ryan Sims,MPV,Tampines,3.91,Active
D02694,Elizabeth Solomon,Sedan,Singapore,4.46,Inactive
D02695,David Hardy,Hatchback,Ang Mo Kio,4.85,Active
D02696,Nancy Frazier,SUV,Toa Payoh,4.03,Active
D02697,Bryce Lindsey,Hatchback,Jurong,3.69,Inactive
D02698,Angela Hoffman,Sedan,Punggol,4.23,Active
D02699,Tiffany Jackson,Electric,Bedok,4.31,Active
D02700,Misty Phillips,Sedan,Toa Payoh,4.92,Active
D02701,Terri Gilmore,MPV,Bishan,3.82,Active
D02702,John Roberts,Premium,Toa Payoh,4.14,Active
D02703,Jennifer Gutierrez,Electric,Yishun,4.4,Active
D02704,Cindy Gutierrez,SUV,Singapore,3.9,Active
D02705,Christina Floyd,MPV,Bishan,4.09,Active
D02706,Katherine Morales,SUV,Yishun,4.75,Active
D02707,Pamela Hicks,Premium,Yishun,4.77,Active
D02708,Bobby Barker,Premium,Punggol,4.27,Active
D02709,Nicole Cooley,Sedan,Jurong,4.85,Active
D02710,Derek Bryan,Sedan,Tampines,4.47,Active
D02711,Brittany Santiago,SUV,Toa Payoh,4.73,Active
D02712,George Foster Jr.,SUV,Yishun,3.81,Active
D02713,Mr. Joshua Welch,Hatchback,Singapore,4.9,Active
D02714,Tyler Beasley,Sedan,Punggol,4.93,Active
D02715,Michelle Wise,Hatchback,Bedok,4.69,Active
D02716,Sarah Williams,Sedan,Toa Payoh,5.0,Active
D02717,John Gomez,Premium,Punggol,4.08,Active
D02718,Jason Marks,SUV,Punggol,4.56,Active
D02719,Sarah Fisher,Electric,Jurong,3.93,Active
D02720,Taylor James,Hatchback,Woodlands,4.02,Active
D02721,Holly Davis,MPV,Woodlands,4.14,Active
D02722,Erica Peterson,Premium,Punggol,4.68,Inactive
D02723,Mary Cooper,Premium,Bishan,3.59,Active
D02724,Robert Kemp,SUV,Bishan,4.14,Active
D02725,Matthew Mitchell,Premium,Bishan,3.95,Active
D02726,Caleb Andersen,Premium,Tampines,4.88,Active
D02727,Steven Baker,Hatchback,Jurong,3.52,Inactive
D02728,Heidi Welch,Premium,Jurong,3.92,Active
D02729,Larry Carr,MPV,Woodlands,4.89,Active
D02730,Ian James,Premium,Punggol,4.9,Active
D02731,Chad Carr,Sedan,Ang Mo Kio,3.79,Active
D02732,Susan Adams,Electric,Jurong,4.89,Active
D02733,Joshua Kelly,Electric,Punggol,4.3,Active
D02734,Frank Hess,MPV,Yishun,3.68,Active
D02735,Vincent Brown,Sedan,Punggol,4.5,Active
D02736,Kenneth Goodman,Hatchback,Tampines,4.43,Active
D02737,Christopher Young,Sedan,Ang Mo Kio,4.93,Active
D02738,Haley Edwards,SUV,Tampines,3.9,Active
D02739,Richard Brown,MPV,Yishun,4.0,Active
D02740,Michael Ramsey,Sedan,Yishun,3.93,Active
D02741,Heather Hall,Premium,Toa Payoh,3.61,Active
D02742,Billy Wiley,SUV,Bishan,4.89,Active
D02743,James Burns,Hatchback,Ang Mo Kio,4.64,Active
D02744,Nicholas Rivera,Premium,Bedok,4.24,Active
D02745,Eddie Davis,Premium,Bishan,4.14,Active
D02746,Natalie Williams,Premium,Tampines,4.93,Active
D02747,Crystal Brooks,Electric,Toa Payoh,4.79,Active
D02748,Diane Collins,Electric,Yishun,4.56,Active
D02749,Jeremy Anderson,Electric,Ang Mo Kio,4.07,Active
D02750,Erica Alvarez,Premium,Jurong,4.26,Active
D02751,Jason Williams,Hatchback,Punggol,4.54,Active
D02752,Beth Juarez,Sedan,Woodlands,3.54,Active
D02753,Miranda Brown,Premium,Punggol,4.91,Active
D02754,Amber Cox,Electric,Tampines,4.76,Active
D02755,Robert Perez,Hatchback,Toa Payoh,4.05,Active
D02756,Audrey Brown,Premium,Tampines,4.62,Active
D02757,Scott Doyle,Electric,Bishan,4.73,Active
D02758,Heather Conley,SUV,Yishun,3.72,Active
D02759,Jennifer George,SUV,Punggol,4.01,Active
D02760,Katherine Rhodes,SUV,Jurong,3.66,Active
D02761,Nancy Nguyen,Hatchback,Bedok,4.14,Active
D02762,Steve Dawson,Electric,Woodlands,3.55,Active
D02763,Elizabeth Jones,Hatchback,Jurong,4.62,Active
D02764,Darryl Williams,Sedan,Yishun,4.86,Active
D02765,Mr. Casey Allen,Electric,Punggol,4.48,Active
D02766,Justin Adkins,SUV,Jurong,4.27,Active
D02767,Jennifer Clark,Premium,Punggol,4.03,Active
D02768,Cody Carter,MPV,Ang Mo Kio,3.88,Active
D02769,Bobby Porter,Premium,Singapore,4.24,Suspended
D02770,Caleb Reed,MPV,Toa Payoh,3.57,Active
D02771,Michael Christian,Hatchback,Punggol,4.57,Active
D02772,Denise Garcia,Sedan,Jurong,3.86,Active
D02773,Linda Patterson,Hatchback,Woodlands,3.92,Active
D02774,Antonio Matthews,Hatchback,Ang Mo Kio,4.91,Active
D02775,Carolyn Henson,Electric,Punggol,4.93,Active
D02776,Kimberly Mclean,SUV,Bishan,4.81,Inactive
D02777,Lawrence Murphy,Hatchback,Punggol,4.54,Active
D02778,Jo Rodgers,MPV,Ang Mo Kio,4.87,Active
D02779,Diane Wyatt,SUV,Bishan,4.52,Active
D02780,Theresa Green,MPV,Tampines,3.51,Inactive
D02781,Edward Beasley,Hatchback,Bishan,3.59,Active
D02782,Michael Davis,Sedan,Singapore,4.34,Active
D02783,Renee Gutierrez,SUV,Jurong,4.33,Active
D02784,Michael Perez,SUV,Ang Mo Kio,4.84,Active
D02785,Misty Carson,Electric,Punggol,3.53,Active
D02786,Casey Lowery,Sedan,Bedok,3.64,Active
D02787,Eric Stewart,MPV,Woodlands,3.83,Active
D02788,Jennifer Quinn,MPV,Ang Mo Kio,4.56,Inactive
D02789,Dennis Collins,Premium,Punggol,3.78,Active
D02790,Eric Jones,Sedan,Ang Mo Kio,3.99,Active
D02791,Jeffery Ware,Hatchback,Bishan,4.41,Active
D02792,Suzanne Rich,Hatchback,Jurong,4.64,Active
D02793,Susan Johnson,SUV,Singapore,3.6,Active
D02794,Scott Hunt PhD,MPV,Toa Payoh,3.89,Active
D02795,Shannon White,Electric,Toa Payoh,3.66,Active
D02796,Natalie Howell,Sedan,Yishun,3.82,Active
D02797,Emily Walsh,MPV,Bedok,4.4,Active
D02798,Samuel Malone,SUV,Yishun,4.11,Active
D02799,Deanna Velez,Sedan,Yishun,4.5,Active
D02800,Michelle Black,Premium,Toa Payoh,3.75,Active
D02801,Mary Shaw,Premium,Bedok,4.03,Active
D02802,Michael Holmes,Hatchback,Singapore,4.2,Suspended
D02803,John West,MPV,Tampines,3.53,Active
D02804,Jacqueline Good,Premium,Tampines,3.81,Active
D02805,Allison Colon,Electric,Bedok,4.6,Active
D02806,Brandon Moore,MPV,Bishan,4.87,Active
D02807,Laura Hernandez,Electric,Woodlands,4.98,Active
D02808,Matthew Alvarado,SUV,Punggol,4.85,Active
D02809,Henry Thompson,Sedan,Jurong,3.88,Active
D02810,Benjamin Gray,Premium,Bedok,3.56,Active
D02811,Keith Green,MPV,Punggol,4.79,Active
D02812,Virginia Carter,SUV,Yishun,4.99,Active
D02813,Mr. Jonathan Diaz,Sedan,Bedok,3.75,Active
D02814,Andrew Lee,Electric,Singapore,3.9,Active
D02815,James Schultz,SUV,Yishun,3.81,Active
D02816,Robert Tucker,Hatchback,Punggol,4.58,Active
D02817,Taylor Allen,Sedan,Ang Mo Kio,4.39,Active
D02818,Matthew Collins,Premium,Ang Mo Kio,4.13,Active
D02819,Sarah Harrell,Hatchback,Tampines,3.69,Active
D02820,Jennifer Miller,Sedan,Punggol,4.69,Active
D02821,Meghan Simmons,Hatchback,Bishan,4.61,Active
D02822,Austin Kim,SUV,Jurong,4.91,Inactive
D02823,Nathan Horn,Electric,Singapore,3.87,Active
D02824,Cathy Coleman,Hatchback,Bedok,4.0,Active
D02825,Michael Miller,Hatchback,Yishun,3.65,Active
D02826,Ryan Hanson,Sedan,Bishan,4.35,Active
D02827,Briana Martinez,Premium,Singapore,4.14,Active
D02828,Jessica Hays,SUV,Bedok,4.77,Active
D02829,Felicia Hoffman,MPV,Yishun,4.05,Active
D02830,Justin White,Hatchback,Tampines,3.55,Active
D02831,Katrina Smith,Premium,Jurong,3.91,Active
D02832,Tiffany Flores,MPV,Bedok,4.19,Active
D02833,Brett Fletcher,Electric,Tampines,4.59,Active
D02834,Joseph Phillips DVM,Premium,Jurong,4.7,Active
D02835,Mrs. Rebecca Chapman DDS,MPV,Bishan,3.83,Active
D02836,Linda Williams,SUV,Toa Payoh,4.27,Active
D02837,Gregory Jennings,Premium,Bedok,4.22,Active
D02838,Amanda Shah,Premium,Ang Mo Kio,4.04,Active
D02839,Luis Thomas,MPV,Bedok,3.98,Active
D02840,Katrina Lynch,Sedan,Jurong,4.67,Inactive
D02841,Miguel Barron,Hatchback,Ang Mo Kio,4.1,Active
D02842,Jacob Harris,SUV,Bishan,4.33,Active
D02843,Shawn Hoffman,MPV,Tampines,4.58,Active
D02844,Philip Villa,MPV,Tampines,4.56,Active
D02845,Margaret Smith,SUV,Ang Mo Kio,4.43,Suspended
D02846,Deborah Hogan,Hatchback,Jurong,4.71,Active
D02847,Thomas Fox,MPV,Bedok,4.27,Active
D02848,Nicholas Barnes,Hatchback,Punggol,4.28,Active
D02849,Ashley Lynch,Hatchback,Toa Payoh,4.35,Inactive
D02850,Shawn Blankenship,Sedan,Bishan,4.07,Active
D02851,Mr. Zachary Mcintyre,Electric,Woodlands,4.58,Inactive
D02852,Steven Ford,Sedan,Yishun,4.69,Active
D02853,Patrick Smith,Hatchback,Bedok,3.95,Active
D02854,Casey Pearson,Hatchback,Tampines,4.38,Active
D02855,Philip Smith,MPV,Bedok,4.19,Active
D02856,Brett Huber,Sedan,Singapore,4.82,Active
D02857,Jennifer Cruz,SUV,Yishun,4.71,Active
D02858,Wayne Carter,MPV,Toa Payoh,3.9,Active
D02859,Thomas Little,Hatchback,Bedok,4.09,Active
D02860,Dawn Patrick,MPV,Ang Mo Kio,4.64,Active
D02861,Angela Martin,SUV,Singapore,3.89,Inactive
D02862,Sean Webb,Sedan,Ang Mo Kio,4.12,Active
D02863,Amanda Kelly,Premium,Punggol,4.28,Active
D02864,Brandon White,MPV,Toa Payoh,4.61,Active
D02865,Traci Steele,MPV,Yishun,4.42,Active
D02866,Michelle Mcintosh,Sedan,Yishun,3.69,Active
D02867,Christopher Horne,Premium,Yishun,3.58,Active
D02868,Jacob Craig,MPV,Bedok,3.84,Active
D02869,Catherine Wiley,Sedan,Ang Mo Kio,4.94,Inactive
D02870,Dale Martinez,Electric,Punggol,4.84,Active
D02871,Tiffany Dillon,Sedan,Singapore,4.37,Inactive
D02872,Taylor Moore,Sedan,Singapore,4.24,Active
D02873,Joshua Young,Premium,Ang Mo Kio,4.82,Active
D02874,Eugene Johnson,Hatchback,Yishun,4.33,Inactive
D02875,Robert Gibson,MPV,Singapore,4.03,Active
D02876,Amanda Nelson,Premium,Jurong,4.82,Active
D02877,Juan Deleon,Premium,Bishan,4.09,Active
D02878,George Hoffman,Electric,Ang Mo Kio,3.98,Active
D02879,Vincent Wilcox,SUV,Ang Mo Kio,4.56,Active
D02880,Brittney Mclean,Sedan,Yishun,4.87,Active
D02881,Kyle Brooks,Sedan,Woodlands,3.62,Active
D02882,Danielle Todd,Premium,Yishun,3.86,Active
D02883,Victoria Bartlett,Premium,Tampines,4.68,Active
D02884,Garrett Williams,SUV,Jurong,3.66,Active
D02885,Dawn Cox,SUV,Punggol,3.54,Active
D02886,Samuel Barron,SUV,Ang Mo Kio,4.9,Active
D02887,Timothy Solis,MPV,Tampines,4.57,Active
D02888,Paul Brown,Hatchback,Toa Payoh,3.75,Active
D02889,Krystal Sanchez,Premium,Bedok,4.34,Active
D02890,Debbie Beck,Electric,Punggol,4.83,Active
D02891,Elizabeth Nelson,MPV,Punggol,3.68,Active
D02892,Mr. Richard Duncan,SUV,Bishan,3.98,Active
D02893,Amy Perez,Sedan,Yishun,3.97,Active
D02894,Sara Black,Electric,Tampines,3.57,Active
D02895,Casey Raymond,Sedan,Punggol,4.65,Active
D02896,Adam Conway,Electric,Bedok,4.66,Active
D02897,Matthew Thompson,Electric,Singapore,3.85,Active
D02898,Joanne Lucero,Premium,Singapore,3.86,Active
D02899,Terry Pollard,Hatchback,Punggol,4.4,Active
D02900,Carlos Key,Electric,Bishan,3.78,Active
D02901,Robert Smith,Hatchback,Ang Mo Kio,4.13,Active
D02902,Terry Graham,Sedan,Toa Payoh,3.75,Active
D02903,Nicole West,SUV,Singapore,4.12,Active
D02904,Taylor Coffey,Electric,Bishan,4.68,Active
D02905,Elizabeth Phillips,Electric,Punggol,3.62,Active
D02906,Elizabeth Garcia,Hatchback,Singapore,4.5,Active
D02907,Ashley Herrera,Electric,Ang Mo Kio,4.02,Active
D02908,Joe Howell,Hatchback,Bedok,3.84,Active
D02909,Molly Young,Premium,Woodlands,3.94,Active
D02910,Eddie Ramos,Premium,Punggol,3.6,Active
D02911,Grace Larsen,Premium,Yishun,3.96,Inactive
D02912,Mary Herrera,SUV,Singapore,4.75,Active
D02913,Carolyn Henry,Electric,Ang Mo Kio,4.31,Inactive
D02914,Juan Hall,Hatchback,Woodlands,3.7,Inactive
D02915,Robert Collins,Sedan,Punggol,4.92,Active
D02916,Christopher Payne,Electric,Jurong,4.67,Active
D02917,Kristen Oliver,Premium,Yishun,3.95,Active
D02918,Ashley Matthews,Hatchback,Toa Payoh,4.02,Active
D02919,Kimberly Jones,Sedan,Ang Mo Kio,4.51,Active
D02920,Amy Fisher,Sedan,Yishun,4.62,Active
D02921,Valerie Villarreal,Sedan,Yishun,3.66,Active
D02922,Brianna Wagner,Premium,Yishun,4.54,Active
D02923,Christopher Yates,MPV,Punggol,3.83,Active
D02924,Karen Beard,MPV,Singapore,3.65,Active
D02925,Joshua Cline,Sedan,Bishan,4.36,Active
D02926,Jeremy Hale,Sedan,Jurong,4.76,Active
D02927,Andrew Hobbs,MPV,Punggol,4.52,Active
D02928,Keith Fisher,Premium,Punggol,4.51,Active
D02929,Erik Howe,SUV,Woodlands,4.92,Active
D02930,David Russell,Premium,Bedok,4.83,Active
D02931,Isaac Mcdonald,MPV,Woodlands,4.92,Active
D02932,Mary Hayes,Premium,Punggol,3.56,Active
D02933,Mindy Levine,Electric,Yishun,3.86,Active
D02934,Amy Davis,MPV,Woodlands,4.46,Active
D02935,Nichole Dixon,SUV,Toa Payoh,4.23,Active
D02936,Kathy Vazquez,Electric,Punggol,4.31,Active
D02937,Bradley Salazar,Electric,Jurong,4.13,Active
D02938,Regina Shepard,Hatchback,Punggol,4.8,Inactive
D02939,Tim Perez,Premium,Yishun,4.44,Active
D02940,Andrew Thompson,Sedan,Punggol,4.93,Active
D02941,Mary Villanueva,Hatchback,Bishan,4.46,Active
D02942,Andrea Fleming,Sedan,Ang Mo Kio,4.06,Active
D02943,Linda Anderson,Electric,Singapore,4.91,Active
D02944,Tanya Fuentes PhD,SUV,Yishun,4.22,Inactive
D02945,Lorraine Phillips,Electric,Woodlands,4.72,Active
D02946,Corey Sullivan,Premium,Punggol,4.52,Active
D02947,Jonathan Parker,Electric,Woodlands,4.17,Active
D02948,Hannah Oneal,MPV,Ang Mo Kio,3.77,Active
D02949,Justin Graham,Hatchback,Bishan,4.25,Active
D02950,Kelly Carson,Electric,Bedok,3.53,Active
D02951,Patricia Walsh,Premium,Woodlands,4.47,Active
D02952,Katie Osborne,SUV,Singapore,4.51,Active
D02953,Sandra Caldwell,Hatchback,Toa Payoh,4.95,Inactive
D02954,John Matthews,Premium,Yishun,4.48,Active
D02955,John Harmon,Premium,Jurong,3.98,Active
D02956,Jeffrey Carter,Hatchback,Punggol,4.42,Active
D02957,Bruce Brock,Sedan,Tampines,3.59,Active
D02958,Anne Stanley,Sedan,Jurong,4.8,Active
D02959,Collin Miller,Electric,Ang Mo Kio,3.64,Suspended
D02960,Kyle Russell,SUV,Woodlands,3.95,Active
D02961,Caitlin Lawrence,Sedan,Toa Payoh,4.99,Active
D02962,Joel Graham,Hatchback,Bishan,3.94,Active
D02963,Anne Flores,SUV,Bedok,4.75,Active
D02964,Greg Whitehead,Hatchback,Singapore,4.47,Inactive
D02965,Joseph Travis,Sedan,Ang Mo Kio,3.97,Active
D02966,Marcus Spencer,Sedan,Toa Payoh,4.76,Active
D02967,Angela Bruce,Premium,Punggol,3.67,Inactive
D02968,Shannon Williams,Sedan,Jurong,4.71,Active
D02969,Eric Williams,SUV,Yishun,3.9,Inactive
D02970,Brian Ford,Electric,Ang Mo Kio,4.35,Active
D02971,Melissa Allen,Hatchback,Singapore,4.02,Inactive
D02972,Sandra Watkins,Sedan,Bishan,4.95,Active
D02973,Carol Garcia,Premium,Woodlands,3.85,Active
D02974,Angela Donaldson,Premium,Bedok,3.87,Active
D02975,Patricia Reynolds,Electric,Yishun,4.25,Active
D02976,Francisco Waller,SUV,Bedok,4.83,Active
D02977,Anna Jones,Premium,Tampines,4.95,Active
D02978,Ralph Howard,Sedan,Yishun,4.61,Active
D02979,Joseph Burnett,Sedan,Woodlands,3.66,Active
D02980,Carmen Garner,Sedan,Bedok,3.51,Inactive
D02981,Phillip Jones,MPV,Ang Mo Kio,4.65,Active
D02982,Patricia Johnson,Sedan,Yishun,4.51,Active
D02983,Vincent Knight,Hatchback,Bishan,3.6,Active
D02984,Mark Baldwin,Electric,Jurong,4.9,Active
D02985,Michael Smith,Electric,Yishun,3.71,Active
D02986,Tim Brooks,Electric,Punggol,3.88,Active
D02987,Amber Johnson,SUV,Bishan,4.23,Active
D02988,Tamara Price,SUV,Ang Mo Kio,3.62,Active
D02989,Kristy Walsh,Electric,Jurong,3.77,Active
D02990,Andrew Lewis,Sedan,Punggol,3.88,Active
D02991,Alyssa Clements,SUV,Woodlands,4.74,Active
D02992,Matthew Lee,MPV,Punggol,3.86,Active
D02993,Jennifer Smith,Hatchback,Punggol,3.92,Active
D02994,Tiffany Spears,SUV,Tampines,3.51,Active
D02995,Nicole Smith,Premium,Toa Payoh,3.82,Active
D02996,James Arnold,Sedan,Toa Payoh,5.0,Active
D02997,Gary Serrano,Premium,Jurong,4.98,Active
D02998,Timothy Love,Sedan,Jurong,5.0,Active
D02999,Alexis Cox,Premium,Ang Mo Kio,4.96,Active
D03000,Sabrina Estes,Hatchback,Yishun,4.53,Active
D03001,Linda Smith,Sedan,Yishun,4.54,Active
D03002,Desiree Payne,MPV,Punggol,4.77,Active
D03003,Scott Roach,Sedan,Bedok,4.58,Active
D03004,Jessica Vasquez,Electric,Woodlands,4.24,Active
D03005,John Hill,MPV,Bedok,4.32,Active
D03006,Michael Miller,MPV,Bedok,4.31,Active
D03007,Alexa Burns,Electric,Woodlands,4.72,Active
D03008,Robert English,Electric,Jurong,4.24,Active
D03009,Leslie Duncan,Sedan,Bishan,4.35,Active
D03010,Scott Wells,Sedan,Bishan,4.89,Active
D03011,Amanda Banks,SUV,Toa Payoh,4.06,Active
D03012,Melanie Molina,Electric,Singapore,4.6,Active
D03013,Kimberly Wright,Hatchback,Singapore,3.65,Inactive
D03014,Diane Martinez PhD,Premium,Singapore,3.73,Active
D03015,Lindsey Baker,SUV,Woodlands,4.41,Active
D03016,Kimberly Kelley,Hatchback,Yishun,3.94,Active
D03017,Janet Brown,Hatchback,Toa Payoh,4.7,Active
D03018,Brian Scott,Premium,Yishun,3.79,Active
D03019,Terrence White,Premium,Toa Payoh,4.27,Inactive
D03020,Brittany Ray,MPV,Singapore,4.72,Active
D03021,Amanda Garcia,Sedan,Yishun,4.35,Active
D03022,Lindsey Gibbs,MPV,Bedok,4.66,Active
D03023,John Jones,Hatchback,Jurong,4.42,Active
D03024,Anthony Colon,Electric,Bishan,4.31,Active
D03025,Teresa Powers,MPV,Tampines,3.51,Active
D03026,Mr. David Hood,Electric,Punggol,4.08,Active
D03027,Matthew Stafford,Hatchback,Bedok,4.23,Inactive
D03028,Madison Parsons,MPV,Woodlands,3.76,Active
D03029,Jeffrey Phillips,Premium,Woodlands,3.54,Active
D03030,Stacy Smith,SUV,Punggol,4.05,Active
D03031,Richard Kidd,Hatchback,Bedok,4.77,Active
D03032,Lynn Cook,MPV,Toa Payoh,4.55,Active
D03033,Michael Nelson,Sedan,Jurong,4.5,Inactive
D03034,Daniel Byrd,SUV,Woodlands,3.73,Active
D03035,John Schaefer MD,Hatchback,Yishun,3.75,Active
D03036,Daniel Gaines,SUV,Ang Mo Kio,3.86,Active
D03037,David Taylor,Sedan,Woodlands,4.72,Active
D03038,Hannah Pearson,Sedan,Ang Mo Kio,4.03,Active
D03039,Christopher Kirby,Sedan,Ang Mo Kio,4.69,Active
D03040,Anna Holmes,SUV,Tampines,3.89,Active
D03041,Regina Douglas,Sedan,Bedok,4.32,Active
D03042,Olivia Moore,Premium,Singapore,4.77,Inactive
D03043,Jason Hall,SUV,Singapore,4.39,Active
D03044,Timothy Potts,MPV,Toa Payoh,4.88,Inactive
D03045,Luis Mejia,Electric,Toa Payoh,4.03,Active
D03046,Marcus Kim,Electric,Woodlands,3.98,Active
D03047,Jessica Powers,Electric,Toa Payoh,4.55,Suspended
D03048,Trevor Morgan,Hatchback,Singapore,4.42,Active
D03049,Nichole King,Premium,Singapore,4.9,Active
D03050,Ryan James,Sedan,Woodlands,4.64,Active
D03051,Brandi Chang,Sedan,Bedok,4.37,Suspended
D03052,Mr. Andrew Hancock,Electric,Ang Mo Kio,3.69,Active
D03053,Lisa Christensen,Hatchback,Yishun,4.36,Active
D03054,Michael Washington,SUV,Singapore,4.38,Active
D03055,Derek Davidson,Electric,Tampines,4.2,Active
D03056,Daniel Wells,Hatchback,Jurong,4.8,Active
D03057,Michael Shaw,Premium,Bishan,4.28,Active
D03058,Mary Jacobs,MPV,Bedok,4.66,Active
D03059,Jacob Bowman,Electric,Punggol,4.9,Active
D03060,Bryan Henderson,Premium,Bishan,3.59,Active
D03061,Alicia Cole,Premium,Singapore,3.69,Active
D03062,Nicholas Lynch,Premium,Singapore,4.19,Inactive
D03063,Donald Gonzalez,MPV,Bedok,4.98,Active
D03064,Peter Taylor,SUV,Bedok,4.21,Active
D03065,Vickie Gonzalez,Hatchback,Tampines,4.25,Active
D03066,Chad Cameron,Hatchback,Toa Payoh,3.57,Inactive
D03067,Brian Schultz,Premium,Ang Mo Kio,4.15,Active
D03068,Alexander Vargas,Sedan,Woodlands,4.26,Active
D03069,Heidi Baker,Electric,Singapore,3.85,Active
D03070,Tabitha Wilkinson,SUV,Tampines,3.86,Active
D03071,Charles Williams,Premium,Bishan,4.47,Active
D03072,Alexander Davis,Sedan,Singapore,4.26,Active
D03073,Lisa Clark,SUV,Bedok,3.99,Active
D03074,Joseph Mitchell,Premium,Toa Payoh,4.44,Active
D03075,Jasmine Wilson,Sedan,Toa Payoh,4.42,Active
D03076,David Ramsey,Premium,Singapore,3.59,Active
D03077,Rebecca Murray,SUV,Toa Payoh,4.44,Active
D03078,Scott Smith,Sedan,Bishan,4.3,Active
D03079,Wendy Ramsey,Premium,Tampines,4.83,Active
D03080,Cory Larson,Electric,Punggol,3.72,Inactive
D03081,Michael Jimenez,Hatchback,Tampines,3.56,Active
D03082,Kristin Rios,MPV,Singapore,4.43,Active
D03083,Mason King,Premium,Yishun,4.44,Active
D03084,Danielle Gonzalez,SUV,Jurong,4.08,Inactive
D03085,Cynthia Daniels,Premium,Bishan,4.59,Active
D03086,Katelyn Davis,Hatchback,Bishan,4.05,Active
D03087,Michael Myers,Sedan,Yishun,3.74,Active
D03088,Carolyn Walker,SUV,Bishan,4.22,Active
D03089,Randall Barron,SUV,Bishan,4.12,Active
D03090,Jason Dalton,Premium,Punggol,4.96,Active
D03091,Jose White,Electric,Bedok,3.59,Active
D03092,Jorge May,Sedan,Woodlands,4.2,Active
D03093,Karen Ware,Electric,Tampines,3.91,Active
D03094,Tiffany Gibson,SUV,Ang Mo Kio,3.52,Active
D03095,Robert Wilkinson,Hatchback,Woodlands,3.97,Inactive
D03096,Christopher Ryan,Sedan,Toa Payoh,3.98,Inactive
D03097,Lori Hahn,Electric,Jurong,4.8,Active
D03098,Jessica Schneider,Sedan,Toa Payoh,4.99,Active
D03099,Daniel Bailey,Hatchback,Bishan,4.37,Active
D03100,Kimberly Carlson,Electric,Ang Mo Kio,3.56,Inactive
D03101,Angela Wright,Hatchback,Toa Payoh,4.7,Active
D03102,Katelyn Hickman,Electric,Toa Payoh,4.07,Active
D03103,Christopher Hoffman,Electric,Tampines,4.42,Active
D03104,Shawn Johnson,MPV,Jurong,3.52,Active
D03105,Jeffrey Curtis,SUV,Jurong,4.25,Active
D03106,Bianca Mercado,Hatchback,Punggol,3.72,Active
D03107,Melissa Stokes,MPV,Woodlands,3.7,Inactive
D03108,Diana Higgins,Sedan,Bedok,4.49,Active
D03109,Kristen Grimes,MPV,Yishun,4.14,Active
D03110,William Ramirez,Sedan,Toa Payoh,3.61,Active
D03111,Veronica Jensen,Sedan,Yishun,4.22,Active
D03112,Chad Vaughan,SUV,Singapore,4.13,Active
D03113,Tommy Alexander,SUV,Bishan,4.08,Active
D03114,Justin Tapia,Premium,Ang Mo Kio,4.13,Active
D03115,Michelle Proctor,SUV,Punggol,4.51,Active
D03116,Zachary Smith,Hatchback,Ang Mo Kio,4.16,Inactive
D03117,Shari Duncan,Electric,Singapore,3.65,Active
D03118,Scott Dickson,Premium,Ang Mo Kio,4.73,Active
D03119,Blake Murillo,SUV,Bishan,4.73,Active
D03120,Ann Moreno,Premium,Singapore,3.95,Active
D03121,Elizabeth Wilkinson,SUV,Woodlands,4.96,Active
D03122,Diane Williams,Sedan,Punggol,4.19,Active
D03123,Preston Thomas,Premium,Bishan,4.08,Active
D03124,Austin Cruz,Hatchback,Bishan,3.96,Active
D03125,Jonathan Gordon,SUV,Bishan,4.04,Suspended
D03126,Mr. Colton Roberts,MPV,Singapore,4.65,Active
D03127,Katherine Jones,Hatchback,Tampines,4.99,Active
D03128,Shawn Harding,Premium,Ang Mo Kio,4.24,Active
D03129,Samuel Clarke,Hatchback,Singapore,4.49,Active
D03130,Gabriel Brown,Premium,Bishan,3.91,Active
D03131,Michael Larson,MPV,Jurong,4.92,Active
D03132,Amy Alvarez,Premium,Yishun,4.7,Active
D03133,Roger Lyons,Electric,Woodlands,4.7,Active
D03134,Margaret Maddox,Premium,Ang Mo Kio,4.16,Suspended
D03135,Christina Esparza,Premium,Yishun,4.0,Active
D03136,James Collins,Premium,Bedok,4.83,Active
D03137,Emma Hall,Hatchback,Yishun,4.22,Active
D03138,Karen Jordan,Premium,Bedok,4.39,Inactive
D03139,Tonya Gray,Electric,Ang Mo Kio,4.35,Active
D03140,Lisa Anderson,Electric,Yishun,4.41,Active
D03141,Gary Dickson,MPV,Jurong,4.93,Active
D03142,Joanne Hill,Electric,Bedok,4.23,Active
D03143,Lisa Lewis,SUV,Tampines,4.19,Active
D03144,Daniel Henderson,Hatchback,Punggol,3.92,Active
D03145,Samantha Russell,Sedan,Woodlands,4.59,Active
D03146,James Gonzalez,Electric,Ang Mo Kio,4.32,Active
D03147,Alex Aguilar,Hatchback,Singapore,3.8,Active
D03148,Dr. Jennifer Taylor,Premium,Punggol,4.64,Active
D03149,Karen Hunt,Electric,Yishun,3.5,Active
D03150,Pamela Hensley,Hatchback,Tampines,4.98,Active
D03151,Cory Francis,Hatchback,Punggol,4.88,Active
D03152,James Stark II,Sedan,Punggol,4.96,Active
D03153,Michael Morgan,Electric,Toa Payoh,4.22,Active
D03154,Raymond Fox,Hatchback,Singapore,4.96,Active
D03155,Mary Harrison,Sedan,Woodlands,4.02,Active
D03156,Robert King,Electric,Tampines,4.44,Active
D03157,James Williams,Premium,Jurong,4.21,Active
D03158,Terri Robinson,Hatchback,Yishun,3.91,Active
D03159,Hector Burch,Sedan,Ang Mo Kio,4.91,Active
D03160,Eddie Burnett,Sedan,Bishan,4.47,Active
D03161,Austin David,MPV,Tampines,3.63,Active
D03162,John Reed,SUV,Singapore,4.74,Active
D03163,Whitney Harper,Hatchback,Ang Mo Kio,3.79,Active
D03164,Karl Freeman,SUV,Singapore,3.59,Active
D03165,Ryan Dyer,Sedan,Singapore,4.41,Inactive
D03166,Dr. George Benjamin,Sedan,Tampines,4.19,Active
D03167,Kevin Duran,MPV,Singapore,3.62,Active
D03168,Madison Avila,Hatchback,Punggol,4.63,Active
D03169,Paul Zhang,Premium,Ang Mo Kio,4.71,Active
D03170,Ann Smith,SUV,Singapore,3.66,Active
D03171,Karen Ramsey,Premium,Jurong,4.36,Active
D03172,Mark Mullen,Premium,Tampines,3.7,Active
D03173,Daniel Alexander,Premium,Toa Payoh,4.95,Active
D03174,Barbara Bailey,Premium,Yishun,4.86,Active
D03175,Justin Vasquez,SUV,Toa Payoh,4.0,Active
D03176,Cole White,Hatchback,Bishan,3.92,Active
D03177,Terry Diaz,SUV,Jurong,4.99,Active
D03178,Steven Williams,SUV,Ang Mo Kio,4.56,Active
D03179,Emma Swanson,Electric,Woodlands,4.26,Active
D03180,Joseph Wood,Hatchback,Singapore,4.67,Active
D03181,Michelle Douglas,Premium,Tampines,4.0,Active
D03182,Michelle Torres,SUV,Bishan,3.77,Active
D03183,Summer Mcdonald,Electric,Ang Mo Kio,3.86,Active
D03184,Ryan Ryan,MPV,Ang Mo Kio,4.1,Active
D03185,Jason Castillo,Premium,Punggol,4.52,Active
D03186,William Dixon,Sedan,Yishun,4.74,Active
D03187,Darlene Kerr,Premium,Bedok,4.4,Inactive
D03188,Jesse Barnes,Electric,Punggol,4.18,Active
D03189,James Campbell,Premium,Toa Payoh,3.54,Active
D03190,Sherry Johnson,Hatchback,Ang Mo Kio,3.59,Active
D03191,Susan Ho,Premium,Bishan,3.69,Active
D03192,Jason Lee,Premium,Jurong,3.69,Active
D03193,Edward Blanchard,Electric,Toa Payoh,3.91,Active
D03194,Priscilla Rodriguez,MPV,Toa Payoh,4.62,Active
D03195,Lauren Mays,Sedan,Bishan,4.82,Active
D03196,Brittany Mullins,Electric,Bedok,3.98,Active
D03197,Amanda Cobb,Hatchback,Woodlands,4.44,Active
D03198,Mark Rice,Electric,Bishan,3.94,Active
D03199,Savannah Thompson,Electric,Jurong,3.97,Active
D03200,Brett Howard,Electric,Ang Mo Kio,3.66,Inactive
D03201,Alan Collins,Hatchback,Yishun,4.7,Active
D03202,Joshua Norman,Hatchback,Toa Payoh,4.15,Active
D03203,Bryan Flores,Sedan,Yishun,4.51,Active
D03204,Alexis Ramirez,Hatchback,Tampines,4.55,Active
D03205,Hannah Valentine,Sedan,Woodlands,4.14,Active
D03206,Amanda Davis,MPV,Ang Mo Kio,3.64,Active
D03207,Brittany Jackson,SUV,Yishun,4.3,Active
D03208,Laura Carter,MPV,Tampines,3.99,Active
D03209,Angela Sanchez PhD,SUV,Toa Payoh,4.47,Active
D03210,Jennifer Smith,MPV,Punggol,4.67,Suspended
D03211,Joseph Elliott,Hatchback,Tampines,4.53,Active
D03212,Daisy Jones DVM,Sedan,Toa Payoh,3.77,Active
D03213,Karen Garcia,SUV,Singapore,3.85,Active
D03214,Misty Dorsey,Sedan,Woodlands,3.63,Active
D03215,Danny Montgomery,MPV,Singapore,4.4,Active
D03216,Jennifer Evans,Premium,Punggol,4.96,Active
D03217,Michael Huff,Premium,Toa Payoh,3.73,Active
D03218,Carla Davenport,SUV,Woodlands,4.29,Active
D03219,Phillip Henry,Premium,Woodlands,4.49,Active
D03220,Dale Lowe,Hatchback,Yishun,3.74,Active
D03221,John Gilbert,SUV,Punggol,3.57,Active
D03222,Joseph Ramos,MPV,Woodlands,4.77,Active
D03223,Ryan Evans,SUV,Woodlands,4.23,Active
D03224,Thomas Gomez,MPV,Tampines,3.68,Active
D03225,Nicole Jones,Premium,Toa Payoh,4.31,Inactive
D03226,Henry Dyer,Electric,Toa Payoh,4.51,Active
D03227,Kristopher Hurst,Sedan,Bedok,4.59,Active
D03228,Eugene Bates,Sedan,Punggol,3.74,Active
D03229,Jessica Peterson,MPV,Bishan,4.01,Suspended
D03230,Brittany Smith,SUV,Woodlands,4.9,Active
D03231,Kelly Simpson,Sedan,Toa Payoh,3.89,Active
D03232,John Martin,MPV,Jurong,4.91,Active
D03233,Nicolas Terry,Electric,Yishun,3.62,Active
D03234,Jason Rice,SUV,Punggol,4.14,Active
D03235,Richard Singh,Hatchback,Yishun,4.26,Inactive
D03236,Christopher Saunders,SUV,Ang Mo Kio,4.66,Active
D03237,Michael Wong,Premium,Ang Mo Kio,4.73,Inactive
D03238,Mary Patel,Electric,Punggol,4.78,Active
D03239,William Huynh,MPV,Bishan,4.85,Active
D03240,Jerome Prince,SUV,Jurong,4.75,Active
D03241,Scott Ortiz,Hatchback,Tampines,4.65,Active
D03242,Audrey Smith,Premium,Yishun,4.12,Inactive
D03243,James Howard,Premium,Tampines,3.78,Active
D03244,Randall Gould,MPV,Woodlands,3.99,Active
D03245,Ricky Garner,Electric,Singapore,4.14,Active
D03246,Ashley Wright,SUV,Ang Mo Kio,4.43,Inactive
D03247,Raymond Rodriguez,Premium,Woodlands,3.79,Active
D03248,Nicholas Jackson,SUV,Singapore,4.11,Active
D03249,Savannah Holt,Sedan,Singapore,4.39,Active
D03250,Amy Nunez,Electric,Bedok,3.94,Active
D03251,April Lynch,MPV,Tampines,3.62,Active
D03252,Vanessa Green,SUV,Bedok,4.98,Active
D03253,Jennifer Ross,Premium,Ang Mo Kio,4.26,Active
D03254,Michael Middleton,Premium,Ang Mo Kio,3.75,Active
D03255,James Mann,Electric,Woodlands,3.54,Active
D03256,Jason Lawrence,Premium,Toa Payoh,3.75,Active
D03257,Kevin Scott,Electric,Ang Mo Kio,4.43,Active
D03258,Travis Hart,Premium,Ang Mo Kio,3.98,Active
D03259,Dawn Little,MPV,Bishan,4.56,Active
D03260,David Brock,MPV,Bedok,3.86,Active
D03261,Laurie Duran,Sedan,Woodlands,3.96,Active
D03262,Katrina Nelson,Premium,Bishan,3.59,Active
D03263,Bob Adams,Electric,Woodlands,4.09,Active
D03264,Fred Lane,SUV,Singapore,3.97,Active
D03265,Paula Martinez,Hatchback,Jurong,4.61,Active
D03266,Jennifer Martin,SUV,Punggol,4.56,Active
D03267,Philip Smith,Sedan,Tampines,3.82,Active
D03268,George Garcia,Hatchback,Bedok,3.92,Active
D03269,Joshua Hammond,Hatchback,Bedok,4.51,Active
D03270,Melissa Contreras,Sedan,Bishan,4.84,Active
D03271,Christopher Shea,Sedan,Woodlands,4.47,Active
D03272,Paul Garner,MPV,Jurong,4.68,Active
D03273,Kelly Martin,Premium,Jurong,4.26,Active
D03274,Brandon Hanson,Hatchback,Toa Payoh,4.16,Active
D03275,Rodney Powell,MPV,Bedok,4.59,Active
D03276,Jessica Smith,Premium,Woodlands,4.53,Active
D03277,Maria Wright,Electric,Jurong,4.96,Active
D03278,Rachel Ryan,Electric,Ang Mo Kio,4.93,Active
D03279,Sierra Wang,Premium,Ang Mo Kio,4.6,Suspended
D03280,Donna Williamson,MPV,Bishan,4.81,Inactive
D03281,Daniel Manning,Electric,Bedok,3.86,Active
D03282,Alexander Phillips,Sedan,Bishan,3.77,Active
D03283,Robert Bryant,Premium,Yishun,4.67,Active
D03284,Anna Robertson,SUV,Ang Mo Kio,3.88,Active
D03285,Daniel Dennis,Sedan,Jurong,3.63,Active
D03286,Chase Medina,Electric,Woodlands,4.11,Active
D03287,Tracy Ware,Hatchback,Singapore,4.9,Active
D03288,Heather Moore,SUV,Punggol,4.81,Active
D03289,Kevin Marshall,Premium,Ang Mo Kio,4.42,Active
D03290,Emma Davis,Sedan,Singapore,4.22,Inactive
D03291,Chase Reyes,SUV,Bedok,4.73,Active
D03292,Victoria Rodriguez,SUV,Toa Payoh,4.27,Active
D03293,Chelsea Coleman,Sedan,Punggol,3.83,Active
D03294,Peter Williams,MPV,Jurong,4.39,Suspended
D03295,Melissa Becker,SUV,Toa Payoh,3.85,Inactive
D03296,Nicholas Warren,Premium,Toa Payoh,4.88,Inactive
D03297,Devin Smith,Premium,Ang Mo Kio,4.13,Active
D03298,Becky Douglas,Sedan,Toa Payoh,3.95,Active
D03299,Joseph Kennedy,Electric,Jurong,4.01,Active
D03300,Brian Young,SUV,Ang Mo Kio,4.29,Active
D03301,Katherine Mclaughlin,MPV,Yishun,4.8,Active
D03302,Bridget Morgan,Premium,Singapore,3.92,Active
D03303,Sandra Davila,Electric,Punggol,4.83,Active
D03304,Doris Smith,SUV,Woodlands,4.4,Active
D03305,Melissa Flores,Electric,Singapore,4.38,Active
D03306,Alyssa Ross,MPV,Yishun,3.9,Active
D03307,Joseph Owens,Hatchback,Yishun,4.28,Active
D03308,Peter Chung,MPV,Woodlands,4.71,Active
D03309,Kayla Mccoy,Hatchback,Yishun,3.8,Active
D03310,Ryan Jensen,MPV,Tampines,4.29,Active
D03311,Tim Stewart,Hatchback,Tampines,4.34,Active
D03312,Amanda Dawson,Electric,Ang Mo Kio,4.19,Active
D03313,Erika Barnes,MPV,Woodlands,3.54,Active
D03314,Nathan Olson,MPV,Jurong,3.73,Active
D03315,Derrick Byrd,Premium,Tampines,4.23,Active
D03316,Samantha Peterson,Hatchback,Ang Mo Kio,3.93,Inactive
D03317,Tina George,SUV,Punggol,4.07,Active
D03318,Harold Woods,Hatchback,Jurong,4.82,Active
D03319,Kathleen Morrison,Hatchback,Bishan,4.35,Active
D03320,Robert Berg,MPV,Bedok,3.86,Inactive
D03321,Melissa Wright,MPV,Bishan,4.05,Active
D03322,Maria Harris,Sedan,Woodlands,4.13,Active
D03323,Craig Perez,Hatchback,Toa Payoh,3.71,Active
D03324,Miss Melissa Rose MD,Hatchback,Singapore,3.84,Inactive
D03325,Richard Weber,MPV,Jurong,4.55,Active
D03326,Christopher Long,Premium,Bedok,4.97,Active
D03327,Kari Clark,Hatchback,Woodlands,4.91,Active
D03328,Kristina Martin,SUV,Punggol,4.64,Active
D03329,Mr. Logan Moore,SUV,Jurong,4.96,Suspended
D03330,Priscilla Rios,MPV,Toa Payoh,4.13,Inactive
D03331,Shawn Smith,Hatchback,Bishan,3.85,Active
D03332,Rachel Moses,MPV,Bishan,4.22,Active
D03333,Lacey Meyer,Hatchback,Toa Payoh,4.57,Active
D03334,Jimmy Walker,Sedan,Ang Mo Kio,4.91,Active
D03335,Jacob Peters,MPV,Toa Payoh,4.83,Active
D03336,Angela Burton,Electric,Ang Mo Kio,4.82,Active
D03337,Joy Diaz,Premium,Jurong,4.51,Active
D03338,Thomas Davenport,SUV,Bishan,4.99,Active
D03339,Brian Williams,Premium,Punggol,3.54,Active
D03340,Andrew Rivera,SUV,Bedok,4.5,Active
D03341,Sarah Obrien,Premium,Tampines,4.16,Active
D03342,Michael Pearson,Electric,Toa Payoh,3.95,Active
D03343,Jordan Scott,SUV,Woodlands,3.68,Active
D03344,Paige Barrett,Premium,Tampines,3.5,Active
D03345,Mikayla Kent,Electric,Tampines,4.65,Active
D03346,Jennifer Saunders,Hatchback,Toa Payoh,3.6,Active
D03347,Bradley Hatfield,Premium,Jurong,3.78,Active
D03348,Glenn Gibson,Sedan,Bishan,4.21,Active
D03349,Ryan Carr,Premium,Tampines,3.69,Active
D03350,Cynthia Swanson,Electric,Bishan,4.64,Active
D03351,Christy Rios,Electric,Woodlands,4.29,Active
D03352,Calvin English,Sedan,Toa Payoh,4.52,Active
D03353,April Sawyer,MPV,Bedok,3.54,Suspended
D03354,Scott Aguirre,Electric,Punggol,4.36,Active
D03355,Christopher Bernard,SUV,Tampines,4.3,Active
D03356,Kerry Brown,Sedan,Bishan,4.61,Active
D03357,Terry Stewart,Electric,Tampines,4.99,Active
D03358,John Stein,Electric,Singapore,3.69,Active
D03359,Patrick Lewis,Hatchback,Punggol,3.7,Active
D03360,Jonathan Peck,Electric,Singapore,4.43,Active
D03361,Nathaniel Tucker,Hatchback,Ang Mo Kio,3.61,Inactive
D03362,Micheal Stevens,Sedan,Woodlands,3.53,Active
D03363,Alexandra Martinez,MPV,Bishan,4.95,Active
D03364,Stephanie Smith,Sedan,Punggol,4.47,Active
D03365,Laura Rice,Electric,Bishan,3.62,Active
D03366,Alex Gardner,Hatchback,Tampines,3.9,Active
D03367,Valerie Rangel,Hatchback,Toa Payoh,3.91,Active
D03368,Allen Parker,SUV,Bedok,4.26,Active
D03369,Angela Thompson,Electric,Bishan,4.16,Active
D03370,Christopher Bennett,MPV,Bishan,4.75,Active
D03371,Cynthia Russell,Electric,Singapore,4.05,Active
D03372,Christopher Lewis,Premium,Toa Payoh,3.52,Active
D03373,Brian Watson,Sedan,Ang Mo Kio,4.49,Active
D03374,Janet Turner,SUV,Jurong,4.64,Active
D03375,Stephanie Zimmerman,Sedan,Tampines,4.98,Inactive
D03376,Suzanne Smith,Hatchback,Punggol,4.21,Active
D03377,Matthew Duncan,Electric,Bishan,4.69,Active
D03378,Jonathan Long,Electric,Toa Payoh,3.91,Active
D03379,Jordan Diaz,Hatchback,Singapore,4.87,Active
D03380,Crystal Novak,SUV,Ang Mo Kio,3.92,Active
D03381,Rachel Brady,SUV,Punggol,4.88,Active
D03382,Joanna Page,Electric,Woodlands,4.74,Active
D03383,James Bell,Premium,Ang Mo Kio,4.77,Active
D03384,Stephanie Mitchell,SUV,Tampines,3.7,Active
D03385,George Martinez,Sedan,Woodlands,4.07,Active
D03386,Laura Martin,SUV,Bishan,3.84,Active
D03387,Ann Taylor,Hatchback,Yishun,3.94,Active
D03388,Jennifer Weiss,Sedan,Woodlands,4.3,Active
D03389,Gregory Taylor,SUV,Ang Mo Kio,4.32,Active
D03390,James Coleman,SUV,Bishan,3.55,Active
D03391,William Curtis,MPV,Bedok,4.99,Active
D03392,Robert Douglas,Hatchback,Jurong,4.7,Active
D03393,John Buck,Sedan,Bishan,3.89,Active
D03394,Kathryn Johnson,Premium,Tampines,4.44,Inactive
D03395,Lauren Sheppard,Electric,Ang Mo Kio,4.73,Active
D03396,Jacqueline Brown,Hatchback,Bishan,4.67,Active
D03397,Shelly Smith,MPV,Bishan,4.66,Suspended
D03398,Blake Moore,Electric,Toa Payoh,4.03,Active
D03399,Olivia Bates,MPV,Woodlands,4.38,Active
D03400,Ricky Mccarthy,Electric,Bishan,4.48,Active
D03401,Karen Martinez,Electric,Toa Payoh,4.72,Active
D03402,Karen Leach,Sedan,Jurong,4.81,Active
D03403,Amber Moreno,SUV,Tampines,3.85,Active
D03404,Brandon Ashley,Electric,Woodlands,4.43,Active
D03405,Taylor Clarke,MPV,Bedok,4.95,Active
D03406,Nicholas Gutierrez,Sedan,Punggol,3.8,Active
D03407,Andrea Proctor,SUV,Toa Payoh,3.62,Active
D03408,Kathy Wilson,Hatchback,Punggol,3.81,Active
D03409,Corey Douglas,MPV,Yishun,4.62,Active
D03410,Karen Smith,Sedan,Jurong,3.77,Active
D03411,Ana Murray,Premium,Ang Mo Kio,3.7,Active
D03412,Lisa Bennett,SUV,Singapore,4.38,Inactive
D03413,Jacqueline Terry,MPV,Tampines,3.72,Active
D03414,Madison Arroyo,SUV,Singapore,3.63,Active
D03415,Angela Boyd,SUV,Jurong,4.84,Active
D03416,Brian Parker,Sedan,Woodlands,4.56,Active
D03417,William Hill,Hatchback,Tampines,4.24,Active
D03418,Gerald Fleming,Premium,Yishun,4.71,Active
D03419,Andrea Sampson,MPV,Tampines,3.83,Active
D03420,Michael Fernandez,Sedan,Woodlands,3.91,Active
D03421,Patricia Walters,Hatchback,Toa Payoh,4.32,Active
D03422,Dr. Jason Miller,Sedan,Bedok,4.61,Active
D03423,Kelly Barnett,Hatchback,Ang Mo Kio,3.9,Active
D03424,Mitchell Larsen,Premium,Tampines,3.57,Active
D03425,Sara White,Hatchback,Singapore,4.27,Active
D03426,Kristin Nguyen,Sedan,Woodlands,4.24,Active
D03427,Thomas Tucker,MPV,Tampines,3.55,Active
D03428,Sean Collins,Hatchback,Jurong,4.1,Active
D03429,Chloe Torres,Sedan,Toa Payoh,4.24,Active
D03430,Amber Mills,Premium,Bedok,4.76,Suspended
D03431,James Norman,Hatchback,Singapore,3.89,Active
D03432,Gregory Pacheco,Sedan,Singapore,3.61,Suspended
D03433,Nicholas Davis,MPV,Punggol,4.75,Active
D03434,Joseph Steele,MPV,Toa Payoh,3.98,Active
D03435,Daniel West,Hatchback,Bishan,4.65,Inactive
D03436,Miranda Santos,Electric,Tampines,4.58,Active
D03437,Laura Taylor,Premium,Punggol,4.81,Active
D03438,Joshua Murillo Jr.,Sedan,Woodlands,3.97,Active
D03439,Brad Ramirez,Electric,Ang Mo Kio,4.04,Active
D03440,Mr. Adam Reyes,Hatchback,Bishan,3.61,Inactive
D03441,Barry Diaz,MPV,Bishan,3.78,Active
D03442,Lacey Bryan,Electric,Ang Mo Kio,3.89,Active
D03443,Amanda Torres,SUV,Jurong,4.5,Active
D03444,Jessica Harvey,SUV,Bedok,4.38,Active
D03445,Robert Jones,Premium,Bedok,4.42,Active
D03446,Nancy Conway,Premium,Jurong,3.93,Active
D03447,Jessica Gentry,Sedan,Bedok,4.53,Active
D03448,Dana Brown,Hatchback,Ang Mo Kio,4.02,Inactive
D03449,Amanda Patel,Sedan,Singapore,4.66,Active
D03450,Lori Peterson,Sedan,Tampines,3.93,Active
D03451,Andrew Simpson,Sedan,Toa Payoh,3.99,Active
D03452,Joseph Mueller,Hatchback,Toa Payoh,4.72,Active
D03453,Pamela Phillips,Premium,Bedok,3.9,Active
D03454,Anne Good,Hatchback,Punggol,4.42,Active
D03455,Michelle Hayes,Hatchback,Tampines,3.79,Active
D03456,Linda Weaver,Hatchback,Bedok,3.78,Active
D03457,Susan Burke,MPV,Punggol,4.43,Active
D03458,Seth Martinez,MPV,Yishun,4.69,Active
D03459,David Howard,Electric,Bishan,4.3,Active
D03460,Leah Houston,Premium,Woodlands,4.19,Active
D03461,Darryl Ellison,Hatchback,Toa Payoh,3.64,Inactive
D03462,Jennifer Benton,MPV,Singapore,4.17,Active
D03463,Sophia Mckenzie,Sedan,Yishun,4.61,Inactive
D03464,Jamie Murillo,Premium,Bedok,4.72,Active
D03465,Jacob Solis,MPV,Punggol,4.69,Active
D03466,Mathew Maldonado Jr.,Sedan,Ang Mo Kio,4.36,Active
D03467,Kenneth Webster,Hatchback,Bedok,4.35,Active
D03468,Wendy Edwards,Sedan,Woodlands,4.93,Active
D03469,Barbara Wright,Sedan,Toa Payoh,4.65,Active
D03470,Tammy Mitchell,Electric,Yishun,3.68,Active
D03471,Diana Yoder,SUV,Punggol,4.59,Active
D03472,Edward Santos,Premium,Toa Payoh,4.69,Active
D03473,William Davis,MPV,Yishun,4.91,Active
D03474,Danny Mueller,Sedan,Yishun,4.46,Active
D03475,Jennifer Hooper,SUV,Bishan,4.48,Active
D03476,Kimberly Griffin,Sedan,Bedok,4.13,Active
D03477,Christopher Henry,Sedan,Yishun,4.66,Active
D03478,Barbara Lester,SUV,Singapore,3.52,Active
D03479,Ryan Richards,Electric,Woodlands,4.7,Active
D03480,Leslie Levy DVM,Electric,Jurong,3.69,Active
D03481,Melissa Patterson,SUV,Ang Mo Kio,4.49,Active
D03482,James Ramos,SUV,Tampines,4.93,Active
D03483,Jeffrey Castillo,MPV,Toa Payoh,4.15,Inactive
D03484,Sheila Ross,Sedan,Toa Payoh,3.83,Active
D03485,Michael Morris,Sedan,Punggol,4.56,Inactive
D03486,Maria Wilson,Premium,Bedok,4.74,Active
D03487,Derek Randolph,SUV,Tampines,4.61,Active
D03488,Charles Romero,Electric,Toa Payoh,4.44,Active
D03489,Carol Tanner,SUV,Bedok,3.92,Active
D03490,John Myers,SUV,Punggol,3.51,Active
D03491,Ann Hudson,Sedan,Punggol,3.83,Active
D03492,Joel Downs,MPV,Bedok,3.82,Active
D03493,Rebecca Pennington,SUV,Bedok,4.45,Active
D03494,Margaret Williams,SUV,Bishan,3.54,Active
D03495,Clinton Walker,Premium,Tampines,4.28,Active
D03496,Victoria Henry,Premium,Punggol,4.4,Active
D03497,Kristin Bailey,Electric,Singapore,3.92,Active
D03498,Brett Murray,Hatchback,Yishun,4.65,Inactive
D03499,Kathleen Gray,MPV,Tampines,4.46,Active
D03500,Teresa Weaver,Electric,Toa Payoh,4.58,Active
D03501,Kevin Bray,MPV,Woodlands,4.41,Active
D03502,George Garcia,Sedan,Bishan,4.84,Active
D03503,Matthew Clark,SUV,Toa Payoh,4.91,Active
D03504,John Gibson,MPV,Woodlands,4.15,Active
D03505,Joshua Roberts,MPV,Singapore,4.1,Active
D03506,Rachel Cox,MPV,Tampines,4.89,Active
D03507,Eric Lopez,Sedan,Punggol,4.69,Inactive
D03508,Michael Watts,Premium,Ang Mo Kio,4.16,Inactive
D03509,Dylan Maddox,Hatchback,Jurong,3.98,Active
D03510,Andrew Carter,Hatchback,Ang Mo Kio,4.42,Active
D03511,Jacob Walls,SUV,Ang Mo Kio,4.76,Active
D03512,Kristen Choi,MPV,Woodlands,3.77,Active
D03513,Grace Gomez,MPV,Jurong,3.79,Active
D03514,Faith Wallace,Premium,Punggol,4.01,Active
D03515,David Jackson,MPV,Toa Payoh,4.42,Active
D03516,Randy Shah,Sedan,Woodlands,3.97,Suspended
D03517,Kimberly Hale,SUV,Woodlands,4.53,Active
D03518,Nicole Hernandez,Hatchback,Yishun,3.74,Active
D03519,Christian Webb,Premium,Bedok,4.87,Active
D03520,Deborah Strickland,MPV,Yishun,4.98,Active
D03521,Michael Luna,Electric,Singapore,4.29,Active
D03522,Brianna Sanchez,Hatchback,Yishun,4.75,Active
D03523,Stephen Powell,Sedan,Yishun,4.47,Active
D03524,Dana Weiss,Sedan,Singapore,4.55,Active
D03525,Robert Williams,Electric,Woodlands,4.94,Inactive
D03526,Rodney Mclaughlin,MPV,Ang Mo Kio,4.58,Active
D03527,Alan Owens,Premium,Woodlands,3.71,Active
D03528,Ethan Jones,Hatchback,Ang Mo Kio,4.57,Inactive
D03529,Brent Pope,Premium,Toa Payoh,4.17,Active
D03530,Susan Lopez,Hatchback,Bishan,4.62,Active
D03531,Amy Johnson,Electric,Bedok,3.53,Active
D03532,Aaron Price,Premium,Woodlands,4.95,Active
D03533,Allison Allen,SUV,Singapore,4.91,Active
D03534,Mary Harris,MPV,Toa Payoh,4.94,Active
D03535,Todd Gross,SUV,Punggol,3.56,Active
D03536,Bryan Owens,Sedan,Bishan,4.06,Active
D03537,Crystal Sims,MPV,Bishan,4.46,Active
D03538,Betty Quinn,Hatchback,Punggol,3.84,Active
D03539,Brittany Stokes,Electric,Jurong,4.97,Active
D03540,David Garcia,Sedan,Tampines,3.58,Active
D03541,Keith Gardner,MPV,Punggol,4.98,Active
D03542,Terri Arroyo,SUV,Punggol,3.61,Active
D03543,Tina Chambers,Electric,Toa Payoh,4.35,Active
D03544,Nichole Fletcher,Sedan,Punggol,3.69,Active
D03545,Alejandro Williams,Premium,Yishun,4.45,Active
D03546,Blake Reyes,Sedan,Woodlands,4.35,Active
D03547,Nicole Cole,Sedan,Yishun,3.56,Active
D03548,Alan Patrick,SUV,Yishun,4.53,Active
D03549,David Reyes,Electric,Jurong,4.19,Inactive
D03550,Raymond Clark,MPV,Woodlands,4.77,Active
D03551,Brenda Patton,MPV,Bedok,3.95,Active
D03552,Susan Ramos,Premium,Toa Payoh,4.67,Active
D03553,Todd Christian,MPV,Toa Payoh,3.81,Active
D03554,Jamie Davis,Premium,Punggol,3.9,Suspended
D03555,John Santana,MPV,Jurong,4.74,Active
D03556,Henry Edwards,Sedan,Yishun,4.23,Active
D03557,Sean Davis,Hatchback,Bedok,4.59,Active
D03558,Alexander Spencer,Premium,Bedok,4.39,Inactive
D03559,Travis Rodriguez,MPV,Bedok,4.09,Active
D03560,Karen Delgado,Hatchback,Singapore,4.75,Active
D03561,Annette Butler,Electric,Jurong,4.0,Active
D03562,Jeffrey Gray,Sedan,Woodlands,4.86,Active
D03563,Terry Case,Hatchback,Singapore,4.38,Active
D03564,Rhonda Strickland,Hatchback,Punggol,4.61,Active
D03565,Cheryl Travis,SUV,Tampines,4.84,Active
D03566,Michael Gonzalez,Hatchback,Bishan,4.41,Active
D03567,Daniel Gross,MPV,Tampines,3.83,Active
D03568,Sabrina Bautista,MPV,Woodlands,3.63,Active
D03569,Brad Lee,Electric,Jurong,3.9,Active
D03570,Micheal Mccormick,Hatchback,Bedok,4.85,Active
D03571,Amber Bray,Sedan,Bishan,4.05,Active
D03572,Keith Johnson,SUV,Yishun,4.65,Active
D03573,Cody Hoffman,Hatchback,Toa Payoh,4.68,Active
D03574,Jacqueline Lewis,MPV,Toa Payoh,3.82,Active
D03575,Amy Morris,MPV,Yishun,3.72,Active
D03576,Nicholas Butler,Premium,Singapore,4.87,Active
D03577,Brian Anderson,Hatchback,Yishun,4.13,Active
D03578,Joseph Key,Electric,Yishun,4.07,Active
D03579,Kelly Fox,Electric,Singapore,3.75,Active
D03580,Joseph Weber,Sedan,Bishan,4.97,Active
D03581,Anthony Mcdaniel,Hatchback,Toa Payoh,3.59,Active
D03582,Aaron Gillespie,Hatchback,Bishan,4.67,Active
D03583,Albert Rivera,Premium,Tampines,4.66,Active
D03584,Joseph Smith,Electric,Jurong,3.79,Active
D03585,Mary Martin,Premium,Singapore,3.94,Active
D03586,James Gray,MPV,Punggol,4.36,Active
D03587,Jamie Hicks,SUV,Bishan,3.61,Active
D03588,Kenneth Stephens,Premium,Bedok,4.1,Inactive
D03589,Kim Collins,MPV,Punggol,4.88,Active
D03590,Shari Banks,Hatchback,Bishan,4.6,Active
D03591,Derrick Bryan,Sedan,Punggol,3.77,Active
D03592,Rebecca Scott,SUV,Jurong,4.38,Active
D03593,Kimberly Perry,SUV,Singapore,4.65,Active
D03594,Aaron Gallegos,Hatchback,Bedok,3.79,Active
D03595,Jeremy Flores,Premium,Woodlands,4.15,Active
D03596,Cody Ramsey,Hatchback,Toa Payoh,4.32,Active
D03597,Amy Moyer,Electric,Singapore,4.42,Active
D03598,Amy Bates,Electric,Bedok,3.63,Active
D03599,Jennifer Chen,SUV,Woodlands,3.99,Active
D03600,Nathan Woodward,SUV,Jurong,3.94,Active
D03601,Bradley Trevino,Hatchback,Bedok,4.4,Active
D03602,Denise Price,Electric,Singapore,3.69,Inactive
D03603,Lisa Butler,Premium,Tampines,4.82,Active
D03604,Cynthia Howard,SUV,Toa Payoh,4.17,Active
D03605,Kristine Zuniga,SUV,Bishan,3.93,Active
D03606,Antonio Coleman,Sedan,Singapore,4.39,Active
D03607,Dana Brown,SUV,Singapore,3.85,Active
D03608,Derrick Crawford,Hatchback,Yishun,4.72,Active
D03609,Alexis Sandoval,Premium,Bedok,4.96,Active
D03610,Duane Price,Premium,Jurong,3.61,Active
D03611,Cynthia Roach,SUV,Toa Payoh,4.28,Active
D03612,John White,Hatchback,Punggol,3.99,Active
D03613,Julie Kelly,MPV,Singapore,4.97,Active
D03614,Scott Evans,MPV,Ang Mo Kio,4.92,Active
D03615,Jenna Lynn,Electric,Singapore,4.68,Active
D03616,Tyler Burnett,Sedan,Bedok,4.57,Active
D03617,Stephen Adkins,Premium,Yishun,3.9,Active
D03618,Nicole Fowler,SUV,Jurong,4.15,Active
D03619,Joshua Tyler,Sedan,Ang Mo Kio,4.5,Inactive
D03620,Katherine Morris,Sedan,Bishan,4.57,Active
D03621,Michelle Cisneros,SUV,Woodlands,4.34,Active
D03622,Jesus Williams,Electric,Ang Mo Kio,4.25,Inactive
D03623,Stephanie Villanueva,Premium,Punggol,4.86,Active
D03624,Jason Nguyen,Sedan,Bedok,4.78,Active
D03625,Marvin Dillon,SUV,Singapore,3.81,Active
D03626,Heidi Morris,Hatchback,Ang Mo Kio,4.24,Active
D03627,Christine Meyers,SUV,Bishan,4.0,Active
D03628,Dr. Victor Crosby,Hatchback,Bishan,3.97,Active
D03629,Brenda Hart,MPV,Bishan,3.6,Active
D03630,Alyssa Duncan,Sedan,Bishan,4.82,Active
D03631,Amy Lowery,Premium,Bedok,3.7,Inactive
D03632,Jessica Smith,MPV,Jurong,4.17,Active
D03633,Dr. Betty Thomas,Sedan,Ang Mo Kio,3.71,Active
D03634,Michelle Knight,MPV,Tampines,4.0,Active
D03635,Virginia Estrada,Sedan,Tampines,4.91,Active
D03636,Joanna Alexander,Hatchback,Punggol,3.67,Active
D03637,Makayla Smith,Electric,Jurong,4.0,Active
D03638,Theodore Peters,Premium,Yishun,3.5,Active
D03639,Ashley Watts,Electric,Singapore,3.97,Active
D03640,Derrick Hansen,MPV,Singapore,3.57,Active
D03641,Maria Irwin,Premium,Jurong,3.72,Inactive
D03642,Deborah Baldwin,Hatchback,Bedok,3.96,Active
D03643,David Day,Premium,Tampines,4.64,Active
D03644,Richard Sanchez,Electric,Bedok,3.61,Active
D03645,Mr. Matthew Taylor,Electric,Jurong,4.36,Inactive
D03646,Krystal Wood,Electric,Punggol,4.42,Active
D03647,Latoya Lee,Sedan,Tampines,4.08,Active
D03648,Caitlin Chambers,Premium,Bedok,4.41,Active
D03649,Peter Chan,MPV,Tampines,4.47,Active
D03650,Jonathan Hill,SUV,Bedok,4.55,Inactive
D03651,Alexandra Murray,Electric,Tampines,4.61,Active
D03652,Jon Griffith,Electric,Toa Payoh,4.07,Active
D03653,Amy Bailey,SUV,Jurong,4.54,Active
D03654,Destiny Franklin,Electric,Woodlands,4.94,Active
D03655,Jillian Silva,SUV,Yishun,3.74,Inactive
D03656,Derek Cox,Electric,Ang Mo Kio,4.39,Active
D03657,Gary Cortez,Sedan,Yishun,4.37,Active
D03658,Kevin Lynch,SUV,Yishun,3.78,Active
D03659,Patricia Byrd,SUV,Woodlands,3.79,Active
D03660,James Gutierrez,Premium,Jurong,4.66,Active
D03661,Arthur Lynch,SUV,Bedok,4.27,Inactive
D03662,Nicholas Hoffman,SUV,Singapore,3.85,Active
D03663,John Reed,MPV,Toa Payoh,4.3,Active
D03664,Brian Campbell,Sedan,Bedok,4.63,Active
D03665,Melissa Wright,Electric,Bishan,4.52,Active
D03666,Thomas Pierce,Sedan,Singapore,4.45,Active
D03667,Jack Osborn,Hatchback,Jurong,3.72,Active
D03668,Joshua Simpson,Sedan,Tampines,4.67,Active
D03669,Tracey Wyatt,Hatchback,Punggol,3.91,Active
D03670,Allison Hunter,Hatchback,Jurong,4.9,Inactive
D03671,Sharon Hodge,SUV,Woodlands,4.1,Active
D03672,Taylor Flores,MPV,Jurong,4.98,Active
D03673,Grant Ramirez,MPV,Bedok,3.82,Active
D03674,Kyle Cobb,Sedan,Singapore,4.03,Active
D03675,Michael Marks,Electric,Jurong,4.29,Active
D03676,Amber Jackson MD,SUV,Bedok,4.11,Active
D03677,Timothy Fuller,SUV,Toa Payoh,4.3,Inactive
D03678,Richard Carr,Hatchback,Toa Payoh,4.61,Active
D03679,Matthew Thomas,MPV,Tampines,4.75,Active
D03680,Franklin Johnson,Premium,Bishan,3.76,Active
D03681,Jennifer Thomas,MPV,Ang Mo Kio,4.37,Active
D03682,Brian Jones,SUV,Singapore,4.54,Active
D03683,William Harris,MPV,Bedok,3.92,Active
D03684,Julie Perry,Electric,Tampines,4.77,Active
D03685,Johnny Smith,Premium,Ang Mo Kio,4.38,Active
D03686,Stephanie Rodriguez,SUV,Bedok,4.64,Active
D03687,Eduardo Cohen,Hatchback,Toa Payoh,3.98,Active
D03688,Misty Jones,Hatchback,Ang Mo Kio,4.87,Active
D03689,Nathaniel Wright,MPV,Yishun,4.26,Active
D03690,Jeremy Lewis,Sedan,Tampines,4.33,Active
D03691,Deborah Compton,Sedan,Punggol,4.28,Active
D03692,Gwendolyn Malone,Hatchback,Ang Mo Kio,4.94,Active
D03693,Latoya Hayes,Electric,Bishan,4.44,Active
D03694,Justin Bond,Electric,Jurong,4.53,Suspended
D03695,Matthew Price,MPV,Ang Mo Kio,3.63,Active
D03696,Maurice Lopez,Sedan,Jurong,4.33,Active
D03697,Jennifer Bartlett,Hatchback,Tampines,3.77,Active
D03698,William Nelson Jr.,Premium,Punggol,4.1,Active
D03699,Terrence Lamb,Sedan,Tampines,3.88,Active
D03700,Brenda Rodgers,SUV,Woodlands,3.77,Inactive
D03701,Paul Snow,MPV,Ang Mo Kio,4.27,Active
D03702,Erica Taylor,Hatchback,Woodlands,3.54,Active
D03703,Diana Merritt,Electric,Yishun,3.59,Active
D03704,Cassie Jacobs,MPV,Toa Payoh,3.54,Active
D03705,Jessica Wilson,Hatchback,Jurong,4.79,Inactive
D03706,April Gutierrez,Electric,Woodlands,4.32,Suspended
D03707,Catherine Jones,Sedan,Yishun,4.03,Active
D03708,Philip Richardson,Premium,Singapore,4.77,Active
D03709,Jacob Soto,Hatchback,Toa Payoh,4.56,Active
D03710,Lisa Davis,SUV,Toa Payoh,3.79,Active
D03711,Mark Silva,Hatchback,Tampines,4.25,Active
D03712,James Hardin,Hatchback,Ang Mo Kio,4.72,Inactive
D03713,Colin Arnold DDS,MPV,Toa Payoh,4.81,Active
D03714,Sarah Salazar,Hatchback,Bedok,4.75,Active
D03715,Casey Horn,Premium,Tampines,4.71,Active
D03716,Manuel Ramirez,Electric,Bedok,4.57,Active
D03717,Brianna Johnson,SUV,Yishun,4.54,Active
D03718,Hannah Krause,SUV,Yishun,3.77,Active
D03719,Justin Henry,Electric,Singapore,4.28,Active
D03720,Madeline Martinez,MPV,Ang Mo Kio,4.0,Active
D03721,Kimberly Sharp,Sedan,Ang Mo Kio,4.42,Active
D03722,Scott Camacho,SUV,Tampines,4.83,Active
D03723,Carolyn Chavez,SUV,Tampines,3.58,Active
D03724,Randy Love,Premium,Jurong,3.71,Active
D03725,John Ellis,Hatchback,Toa Payoh,4.75,Active
D03726,Patricia Ellison,Hatchback,Punggol,4.37,Active
D03727,Kathleen Goodman,MPV,Bedok,4.46,Active
D03728,Timothy Miller,Sedan,Tampines,3.54,Active
D03729,Tammie Collins,Premium,Toa Payoh,4.87,Active
D03730,Debbie Gordon,Premium,Singapore,3.57,Active
D03731,Zachary Morgan,Hatchback,Punggol,3.75,Active
D03732,Kenneth Shaw,MPV,Woodlands,3.63,Active
D03733,Spencer Lopez,Electric,Bishan,3.75,Active
D03734,Mario Nguyen,Sedan,Bishan,3.89,Active
D03735,Nathan Contreras,MPV,Jurong,3.56,Active
D03736,Alicia Benson,MPV,Toa Payoh,4.41,Active
D03737,Summer Hughes,Hatchback,Singapore,4.73,Active
D03738,Alyssa Mclaughlin,MPV,Ang Mo Kio,4.02,Active
D03739,Miss Christina Price,Sedan,Singapore,4.82,Active
D03740,Troy Thompson,SUV,Bedok,3.67,Active
D03741,Connor Gonzalez,MPV,Toa Payoh,4.15,Active
D03742,Casey Stanley,Sedan,Punggol,4.87,Active
D03743,Christopher Smith,Electric,Singapore,4.47,Inactive
D03744,Veronica Flores,Hatchback,Ang Mo Kio,4.07,Active
D03745,Ernest Silva,MPV,Yishun,4.1,Active
D03746,Mark Sanders,SUV,Woodlands,3.92,Active
D03747,Thomas Pacheco,Premium,Singapore,4.65,Active
D03748,Melissa Wilson,Hatchback,Woodlands,3.85,Inactive
D03749,Andrew Hebert,Sedan,Tampines,4.43,Active
D03750,Kelly Clark,Premium,Punggol,3.71,Active
D03751,Stephanie Sanchez,Hatchback,Bishan,4.99,Active
D03752,Bianca Smith,Premium,Jurong,4.02,Inactive
D03753,Alexandra Green,SUV,Jurong,4.65,Active
D03754,Robert Bryant,Electric,Tampines,4.39,Active
D03755,Cassandra Mitchell,SUV,Jurong,4.66,Active
D03756,Cody Coleman,SUV,Ang Mo Kio,4.46,Suspended
D03757,Patricia Estes,Sedan,Ang Mo Kio,4.61,Active
D03758,Lindsey Alvarez,Electric,Punggol,3.88,Active
D03759,Joshua Cline,Hatchback,Singapore,4.21,Active
D03760,Jeremy Barry,SUV,Yishun,4.04,Active
D03761,Nathaniel Valdez,SUV,Woodlands,3.96,Active
D03762,Jocelyn Miller,Electric,Punggol,4.1,Active
D03763,Rebecca Walker,Sedan,Toa Payoh,3.8,Active
D03764,Carlos Schneider,MPV,Bedok,4.52,Active
D03765,Leah Mckinney,Electric,Punggol,3.92,Active
D03766,Jeremy Donaldson,SUV,Bedok,3.79,Active
D03767,Kevin Lee,Premium,Toa Payoh,4.3,Active
D03768,Tracy Wyatt,Electric,Tampines,4.45,Active
D03769,Mark Howard,Premium,Singapore,3.8,Inactive
D03770,Susan Shaw,MPV,Tampines,4.17,Active
D03771,Courtney Parsons,MPV,Toa Payoh,4.1,Active
D03772,Jessica Anthony,Premium,Tampines,3.63,Active
D03773,Julie Williams,Premium,Jurong,3.96,Active
D03774,Laura Rodriguez,SUV,Singapore,4.63,Active
D03775,David Morris,MPV,Toa Payoh,4.7,Active
D03776,Cynthia Butler MD,Sedan,Woodlands,3.61,Active
D03777,Andre Allen,SUV,Ang Mo Kio,4.91,Active
D03778,Barbara Rich MD,SUV,Bishan,4.57,Active
D03779,Sharon Parker,MPV,Woodlands,4.04,Active
D03780,Matthew Ritter,SUV,Jurong,3.55,Active
D03781,Benjamin Nicholson,SUV,Bedok,4.62,Active
D03782,Erin Acevedo,Premium,Ang Mo Kio,3.77,Suspended
D03783,Elizabeth Murray,SUV,Ang Mo Kio,3.86,Active
D03784,Johnny Ryan,Hatchback,Tampines,3.87,Active
D03785,Francisco Diaz,SUV,Tampines,4.14,Active
D03786,Samantha Gutierrez,Sedan,Bishan,4.95,Active
D03787,Ryan Moreno,Hatchback,Singapore,3.96,Suspended
D03788,Vanessa Hatfield,MPV,Bedok,4.62,Active
D03789,William Proctor,Premium,Bedok,4.38,Active
D03790,Benjamin Berry,Premium,Ang Mo Kio,4.68,Active
D03791,Paul Walton,SUV,Toa Payoh,4.36,Active
D03792,Andrew Meadows,Premium,Bishan,4.29,Active
D03793,Sara Rodriguez,Premium,Punggol,3.55,Active
D03794,Felicia Trujillo,Premium,Toa Payoh,4.61,Active
D03795,Hannah Watson,Sedan,Tampines,4.14,Inactive
D03796,Philip Garcia,SUV,Jurong,3.6,Active
D03797,Travis Weeks,Sedan,Ang Mo Kio,3.62,Active
D03798,Miss Maureen Pineda,Premium,Bedok,3.91,Active
D03799,Katie Green,Hatchback,Bishan,4.41,Active
D03800,John Melton,Electric,Ang Mo Kio,4.3,Active
D03801,Andrew Swanson,Sedan,Yishun,3.91,Active
D03802,Stephanie Romero,Hatchback,Punggol,4.35,Active
D03803,Jeanette Edwards,Premium,Woodlands,4.45,Active
D03804,Brittney Marks,Hatchback,Tampines,4.82,Active
D03805,Dylan Roman,Hatchback,Woodlands,3.88,Active
D03806,Tiffany Graham,Premium,Tampines,3.91,Active
D03807,Deanna Larsen,MPV,Bedok,4.25,Active
D03808,Monica Burton,SUV,Toa Payoh,4.43,Active
D03809,Anthony Hayes,Hatchback,Punggol,4.72,Active
D03810,Lisa Warren,Hatchback,Yishun,3.87,Active
D03811,Jeremy Nelson,Premium,Tampines,4.52,Active
D03812,Duane Choi,Hatchback,Bishan,4.1,Active
D03813,Matthew Yang,Premium,Woodlands,4.93,Active
D03814,Cynthia Wright,Hatchback,Jurong,4.59,Active
D03815,Alexander Crawford,SUV,Jurong,3.66,Active
D03816,Garrett Roman,SUV,Jurong,4.34,Active
D03817,Samantha Schwartz,MPV,Ang Mo Kio,4.9,Suspended
D03818,Dominic Smith,Sedan,Bishan,4.5,Active
D03819,Bobby Cruz,SUV,Ang Mo Kio,4.43,Active
D03820,Daniel Payne,Electric,Yishun,4.94,Active
D03821,Angela Pugh,Sedan,Bishan,3.54,Active
D03822,Laura Huff,Premium,Bishan,3.75,Active
D03823,Steven Wright,Premium,Ang Mo Kio,4.34,Active
D03824,Sean Hampton,Hatchback,Woodlands,4.44,Active
D03825,Krista Acosta,MPV,Jurong,4.41,Active
D03826,Lawrence Kelley,SUV,Woodlands,3.83,Active
D03827,Amy Horne,Hatchback,Ang Mo Kio,4.26,Active
D03828,Tiffany Trevino,Sedan,Punggol,3.58,Active
D03829,James Davis,Sedan,Ang Mo Kio,4.68,Active
D03830,Matthew Lawson,Electric,Toa Payoh,3.51,Active
D03831,Bobby Gallagher,MPV,Tampines,4.45,Active
D03832,Scott Haney,Hatchback,Toa Payoh,4.59,Active
D03833,Teresa Jones,Hatchback,Tampines,4.67,Active
D03834,Gregory Miller,SUV,Toa Payoh,3.81,Active
D03835,Michelle Williams MD,Hatchback,Punggol,4.75,Active
D03836,Jennifer Mills,MPV,Ang Mo Kio,4.89,Active
D03837,Mr. John Hernandez Jr.,Premium,Bedok,4.61,Active
D03838,Stephen Ross,Premium,Ang Mo Kio,3.87,Active
D03839,James Patton,Sedan,Woodlands,3.76,Active
D03840,Timothy Watkins,SUV,Jurong,4.04,Active
D03841,Kathleen Johnson,Sedan,Toa Payoh,4.35,Active
D03842,Jessica Hamilton,MPV,Ang Mo Kio,4.16,Active
D03843,Kenneth Stewart,Hatchback,Toa Payoh,4.38,Active
D03844,Anna Lewis,Premium,Punggol,4.0,Active
D03845,Robert Torres,Premium,Punggol,4.32,Active
D03846,Nancy Richardson,Hatchback,Toa Payoh,4.18,Active
D03847,William Williams,Sedan,Tampines,3.6,Active
D03848,Dorothy Peters,Electric,Yishun,4.79,Active
D03849,Nathaniel Ross,Hatchback,Yishun,4.38,Active
D03850,Andrew Hansen,SUV,Ang Mo Kio,3.95,Active
D03851,Erin Miller,Electric,Bedok,4.81,Active
D03852,Adam Evans,Premium,Tampines,4.5,Active
D03853,Savannah Cruz,Premium,Toa Payoh,4.52,Active
D03854,Kevin Simpson,Sedan,Bedok,3.88,Active
D03855,Matthew Peters,Premium,Singapore,4.75,Active
D03856,Anthony Chang,Hatchback,Tampines,4.72,Active
D03857,Melissa Hall,Hatchback,Yishun,4.01,Active
D03858,John Murphy,Hatchback,Tampines,4.62,Active
D03859,Kathryn Burns,MPV,Toa Payoh,4.13,Inactive
D03860,Kyle Hill,Premium,Yishun,4.17,Active
D03861,Jonathon Cook,Sedan,Punggol,4.92,Active
D03862,Douglas Grant,Electric,Bedok,4.97,Active
D03863,Megan Thompson,Premium,Woodlands,3.86,Active
D03864,Paula Hayden,Sedan,Woodlands,4.35,Inactive
D03865,Christopher Parrish,Electric,Bedok,4.11,Active
D03866,Deborah Glenn,Premium,Woodlands,3.6,Active
D03867,Matthew Schneider,Sedan,Ang Mo Kio,3.51,Active
D03868,Robert Morris,Electric,Punggol,4.92,Active
D03869,Paul Ward,SUV,Tampines,4.84,Active
D03870,Carl Poole,Hatchback,Tampines,4.27,Active
D03871,Caroline Jenkins,Sedan,Bedok,3.63,Suspended
D03872,Eric Perez,MPV,Bishan,4.31,Active
D03873,Jason Kim,Electric,Bedok,4.04,Active
D03874,Jane Doyle,Electric,Ang Mo Kio,4.1,Active
D03875,Andrew Reyes,Hatchback,Ang Mo Kio,3.64,Active
D03876,Anthony Cardenas,MPV,Ang Mo Kio,4.97,Active
D03877,Christopher Koch,Sedan,Toa Payoh,3.91,Active
D03878,Brenda Turner,Hatchback,Ang Mo Kio,3.67,Active
D03879,Walter Gonzalez,Electric,Bedok,4.14,Active
D03880,Victor Taylor,Premium,Toa Payoh,4.77,Active
D03881,Mr. Austin Bradford,Electric,Jurong,4.38,Active
D03882,Brenda Williams,Premium,Ang Mo Kio,4.27,Active
D03883,Kevin Powell,Hatchback,Yishun,4.36,Active
D03884,Kristy Bailey,Sedan,Yishun,3.7,Active
D03885,William Schultz Jr.,MPV,Bedok,4.19,Active
D03886,Aaron Perez,Premium,Yishun,4.62,Active
D03887,Erin Moody,SUV,Tampines,4.09,Active
D03888,Brooke Horton,Electric,Tampines,3.85,Active
D03889,Theresa Cunningham,SUV,Bishan,4.23,Active
D03890,Susan Ford,Premium,Singapore,4.66,Inactive
D03891,Amanda Thompson PhD,Electric,Singapore,4.55,Inactive
D03892,Alicia Mason,SUV,Jurong,4.74,Active
D03893,Hannah Daniels,Electric,Bishan,4.55,Active
D03894,Amy Davis,Premium,Bedok,3.78,Active
D03895,Cheryl Hill,MPV,Bedok,4.26,Active
D03896,Maurice Mercado,SUV,Yishun,3.61,Active
D03897,Ann Hunt,Sedan,Jurong,4.84,Active
D03898,Jon Williams,SUV,Bedok,4.31,Active
D03899,Ashley Phillips,Sedan,Woodlands,3.85,Active
D03900,Sarah Stewart,Sedan,Ang Mo Kio,4.5,Active
D03901,Andrew Donovan,Sedan,Ang Mo Kio,3.54,Active
D03902,Pamela Parker,Sedan,Bedok,4.87,Active
D03903,John Price,Premium,Woodlands,4.25,Active
D03904,Connie Molina,Sedan,Bishan,4.65,Active
D03905,Dr. Jamie Davis,MPV,Ang Mo Kio,4.5,Active
D03906,Mary Santana,Electric,Tampines,4.58,Active
D03907,Nicholas Hernandez,Hatchback,Woodlands,3.68,Active
D03908,Jared Jones,SUV,Tampines,4.04,Active
D03909,Christina Campbell,Electric,Toa Payoh,4.6,Active
D03910,Kenneth Olsen,Hatchback,Jurong,4.9,Active
D03911,Michael Lucas,Premium,Ang Mo Kio,4.03,Active
D03912,Robert Shaw,Electric,Jurong,4.25,Active
D03913,Cindy Zavala,Electric,Toa Payoh,4.12,Active
D03914,Douglas Wade,Premium,Bishan,3.88,Active
D03915,Natalie Bell,MPV,Singapore,3.82,Active
D03916,Kevin Thompson,Premium,Bishan,4.5,Inactive
D03917,Joseph Clark,SUV,Ang Mo Kio,4.82,Active
D03918,Ray Riley,Hatchback,Tampines,3.96,Active
D03919,Brenda Woods,SUV,Punggol,4.24,Active
D03920,Gina Patel,MPV,Jurong,4.63,Inactive
D03921,Isaac Sosa,Electric,Ang Mo Kio,3.86,Active
D03922,Robert King,SUV,Tampines,4.74,Active
D03923,David Goodwin,MPV,Bedok,3.63,Inactive
D03924,Michael Daniels,Premium,Singapore,3.76,Active
D03925,Brandon Bruce,Hatchback,Bedok,4.67,Active
D03926,Travis Brown,SUV,Bedok,4.24,Active
D03927,Kaitlin Roberts,SUV,Woodlands,4.11,Active
D03928,Kaitlyn Pham,SUV,Bishan,4.66,Active
D03929,Heather Tran,Hatchback,Singapore,4.03,Active
D03930,Danielle Walton,Premium,Toa Payoh,4.13,Inactive
D03931,Kim Kennedy,MPV,Bedok,4.01,Active
D03932,Anna Murphy,Sedan,Singapore,3.7,Active
D03933,Anthony Burnett,Sedan,Punggol,3.72,Active
D03934,Stephanie Mcclain,Sedan,Ang Mo Kio,4.12,Active
D03935,Belinda Lewis,SUV,Bishan,3.56,Active
D03936,Deanna Morris,Premium,Tampines,3.65,Active
D03937,George White,Electric,Jurong,3.66,Active
D03938,Laurie May,Sedan,Bedok,4.35,Active
D03939,Christine Jenkins,Sedan,Woodlands,4.39,Active
D03940,Karen Molina,Electric,Yishun,3.72,Inactive
D03941,Scott Graves,MPV,Singapore,4.27,Active
D03942,Eric Mccarthy,MPV,Woodlands,4.54,Active
D03943,Dustin Barton,Hatchback,Yishun,4.76,Active
D03944,Cheryl Smith,MPV,Yishun,4.72,Active
D03945,Michael Carter PhD,Electric,Ang Mo Kio,4.02,Active
D03946,Robin Park,MPV,Tampines,4.55,Active
D03947,Christopher Taylor,SUV,Ang Mo Kio,4.82,Active
D03948,Connie Dougherty,Electric,Bedok,4.34,Active
D03949,Ashley Carter,Electric,Tampines,4.15,Active
D03950,Pamela Phillips,Electric,Tampines,4.22,Active
D03951,Christine Bryant,Hatchback,Toa Payoh,4.96,Active
D03952,David Foster,Sedan,Ang Mo Kio,3.67,Active
D03953,Bryan Ingram,Electric,Bedok,3.86,Suspended
D03954,Christopher Ashley,MPV,Bedok,4.03,Active
D03955,Joseph Smith,Electric,Punggol,4.67,Active
D03956,Dr. Tiffany Ramos,Sedan,Ang Mo Kio,4.29,Active
D03957,Nathan Torres,SUV,Jurong,3.93,Suspended
D03958,Molly Jackson,Hatchback,Ang Mo Kio,4.55,Active
D03959,Timothy Barker,MPV,Bedok,4.26,Active
D03960,Steven Jenkins,Electric,Singapore,4.13,Active
D03961,Kristin Johnson,Hatchback,Woodlands,4.83,Active
D03962,Mariah White,MPV,Punggol,4.51,Active
D03963,Angela Blankenship,SUV,Bishan,3.62,Suspended
D03964,Bradley Klein,SUV,Woodlands,4.06,Inactive
D03965,Molly Bryan,SUV,Bishan,3.8,Active
D03966,Cheryl Medina,Premium,Bedok,4.9,Active
D03967,Emily Thompson,MPV,Bishan,4.48,Active
D03968,Lori Higgins,SUV,Punggol,4.58,Active
D03969,Jeffery Paul,Hatchback,Bedok,3.8,Active
D03970,Stephen Sullivan,Electric,Ang Mo Kio,4.62,Active
D03971,Kenneth Henry,Electric,Bedok,3.62,Active
D03972,Kenneth Kidd,SUV,Bedok,3.56,Inactive
D03973,Andrea Rivera,Hatchback,Punggol,4.67,Inactive
D03974,Bradley Brown,MPV,Bishan,4.75,Active
D03975,Sheila Berry,Premium,Jurong,4.51,Active
D03976,Karina Middleton,Sedan,Tampines,4.02,Active
D03977,Katherine Daniels,Hatchback,Ang Mo Kio,4.97,Active
D03978,Debra Jones,SUV,Yishun,3.73,Active
D03979,Jennifer Hill,Electric,Bedok,4.54,Active
D03980,Lisa Gould,Hatchback,Toa Payoh,4.9,Active
D03981,Robert Becker,SUV,Bedok,3.95,Active
D03982,Frank Rogers,Hatchback,Tampines,3.54,Active
D03983,Joel Schmidt,Electric,Punggol,4.88,Active
D03984,Angela Pitts,Hatchback,Woodlands,4.6,Active
D03985,Kimberly Miller,Electric,Bishan,4.2,Active
D03986,George Johnston,Premium,Bedok,4.05,Inactive
D03987,Rickey Walters,Hatchback,Yishun,4.08,Active
D03988,Janet Nelson,MPV,Jurong,4.96,Active
D03989,Kathy Jones,Hatchback,Woodlands,3.62,Active
D03990,Elizabeth Lopez,Electric,Bedok,4.38,Active
D03991,Suzanne Garcia,Electric,Toa Payoh,4.68,Active
D03992,Jonathan Juarez,Sedan,Woodlands,3.99,Active
D03993,Kayla Ward,Sedan,Bedok,4.46,Inactive
D03994,John Warner,Hatchback,Bishan,4.05,Active
D03995,Felicia Johnson,Hatchback,Tampines,3.56,Active
D03996,Phillip Meyer,Hatchback,Punggol,3.67,Active
D03997,Richard Smith,SUV,Singapore,4.41,Active
D03998,Jaclyn Perez,Premium,Ang Mo Kio,4.1,Active
D03999,Evan Rosario,Electric,Ang Mo Kio,4.68,Active
D04000,David Wallace,Hatchback,Bedok,4.01,Active
D04001,Bonnie Lee,SUV,Tampines,4.82,Active
D04002,Brett Powers,SUV,Bishan,3.87,Active
D04003,Tracy Le,MPV,Bedok,3.99,Active
D04004,Holly Mason,MPV,Yishun,4.53,Active
D04005,Robert Walton,SUV,Tampines,4.01,Active
D04006,Roy Johnson,Premium,Punggol,4.47,Active
D04007,Michelle Blackburn,Sedan,Woodlands,4.48,Active
D04008,Dwayne Jackson,SUV,Jurong,4.21,Active
D04009,Patrick Lee,Premium,Tampines,4.31,Active
D04010,Michael Lewis,Electric,Ang Mo Kio,3.51,Active
D04011,Charles Ward,Hatchback,Punggol,4.04,Active
D04012,Kelly Rogers,Electric,Punggol,4.29,Active
D04013,Hunter Matthews,Premium,Yishun,3.83,Active
D04014,Richard Valentine,SUV,Yishun,4.49,Inactive
D04015,Ryan Carter,Sedan,Woodlands,4.1,Active
D04016,Kevin Keith,Premium,Toa Payoh,4.27,Active
D04017,Kevin Byrd,SUV,Bishan,4.33,Active
D04018,Sean Walters,Sedan,Jurong,4.16,Active
D04019,Alfred Graham,Premium,Jurong,4.9,Active
D04020,Christie Martinez DDS,Sedan,Jurong,4.25,Active
D04021,Ethan Price,Electric,Tampines,3.79,Active
D04022,Ryan Willis,Electric,Woodlands,3.52,Active
D04023,Peggy Williams,Electric,Punggol,4.7,Active
D04024,Brett Cooper,SUV,Yishun,4.14,Suspended
D04025,Michael Greene,Sedan,Bedok,4.03,Active
D04026,Shawn Gonzalez,Sedan,Singapore,4.04,Active
D04027,Taylor Stephens,MPV,Yishun,3.68,Active
D04028,Jaime Houston,Sedan,Bedok,4.51,Active
D04029,James Jones,Electric,Tampines,4.47,Active
D04030,Teresa Ross,Electric,Tampines,3.81,Active
D04031,Melanie Love,Premium,Bedok,4.94,Active
D04032,Laura Williams,SUV,Yishun,4.22,Inactive
D04033,Mark Maynard,Hatchback,Punggol,3.79,Active
D04034,Rebecca Keith,Hatchback,Toa Payoh,4.56,Active
D04035,Eric Lewis II,Premium,Punggol,4.04,Active
D04036,Nicole Klein,SUV,Jurong,3.93,Active
D04037,William Harrison,Hatchback,Punggol,4.36,Active
D04038,Charles Baker,Premium,Ang Mo Kio,4.45,Active
D04039,Mike Jones,MPV,Bishan,4.38,Active
D04040,Ray Gonzalez,SUV,Punggol,4.04,Active
D04041,Jacqueline Robertson,Electric,Punggol,4.66,Active
D04042,Gerald Stewart,Sedan,Yishun,4.98,Active
D04043,Heidi Rodriguez,SUV,Toa Payoh,4.94,Active
D04044,David Rodgers,MPV,Yishun,4.5,Active
D04045,Earl Moody,MPV,Bishan,4.87,Active
D04046,Joseph Williams,Sedan,Woodlands,3.6,Active
D04047,George Johnson,MPV,Bishan,4.47,Active
D04048,Kelli Turner,Electric,Punggol,3.81,Active
D04049,Jenny Spencer,MPV,Punggol,3.83,Active
D04050,Kyle Barrett,Hatchback,Bedok,4.26,Inactive
D04051,Jorge Lam,Hatchback,Ang Mo Kio,3.7,Active
D04052,Kevin Boone,SUV,Jurong,4.17,Active
D04053,Brandi Newton,Electric,Singapore,4.17,Active
D04054,Carl Thomas,MPV,Tampines,4.32,Active
D04055,Christine Kirby,Sedan,Jurong,4.65,Active
D04056,Crystal Hernandez,Hatchback,Bedok,4.99,Active
D04057,George Garcia,Premium,Punggol,3.58,Active
D04058,Victoria Robles,SUV,Singapore,4.82,Active
D04059,Joseph Ross,Premium,Singapore,4.94,Active
D04060,Emily Edwards,Premium,Toa Payoh,4.09,Active
D04061,Zachary Foster,Hatchback,Bishan,4.58,Active
D04062,Kevin Michael,SUV,Bishan,4.55,Active
D04063,Paul Olson,SUV,Singapore,4.35,Active
D04064,Charles Jackson,Premium,Jurong,3.53,Active
D04065,David Wilson,Hatchback,Punggol,4.37,Active
D04066,Joshua Adams,SUV,Ang Mo Kio,3.74,Active
D04067,Kevin Nguyen,SUV,Jurong,4.78,Active
D04068,Todd Lewis DDS,SUV,Bishan,3.66,Active
D04069,Marissa Ward,Sedan,Ang Mo Kio,4.51,Active
D04070,Joy Lewis,Electric,Tampines,3.89,Active
D04071,William Ward,Sedan,Ang Mo Kio,3.93,Active
D04072,Kirsten Sanchez,MPV,Yishun,4.03,Suspended
D04073,Marissa Roth,MPV,Yishun,3.7,Active
D04074,Kerri Thomas,Electric,Punggol,4.55,Active
D04075,Joshua Holmes,Electric,Tampines,4.4,Active
D04076,Heather Lopez,Hatchback,Woodlands,4.69,Active
D04077,William Scott,Electric,Punggol,4.82,Active
D04078,Cody Bradley,Hatchback,Toa Payoh,3.68,Active
D04079,Michelle Stewart,Electric,Bedok,4.69,Active
D04080,Cynthia Craig,MPV,Tampines,4.08,Active
D04081,Scott Taylor,Sedan,Tampines,4.06,Inactive
D04082,Joy Moody,Sedan,Woodlands,3.82,Active
D04083,Logan Mckee,Hatchback,Punggol,4.1,Active
D04084,Jonathan Williams,Premium,Tampines,4.21,Active
D04085,Mr. Thomas Aguilar,SUV,Ang Mo Kio,4.82,Active
D04086,Kenneth Lawson,Sedan,Bedok,4.82,Active
D04087,Jason Petersen,Premium,Ang Mo Kio,4.41,Active
D04088,Amy Black,Hatchback,Singapore,4.61,Inactive
D04089,Blake Webster,Premium,Singapore,3.94,Active
D04090,Leslie Fields,SUV,Jurong,3.93,Active
D04091,Andrew Johnson,SUV,Woodlands,4.21,Active
D04092,Kevin Blair,Electric,Punggol,4.77,Active
D04093,Maria Barton,Sedan,Ang Mo Kio,4.13,Active
D04094,Benjamin Ramos,MPV,Yishun,4.24,Active
D04095,Robert Bonilla,Premium,Tampines,4.35,Active
D04096,Kimberly Armstrong,SUV,Toa Payoh,3.53,Inactive
D04097,Thomas Cole,Premium,Singapore,3.65,Active
D04098,Patricia Keller,Hatchback,Yishun,4.03,Active
D04099,Michael Watson,Premium,Jurong,4.47,Active
D04100,Bradley Watson,Premium,Punggol,4.51,Suspended
D04101,Lisa Gray,Electric,Singapore,4.74,Active
D04102,Jeffrey Horton,Electric,Bishan,4.84,Active
D04103,David Rodriguez,SUV,Yishun,3.55,Active
D04104,Tara Jacobs,Electric,Punggol,3.87,Active
D04105,Stefanie Wade,Hatchback,Tampines,3.75,Active
D04106,Stephen Wilson,Sedan,Singapore,4.39,Active
D04107,Karen Golden,Electric,Singapore,4.89,Suspended
D04108,Nicole Aguilar,Sedan,Tampines,4.7,Active
D04109,Scott Steele,Electric,Bishan,4.79,Active
D04110,Michael Benson,Sedan,Singapore,3.69,Active
D04111,Bradley Williamson,Electric,Bishan,4.08,Active
D04112,Elizabeth Roth,Hatchback,Tampines,4.66,Active
D04113,Sabrina Castillo,Sedan,Bedok,3.97,Active
D04114,Shawn Nash,Electric,Punggol,4.71,Active
D04115,Stephanie Jones,Sedan,Woodlands,4.92,Active
D04116,Jennifer Coffey,Sedan,Ang Mo Kio,3.83,Active
D04117,James Snyder,SUV,Punggol,3.63,Active
D04118,Anne Bates,Premium,Ang Mo Kio,4.37,Active
D04119,Jeremy Wright,Sedan,Jurong,4.0,Active
D04120,Emily Mccann,Sedan,Singapore,4.44,Active
D04121,Michael Evans,Electric,Bishan,4.25,Active
D04122,Jane Figueroa,Sedan,Woodlands,4.72,Active
D04123,Joseph Alvarado,Hatchback,Bedok,4.83,Active
D04124,Kelly West,Premium,Woodlands,4.92,Active
D04125,Kim Turner,MPV,Jurong,4.13,Active
D04126,Michael Allen,Electric,Singapore,3.91,Active
D04127,Brandon Woodward,Hatchback,Tampines,3.53,Inactive
D04128,Diana Lara,Hatchback,Tampines,4.67,Active
D04129,Oscar Romero,Electric,Ang Mo Kio,4.81,Active
D04130,Matthew Meyer,Electric,Toa Payoh,4.41,Inactive
D04131,Donald Smith,Hatchback,Punggol,3.76,Active
D04132,Jonathan Fitzgerald,MPV,Yishun,3.55,Active
D04133,Michael Weaver,Premium,Tampines,4.44,Active
D04134,Mr. Paul Anderson Jr.,Premium,Tampines,3.65,Active
D04135,Gail Thomas,Premium,Singapore,4.53,Active
D04136,Jodi Williams,MPV,Ang Mo Kio,4.68,Active
D04137,Ann Barnes,Sedan,Punggol,4.75,Active
D04138,Barbara Fisher,Sedan,Singapore,3.7,Active
D04139,Matthew Reed,Hatchback,Bedok,4.77,Active
D04140,Brianna Briggs,SUV,Bedok,4.6,Active
D04141,Lacey Boyer,Sedan,Woodlands,3.52,Active
D04142,Cindy Sullivan DVM,Sedan,Bishan,4.58,Active
D04143,Holly James,Premium,Woodlands,4.31,Inactive
D04144,Dr. Grant Cohen,Hatchback,Woodlands,4.11,Active
D04145,Alexander Price,Sedan,Tampines,4.9,Active
D04146,Kyle Spence,Premium,Jurong,4.96,Active
D04147,Nicolas Flores,Electric,Yishun,3.56,Active
D04148,Allison Williamson,Premium,Bishan,3.56,Active
D04149,Rita Thomas,Electric,Bedok,3.91,Active
D04150,Rebecca Monroe,Premium,Bishan,3.82,Active
D04151,Kevin Lindsey,Premium,Woodlands,4.23,Active
D04152,Joshua Gonzalez,SUV,Singapore,4.77,Active
D04153,Carla Lamb,SUV,Jurong,4.18,Active
D04154,Gregory Mccarty,Electric,Bedok,3.84,Active
D04155,Jessica Moore,SUV,Woodlands,3.89,Active
D04156,Tabitha Barker,Sedan,Toa Payoh,4.83,Active
D04157,Melissa Griffin,Electric,Jurong,4.02,Active
D04158,Ms. Rebecca Roy,SUV,Toa Payoh,3.75,Active
D04159,Ryan Cruz,Hatchback,Toa Payoh,3.94,Active
D04160,Crystal Schneider,Hatchback,Jurong,3.61,Active
D04161,Renee Beltran,MPV,Yishun,4.9,Active
D04162,Elizabeth Thompson,Hatchback,Toa Payoh,4.25,Active
D04163,Curtis Brennan,MPV,Woodlands,4.09,Active
D04164,Hannah Morris,Electric,Bishan,4.52,Active
D04165,Michael Bass,Sedan,Toa Payoh,4.49,Active
D04166,Melissa Bean,Sedan,Toa Payoh,4.77,Active
D04167,Kyle Patel,Premium,Bedok,4.96,Active
D04168,Allison Cook,Sedan,Woodlands,4.1,Active
D04169,Michael Romero,SUV,Tampines,4.53,Active
D04170,Lindsey Alvarez,Electric,Ang Mo Kio,4.03,Active
D04171,Joshua Bailey,Hatchback,Yishun,3.6,Active
D04172,Caroline Peterson,Hatchback,Tampines,3.84,Active
D04173,Mark Flores,Hatchback,Punggol,4.51,Active
D04174,Daniel Young,Sedan,Bishan,4.84,Active
D04175,Angelica Smith,Hatchback,Toa Payoh,4.6,Active
D04176,Rachel Newton,Electric,Singapore,4.26,Active
D04177,Donald Porter,Sedan,Punggol,4.13,Active
D04178,Ricky Reyes,MPV,Ang Mo Kio,4.76,Active
D04179,Joseph Brown,Sedan,Toa Payoh,4.02,Inactive
D04180,Denise Lindsey,MPV,Woodlands,3.74,Active
D04181,Paul Newman,MPV,Yishun,4.93,Active
D04182,Gregory Benton,Hatchback,Tampines,4.13,Active
D04183,Benjamin Sanford,Premium,Bedok,3.99,Active
D04184,Michele Cruz,Sedan,Ang Mo Kio,3.77,Suspended
D04185,Melissa Conner,MPV,Yishun,4.05,Inactive
D04186,Jennifer Mccarthy,Premium,Jurong,4.69,Active
D04187,Diana Blevins,MPV,Singapore,4.54,Active
D04188,Olivia Adams,Premium,Bishan,4.98,Active
D04189,Alexis Campbell,Electric,Ang Mo Kio,3.54,Active
D04190,Rachel Hansen,Electric,Jurong,4.41,Active
D04191,Barbara Burke,MPV,Punggol,4.28,Active
D04192,Gary Lopez,Sedan,Toa Payoh,4.77,Active
D04193,Michael Stephens,MPV,Singapore,3.5,Active
D04194,Crystal Sherman,Sedan,Woodlands,4.2,Active
D04195,Holly Rodriguez,SUV,Woodlands,4.58,Active
D04196,Justin Wilson,Sedan,Woodlands,3.61,Active
D04197,Erika Thomas,Hatchback,Tampines,4.37,Active
D04198,Travis Brown,Electric,Punggol,4.75,Active
D04199,Kenneth Hayes,Sedan,Bedok,4.87,Active
D04200,Christine Henson,Sedan,Ang Mo Kio,4.23,Active
D04201,Michael Crawford,Hatchback,Yishun,4.53,Active
D04202,Lisa Hanson,Hatchback,Ang Mo Kio,4.94,Active
D04203,Jerry Kramer,Premium,Yishun,4.37,Active
D04204,Rachael Ramos,SUV,Singapore,3.78,Active
D04205,Elizabeth Hester,MPV,Tampines,4.29,Active
D04206,Mariah Jones,Premium,Bedok,3.94,Active
D04207,Patrick Dunlap,Premium,Punggol,4.61,Active
D04208,Deborah Fowler,SUV,Bishan,4.37,Active
D04209,Calvin Taylor,Hatchback,Tampines,4.52,Active
D04210,Sue White,Electric,Ang Mo Kio,4.17,Active
D04211,Benjamin Bryant,SUV,Toa Payoh,3.65,Active
D04212,Joseph Nguyen,Hatchback,Yishun,4.66,Active
D04213,Kimberly Walters,Sedan,Jurong,4.71,Active
D04214,Jeffrey Brown,SUV,Singapore,4.79,Active
D04215,Theresa Morales,Sedan,Ang Mo Kio,4.68,Active
D04216,William Houston,MPV,Woodlands,4.16,Active
D04217,Ryan Oneill,Electric,Toa Payoh,3.67,Active
D04218,John Dunn,Sedan,Punggol,3.55,Active
D04219,Timothy May,MPV,Ang Mo Kio,4.66,Active
D04220,Christian Wells,MPV,Ang Mo Kio,4.51,Active
D04221,Janet Stewart,Premium,Ang Mo Kio,3.95,Inactive
D04222,Shannon Cochran,Sedan,Woodlands,4.9,Active
D04223,Ian Moreno,Hatchback,Punggol,3.57,Active
D04224,Melanie Gibson,MPV,Punggol,3.75,Active
D04225,Kevin Branch,Electric,Jurong,4.63,Active
D04226,Mary Howard,MPV,Toa Payoh,4.2,Active
D04227,Scott Park,Hatchback,Jurong,3.54,Active
D04228,John Stone,Premium,Bedok,4.09,Inactive
D04229,Dr. Amy Hardin DDS,Electric,Tampines,3.94,Inactive
D04230,Jason Smith,Premium,Woodlands,4.55,Active
D04231,Jennifer Marshall,MPV,Bedok,4.85,Active
D04232,Wendy Moody,MPV,Punggol,4.61,Active
D04233,Stephanie Brown,MPV,Toa Payoh,4.16,Active
D04234,Michelle Robertson,Premium,Woodlands,4.85,Active
D04235,Bryan Johnson,SUV,Tampines,3.69,Active
D04236,Anthony Price,Sedan,Jurong,3.95,Active
D04237,Brian Adams,Premium,Yishun,3.51,Active
D04238,Andrew Arnold,Premium,Tampines,3.81,Active
D04239,Ryan Wade,SUV,Jurong,4.67,Active
D04240,Angela Daniels,Sedan,Punggol,4.89,Active
D04241,Aaron Randall,SUV,Yishun,4.15,Active
D04242,Maria Ford,SUV,Ang Mo Kio,3.51,Active
D04243,Dawn Chan,Premium,Bishan,3.84,Active
D04244,Lori Carrillo,SUV,Bedok,4.57,Suspended
D04245,George Gutierrez,MPV,Woodlands,4.81,Active
D04246,Jeffrey Cox,Sedan,Singapore,4.46,Active
D04247,Sheila Brown,Electric,Woodlands,3.85,Active
D04248,Kelly Washington,Sedan,Bedok,3.87,Active
D04249,Daniel Lucas,Electric,Toa Payoh,4.78,Active
D04250,Jessica Davis,Premium,Punggol,4.36,Active
D04251,Carolyn Tate,SUV,Jurong,4.75,Active
D04252,Christina Jenkins,SUV,Tampines,4.78,Active
D04253,Kevin Sanchez,MPV,Woodlands,4.34,Active
D04254,Joshua King,Electric,Ang Mo Kio,4.17,Active
D04255,Matthew Medina,Premium,Woodlands,4.92,Active
D04256,Kathleen Odonnell,Premium,Bedok,4.63,Active
D04257,Mitchell Silva,Premium,Bedok,3.73,Active
D04258,Alexander Cardenas,Premium,Woodlands,3.78,Active
D04259,Francis Larson,Sedan,Woodlands,4.19,Active
D04260,Randall Melendez,SUV,Punggol,4.6,Active
D04261,Melissa Thomas,MPV,Punggol,4.78,Active
D04262,Sherri Willis,Premium,Woodlands,3.91,Active
D04263,Christian Guerra,Electric,Yishun,4.27,Active
D04264,Jonathan Kennedy,Hatchback,Toa Payoh,3.77,Active
D04265,Samuel Arnold,Electric,Jurong,4.2,Active
D04266,Jean Peck,Hatchback,Yishun,4.71,Active
D04267,Scott Payne,Premium,Singapore,4.59,Active
D04268,Kimberly Dougherty,Hatchback,Tampines,4.31,Active
D04269,Bailey Fletcher,SUV,Woodlands,3.92,Active
D04270,Tyler Mckay,Electric,Bedok,4.6,Active
D04271,Dr. Rodney Moore,MPV,Ang Mo Kio,3.93,Active
D04272,Garrett Buchanan,Hatchback,Toa Payoh,3.72,Active
D04273,Henry James,Electric,Bishan,4.67,Inactive
D04274,Kelly Ryan,Hatchback,Bishan,3.85,Active
D04275,Pamela Mills,Premium,Ang Mo Kio,4.24,Active
D04276,David Morgan,MPV,Bishan,4.74,Active
D04277,Erin Payne,SUV,Ang Mo Kio,3.62,Active
D04278,Gwendolyn Miranda,Hatchback,Tampines,3.76,Active
D04279,Kimberly Miller,Hatchback,Yishun,4.07,Active
D04280,Katherine Mayo,Electric,Toa Payoh,4.83,Active
D04281,Aaron Hill,Electric,Woodlands,4.44,Active
D04282,Nancy Sanchez,Hatchback,Singapore,4.01,Active
D04283,Kevin Welch,Hatchback,Toa Payoh,4.77,Active
D04284,Kelly Mcdonald,Hatchback,Yishun,4.24,Active
D04285,Lisa Martin,MPV,Bishan,3.86,Active
D04286,Sue Turner,Hatchback,Punggol,4.19,Active
D04287,Anita Schultz,Premium,Toa Payoh,4.4,Active
D04288,Charles Jimenez,MPV,Bedok,4.28,Active
D04289,Peter Gross,Hatchback,Yishun,3.95,Active
D04290,Robert Lawson,Sedan,Yishun,4.87,Active
D04291,Brian Jones,SUV,Punggol,4.86,Active
D04292,Aaron Moore,Hatchback,Bishan,3.54,Active
D04293,Steve Atkinson,Hatchback,Punggol,3.7,Active
D04294,Emily Adams,Hatchback,Punggol,3.68,Active
D04295,Donna Simpson,Electric,Singapore,4.31,Active
D04296,Jack Dodson,Premium,Singapore,4.39,Active
D04297,Kathleen Rogers,Electric,Punggol,4.75,Active
D04298,Briana Reid,Electric,Yishun,3.85,Active
D04299,Glenn Carter,Electric,Punggol,4.42,Active
D04300,Rick Russell,SUV,Tampines,4.5,Active
D04301,Angela Cunningham,MPV,Jurong,4.88,Inactive
D04302,Corey Porter,Electric,Bishan,3.97,Active
D04303,Beverly Weeks,Hatchback,Tampines,4.73,Active
D04304,Brandi Jones,Hatchback,Jurong,4.74,Active
D04305,Brandi Porter,SUV,Bedok,4.38,Active
D04306,Kristi Perkins,SUV,Bishan,3.92,Active
D04307,Michael Roberts,Sedan,Punggol,3.72,Active
D04308,Charles Richard,Premium,Tampines,3.89,Active
D04309,Melissa Benson,Premium,Toa Payoh,4.21,Active
D04310,Jessica Galvan,SUV,Woodlands,4.43,Active
D04311,Jennifer Taylor,Sedan,Bishan,3.59,Active
D04312,Mary Davis,MPV,Punggol,4.46,Active
D04313,Marie Perez,Sedan,Tampines,4.58,Active
D04314,Robert Newman,Sedan,Woodlands,4.97,Active
D04315,Matthew Dougherty,Sedan,Bedok,3.52,Active
D04316,John Smith,MPV,Toa Payoh,3.91,Active
D04317,Mr. James Pennington,Electric,Yishun,3.55,Active
D04318,Thomas Salazar,Electric,Tampines,4.53,Active
D04319,Eric Murray,Sedan,Ang Mo Kio,3.7,Active
D04320,James Browning,Premium,Punggol,4.77,Active
D04321,Kimberly Alvarez,Electric,Toa Payoh,3.58,Inactive
D04322,Jessica Allison,Hatchback,Punggol,4.17,Active
D04323,Pedro Brennan,Electric,Yishun,3.99,Inactive
D04324,Jennifer White,Sedan,Bishan,4.1,Active
D04325,Craig Smith,MPV,Bedok,4.91,Active
D04326,Andrew Morris,Premium,Ang Mo Kio,3.95,Active
D04327,Andrew Lee,Electric,Yishun,4.28,Active
D04328,Andrew Huerta,Premium,Jurong,4.3,Inactive
D04329,Christopher Hicks,SUV,Bishan,4.01,Active
D04330,Brandon Anderson,Electric,Bedok,3.97,Active
D04331,Christopher Arias,Electric,Singapore,4.43,Active
D04332,Gary Campbell,Hatchback,Toa Payoh,4.38,Active
D04333,Angela Rodriguez,Sedan,Yishun,4.62,Active
D04334,James Evans,Hatchback,Punggol,4.39,Active
D04335,Megan Baker,Electric,Yishun,4.53,Active
D04336,Melissa Medina,SUV,Yishun,3.98,Active
D04337,Robert Lloyd,Sedan,Jurong,3.88,Active
D04338,Samuel Jensen,Premium,Jurong,4.98,Active
D04339,Darrell Pineda,Hatchback,Woodlands,4.81,Active
D04340,Devon Cruz,Hatchback,Toa Payoh,4.36,Active
D04341,Shannon Jennings,Electric,Singapore,4.74,Inactive
D04342,Caroline Whitehead,Hatchback,Tampines,4.8,Active
D04343,Jacob Donovan,MPV,Bedok,4.72,Active
D04344,Michelle Green,SUV,Punggol,3.95,Active
D04345,Alexander Garcia,MPV,Yishun,4.48,Active
D04346,Angela Graves,Premium,Bedok,4.43,Active
D04347,Daryl Duran,Sedan,Toa Payoh,4.14,Active
D04348,Elizabeth Martin,SUV,Bedok,4.11,Active
D04349,Thomas Olson,Premium,Bishan,4.77,Active
D04350,Valerie Wilson,Electric,Woodlands,4.05,Active
D04351,Kaitlin Reed,Premium,Toa Payoh,4.68,Active
D04352,Heather Ramsey,MPV,Toa Payoh,4.68,Inactive
D04353,John Spears,Sedan,Jurong,3.53,Active
D04354,Melissa Gay,Premium,Ang Mo Kio,4.05,Active
D04355,Jeffrey Harris,Sedan,Yishun,4.75,Inactive
D04356,Karen Garcia,Premium,Jurong,3.95,Active
D04357,Christian Love,Sedan,Bedok,4.74,Active
D04358,Monica Williams,Hatchback,Toa Payoh,3.58,Active
D04359,Barbara Christensen,SUV,Woodlands,4.61,Active
D04360,Zachary Thomas,Hatchback,Woodlands,4.55,Active
D04361,Derrick Salazar,Hatchback,Punggol,4.16,Active
D04362,Andrew Powell,Hatchback,Ang Mo Kio,3.73,Active
D04363,Jeffery Cardenas,Hatchback,Punggol,4.31,Active
D04364,Daniel Jennings,MPV,Bishan,3.81,Active
D04365,Audrey Peterson,Hatchback,Jurong,3.71,Active
D04366,Donna Thompson,SUV,Bedok,3.98,Suspended
D04367,Larry Bennett,Hatchback,Punggol,4.22,Active
D04368,Jessica Jackson,Electric,Toa Payoh,4.71,Active
D04369,John Murphy,Premium,Woodlands,4.54,Active
D04370,Ashley Preston,Sedan,Yishun,4.09,Active
D04371,Dawn Mcintosh,Premium,Jurong,4.48,Active
D04372,Gregory Ellison,Electric,Toa Payoh,4.81,Active
D04373,Roy Perkins,Premium,Tampines,3.78,Active
D04374,Mike Henry,Sedan,Bishan,3.77,Active
D04375,Phillip Johnson,Hatchback,Bishan,4.23,Active
D04376,Whitney Garrett,Sedan,Jurong,4.48,Active
D04377,Jeffrey Lambert,MPV,Bedok,4.37,Active
D04378,Mrs. Amanda Joyce,MPV,Singapore,4.72,Active
D04379,Valerie Nash,Sedan,Ang Mo Kio,4.08,Active
D04380,Amy Fischer,Sedan,Toa Payoh,3.92,Inactive
D04381,Robert Reed,Hatchback,Jurong,3.69,Active
D04382,Sarah Foster,Premium,Woodlands,4.93,Active
D04383,Bruce Moreno,Hatchback,Bedok,3.58,Active
D04384,Brandy Leon,Electric,Singapore,3.74,Active
D04385,Linda Francis,Electric,Bedok,4.13,Active
D04386,Tiffany Anderson,Electric,Singapore,4.55,Active
D04387,Annette Mitchell,Electric,Woodlands,3.96,Active
D04388,Alison Patterson,MPV,Ang Mo Kio,4.35,Active
D04389,Derek Hanson,MPV,Bedok,3.84,Active
D04390,John Nichols,Premium,Bedok,4.8,Active
D04391,James Mcdonald Jr.,Premium,Punggol,4.63,Active
D04392,Kimberly Hawkins,Premium,Ang Mo Kio,4.39,Active
D04393,David Bray II,SUV,Ang Mo Kio,4.75,Active
D04394,Matthew Curtis,Premium,Woodlands,4.68,Active
D04395,Maria Vaughn,Hatchback,Bishan,5.0,Active
D04396,Steven Dalton,Premium,Punggol,4.21,Active
D04397,Clifford Foster,Sedan,Toa Payoh,3.92,Active
D04398,Harry Guzman,SUV,Singapore,4.84,Active
D04399,Jason Phillips,MPV,Punggol,4.21,Active
D04400,Dr. Julian Howard,SUV,Woodlands,4.45,Active
D04401,Corey Gutierrez,Hatchback,Woodlands,4.83,Active
D04402,Robert Smith,SUV,Woodlands,4.55,Active
D04403,Derek Lee,SUV,Punggol,4.73,Active
D04404,Edward Scott,MPV,Ang Mo Kio,3.6,Active
D04405,Calvin Harrison,Premium,Bedok,4.27,Active
D04406,Andrea Harding,Premium,Yishun,4.48,Inactive
D04407,Jerry Lee,Premium,Singapore,4.48,Active
D04408,David Lynch,MPV,Woodlands,4.0,Active
D04409,Nicholas Hall,SUV,Yishun,4.46,Active
D04410,Erin Foster,SUV,Bedok,4.81,Active
D04411,Scott Williams,Premium,Woodlands,4.21,Active
D04412,Meghan Sanchez,Premium,Jurong,3.78,Active
D04413,Barbara West,SUV,Toa Payoh,4.04,Active
D04414,John Kirk,Hatchback,Ang Mo Kio,4.46,Active
D04415,Joshua Martin,Electric,Punggol,3.52,Active
D04416,Emily Oneal,Electric,Ang Mo Kio,3.57,Active
D04417,Karen Rodriguez,SUV,Punggol,4.24,Active
D04418,Maria Browning,Hatchback,Toa Payoh,4.26,Suspended
D04419,Erin Lewis,SUV,Yishun,3.81,Active
D04420,Sarah Donovan,Hatchback,Bishan,4.77,Active
D04421,Derrick Duffy,Sedan,Singapore,4.61,Active
D04422,Robert Wheeler,SUV,Ang Mo Kio,4.57,Active
D04423,Sean Harrison,Electric,Bishan,4.85,Active
D04424,Connie Mclaughlin,Electric,Tampines,4.51,Active
D04425,Dustin Gutierrez,Hatchback,Tampines,4.36,Active
D04426,Mark Bridges,SUV,Toa Payoh,4.73,Active
D04427,Monique Galvan,Premium,Yishun,4.77,Active
D04428,Nancy Kelley,Premium,Woodlands,4.98,Active
D04429,Dorothy Holland,Electric,Bedok,4.46,Active
D04430,Robert Weiss,Hatchback,Punggol,4.19,Inactive
D04431,Patrick Mcgee,Hatchback,Woodlands,4.14,Active
D04432,Erin Mclaughlin,MPV,Ang Mo Kio,4.04,Active
D04433,Michael Bartlett,Hatchback,Singapore,3.56,Active
D04434,Alexandra Barrett,Premium,Yishun,4.12,Active
D04435,Katelyn Marquez,Electric,Yishun,4.67,Active
D04436,Luke Jones,MPV,Jurong,3.78,Inactive
D04437,Oscar Walker,Hatchback,Yishun,4.41,Active
D04438,Justin Marshall,SUV,Yishun,3.71,Active
D04439,Katherine Conway,Sedan,Jurong,4.23,Suspended
D04440,Jose Larson,MPV,Yishun,4.03,Suspended
D04441,Teresa Ingram,MPV,Bedok,3.83,Active
D04442,Nathan Alexander,Electric,Toa Payoh,4.42,Active
D04443,Dorothy Cruz,MPV,Bedok,3.75,Active
D04444,Renee Lewis,Sedan,Singapore,4.24,Active
D04445,Derek Becker,Hatchback,Woodlands,4.71,Active
D04446,Jacqueline Patel,SUV,Punggol,3.69,Active
D04447,Victor Garza DVM,SUV,Bishan,3.99,Active
D04448,Raymond Davis,SUV,Jurong,4.54,Active
D04449,Joel Jensen,Electric,Tampines,4.98,Active
D04450,Kristi Bauer,MPV,Bedok,3.51,Active
D04451,Ruben Leon,MPV,Woodlands,4.11,Active
D04452,Mr. Ryan Fuentes,Electric,Woodlands,3.86,Active
D04453,Regina Mann,Sedan,Punggol,3.78,Active
D04454,Cameron Gomez,Premium,Bishan,4.76,Active
D04455,Alan Ponce,Hatchback,Bishan,3.72,Active
D04456,Steven Clay,SUV,Woodlands,3.79,Active
D04457,Renee Wong,Hatchback,Jurong,4.49,Active
D04458,Gregory Fisher,Sedan,Tampines,4.21,Active
D04459,Megan Bean,Sedan,Yishun,4.07,Active
D04460,Margaret Fernandez,Hatchback,Punggol,4.27,Active
D04461,Timothy Carter,SUV,Tampines,3.59,Active
D04462,Lauren Clark,MPV,Bishan,4.75,Active
D04463,Sarah Wilson,Premium,Ang Mo Kio,4.47,Active
D04464,Jack Gardner,Sedan,Tampines,3.95,Active
D04465,Samantha Hawkins,Sedan,Woodlands,4.88,Active
D04466,James Guzman,Sedan,Ang Mo Kio,4.1,Active
D04467,Michaela Garrison,Hatchback,Singapore,3.7,Active
D04468,Marc Hamilton,SUV,Tampines,3.97,Active
D04469,Dennis Martin,Premium,Woodlands,4.69,Active
D04470,Johnny Tate,SUV,Bedok,4.61,Inactive
D04471,Brittany Gallagher,Sedan,Yishun,4.95,Inactive
D04472,Pamela Evans,Hatchback,Punggol,4.32,Active
D04473,Helen Bennett,Premium,Ang Mo Kio,4.96,Active
D04474,Michele Soto,MPV,Jurong,3.64,Active
D04475,Martha Esparza,SUV,Bishan,4.02,Active
D04476,Linda Stafford,Sedan,Woodlands,3.64,Active
D04477,Debra Gutierrez,Sedan,Singapore,3.83,Active
D04478,Dawn Sanchez,Sedan,Punggol,4.67,Inactive
D04479,Erik Anderson,Premium,Singapore,4.55,Active
D04480,Samantha Mcintyre,SUV,Punggol,4.41,Active
D04481,Jacqueline Hampton MD,Sedan,Punggol,4.67,Active
D04482,Timothy Hawkins Jr.,Sedan,Jurong,4.37,Active
D04483,Amy Wright,Premium,Yishun,4.88,Inactive
D04484,Deanna Smith,Electric,Bedok,3.94,Active
D04485,Joann Jackson,MPV,Punggol,4.37,Active
D04486,Mr. Kevin Benson PhD,MPV,Woodlands,4.74,Active
D04487,Steven Lamb,MPV,Ang Mo Kio,4.61,Inactive
D04488,Michael Nguyen,Hatchback,Woodlands,4.41,Suspended
D04489,Matthew Montoya,MPV,Punggol,4.16,Active
D04490,Mary Edwards,MPV,Ang Mo Kio,4.41,Active
D04491,Leroy Lester,Premium,Punggol,4.09,Active
D04492,Jose Stone,SUV,Singapore,3.83,Active
D04493,April Valenzuela,Sedan,Woodlands,3.52,Active
D04494,Sarah White,Sedan,Toa Payoh,4.42,Active
D04495,Cody Coleman,Premium,Woodlands,4.94,Inactive
D04496,Robert Jackson,SUV,Singapore,3.61,Inactive
D04497,Keith Huff,Sedan,Tampines,4.71,Active
D04498,Joseph Holt,Hatchback,Bedok,4.1,Active
D04499,Johnathan Cook,SUV,Punggol,4.92,Active
D04500,Carl Morales,Electric,Bedok,4.25,Active
D04501,Joel Sellers,Sedan,Bedok,3.97,Active
D04502,Lisa Bell,Electric,Yishun,3.71,Inactive
D04503,Brandon King,Electric,Tampines,4.48,Active
D04504,Daniel Williams,Sedan,Woodlands,4.6,Active
D04505,Jennifer Friedman,Premium,Toa Payoh,4.23,Active
D04506,Timothy Holmes,Hatchback,Bishan,3.67,Active
D04507,Joel Barrett,Sedan,Tampines,3.52,Active
D04508,Michael Campbell,Electric,Toa Payoh,4.47,Active
D04509,Dawn Arellano,SUV,Tampines,3.64,Active
D04510,Dustin Brown,SUV,Singapore,4.72,Active
D04511,Shawn Taylor,Hatchback,Punggol,3.76,Active
D04512,Jessica Jackson,Premium,Jurong,3.96,Suspended
D04513,Javier Archer,Sedan,Tampines,4.94,Suspended
D04514,Jessica Watson,Sedan,Yishun,3.54,Inactive
D04515,Daniel Flores,Electric,Bedok,4.06,Active
D04516,Marissa Henry,Premium,Singapore,4.27,Active
D04517,Autumn Brennan,SUV,Jurong,4.71,Active
D04518,Crystal Hill,Sedan,Ang Mo Kio,3.7,Active
D04519,Alicia Decker,Electric,Punggol,3.97,Active
D04520,Shannon Nichols,Premium,Bishan,4.42,Active
D04521,Adam Boyd,Sedan,Toa Payoh,4.63,Active
D04522,Sarah Frederick,Premium,Singapore,4.65,Inactive
D04523,Jeffrey Meyer,Hatchback,Tampines,3.56,Active
D04524,Richard Decker,Hatchback,Singapore,4.98,Active
D04525,Barry Delacruz,SUV,Ang Mo Kio,3.74,Active
D04526,Juan Valentine,Hatchback,Jurong,3.89,Active
D04527,Katie Oliver,Sedan,Bishan,4.6,Inactive
D04528,Lisa King MD,SUV,Punggol,3.61,Active
D04529,Sheila Lane,MPV,Tampines,4.22,Active
D04530,Peter Mcguire,Electric,Punggol,4.92,Active
D04531,William Curtis,Sedan,Singapore,5.0,Active
D04532,Paul Stout,Sedan,Toa Payoh,4.18,Active
D04533,Cassandra Fleming,Premium,Tampines,4.33,Active
D04534,Miranda Mclaughlin,Premium,Jurong,4.51,Active
D04535,Cathy Larson MD,SUV,Ang Mo Kio,4.9,Active
D04536,Miguel Evans,MPV,Yishun,4.0,Active
D04537,Megan Mcdaniel MD,Premium,Toa Payoh,4.31,Suspended
D04538,Jillian Robles,Electric,Toa Payoh,4.36,Active
D04539,Kendra Foster,MPV,Ang Mo Kio,4.86,Active
D04540,Jason Sims,Sedan,Yishun,4.57,Active
D04541,William Leblanc,Electric,Punggol,4.4,Active
D04542,Kyle Reid,Sedan,Tampines,3.88,Active
D04543,Clifford Morrow,SUV,Singapore,3.85,Active
D04544,Adam Santos,Hatchback,Ang Mo Kio,3.61,Active
D04545,Ronald Brooks,Premium,Woodlands,4.64,Active
D04546,Stanley Wood,Premium,Punggol,4.8,Active
D04547,Steven Barrett,Sedan,Tampines,4.48,Active
D04548,Crystal Lawson,MPV,Tampines,3.6,Active
D04549,Marie Wagner,Sedan,Tampines,4.48,Active
D04550,Michael Mason,MPV,Bishan,4.31,Active
D04551,Daniel Fisher,Electric,Singapore,3.96,Active
D04552,Daniel Smith,Electric,Bedok,4.16,Active
D04553,Dennis Austin,Sedan,Tampines,3.55,Active
D04554,Mark Carroll,Premium,Punggol,3.52,Active
D04555,Jennifer Medina,MPV,Ang Mo Kio,4.46,Active
D04556,David Smith,Electric,Bedok,3.8,Active
D04557,Lisa Schultz,Sedan,Toa Payoh,4.34,Active
D04558,Brandon Rowe,Hatchback,Toa Payoh,3.56,Active
D04559,Tyler Mueller,Hatchback,Singapore,3.51,Active
D04560,Eric Fry,Sedan,Bishan,3.6,Active
D04561,Robert Johnson,MPV,Tampines,4.23,Active
D04562,Betty Beck,SUV,Toa Payoh,3.56,Active
D04563,Mark Robinson,Premium,Bedok,4.04,Active
D04564,Stephanie Norman,Hatchback,Ang Mo Kio,4.8,Active
D04565,Emily Bell,SUV,Tampines,4.76,Active
D04566,William Moore,MPV,Jurong,3.87,Active
D04567,Stacy Pruitt,MPV,Punggol,4.09,Active
D04568,Mrs. Michelle Logan,SUV,Jurong,4.14,Active
D04569,Maria Burns,MPV,Ang Mo Kio,3.94,Active
D04570,Melissa Johnson,SUV,Toa Payoh,3.65,Active
D04571,Alexander Murphy,Electric,Woodlands,3.94,Active
D04572,Brittney Allen,Electric,Tampines,4.45,Active
D04573,Patricia Espinoza,Hatchback,Woodlands,4.98,Suspended
D04574,Andres Cox,Premium,Woodlands,4.14,Active
D04575,Anthony Galvan,Premium,Ang Mo Kio,3.93,Active
D04576,Erin Green,Hatchback,Singapore,4.65,Inactive
D04577,Steven Cook,SUV,Bedok,4.62,Inactive
D04578,Cheyenne Obrien,Premium,Yishun,3.74,Active
D04579,Brian Rodriguez,Electric,Jurong,4.0,Inactive
D04580,Michael Russell,SUV,Singapore,3.61,Active
D04581,Brian Smith,Electric,Ang Mo Kio,4.72,Active
D04582,Randy Kelly,Electric,Toa Payoh,4.06,Active
D04583,Paul Lopez,MPV,Yishun,4.7,Active
D04584,Brendan Harris,MPV,Jurong,4.63,Active
D04585,John Taylor,Electric,Yishun,4.82,Active
D04586,Jason Mcdaniel,Premium,Ang Mo Kio,4.15,Active
D04587,Sharon Osborne,SUV,Toa Payoh,4.62,Active
D04588,Courtney Sandoval,Premium,Woodlands,4.18,Active
D04589,Jeremy Manning,Hatchback,Jurong,4.71,Active
D04590,Lisa Silva,MPV,Bishan,4.83,Active
D04591,Darlene Walsh,SUV,Ang Mo Kio,3.51,Active
D04592,Austin Powell,SUV,Singapore,4.33,Active
D04593,Alicia Andrews,Premium,Yishun,4.41,Active
D04594,Shelley Wilson,Sedan,Jurong,3.76,Active
D04595,William Williams,Hatchback,Bishan,4.98,Active
D04596,Jimmy Shaffer,Hatchback,Bishan,4.87,Active
D04597,Martha Wright,Electric,Bedok,4.98,Active
D04598,Jason Russell,MPV,Singapore,3.89,Active
D04599,Michelle Collins,Hatchback,Bishan,4.66,Active
D04600,Micheal Parker,Electric,Tampines,4.06,Active
D04601,Kaitlyn Gentry,Premium,Bedok,4.06,Active
D04602,Katherine Hopkins,Premium,Tampines,4.42,Active
D04603,Robin Morris,MPV,Tampines,3.55,Active
D04604,Jennifer Williams,Hatchback,Jurong,4.54,Active
D04605,Cheryl Wiley,Hatchback,Bedok,4.74,Inactive
D04606,Nathan Flores,Electric,Ang Mo Kio,3.54,Active
D04607,Amy Melton,SUV,Bishan,3.88,Active
D04608,Kevin Parker,Premium,Woodlands,4.63,Active
D04609,Robert Martinez,Sedan,Bishan,4.3,Active
D04610,Antonio Johnson,Premium,Tampines,4.65,Active
D04611,Terri Watkins,SUV,Tampines,4.25,Active
D04612,Brian Singh,Sedan,Jurong,3.86,Active
D04613,Mr. Matthew Young,SUV,Toa Payoh,4.55,Active
D04614,Jeffrey Sharp,MPV,Yishun,4.39,Active
D04615,Barbara Joseph,Sedan,Punggol,4.46,Active
D04616,Travis Griffin,Sedan,Woodlands,4.37,Active
D04617,Taylor Strong,SUV,Bishan,4.45,Active
D04618,John Owens,Premium,Tampines,4.28,Active
D04619,Brandon Howe,Sedan,Bedok,4.06,Active
D04620,Chad Crane,Electric,Tampines,4.79,Active
D04621,Heather Brock,MPV,Punggol,4.23,Active
D04622,Sharon Wolfe,SUV,Bedok,4.44,Active
D04623,Danny Jackson,Sedan,Woodlands,4.03,Active
D04624,Colin Robles,Electric,Toa Payoh,4.49,Active
D04625,Kathleen Berger,Hatchback,Jurong,3.68,Active
D04626,Cheryl Watkins,Electric,Ang Mo Kio,4.55,Suspended
D04627,Kendra Fisher,Hatchback,Jurong,4.31,Active
D04628,Alyssa Dunlap,Electric,Yishun,4.2,Inactive
D04629,Shannon Leach,Premium,Punggol,4.3,Active
D04630,David Fitzgerald,MPV,Jurong,4.87,Active
D04631,Daniel Jenkins,Electric,Yishun,3.99,Active
D04632,Patricia Pham,Premium,Singapore,3.62,Active
D04633,Kelli Gonzales,Electric,Tampines,4.35,Active
D04634,Alexandra Thompson,Sedan,Woodlands,4.5,Active
D04635,Cynthia Hunter,MPV,Toa Payoh,4.12,Active
D04636,Troy Delacruz,Electric,Toa Payoh,4.56,Active
D04637,Dakota Ramos,Hatchback,Bishan,4.28,Active
D04638,John Pittman,Premium,Singapore,4.1,Active
D04639,Steven Smith,Hatchback,Toa Payoh,4.26,Active
D04640,Caleb Schaefer,Sedan,Bedok,4.0,Active
D04641,Kimberly Wilson,Premium,Singapore,4.72,Active
D04642,Angela Davis,Hatchback,Singapore,4.18,Active
D04643,Tonya Robinson,Hatchback,Singapore,3.92,Active
D04644,Glenn Brooks,Sedan,Singapore,4.66,Active
D04645,Susan Rodriguez,Hatchback,Yishun,4.43,Active
D04646,Christina Diaz,MPV,Woodlands,3.86,Active
D04647,Jeffrey Wagner,Sedan,Bedok,4.22,Active
D04648,Patricia Gardner,SUV,Singapore,4.38,Active
D04649,Willie Frederick,Hatchback,Punggol,4.7,Active
D04650,Christina Mcclain,MPV,Woodlands,4.46,Active
D04651,Douglas Meyer,Sedan,Ang Mo Kio,4.68,Inactive
D04652,Billy Riddle,SUV,Bedok,4.78,Active
D04653,Jodi Ramos,Premium,Jurong,4.12,Active
D04654,Brian Salas,Premium,Yishun,4.51,Active
D04655,Katrina Ryan,Sedan,Toa Payoh,4.29,Active
D04656,Rodney Foster,Hatchback,Yishun,3.8,Active
D04657,Tammy Alvarez,Hatchback,Woodlands,3.52,Active
D04658,John Kidd,SUV,Punggol,4.33,Active
D04659,Maria Bender,Sedan,Toa Payoh,4.15,Active
D04660,Laura Torres,Hatchback,Woodlands,4.52,Active
D04661,Christina Charles,Sedan,Woodlands,3.89,Active
D04662,Whitney Pitts,Electric,Ang Mo Kio,4.43,Active
D04663,Ellen Mack,Sedan,Woodlands,4.57,Active
D04664,Steven Ayala,MPV,Tampines,3.6,Active
D04665,Kimberly Erickson,Premium,Tampines,4.08,Active
D04666,Kim Anderson,Premium,Toa Payoh,3.55,Active
D04667,Veronica Smith,MPV,Jurong,4.51,Active
D04668,Melissa Stevens,MPV,Bedok,4.36,Active
D04669,Joseph Jensen,Electric,Toa Payoh,3.63,Active
D04670,Teresa Hall,SUV,Singapore,4.67,Active
D04671,Julia Martin,Electric,Jurong,4.95,Active
D04672,Michael Grimes,SUV,Punggol,4.59,Active
D04673,Jessica Phillips,Sedan,Toa Payoh,4.85,Active
D04674,Lindsey Dennis,Electric,Singapore,4.97,Active
D04675,Destiny Underwood,Electric,Punggol,3.78,Active
D04676,Lindsay Powers,MPV,Bedok,4.08,Active
D04677,Andrew James,Hatchback,Bedok,4.33,Active
D04678,Nicole Fowler,Electric,Ang Mo Kio,4.62,Active
D04679,Lee Garcia,Sedan,Bedok,4.01,Active
D04680,Joseph Montgomery,MPV,Toa Payoh,3.94,Active
D04681,Holly Terry,MPV,Yishun,4.72,Active
D04682,Kevin Mullins,Electric,Ang Mo Kio,4.53,Active
D04683,Charles Webb,Sedan,Woodlands,4.76,Active
D04684,Michelle Holmes,Hatchback,Bishan,4.21,Active
D04685,Ricky Valdez,Premium,Singapore,3.68,Active
D04686,Matthew Hawkins,Electric,Yishun,4.9,Inactive
D04687,Patrick Perry,MPV,Bedok,3.9,Active
D04688,Julie Peters,MPV,Woodlands,4.52,Active
D04689,Leslie Rodriguez,Hatchback,Bedok,3.69,Active
D04690,Jessica Harris,Premium,Bishan,3.88,Active
D04691,Jesse Owens,Sedan,Ang Mo Kio,4.58,Inactive
D04692,Wesley Vincent,Electric,Bishan,3.88,Active
D04693,Deborah Alexander,MPV,Yishun,3.84,Active
D04694,Amanda Lloyd,SUV,Singapore,4.84,Active
D04695,Margaret Richard,Sedan,Yishun,3.51,Active
D04696,Andre Edwards,Sedan,Bishan,4.61,Active
D04697,Heather George,Hatchback,Yishun,4.97,Active
D04698,Melissa Fox,Electric,Ang Mo Kio,4.43,Active
D04699,Shelley Smith,Hatchback,Ang Mo Kio,4.36,Active
D04700,Troy Lopez MD,MPV,Yishun,3.9,Active
D04701,Herbert Petersen,MPV,Yishun,3.82,Active
D04702,Jacob Gordon,MPV,Jurong,4.84,Active
D04703,Jason Orr,Premium,Woodlands,4.7,Active
D04704,Ana Chambers,SUV,Punggol,4.66,Active
D04705,Joseph Shea,MPV,Yishun,3.8,Active
D04706,Nicole Dudley,MPV,Yishun,3.65,Active
D04707,Sara Lopez,Sedan,Bedok,4.9,Inactive
D04708,Priscilla Williams,MPV,Yishun,4.11,Active
D04709,Robert Williams,Sedan,Singapore,4.43,Active
D04710,William Lamb,Electric,Yishun,4.64,Active
D04711,Johnny Dodson,Hatchback,Jurong,4.15,Active
D04712,Gary Carrillo,MPV,Woodlands,3.62,Active
D04713,Nicholas Holt,Electric,Punggol,4.73,Active
D04714,Hailey Lucero,Electric,Punggol,4.15,Active
D04715,Shelia Rodgers,Sedan,Singapore,4.72,Active
D04716,Christopher King,SUV,Tampines,4.43,Active
D04717,Brian Zamora,MPV,Jurong,3.91,Active
D04718,Nancy Scott,MPV,Tampines,4.29,Active
D04719,Michael Page,MPV,Ang Mo Kio,3.59,Active
D04720,Dwayne Brown,SUV,Ang Mo Kio,4.78,Active
D04721,Selena Lopez,Hatchback,Tampines,4.81,Active
D04722,Eric Mcclain,MPV,Tampines,4.81,Suspended
D04723,Patricia Ballard,Hatchback,Singapore,3.52,Inactive
D04724,Kevin Cameron,Electric,Bishan,4.68,Active
D04725,Karen Johnson,Hatchback,Jurong,4.02,Active
D04726,Rhonda Colon DVM,SUV,Yishun,4.4,Active
D04727,Patrick Chambers,MPV,Singapore,4.79,Inactive
D04728,Mr. Anthony Watson II,Hatchback,Tampines,3.53,Active
D04729,Kelly Roberts,Hatchback,Bishan,4.54,Active
D04730,Clinton White,SUV,Yishun,4.9,Active
D04731,Stephen Cohen,Electric,Ang Mo Kio,4.12,Active
D04732,Michael Le,Sedan,Woodlands,4.76,Inactive
D04733,Chad Warren,Premium,Jurong,4.82,Suspended
D04734,John Jackson,Sedan,Jurong,4.19,Active
D04735,Steven Thomas,Hatchback,Woodlands,3.65,Active
D04736,Amanda Heath,MPV,Yishun,4.66,Active
D04737,David Howard,Sedan,Bishan,3.88,Active
D04738,Kimberly Rodriguez,SUV,Woodlands,3.69,Active
D04739,Katrina Stewart DDS,Sedan,Bishan,3.93,Active
D04740,Michael Murray,Sedan,Ang Mo Kio,4.63,Active
D04741,Diane Young,SUV,Punggol,3.52,Active
D04742,Michael Jackson,Sedan,Jurong,3.98,Active
D04743,Christopher Potter,MPV,Woodlands,4.2,Active
D04744,Timothy Jones,SUV,Bedok,4.75,Suspended
D04745,Jennifer Pierce,Hatchback,Bishan,4.21,Active
D04746,Allison Wright,Premium,Punggol,3.58,Active
D04747,Carla Cook,SUV,Yishun,3.56,Active
D04748,Crystal Ray,MPV,Woodlands,4.16,Active
D04749,Elizabeth Williams,Premium,Bishan,4.42,Active
D04750,Barbara Flowers,SUV,Tampines,3.9,Active
D04751,Kimberly Nelson,Premium,Ang Mo Kio,4.98,Active
D04752,Michael Anderson,Premium,Bishan,4.66,Active
D04753,Sara Kaiser,MPV,Bedok,4.82,Active
D04754,Teresa Lewis,Electric,Jurong,3.93,Active
D04755,Lori Fernandez,Electric,Punggol,4.33,Active
D04756,Ashley Gomez,SUV,Punggol,3.52,Active
D04757,Paige Baxter,Sedan,Yishun,3.5,Active
D04758,Michelle Martinez,Electric,Ang Mo Kio,4.59,Active
D04759,Denise Brown,Hatchback,Punggol,3.95,Active
D04760,Leslie Vasquez,Sedan,Bedok,3.88,Active
D04761,Jamie Henson MD,Hatchback,Ang Mo Kio,4.66,Active
D04762,Alec Clarke,Electric,Tampines,3.61,Active
D04763,Michael Vega,Hatchback,Woodlands,4.09,Active
D04764,Timothy White,Premium,Bedok,4.23,Active
D04765,Nicholas Robinson,Hatchback,Tampines,4.69,Active
D04766,Glenn Savage,Sedan,Toa Payoh,3.78,Active
D04767,Jonathan Leonard,Sedan,Bedok,4.87,Active
D04768,Kathryn Chase,SUV,Punggol,4.29,Active
D04769,Phyllis Quinn,Premium,Bedok,3.96,Active
D04770,Christopher Henry,SUV,Punggol,3.84,Active
D04771,Katherine Webb,SUV,Tampines,3.75,Active
D04772,Lori Lawson,MPV,Tampines,3.88,Active
D04773,Peter Bowman,MPV,Tampines,4.32,Active
D04774,Andrew Acosta,MPV,Woodlands,4.67,Active
D04775,Steven Allen,Sedan,Yishun,4.22,Active
D04776,Lisa Baxter,SUV,Tampines,4.44,Active
D04777,Scott Ramos,MPV,Bishan,4.54,Active
D04778,Anthony Jordan MD,Premium,Punggol,4.81,Active
D04779,Teresa Lamb,Sedan,Tampines,3.59,Active
D04780,Patricia Walls,SUV,Bishan,4.96,Active
D04781,Sarah Kemp,Sedan,Punggol,4.56,Active
D04782,Kathryn Wilson,MPV,Ang Mo Kio,4.26,Active
D04783,Alejandro Roach,Electric,Bishan,4.1,Active
D04784,Tammy Alvarez,Electric,Ang Mo Kio,3.61,Active
D04785,Amanda Ballard,Hatchback,Woodlands,4.25,Active
D04786,Chelsea Gonzales,SUV,Woodlands,4.85,Active
D04787,Madison Turner,Premium,Bedok,3.85,Active
D04788,Sandra Farmer,SUV,Bishan,4.03,Active
D04789,Jessica Duncan,Hatchback,Bishan,4.92,Active
D04790,Jacqueline Allen MD,Premium,Jurong,4.28,Active
D04791,Darrell Moon Jr.,Sedan,Yishun,4.53,Inactive
D04792,Laura Quinn,Premium,Yishun,4.57,Active
D04793,Rick Perry,Hatchback,Toa Payoh,4.13,Active
D04794,Deborah Barber,Electric,Jurong,4.84,Active
D04795,Stephanie Faulkner,Electric,Jurong,4.06,Inactive
D04796,Jason Butler,Electric,Bishan,4.37,Suspended
D04797,Todd Peterson,MPV,Woodlands,4.75,Inactive
D04798,Timothy Ray,Electric,Bedok,3.74,Inactive
D04799,Randy Schroeder,Premium,Bishan,4.49,Active
D04800,John Ball,Sedan,Jurong,3.54,Active
D04801,William Oliver,SUV,Yishun,4.34,Active
D04802,Jenna Ross,MPV,Ang Mo Kio,4.8,Active
D04803,Carly Davis,Electric,Punggol,4.12,Active
D04804,Christopher Hanson,MPV,Punggol,4.69,Active
D04805,Paula Harris,Premium,Bishan,3.8,Active
D04806,Daniel Rasmussen,SUV,Jurong,3.69,Active
D04807,Jeffery Smith,Premium,Punggol,3.69,Active
D04808,Colton Hansen,SUV,Woodlands,4.21,Active
D04809,Shane Hicks,Hatchback,Woodlands,4.07,Active
D04810,Madeline Woods,MPV,Woodlands,4.68,Active
D04811,Jacob Parsons,Hatchback,Toa Payoh,4.65,Active
D04812,Blake Maxwell,SUV,Singapore,3.72,Active
D04813,Gregory Martinez,MPV,Bedok,4.91,Active
D04814,Jackie Hill,Sedan,Toa Payoh,4.28,Active
D04815,Ryan Lutz,Premium,Singapore,4.55,Active
D04816,Elizabeth Moran,Electric,Ang Mo Kio,4.64,Active
D04817,Eric Davis,Hatchback,Singapore,4.08,Active
D04818,Sherry Stone,MPV,Woodlands,4.96,Active
D04819,Mark Thomas,MPV,Tampines,4.94,Active
D04820,Frederick Phillips,SUV,Yishun,4.93,Inactive
D04821,Grace Murray,Electric,Ang Mo Kio,4.89,Active
D04822,Amanda Johnson,Electric,Singapore,4.96,Active
D04823,Peter Ford,MPV,Bedok,4.18,Active
D04824,Aaron Ward,Premium,Toa Payoh,4.78,Active
D04825,Monica Chang,SUV,Ang Mo Kio,4.5,Active
D04826,Christine Graham DDS,SUV,Woodlands,3.92,Active
D04827,Stephanie Allen,SUV,Bishan,4.02,Active
D04828,Michael Cole,Premium,Singapore,3.82,Active
D04829,Frank Rodgers,Electric,Ang Mo Kio,4.36,Active
D04830,Scott Meyer,MPV,Jurong,4.97,Active
D04831,Nancy Burke,MPV,Toa Payoh,4.64,Active
D04832,Micheal Hudson,SUV,Punggol,4.66,Active
D04833,Paul Glenn,Electric,Bishan,4.64,Inactive
D04834,Jonathan Lee,MPV,Ang Mo Kio,3.72,Active
D04835,James Young,Premium,Tampines,4.89,Active
D04836,Mr. Bradley Adams,MPV,Bedok,3.69,Active
D04837,Shane Patel,MPV,Punggol,4.84,Active
D04838,Gavin Logan,SUV,Bishan,3.95,Active
D04839,Susan Oconnell,Sedan,Bedok,3.62,Active
D04840,Michael Nelson,Sedan,Bedok,3.96,Active
D04841,Sara Gould,Premium,Jurong,4.75,Active
D04842,Jesse Baker,SUV,Tampines,4.48,Active
D04843,Hunter Walker,Electric,Bishan,3.92,Active
D04844,Justin Mejia,Electric,Yishun,3.7,Suspended
D04845,Michelle Rivera,Hatchback,Tampines,4.71,Active
D04846,David Scott,MPV,Tampines,3.7,Active
D04847,Mr. Andrew Middleton DVM,Hatchback,Bedok,3.63,Active
D04848,Willie Webb,Hatchback,Yishun,4.24,Active
D04849,Timothy Lucas,Electric,Jurong,4.24,Active
D04850,Amanda Morgan,Sedan,Singapore,3.78,Active
D04851,Shelby Cannon,Premium,Bedok,4.32,Active
D04852,Denise Thomas,Premium,Jurong,3.7,Active
D04853,Nicole Marshall,Sedan,Singapore,4.58,Active
D04854,Mark Vega,MPV,Punggol,4.73,Active
D04855,Jessica Hunt,Electric,Jurong,4.77,Active
D04856,Sarah Mcmillan,Premium,Tampines,3.76,Active
D04857,Mary Garrett,Hatchback,Singapore,4.39,Active
D04858,David Hill,Premium,Woodlands,3.61,Active
D04859,John Smith,SUV,Toa Payoh,4.79,Active
D04860,Samuel Brady,SUV,Bedok,3.51,Active
D04861,Tara Dunn,Electric,Toa Payoh,4.22,Active
D04862,Ariana Wells,Premium,Bishan,4.58,Active
D04863,Autumn Wilcox,Premium,Singapore,4.64,Active
D04864,Carla Brown,Sedan,Woodlands,3.87,Active
D04865,Christopher Villarreal,Sedan,Toa Payoh,4.85,Active
D04866,Larry White,MPV,Yishun,4.05,Active
D04867,Robert Reyes,Sedan,Jurong,4.32,Active
D04868,Kelly Robles,Premium,Punggol,4.62,Active
D04869,Douglas Lopez,MPV,Ang Mo Kio,4.82,Active
D04870,Michael Phillips,SUV,Punggol,4.06,Active
D04871,Natasha Dixon,MPV,Toa Payoh,4.75,Inactive
D04872,Keith Cook,MPV,Ang Mo Kio,3.7,Active
D04873,Samantha Ortega MD,MPV,Tampines,4.54,Active
D04874,Donald Thompson,Premium,Punggol,3.78,Active
D04875,Laura Ray,Hatchback,Singapore,4.67,Active
D04876,Steven Thompson,Premium,Yishun,3.66,Active
D04877,Craig Taylor DDS,MPV,Singapore,3.71,Active
D04878,David Bradshaw,MPV,Bedok,4.68,Active
D04879,Ryan Adams,Premium,Bedok,4.06,Active
D04880,Michael Dickerson,SUV,Bishan,4.54,Inactive
D04881,Rose Hernandez,Sedan,Punggol,4.06,Active
D04882,Anthony Brown,Sedan,Yishun,3.81,Active
D04883,Mark Compton,Hatchback,Toa Payoh,4.36,Active
D04884,Allison Andrade,SUV,Woodlands,4.18,Active
D04885,Chad Mitchell,SUV,Woodlands,4.39,Active
D04886,Joseph Anthony,Premium,Bedok,4.03,Active
D04887,Sean Ramirez,MPV,Toa Payoh,4.26,Active
D04888,Wayne Hudson,Electric,Tampines,4.87,Active
D04889,Donald Parsons,Sedan,Woodlands,4.44,Active
D04890,Andrew Sawyer,Electric,Bishan,3.57,Active
D04891,Suzanne Thomas,MPV,Bedok,4.36,Active
D04892,Scott Cordova,SUV,Woodlands,4.43,Active
D04893,Travis Nelson,MPV,Punggol,4.26,Active
D04894,Samantha Rosario,Hatchback,Toa Payoh,3.65,Active
D04895,Meredith Gomez,MPV,Jurong,3.82,Active
D04896,Samantha Lee,SUV,Bishan,4.7,Active
D04897,Jessica Harris,Sedan,Tampines,4.69,Active
D04898,Sarah Richards,Premium,Yishun,4.34,Active
D04899,Sarah Garrett,Premium,Toa Payoh,4.26,Active
D04900,Brandon Smith,SUV,Yishun,3.73,Inactive
D04901,Janet Anderson,Hatchback,Ang Mo Kio,4.94,Active
D04902,Sarah Olson,MPV,Toa Payoh,4.53,Active
D04903,Brian Dillon,Hatchback,Woodlands,4.98,Active
D04904,Felicia Rivera,Electric,Singapore,4.59,Active
D04905,Charles Gardner,Hatchback,Bishan,3.6,Active
D04906,Misty Garcia,Sedan,Jurong,4.31,Active
D04907,Robert Higgins,Electric,Yishun,3.97,Active
D04908,Ryan Hebert,Premium,Tampines,4.57,Active
D04909,Jeffrey Campbell,Electric,Punggol,4.03,Active
D04910,Richard Hughes,Sedan,Toa Payoh,3.55,Active
D04911,Kristina Dixon,MPV,Ang Mo Kio,4.98,Active
D04912,Alejandro Mason,Hatchback,Tampines,4.67,Active
D04913,Lee Jones,SUV,Bishan,4.89,Active
D04914,Kelli Hobbs,SUV,Bedok,4.36,Active
D04915,Javier Ramirez,Hatchback,Bishan,4.53,Active
D04916,David Bolton,Premium,Jurong,4.95,Active
D04917,Dylan Jackson,MPV,Tampines,4.7,Active
D04918,Alexander Marshall,Premium,Jurong,3.57,Active
D04919,Samantha Marshall,SUV,Woodlands,4.69,Active
D04920,Victoria Alexander,SUV,Toa Payoh,3.84,Active
D04921,Madison Madden,Premium,Woodlands,4.51,Inactive
D04922,Craig Stewart,Hatchback,Jurong,4.06,Active
D04923,Cameron Webb,Premium,Bedok,4.46,Active
D04924,Jessica Roberson,SUV,Yishun,4.05,Active
D04925,Andrew Carlson,Sedan,Toa Payoh,4.01,Active
D04926,Raymond Pierce,Electric,Toa Payoh,3.53,Active
D04927,Amber Lopez,Sedan,Tampines,4.45,Inactive
D04928,Darrell Smith,Electric,Yishun,4.88,Active
D04929,Elizabeth Castillo,MPV,Bishan,4.78,Active
D04930,Beth Harrison,Electric,Woodlands,4.37,Inactive
D04931,Cody Wilson,SUV,Singapore,4.85,Inactive
D04932,Pamela Brown,Hatchback,Woodlands,4.48,Active
D04933,Jeremy David,SUV,Singapore,4.92,Active
D04934,Danielle Butler,Premium,Yishun,3.58,Active
D04935,Cristina Olsen,Electric,Punggol,4.72,Active
D04936,Kimberly Potter,MPV,Toa Payoh,3.7,Active
D04937,Ashley Love,MPV,Ang Mo Kio,4.58,Active
D04938,Edward Gomez,Premium,Bishan,4.84,Active
D04939,Kelsey Rose,MPV,Singapore,3.79,Active
D04940,Sarah Hicks,Premium,Tampines,3.64,Inactive
D04941,Sonya Steele,SUV,Bishan,3.67,Active
D04942,Victor Cross,MPV,Singapore,4.74,Active
D04943,Clifford Acosta,MPV,Jurong,4.48,Inactive
D04944,Jacqueline Blair,SUV,Yishun,4.71,Active
D04945,Frank Fernandez,Hatchback,Bishan,3.67,Active
D04946,Adam Jimenez,MPV,Bishan,4.85,Active
D04947,William Mathews,Premium,Bedok,4.66,Active
D04948,Tammy Ramirez,MPV,Woodlands,3.82,Active
D04949,Joshua Marquez,Sedan,Toa Payoh,3.78,Active
D04950,Jessica Levine,Electric,Woodlands,4.08,Active
D04951,Natasha Miller,Hatchback,Yishun,4.86,Active
D04952,Jennifer Acosta,Sedan,Toa Payoh,3.58,Active
D04953,Michael Rhodes,Sedan,Jurong,4.77,Active
D04954,George Moore,Electric,Woodlands,4.55,Active
D04955,Dean Norris,SUV,Punggol,4.68,Active
D04956,Miguel Johnson,MPV,Punggol,4.9,Active
D04957,Paul Garcia,Premium,Bedok,4.39,Active
D04958,Katie Watts,Hatchback,Bedok,3.87,Active
D04959,Kathryn Thomas,SUV,Jurong,4.43,Active
D04960,Daniel Davidson,SUV,Singapore,4.83,Active
D04961,Anita Randolph,Electric,Yishun,4.01,Active
D04962,Michael Lewis,SUV,Punggol,4.59,Active
D04963,Brandon Montes,MPV,Woodlands,4.51,Active
D04964,Thomas Valdez,SUV,Toa Payoh,3.93,Active
D04965,Anthony White,Sedan,Bishan,4.66,Active
D04966,Stephen Davis,SUV,Yishun,4.25,Active
D04967,April Thompson,SUV,Toa Payoh,4.45,Active
D04968,Mathew Patel Jr.,MPV,Punggol,3.89,Active
D04969,Natasha Hubbard,Hatchback,Bishan,4.38,Active
D04970,Mr. Jason Campbell,Premium,Ang Mo Kio,4.73,Active
D04971,Erik Smith,Sedan,Singapore,4.06,Active
D04972,Todd Adkins,Electric,Bedok,4.4,Active
D04973,Paul Roy,Premium,Bishan,3.96,Active
D04974,Kayla Harrell,SUV,Jurong,4.93,Active
D04975,Ryan Johnson,MPV,Singapore,3.65,Active
D04976,Nicholas Collins,Premium,Ang Mo Kio,4.13,Active
D04977,Christina Carter,Hatchback,Singapore,4.78,Active
D04978,Dustin Hansen,Electric,Tampines,4.11,Active
D04979,Kendra Wolfe,SUV,Bishan,3.91,Active
D04980,Jonathan Johnson,Electric,Toa Payoh,3.61,Active
D04981,Dominique Hall,Electric,Punggol,4.47,Active
D04982,Amy Paul,Premium,Woodlands,4.0,Active
D04983,Rodney Randall,MPV,Bedok,4.05,Active
D04984,Tasha Griffin,MPV,Toa Payoh,3.91,Active
D04985,Rose Allen,Sedan,Punggol,4.39,Active
D04986,Alicia Mann,Premium,Woodlands,4.69,Active
D04987,Peter Craig,SUV,Tampines,4.73,Active
D04988,Jason Nelson,MPV,Bedok,4.95,Active
D04989,Wayne Rogers,Sedan,Tampines,3.84,Active
D04990,Catherine Miller,SUV,Yishun,4.96,Active
D04991,Amanda Brandt,Premium,Yishun,4.07,Suspended
D04992,Christopher Robinson,Sedan,Punggol,4.82,Active
D04993,Matthew Martin,Hatchback,Tampines,4.01,Active
D04994,Brady Vance,Premium,Singapore,3.62,Active
D04995,Courtney Atkinson,Hatchback,Bedok,4.92,Active
D04996,Thomas Robinson,Premium,Jurong,4.55,Active
D04997,Andrew Martin,SUV,Bedok,3.66,Active
D04998,James Sanchez,MPV,Bishan,4.81,Active
D04999,John Ali,SUV,Punggol,4.2,Active
D05000,Mitchell Moyer,Hatchback,Yishun,4.09,Active
D05001,Derek Smith,Premium,Ang Mo Kio,4.94,Active
D05002,David Wang,SUV,Singapore,4.78,Active
D05003,Lisa Herrera,MPV,Bishan,3.84,Active
D05004,Dr. Kelly Pham,Premium,Woodlands,4.67,Active
D05005,Brian Young,Electric,Tampines,4.57,Active
D05006,Amy Smith,SUV,Singapore,3.71,Active
D05007,Marvin Campbell PhD,MPV,Ang Mo Kio,4.67,Active
D05008,Katie Stokes,Hatchback,Woodlands,4.25,Active
D05009,Victoria Rodriguez,MPV,Toa Payoh,3.59,Active
D05010,Carol Gordon,MPV,Punggol,3.94,Active
D05011,David Stone,Sedan,Tampines,4.27,Active
D05012,Kelly Horn,Sedan,Yishun,3.51,Active
D05013,Brent Foster,Premium,Singapore,3.8,Active
D05014,Lindsey Austin,Hatchback,Woodlands,3.51,Active
D05015,Amanda Boyd,Premium,Toa Payoh,4.39,Active
D05016,Benjamin Rasmussen,Electric,Bishan,4.9,Active
D05017,David Romero,Electric,Yishun,4.53,Active
D05018,Michael Morton,Hatchback,Singapore,4.72,Active
D05019,Timothy Williams,Premium,Toa Payoh,4.06,Inactive
D05020,Nathan Davis,SUV,Ang Mo Kio,3.56,Active
D05021,Brittney Holmes,SUV,Singapore,3.89,Active
D05022,Andrea Smith,Electric,Toa Payoh,4.16,Active
D05023,Ashley Vincent,Sedan,Tampines,4.98,Active
D05024,Kevin Holmes,Electric,Punggol,3.64,Active
D05025,Ebony Lynch,Premium,Bedok,4.14,Active
D05026,Hannah Kelly,Premium,Woodlands,3.84,Active
D05027,Aaron Ramirez,SUV,Jurong,4.09,Active
D05028,Melissa Henry,SUV,Bedok,4.08,Active
D05029,Sean Davis,SUV,Bishan,3.55,Active
D05030,Felicia Cooper,Electric,Jurong,3.73,Active
D05031,Danielle Dawson,Hatchback,Punggol,3.82,Active
D05032,Kristen Olson,Hatchback,Punggol,3.8,Active
D05033,Erik Bruce,Sedan,Punggol,3.86,Active
D05034,Jacqueline Green,SUV,Tampines,4.63,Active
D05035,Antonio Sweeney,MPV,Ang Mo Kio,4.89,Active
D05036,Ashley Bolton,Electric,Yishun,4.85,Active
D05037,Jose Wright,SUV,Bedok,4.48,Active
D05038,David Schwartz,Premium,Yishun,4.16,Active
D05039,Samuel Stewart,Electric,Bishan,3.95,Active
D05040,Maria Hanson,SUV,Singapore,4.43,Active
D05041,Tiffany Davis,Hatchback,Ang Mo Kio,3.87,Active
D05042,William Delgado,Hatchback,Singapore,3.9,Active
D05043,Jeanette Anderson,MPV,Tampines,4.14,Active
D05044,Jasmine Cherry,MPV,Woodlands,3.81,Active
D05045,Ryan Rivera,Electric,Yishun,3.57,Active
D05046,Emily Gutierrez,Premium,Woodlands,4.02,Active
D05047,Joseph Perez,Sedan,Woodlands,3.88,Active
D05048,Dennis Perez,Sedan,Jurong,3.54,Active
D05049,Stephanie Henderson,SUV,Yishun,3.91,Active
D05050,Sharon Schroeder,Premium,Yishun,4.0,Inactive
D05051,Ellen Boyle,Sedan,Punggol,4.35,Active
D05052,Catherine Wilkinson,MPV,Bishan,3.97,Active
D05053,Vernon Martin,Electric,Singapore,3.78,Active
D05054,James Williams,Premium,Yishun,4.57,Active
D05055,Stephanie Leblanc,MPV,Yishun,3.64,Active
D05056,Susan Hayes,Premium,Tampines,3.93,Active
D05057,Michael Edwards,SUV,Tampines,3.51,Suspended
D05058,Jerry Kane,MPV,Bishan,4.55,Active
D05059,Andrew Duncan,MPV,Yishun,4.23,Active
D05060,Mrs. Christina Hicks,Sedan,Bishan,3.81,Inactive
D05061,Bob Dunlap,Premium,Singapore,3.81,Active
D05062,James Smith,Electric,Punggol,3.66,Active
D05063,Steven Hodges,SUV,Singapore,3.95,Active
D05064,Theresa Garcia,Hatchback,Woodlands,3.87,Active
D05065,Christopher Walls,Electric,Bishan,3.65,Active
D05066,Ryan Cook,SUV,Woodlands,4.75,Inactive
D05067,Kimberly Hall,Electric,Toa Payoh,3.57,Active
D05068,Kelsey Roth,Premium,Toa Payoh,4.38,Active
D05069,Taylor Johnson,Premium,Singapore,4.62,Active
D05070,Linda Burnett,Electric,Jurong,4.5,Inactive
D05071,Alicia Boyle,MPV,Yishun,4.15,Active
D05072,Melanie Rhodes,MPV,Ang Mo Kio,4.24,Active
D05073,Julie Parrish,SUV,Woodlands,3.64,Inactive
D05074,Carla Rivers MD,MPV,Jurong,4.86,Active
D05075,John Santiago,Premium,Tampines,3.74,Active
D05076,Amanda Herrera,Sedan,Bishan,4.04,Active
D05077,Justin Hood,SUV,Bishan,3.87,Active
D05078,Megan Thompson,Sedan,Jurong,4.43,Active
D05079,Anna Blackburn,Hatchback,Ang Mo Kio,4.48,Active
D05080,James Johnson,Electric,Ang Mo Kio,3.87,Inactive
D05081,Michael Harris,Sedan,Woodlands,4.93,Active
D05082,Travis Ruiz,Electric,Bishan,4.76,Active
D05083,Maurice Moore,Premium,Punggol,3.85,Active
D05084,Deborah Moran,SUV,Yishun,3.5,Active
D05085,Parker Bailey,SUV,Tampines,4.37,Active
D05086,Jennifer Harvey,MPV,Yishun,3.57,Active
D05087,Robert Fry,SUV,Tampines,4.11,Active
D05088,Megan Gonzales,Sedan,Bedok,4.01,Active
D05089,Pamela Bartlett,Premium,Yishun,3.95,Active
D05090,Laura Lin,SUV,Tampines,4.55,Active
D05091,Monica Green,MPV,Toa Payoh,4.96,Inactive
D05092,Sonya Mcdonald,Premium,Jurong,3.88,Active
D05093,Brian Carpenter,Electric,Tampines,4.84,Active
D05094,Suzanne Rojas,Sedan,Toa Payoh,4.52,Active
D05095,Tracy Martin,SUV,Yishun,4.57,Active
D05096,Jesse Brown,MPV,Singapore,3.95,Active
D05097,William Atkins,Sedan,Bishan,4.96,Active
D05098,Jennifer Perez,SUV,Bishan,4.32,Active
D05099,Brian Harvey,Premium,Tampines,3.96,Active
D05100,Sheri Carter,MPV,Yishun,3.68,Active
D05101,Edward Atkinson,Sedan,Singapore,3.66,Active
D05102,Brandi Baldwin,Sedan,Jurong,3.81,Active
D05103,Lisa Davis,SUV,Punggol,4.87,Active
D05104,Rachel Webb,Premium,Tampines,4.66,Active
D05105,Derrick Hubbard,MPV,Toa Payoh,3.7,Active
D05106,Patricia Miller,Premium,Bedok,4.47,Active
D05107,Leslie Ross,SUV,Yishun,4.95,Active
D05108,Stephanie Williams MD,MPV,Punggol,3.99,Active
D05109,David Rodriguez,SUV,Punggol,4.83,Inactive
D05110,John Goodwin,MPV,Tampines,4.21,Active
D05111,Ricky Donovan,Electric,Woodlands,4.62,Active
D05112,Rebecca Huffman,MPV,Jurong,4.0,Active
D05113,Thomas Jones,SUV,Ang Mo Kio,3.77,Active
D05114,Lisa Brown,Electric,Toa Payoh,4.46,Active
D05115,Jose Boone,MPV,Bishan,3.52,Inactive
D05116,Cody Osborn,Sedan,Woodlands,4.05,Active
D05117,Jose Owens,MPV,Toa Payoh,4.72,Active
D05118,Sean Moore,MPV,Jurong,4.84,Active
D05119,Natalie Gardner,Sedan,Tampines,3.74,Inactive
D05120,David Hughes,Premium,Ang Mo Kio,4.43,Active
D05121,Lisa Larson,Hatchback,Woodlands,3.67,Active
D05122,Rebecca Stuart,Electric,Singapore,4.94,Active
D05123,Douglas Smith,Hatchback,Singapore,4.59,Active
D05124,Jimmy Shaw,Premium,Bishan,4.9,Inactive
D05125,Samuel Black,SUV,Yishun,4.25,Active
D05126,Amanda Hill,Premium,Woodlands,3.67,Active
D05127,Alan Carlson,Premium,Woodlands,3.66,Active
D05128,David French,Electric,Bedok,4.64,Active
D05129,Lisa Banks,Electric,Punggol,4.78,Active
D05130,Ann Cooper,Hatchback,Singapore,3.64,Active
D05131,Kelly Williams,Sedan,Woodlands,4.71,Active
D05132,Michael Graham,Sedan,Bedok,3.94,Active
D05133,Cassidy Lopez,Hatchback,Yishun,3.5,Active
D05134,Jacob Riley,Electric,Toa Payoh,4.88,Active
D05135,Stacy Salinas,Hatchback,Bishan,4.49,Active
D05136,William Green,SUV,Jurong,3.86,Active
D05137,Autumn Franco,MPV,Toa Payoh,3.74,Active
D05138,Thomas Young,Hatchback,Bishan,4.94,Active
D05139,Kimberly Jackson,Electric,Tampines,4.94,Active
D05140,Jennifer Brown,SUV,Singapore,4.8,Active
D05141,Matthew Robles,SUV,Yishun,3.93,Active
D05142,Jose Thompson,SUV,Toa Payoh,4.11,Active
D05143,Stephanie Dillon,Hatchback,Tampines,3.53,Active
D05144,Timothy Ryan,Electric,Ang Mo Kio,3.84,Active
D05145,Christine Smith,MPV,Punggol,3.88,Active
D05146,Betty Mckay,Premium,Singapore,4.59,Active
D05147,Ryan Buck,Electric,Yishun,4.57,Active
D05148,Taylor Griffith,SUV,Toa Payoh,4.4,Active
D05149,John Holland,MPV,Ang Mo Kio,3.78,Active
D05150,Andrew Matthews,Sedan,Yishun,3.93,Active
D05151,Charlene Roy,Premium,Tampines,3.95,Active
D05152,Edward Schaefer,SUV,Woodlands,4.05,Suspended
D05153,Jonathan Hurley,Sedan,Tampines,4.84,Inactive
D05154,John Drake,Electric,Tampines,4.54,Active
D05155,Robin Wilcox,Electric,Punggol,4.86,Active
D05156,Brenda Bailey,Hatchback,Bishan,4.63,Inactive
D05157,Nathan Rodriguez,Sedan,Toa Payoh,4.11,Active
D05158,Parker Garrett,Hatchback,Ang Mo Kio,4.29,Active
D05159,Holly Le,Electric,Bishan,3.95,Active
D05160,Blake Sims,MPV,Toa Payoh,4.43,Active
D05161,Nathan Stevens,Premium,Bishan,4.36,Active
D05162,Wendy Miller,Premium,Jurong,4.69,Inactive
D05163,Tracey Reeves,Hatchback,Bishan,4.39,Active
D05164,Lauren Cummings,Premium,Punggol,3.66,Active
D05165,Micheal Brock,Hatchback,Bishan,3.7,Active
D05166,Raymond Blair,Hatchback,Jurong,3.95,Active
D05167,Jonathan Garrison,Electric,Punggol,4.4,Active
D05168,Mrs. Elizabeth Fisher,MPV,Yishun,4.75,Active
D05169,Randall Lawrence,Sedan,Tampines,3.63,Inactive
D05170,Nicholas Hill,Electric,Punggol,4.13,Active
D05171,Alexander Smith,Sedan,Woodlands,3.75,Active
D05172,Jessica Campbell,Premium,Woodlands,4.76,Active
D05173,Sarah Craig,Sedan,Jurong,4.49,Active
D05174,Brittany Carney,Sedan,Tampines,4.94,Active
D05175,Julie Zhang,Electric,Yishun,4.31,Active
D05176,Benjamin Johnson,SUV,Tampines,4.82,Active
D05177,Justin Castaneda,SUV,Yishun,3.86,Active
D05178,Kathy Floyd,MPV,Bedok,3.7,Active
D05179,Erin Hernandez,SUV,Toa Payoh,4.54,Active
D05180,Justin Johnson,Premium,Bedok,3.85,Active
D05181,Kevin Mayer,SUV,Bishan,4.62,Inactive
D05182,Scott Munoz,Sedan,Bishan,4.34,Active
D05183,Diana Lane,Hatchback,Tampines,3.76,Active
D05184,Jesse Weber,SUV,Singapore,4.19,Active
D05185,Kyle Bailey,Sedan,Woodlands,4.07,Active
D05186,Carol Burns,SUV,Singapore,4.66,Active
D05187,Gary Villarreal,Hatchback,Ang Mo Kio,4.28,Active
D05188,Kyle Phillips,Hatchback,Ang Mo Kio,3.89,Active
D05189,Martha Ross,Electric,Yishun,4.12,Active
D05190,Corey Gilmore,Hatchback,Toa Payoh,4.48,Active
D05191,Tamara Martinez,MPV,Jurong,4.73,Active
D05192,Benjamin Bright,Premium,Bishan,4.1,Active
D05193,Julie Rogers,Sedan,Ang Mo Kio,3.96,Active
D05194,Sarah Smith,Hatchback,Woodlands,3.98,Active
D05195,Brian Lee,SUV,Bishan,4.04,Active
D05196,Victor Jackson,Electric,Yishun,4.1,Active
D05197,Brent Murray,MPV,Punggol,4.69,Active
D05198,George Kim,MPV,Woodlands,4.88,Active
D05199,Roy Jensen,Hatchback,Bishan,4.87,Inactive
D05200,Julie Walker,MPV,Bishan,4.03,Active
D05201,Dominique Curry,Premium,Bishan,4.04,Active
D05202,Jeffrey Mitchell,MPV,Tampines,4.82,Inactive
D05203,Anthony Hall,SUV,Yishun,4.94,Active
D05204,Vanessa Gardner,Premium,Singapore,4.39,Active
D05205,Michael Duke,Hatchback,Bishan,4.41,Active
D05206,Brittany Mclaughlin,SUV,Singapore,4.13,Active
D05207,Joseph Mann,Sedan,Bedok,3.75,Active
D05208,Ashley Luna,Premium,Punggol,4.44,Active
D05209,Randy Vasquez,Electric,Punggol,4.67,Active
D05210,Charles Hunter,Premium,Woodlands,3.99,Active
D05211,Omar Brown,Electric,Yishun,3.51,Active
D05212,Tracy Chen,Electric,Singapore,4.53,Active
D05213,Breanna Gilbert,Premium,Toa Payoh,3.53,Active
D05214,Scott Smith,Sedan,Bedok,4.32,Active
D05215,Miranda Anderson,Hatchback,Tampines,4.92,Active
D05216,Jacob Robertson,Premium,Ang Mo Kio,4.18,Active
D05217,Cynthia Dunn,Electric,Singapore,4.47,Active
D05218,Megan Meyers,Hatchback,Punggol,4.19,Active
D05219,Douglas Pittman,Sedan,Ang Mo Kio,3.68,Active
D05220,James Tucker,Sedan,Yishun,4.17,Inactive
D05221,Stephanie King,Premium,Bedok,4.92,Active
D05222,Christian Hurst,Electric,Woodlands,4.64,Active
D05223,Stephen Manning,Hatchback,Jurong,4.1,Active
D05224,Ronald Nguyen,Premium,Tampines,3.96,Inactive
D05225,Brittany Ellis,MPV,Toa Payoh,3.74,Suspended
D05226,Phillip Petersen,Hatchback,Punggol,4.42,Active
D05227,Dr. Sarah Aguirre,Electric,Jurong,4.15,Active
D05228,Elizabeth Hernandez,Hatchback,Singapore,4.94,Active
D05229,Terry Baker,Sedan,Toa Payoh,4.8,Active
D05230,Craig Ramirez,Hatchback,Singapore,4.77,Active
D05231,Keith Allison,Premium,Punggol,3.69,Active
D05232,Gerald White,Sedan,Punggol,3.79,Active
D05233,Douglas Gomez,SUV,Ang Mo Kio,3.74,Active
D05234,Barbara Manning,Premium,Singapore,4.39,Inactive
D05235,Julie Acevedo,Premium,Toa Payoh,3.74,Active
D05236,Brian Romero,Sedan,Ang Mo Kio,4.45,Active
D05237,Cassandra Osborne,SUV,Woodlands,3.56,Active
D05238,Vanessa Burnett,Electric,Singapore,4.14,Active
D05239,Kaylee Adams,MPV,Punggol,3.86,Active
D05240,James Curtis,Sedan,Jurong,3.6,Active
D05241,Austin Wilson,Electric,Tampines,4.35,Active
D05242,Mr. Adam Ramos,Premium,Ang Mo Kio,3.6,Active
D05243,Willie Hester,Electric,Singapore,4.15,Active
D05244,Janet Bailey,Hatchback,Jurong,4.76,Active
D05245,Amanda Sosa,MPV,Tampines,4.13,Active
D05246,Dakota Clark,SUV,Singapore,3.74,Active
D05247,Andrea Davidson,Premium,Singapore,4.4,Active
D05248,Gregory Blake,MPV,Ang Mo Kio,4.35,Active
D05249,Calvin Hall,Electric,Bedok,4.86,Inactive
D05250,Morgan Clayton,Sedan,Singapore,4.38,Active
D05251,Benjamin Vaughan,Electric,Singapore,4.38,Inactive
D05252,Megan Salinas,Premium,Woodlands,3.68,Active
D05253,Joanna Clark,Sedan,Jurong,3.61,Active
D05254,Angelica Ball,MPV,Singapore,4.99,Active
D05255,Katie Nelson,Premium,Tampines,3.76,Inactive
D05256,Diana Espinoza,Sedan,Ang Mo Kio,3.77,Active
D05257,Joseph Manning MD,Hatchback,Jurong,4.49,Active
D05258,Stephanie Reynolds,MPV,Jurong,3.69,Active
D05259,Catherine Benson,Premium,Jurong,4.45,Active
D05260,Kayla Jones,Sedan,Toa Payoh,4.86,Inactive
D05261,Douglas White,SUV,Woodlands,4.75,Active
D05262,Christina Gamble,MPV,Singapore,3.68,Active
D05263,Paul Alvarez,Hatchback,Jurong,4.02,Active
D05264,Christina Morrison,Sedan,Bishan,4.75,Active
D05265,Brian Foster,Electric,Punggol,3.52,Active
D05266,Cynthia Carrillo,Sedan,Woodlands,3.89,Active
D05267,Richard Carey,Sedan,Woodlands,4.49,Active
D05268,Rachel Mcneil,Electric,Tampines,4.35,Active
D05269,Randy Smith,Hatchback,Bedok,4.2,Active
D05270,Richard Johnson,SUV,Yishun,4.93,Active
D05271,Paul Mclean,Electric,Ang Mo Kio,4.91,Active
D05272,Harold Baldwin,Hatchback,Tampines,4.16,Active
D05273,Krystal Lopez,Hatchback,Woodlands,3.8,Active
D05274,John Lopez,Sedan,Tampines,4.38,Active
D05275,Randy Garza,Sedan,Bishan,3.63,Active
D05276,Toni Wong,Hatchback,Woodlands,3.78,Active
D05277,Nathaniel Morse,Hatchback,Tampines,3.97,Active
D05278,Adam Walton,Sedan,Jurong,4.26,Active
D05279,Gary Colon,Hatchback,Ang Mo Kio,3.52,Active
D05280,Erica West DVM,Electric,Ang Mo Kio,4.62,Active
D05281,Matthew Wright,SUV,Jurong,3.83,Active
D05282,Jennifer Thornton,SUV,Tampines,4.85,Active
D05283,Mary Wallace,Hatchback,Ang Mo Kio,3.64,Active
D05284,Michael Owen,Hatchback,Jurong,4.92,Active
D05285,Samantha Henry,Hatchback,Bedok,3.76,Active
D05286,Chad Hanson,Electric,Jurong,4.04,Active
D05287,Darius Grant,Sedan,Ang Mo Kio,3.9,Active
D05288,Dana Dixon,MPV,Yishun,4.08,Active
D05289,Mary Johnson,Premium,Punggol,4.5,Active
D05290,Jamie French,SUV,Bishan,4.86,Active
D05291,Amber Moran,MPV,Toa Payoh,4.69,Active
D05292,Joann Edwards,Electric,Punggol,4.91,Active
D05293,Laura Santiago,SUV,Toa Payoh,4.59,Active
D05294,Benjamin Hernandez,Hatchback,Bedok,4.26,Active
D05295,Victoria Smith,Sedan,Bedok,4.47,Active
D05296,Rachael Schwartz,Hatchback,Bedok,3.54,Active
D05297,Melissa Meza,Hatchback,Ang Mo Kio,4.13,Active
D05298,Kyle Gordon DVM,Hatchback,Jurong,4.61,Active
D05299,Michael Koch,Premium,Ang Mo Kio,4.56,Suspended
D05300,Raymond Bryan,Electric,Yishun,4.05,Active
D05301,Amber Miles,Sedan,Singapore,3.6,Active
D05302,Mark Neal,MPV,Ang Mo Kio,3.51,Inactive
D05303,Courtney Hill,SUV,Toa Payoh,4.61,Active
D05304,Bill Day,SUV,Bedok,3.56,Active
D05305,Mary Johnson,SUV,Punggol,4.29,Active
D05306,David Allen,Electric,Singapore,4.78,Active
D05307,Felicia Flores,Hatchback,Jurong,4.93,Active
D05308,Melissa Brennan,Premium,Jurong,4.45,Suspended
D05309,Renee Sullivan,Premium,Singapore,4.34,Active
D05310,Jacob Perez,Hatchback,Singapore,4.53,Inactive
D05311,Kathy Contreras,SUV,Ang Mo Kio,4.31,Active
D05312,James Smith,Premium,Ang Mo Kio,3.65,Active
D05313,Theresa Smith,Premium,Bedok,3.98,Active
D05314,Michelle Mcdonald,SUV,Punggol,3.69,Active
D05315,Scott Peterson,SUV,Singapore,4.63,Active
D05316,Elizabeth Taylor,Electric,Punggol,4.85,Active
D05317,Debra Atkinson,Premium,Singapore,4.64,Active
D05318,Jessica Schwartz,Electric,Bedok,3.99,Active
D05319,Brandon Anderson,MPV,Punggol,3.88,Active
D05320,Kristine Thornton,Electric,Bedok,3.53,Active
D05321,Betty Hernandez,Hatchback,Toa Payoh,4.62,Active
D05322,Laura Walker,Hatchback,Tampines,4.92,Active
D05323,Veronica Logan,Electric,Ang Mo Kio,4.14,Active
D05324,Deborah Phillips,SUV,Ang Mo Kio,4.76,Active
D05325,Denise Browning,MPV,Bedok,3.71,Active
D05326,Mark Galloway,MPV,Singapore,4.34,Inactive
D05327,Virginia King,Sedan,Jurong,3.89,Active
D05328,Lori Smith,Electric,Ang Mo Kio,3.68,Active
D05329,Melissa Walker,Electric,Ang Mo Kio,4.48,Active
D05330,Jeffrey Stevens,Electric,Singapore,3.97,Active
D05331,Jennifer Buchanan,SUV,Woodlands,4.22,Active
D05332,Elizabeth Lucero,SUV,Singapore,4.06,Active
D05333,Suzanne Reed,Hatchback,Toa Payoh,4.17,Active
D05334,Bridget Olsen,Hatchback,Yishun,4.39,Active
D05335,Diana Johnston,Premium,Toa Payoh,4.26,Active
D05336,Kenneth Johnson,Hatchback,Tampines,3.57,Inactive
D05337,Ryan Wong,Electric,Bishan,3.74,Active
D05338,Kelly Bishop,Electric,Bedok,4.03,Active
D05339,Crystal Romero,Sedan,Yishun,4.93,Active
D05340,Jake Zimmerman,SUV,Toa Payoh,4.61,Active
D05341,Mary Davila,Electric,Tampines,4.85,Active
D05342,Benjamin Vasquez,Hatchback,Jurong,4.3,Active
D05343,Christopher Davis,Hatchback,Singapore,4.7,Active
D05344,Robert Walter,SUV,Woodlands,3.69,Active
D05345,Karen Johnson,Electric,Bishan,4.3,Active
D05346,Christopher Mullins,Premium,Tampines,4.05,Active
D05347,Bryan Gentry,Electric,Bishan,4.71,Active
D05348,Jacob Williams,Hatchback,Toa Payoh,4.75,Active
D05349,Nancy Gilmore,Premium,Singapore,4.56,Active
D05350,George Gomez,Sedan,Singapore,4.54,Active
D05351,Stephanie Johnson,SUV,Toa Payoh,4.26,Active
D05352,Lisa Paul,Premium,Singapore,4.97,Active
D05353,John Simpson,SUV,Ang Mo Kio,3.67,Active
D05354,Nicole Robbins,Premium,Tampines,4.12,Active
D05355,Veronica Berry,Hatchback,Punggol,4.47,Active
D05356,Emily Ruiz,Electric,Punggol,4.26,Active
D05357,Richard Wilson,SUV,Singapore,4.18,Inactive
D05358,Emma Cooper,Electric,Toa Payoh,4.9,Active
D05359,Daniel Hopkins,Sedan,Woodlands,4.56,Active
D05360,James Patel,MPV,Punggol,3.57,Active
D05361,Mark Holmes,Sedan,Tampines,4.23,Active
D05362,Brian Patel,SUV,Ang Mo Kio,4.55,Active
D05363,Jocelyn Dyer,Premium,Woodlands,4.6,Active
D05364,Patricia Mahoney,MPV,Woodlands,3.55,Active
D05365,James Macdonald,Electric,Jurong,4.66,Active
D05366,Richard Ortega,Hatchback,Jurong,3.71,Active
D05367,Crystal Morris,Hatchback,Jurong,4.31,Active
D05368,Mariah Kelley,SUV,Bedok,4.5,Active
D05369,Jacqueline Barrett,MPV,Singapore,4.06,Active
D05370,Michael Dillon,Hatchback,Tampines,4.41,Active
D05371,Nicolas Carter,SUV,Tampines,3.63,Active
D05372,Thomas Harper,MPV,Tampines,4.49,Active
D05373,Katie Murphy,SUV,Singapore,4.94,Active
D05374,Sarah Davis,MPV,Ang Mo Kio,4.92,Active
D05375,Tyler Roberts,Premium,Woodlands,4.98,Active
D05376,James Lopez,Premium,Yishun,3.93,Active
D05377,Michelle Martinez,Electric,Tampines,3.67,Active
D05378,Austin Novak,Premium,Bishan,4.85,Active
D05379,Steven Manning,Electric,Tampines,3.56,Active
D05380,Rachel Richardson,Premium,Yishun,4.12,Active
D05381,Roger Myers,Premium,Bedok,3.67,Active
D05382,Patricia Matthews,Hatchback,Yishun,3.7,Active
D05383,Christian Walker,Premium,Bishan,4.62,Active
D05384,Shelly Mccarthy,MPV,Toa Payoh,3.54,Active
D05385,Margaret Perkins,SUV,Bishan,4.88,Active
D05386,Kristen Garza,Premium,Woodlands,4.1,Inactive
D05387,Anthony Pacheco,Premium,Ang Mo Kio,3.53,Active
D05388,Gloria Henderson,Electric,Woodlands,4.31,Active
D05389,Jonathan White,Hatchback,Toa Payoh,3.68,Active
D05390,Alicia Schwartz,Electric,Woodlands,4.01,Active
D05391,Kelly Reilly,Sedan,Jurong,4.72,Active
D05392,April Sherman,Sedan,Jurong,4.21,Active
D05393,Connor Mendoza,Sedan,Jurong,3.83,Active
D05394,Stephanie Alexander,Premium,Bedok,3.97,Active
D05395,Chris Khan,SUV,Toa Payoh,4.28,Active
D05396,Jason French,Sedan,Singapore,3.59,Active
D05397,Mark Obrien,Electric,Bedok,4.68,Active
D05398,Christopher Barajas,Sedan,Ang Mo Kio,3.84,Active
D05399,Jacob Hull,Sedan,Yishun,4.46,Active
D05400,Derek Donaldson,Electric,Woodlands,3.95,Active
D05401,Steven Hart,Premium,Toa Payoh,4.14,Inactive
D05402,Matthew Price,Electric,Jurong,4.74,Active
D05403,Jack Ruiz,MPV,Woodlands,3.65,Active
D05404,Leslie Haynes,SUV,Bishan,4.4,Active
D05405,Jordan Ferguson,Sedan,Bedok,4.46,Active
D05406,Maria Jimenez,Premium,Tampines,4.17,Inactive
D05407,Alison Roberson,Sedan,Bedok,4.32,Active
D05408,Ruben Rodriguez,Hatchback,Punggol,3.52,Active
D05409,Raymond Hawkins,MPV,Punggol,4.9,Active
D05410,Julie Reed,Electric,Woodlands,4.78,Active
D05411,Kelsey Webb,Sedan,Punggol,4.37,Active
D05412,Derek Yang,Sedan,Bishan,3.54,Active
D05413,Shannon Waller,Electric,Bishan,4.59,Active
D05414,Kathleen Lopez,MPV,Yishun,3.87,Active
D05415,Brittany Williams,SUV,Ang Mo Kio,3.97,Active
D05416,Justin Ramsey,MPV,Jurong,4.25,Active
D05417,Philip Wilson,SUV,Ang Mo Kio,4.17,Active
D05418,Anna Hill,Electric,Punggol,4.74,Active
D05419,Christina Williams,Sedan,Bedok,4.58,Active
D05420,Shane Ramirez,Hatchback,Punggol,3.59,Suspended
D05421,Justin Montes,MPV,Toa Payoh,4.54,Active
D05422,Gregory Brooks,Electric,Toa Payoh,3.96,Active
D05423,Anthony Russell,SUV,Bishan,3.66,Active
D05424,Bruce Robinson,Premium,Jurong,4.46,Active
D05425,William Atkinson,Hatchback,Tampines,4.22,Active
D05426,Lisa West,Hatchback,Ang Mo Kio,4.95,Active
D05427,Gregory Graves,Sedan,Punggol,3.61,Active
D05428,Ashley Nguyen,Electric,Punggol,4.44,Active
D05429,Sara Lambert,Electric,Jurong,4.08,Active
D05430,Phyllis Jensen,MPV,Bedok,4.42,Active
D05431,Leah Owens,Electric,Woodlands,4.83,Active
D05432,Lauren Chang,MPV,Jurong,4.52,Active
D05433,Ralph Williams,SUV,Tampines,4.15,Active
D05434,Patricia King,MPV,Toa Payoh,4.2,Active
D05435,Lauren Shepherd,Electric,Ang Mo Kio,3.78,Active
D05436,Gerald Barton,MPV,Yishun,4.76,Active
D05437,Robert Martinez,Premium,Bedok,4.79,Active
D05438,Julie Baker,SUV,Bedok,3.9,Active
D05439,Melissa Golden,SUV,Bishan,3.71,Active
D05440,Phyllis Sandoval DDS,SUV,Punggol,4.74,Active
D05441,Jonathan Gonzalez,Sedan,Ang Mo Kio,3.74,Inactive
D05442,Charles Holt,Hatchback,Bishan,3.81,Active
D05443,Cheryl Garrett,Hatchback,Bishan,3.66,Active
D05444,Jessica Guerrero,Premium,Singapore,3.53,Active
D05445,Todd Martin,Hatchback,Toa Payoh,4.22,Active
D05446,Maria Murphy,Electric,Tampines,3.53,Active
D05447,Gabriela Scott,Sedan,Ang Mo Kio,3.57,Active
D05448,Dawn Fuller,Premium,Tampines,3.86,Active
D05449,Linda Perry,SUV,Jurong,4.9,Active
D05450,Nicholas Sullivan,SUV,Bedok,4.09,Active
D05451,Megan Deleon,MPV,Singapore,3.63,Active
D05452,David Johnson,Sedan,Jurong,3.95,Active
D05453,Michael Hayes,MPV,Yishun,4.42,Active
D05454,Cheryl Lloyd,MPV,Bedok,3.71,Active
D05455,Miss Alexandria Molina,SUV,Punggol,4.46,Active
D05456,Anne Patrick,MPV,Ang Mo Kio,3.77,Active
D05457,Matthew Frazier,SUV,Tampines,4.22,Active
D05458,Zachary Henderson,Premium,Ang Mo Kio,4.86,Active
D05459,Yvette Thomas,Premium,Ang Mo Kio,3.95,Active
D05460,Daniel Clark,Hatchback,Punggol,3.81,Active
D05461,Kristin Hancock,MPV,Punggol,4.24,Active
D05462,Joshua Roth,Premium,Ang Mo Kio,3.59,Inactive
D05463,Sarah Thomas,Premium,Woodlands,4.73,Suspended
D05464,Brent Elliott,Electric,Ang Mo Kio,4.81,Active
D05465,Margaret Martinez,Hatchback,Singapore,3.57,Active
D05466,Colleen Hill,Premium,Toa Payoh,3.82,Active
D05467,Shelly Phillips,MPV,Yishun,4.8,Active
D05468,Kathryn Diaz,SUV,Toa Payoh,4.5,Active
D05469,Nicholas Lawrence,Hatchback,Punggol,3.95,Active
D05470,Heather Gutierrez,Sedan,Punggol,3.89,Active
D05471,Samantha Strickland,Hatchback,Tampines,3.86,Active
D05472,Jeff Johnson Jr.,Electric,Jurong,3.66,Active
D05473,Brenda Bradshaw,Electric,Tampines,4.46,Inactive
D05474,Paul Johnston,SUV,Jurong,4.51,Active
D05475,Traci Anderson,Premium,Ang Mo Kio,4.98,Active
D05476,Jennifer Chang,Electric,Bedok,3.57,Active
D05477,Daniel Clark,MPV,Jurong,4.47,Active
D05478,Hailey Molina,Sedan,Toa Payoh,4.06,Active
D05479,Brianna Ball,Premium,Ang Mo Kio,4.45,Active
D05480,Jenna Morse,MPV,Woodlands,3.62,Active
D05481,Jamie Moore,MPV,Singapore,4.17,Active
D05482,Ryan Salinas,MPV,Punggol,4.86,Active
D05483,Logan Wood,Sedan,Bedok,4.96,Active
D05484,Karen Hester,Premium,Yishun,4.49,Active
D05485,Ms. Nicole Larsen DDS,Electric,Toa Payoh,4.38,Active
D05486,Haley Hernandez,SUV,Bedok,3.75,Active
D05487,Sarah Bates,Premium,Ang Mo Kio,4.86,Active
D05488,Nathaniel Armstrong,MPV,Jurong,3.82,Active
D05489,Miss Ashley Hardy,SUV,Yishun,3.63,Active
D05490,Kimberly Walsh,Hatchback,Woodlands,3.8,Active
D05491,Nicholas Tucker,SUV,Bishan,3.78,Inactive
D05492,Anita Knight,MPV,Punggol,4.45,Active
D05493,Christopher Price,Sedan,Singapore,3.78,Inactive
D05494,Donald Browning,Premium,Punggol,3.52,Active
D05495,Elizabeth Brown,Hatchback,Ang Mo Kio,3.96,Active
D05496,Janice Wright,Sedan,Punggol,4.88,Inactive
D05497,Christopher Robles,Premium,Tampines,4.1,Active
D05498,Melissa Johnson,Electric,Ang Mo Kio,4.9,Inactive
D05499,Joe Clark,Sedan,Toa Payoh,3.72,Active
D05500,Mark Oliver,Sedan,Yishun,3.56,Active
D05501,Shirley Scott,Hatchback,Ang Mo Kio,4.32,Active
D05502,Richard Simpson,SUV,Toa Payoh,3.74,Active
D05503,Heather Glass,SUV,Ang Mo Kio,4.15,Active
D05504,Devon Dawson,MPV,Ang Mo Kio,3.98,Active
D05505,Victor Kirby,SUV,Punggol,4.52,Active
D05506,Carrie Lucero,Hatchback,Bishan,3.7,Active
D05507,Rose Hanna,SUV,Toa Payoh,4.19,Active
D05508,John Sanchez,Premium,Jurong,4.11,Active
D05509,Nancy Medina,MPV,Bedok,3.74,Active
D05510,Robert Knight,Premium,Bishan,4.78,Inactive
D05511,Terry Ross,Premium,Yishun,4.15,Active
D05512,Mitchell Soto,MPV,Singapore,4.74,Active
D05513,Melissa Moran,Sedan,Bishan,4.46,Active
D05514,Joseph Irwin,Electric,Singapore,3.79,Active
D05515,George Clark,Electric,Punggol,4.69,Active
D05516,Tony Turner,SUV,Singapore,4.44,Active
D05517,Debra Vargas,Sedan,Yishun,4.25,Active
D05518,Dustin Hess,Electric,Bedok,4.34,Inactive
D05519,Stephanie David,Electric,Bishan,4.6,Active
D05520,Ruben Kennedy,Hatchback,Jurong,3.82,Suspended
D05521,Andrew Frye,SUV,Punggol,4.37,Active
D05522,Andrew Moreno,MPV,Jurong,4.72,Active
D05523,Philip Santos,SUV,Woodlands,3.6,Active
D05524,David Saunders,Hatchback,Punggol,4.51,Active
D05525,Rhonda Daniels,Premium,Tampines,4.45,Active
D05526,Kayla Becker,Electric,Yishun,4.95,Active
D05527,Luke Anderson,Sedan,Toa Payoh,3.58,Active
D05528,Katherine Kim,Premium,Bishan,3.89,Active
D05529,Daniel Wilson,Electric,Bedok,4.6,Active
D05530,Brian Lee,Sedan,Punggol,3.57,Active
D05531,Michael Nguyen,SUV,Bishan,4.37,Active
D05532,Gregory Hall,Hatchback,Toa Payoh,4.95,Active
D05533,Justin Fischer,Sedan,Woodlands,4.91,Active
D05534,Adrian Scott,Sedan,Yishun,4.23,Active
D05535,Lauren Sullivan,MPV,Bishan,3.98,Suspended
D05536,Thomas Morales,MPV,Ang Mo Kio,4.04,Active
D05537,David Chung,Premium,Yishun,3.72,Inactive
D05538,Brian Carlson,Sedan,Ang Mo Kio,3.89,Active
D05539,Laura Boone,Electric,Yishun,4.45,Active
D05540,Clinton Garrison,Hatchback,Ang Mo Kio,4.78,Inactive
D05541,Carl Li,Hatchback,Jurong,3.69,Active
D05542,Duane Johnson,MPV,Bedok,4.88,Active
D05543,David Brown,MPV,Tampines,4.15,Active
D05544,Audrey Robbins,SUV,Bedok,4.71,Active
D05545,Steven Atkins,Electric,Woodlands,4.64,Active
D05546,Michelle Allison,Hatchback,Toa Payoh,3.61,Active
D05547,Charles Clark,Electric,Tampines,4.44,Active
D05548,Krystal Jacobson,MPV,Jurong,4.71,Active
D05549,Sarah Hicks,Premium,Singapore,4.31,Active
D05550,Michael Perry,Premium,Singapore,4.94,Active
D05551,Jennifer Smith,Hatchback,Bishan,3.99,Active
D05552,Michelle Frank,Hatchback,Bedok,3.65,Active
D05553,Eric Cooley,SUV,Bedok,3.53,Active
D05554,Diane Ellison,Sedan,Bedok,4.67,Active
D05555,Benjamin Mcdaniel,Electric,Tampines,4.06,Active
D05556,Michael Lindsey,SUV,Punggol,3.97,Active
D05557,Mr. Charles Trevino DDS,MPV,Yishun,4.03,Active
D05558,Kimberly Cook,Electric,Yishun,4.72,Active
D05559,Jessica White,Premium,Bishan,4.07,Active
D05560,Alex Ellison,SUV,Tampines,4.8,Active
D05561,Sheila Hayes,Premium,Toa Payoh,3.67,Active
D05562,William Miller,MPV,Woodlands,3.65,Active
D05563,Hayley Walker,Hatchback,Woodlands,4.92,Active
D05564,Katherine Andrews,MPV,Ang Mo Kio,4.65,Active
D05565,Jeremiah Boone,Sedan,Woodlands,4.0,Active
D05566,Edward Hamilton,Hatchback,Jurong,3.93,Active
D05567,Jason Lara,Premium,Woodlands,3.93,Active
D05568,Joseph Cunningham,MPV,Singapore,4.61,Inactive
D05569,Tammy Mooney,SUV,Jurong,4.82,Active
D05570,Mrs. Kylie Williamson,SUV,Bishan,3.88,Active
D05571,Shane Watts,Premium,Woodlands,3.95,Active
D05572,James Allen,Hatchback,Bedok,3.55,Active
D05573,Jeremy Richardson,Premium,Singapore,3.86,Active
D05574,Pamela Richardson,Premium,Bishan,4.37,Active
D05575,Tyler Leonard,SUV,Tampines,3.52,Active
D05576,Kristie Bryant,Hatchback,Toa Payoh,4.11,Active
D05577,Jesus Robertson,SUV,Yishun,4.05,Active
D05578,Terri Schroeder,Electric,Bishan,3.5,Active
D05579,Kimberly Boyle,Hatchback,Yishun,4.85,Active
D05580,Joshua Gonzalez,Electric,Ang Mo Kio,4.62,Active
D05581,Kathleen Swanson,Premium,Singapore,4.19,Active
D05582,Ryan Moore DVM,Hatchback,Woodlands,4.63,Suspended
D05583,Teresa Golden,MPV,Punggol,4.54,Active
D05584,Michael Hancock,SUV,Ang Mo Kio,4.88,Active
D05585,Monique Warren,Electric,Bishan,3.78,Active
D05586,Carolyn Davis MD,Hatchback,Tampines,4.56,Active
D05587,Amber Davis,MPV,Singapore,4.62,Active
D05588,Joseph Wheeler,Electric,Bishan,3.53,Active
D05589,Angela Ward,Sedan,Jurong,3.56,Active
D05590,Matthew Oneill,Electric,Singapore,5.0,Active
D05591,Caleb Barron,MPV,Woodlands,4.39,Active
D05592,Edwin Bennett,Sedan,Jurong,4.49,Active
D05593,David Wilson,Premium,Jurong,4.23,Active
D05594,Barbara Thomas,Electric,Singapore,3.94,Active
D05595,Karen Farmer,SUV,Singapore,4.35,Active
D05596,James Cook,Premium,Jurong,3.55,Active
D05597,Eric Griffin,Sedan,Toa Payoh,3.96,Active
D05598,Jennifer Watson,Premium,Bedok,4.52,Active
D05599,Dawn Mcguire,SUV,Ang Mo Kio,4.69,Active
D05600,Scott Russell,SUV,Toa Payoh,4.36,Active
D05601,Kevin Williams,SUV,Tampines,4.78,Active
D05602,Nathaniel Matthews,Sedan,Bedok,3.99,Active
D05603,Miss Yesenia Barnes,SUV,Yishun,3.7,Active
D05604,Leonard Bernard,SUV,Ang Mo Kio,4.44,Active
D05605,Heidi Daniels,Sedan,Singapore,4.12,Active
D05606,Sandra Davis,MPV,Tampines,4.34,Active
D05607,Isaiah Torres,Hatchback,Woodlands,4.44,Active
D05608,Jose Webb,MPV,Tampines,3.61,Inactive
D05609,Steven Rodriguez,Hatchback,Singapore,3.66,Active
D05610,Brenda Kelly,Hatchback,Singapore,3.87,Active
D05611,Daniel Davis,Electric,Singapore,4.23,Active
D05612,Michael Robinson,Premium,Singapore,4.63,Active
D05613,Jessica Young,Sedan,Yishun,4.56,Active
D05614,Stephen Matthews,Sedan,Bedok,4.82,Active
D05615,Anthony Drake,SUV,Bishan,3.89,Active
D05616,Megan Hendricks,Hatchback,Toa Payoh,4.59,Active
D05617,Beth Hughes,SUV,Tampines,4.1,Active
D05618,Ryan Sanchez,Sedan,Yishun,4.63,Active
D05619,Linda Austin,Electric,Punggol,3.69,Active
D05620,William Powell,Electric,Singapore,4.75,Active
D05621,Ryan Jones,Premium,Punggol,4.77,Active
D05622,Michael Franklin,Sedan,Woodlands,4.7,Active
D05623,Kevin Robinson,SUV,Yishun,4.69,Active
D05624,Daniel Waters,Sedan,Tampines,4.41,Active
D05625,Paul Estrada,MPV,Ang Mo Kio,4.26,Active
D05626,Tiffany Reid,Premium,Bedok,3.89,Active
D05627,Paul Odom,Hatchback,Yishun,3.64,Active
D05628,Kaylee Barton,Hatchback,Tampines,3.91,Active
D05629,Daniel Franco,Sedan,Ang Mo Kio,4.02,Active
D05630,Roberto Thomas,Premium,Woodlands,4.81,Active
D05631,Emily Montoya,Hatchback,Singapore,4.03,Active
D05632,Laura Reyes,Hatchback,Yishun,4.86,Active
D05633,Victoria Garcia,Sedan,Punggol,3.95,Active
D05634,Christopher Pittman,Premium,Tampines,4.13,Active
D05635,Brittany Adkins,SUV,Toa Payoh,4.53,Active
D05636,Crystal Erickson,Sedan,Bedok,4.5,Active
D05637,Barbara Wright,Electric,Ang Mo Kio,4.31,Active
D05638,Sara Koch,Sedan,Woodlands,3.97,Active
D05639,Ryan Norman,Premium,Punggol,3.54,Active
D05640,Mr. Jamie Cordova,SUV,Toa Payoh,4.75,Active
D05641,Julie Nelson,SUV,Yishun,3.56,Active
D05642,Zachary Tanner,Sedan,Toa Payoh,4.09,Active
D05643,Sean West,Hatchback,Jurong,3.52,Active
D05644,Paul Cline,Sedan,Bishan,4.05,Active
D05645,Zachary Morgan,Hatchback,Bishan,4.19,Active
D05646,Tyler Robinson,Hatchback,Ang Mo Kio,3.6,Active
D05647,Albert Pennington,Premium,Ang Mo Kio,4.14,Active
D05648,Nichole Hubbard,Premium,Bishan,4.8,Active
D05649,Jacob Brooks,MPV,Jurong,4.55,Active
D05650,Jesse Franklin,Sedan,Tampines,3.71,Active
D05651,Katherine Gomez,Sedan,Yishun,4.82,Inactive
D05652,Carl Miller,Sedan,Punggol,4.64,Active
D05653,Michael Wood,Electric,Punggol,3.8,Active
D05654,Tanya Bailey,SUV,Ang Mo Kio,4.49,Active
D05655,Alicia Jenkins,MPV,Woodlands,4.28,Active
D05656,Kristy Hobbs,Electric,Woodlands,4.46,Active
D05657,Sara Carter,Premium,Yishun,4.34,Active
D05658,Charles Frank,Premium,Ang Mo Kio,3.83,Inactive
D05659,Bryan Taylor,MPV,Bedok,3.65,Active
D05660,Brian Swanson,Hatchback,Woodlands,4.68,Active
D05661,Gloria Lee,Premium,Ang Mo Kio,4.59,Active
D05662,Tiffany Blair,Sedan,Bedok,4.34,Active
D05663,Andrew Miller,Sedan,Toa Payoh,4.25,Inactive
D05664,Christopher Watkins,SUV,Ang Mo Kio,4.45,Active
D05665,Cody Cross,SUV,Punggol,4.79,Active
D05666,Michael Ferrell,SUV,Ang Mo Kio,3.81,Active
D05667,Angela Davis,MPV,Ang Mo Kio,4.8,Active
D05668,Danielle Bell,Hatchback,Toa Payoh,4.83,Active
D05669,Lorraine Richmond,Premium,Tampines,4.82,Active
D05670,Kendra Norman,Premium,Bedok,4.31,Active
D05671,Harry Payne,Sedan,Yishun,4.67,Active
D05672,Laura Williams,MPV,Punggol,3.5,Active
D05673,Jeanette Estrada,Premium,Toa Payoh,4.51,Active
D05674,Brooke Baker,Sedan,Singapore,4.01,Active
D05675,Richard Hess,Sedan,Bedok,3.54,Active
D05676,Stacy Munoz,Hatchback,Punggol,3.9,Active
D05677,Eric Everett,SUV,Bishan,3.94,Active
D05678,Laura Gibbs,Hatchback,Tampines,3.86,Inactive
D05679,Christina Lozano,Sedan,Woodlands,4.77,Active
D05680,Donald Sullivan,Electric,Bedok,4.99,Active
D05681,Mr. James Russell,Electric,Bishan,4.49,Active
D05682,Mary Dorsey,Electric,Bedok,4.78,Active
D05683,Jeffrey Tucker,Sedan,Toa Payoh,4.81,Active
D05684,Kurt Boyd,Hatchback,Yishun,3.64,Active
D05685,Michelle Caldwell,MPV,Jurong,4.49,Active
D05686,Susan Wilson,MPV,Jurong,4.16,Active
D05687,Bryan Coleman,Sedan,Tampines,4.42,Active
D05688,Ruben Deleon,SUV,Jurong,4.25,Active
D05689,Jorge Garza,Hatchback,Bishan,3.7,Active
D05690,Cynthia Anthony,SUV,Bedok,4.06,Active
D05691,Robert Chapman,MPV,Woodlands,4.87,Inactive
D05692,Mrs. Lindsay Mckinney,Sedan,Tampines,4.35,Active
D05693,Cheryl Knox,Electric,Singapore,3.67,Active
D05694,Crystal Lin,Hatchback,Ang Mo Kio,4.94,Inactive
D05695,Paige Ramirez,Electric,Ang Mo Kio,3.62,Active
D05696,Amanda Washington,SUV,Toa Payoh,3.81,Suspended
D05697,Keith Alexander,Hatchback,Jurong,4.56,Active
D05698,Dr. Angela Baker MD,Premium,Bedok,3.59,Active
D05699,Martin Guerrero,Sedan,Jurong,4.81,Active
D05700,Heather Sanchez,SUV,Singapore,4.71,Active
D05701,John Shepherd,Hatchback,Yishun,3.97,Active
D05702,Bradley Stephens,Sedan,Jurong,4.41,Active
D05703,Mary Edwards,Sedan,Bedok,4.22,Inactive
D05704,Raymond Mathis,SUV,Bedok,3.77,Active
D05705,Donna Rodriguez,Sedan,Tampines,3.7,Active
D05706,Kyle Galvan,Electric,Tampines,4.95,Active
D05707,Justin Clark,Electric,Toa Payoh,4.85,Active
D05708,Amy Martin,Electric,Punggol,4.59,Active
D05709,Aaron Smith,SUV,Bishan,4.12,Active
D05710,David Maldonado,Sedan,Yishun,4.89,Active
D05711,Tiffany Robertson,SUV,Yishun,3.93,Active
D05712,Debra Hensley,SUV,Yishun,4.04,Active
D05713,Michael Kelley,Premium,Punggol,4.12,Active
D05714,Joshua Torres,Electric,Ang Mo Kio,4.34,Active
D05715,Dr. Ashley Sanders MD,Sedan,Yishun,4.21,Active
D05716,Cody Harris,SUV,Ang Mo Kio,4.49,Active
D05717,Margaret Summers,Hatchback,Bedok,4.97,Active
D05718,Gregory Cross,SUV,Ang Mo Kio,4.43,Suspended
D05719,Angel Soto,Hatchback,Woodlands,4.06,Active
D05720,Jason Walton,SUV,Toa Payoh,4.77,Active
D05721,Kelly Stephenson,Premium,Toa Payoh,3.78,Active
D05722,Keith Wood,Sedan,Singapore,4.35,Active
D05723,Patricia Hall,SUV,Bishan,4.07,Active
D05724,Tracy Grant,MPV,Bedok,4.53,Active
D05725,Mary Navarro,Premium,Jurong,4.36,Active
D05726,Michelle Rivera,SUV,Tampines,3.69,Active
D05727,John Mckenzie,Hatchback,Punggol,4.88,Active
D05728,Sheila Galloway,SUV,Yishun,4.41,Active
D05729,Johnny Gonzales,Electric,Ang Mo Kio,4.26,Active
D05730,Lisa Park,MPV,Yishun,3.85,Active
D05731,Michelle Henson,Electric,Punggol,3.9,Active
D05732,Jill Leonard,MPV,Punggol,3.56,Active
D05733,Bobby Wood,Electric,Woodlands,4.52,Active
D05734,Sherry Ruiz,Sedan,Woodlands,4.21,Active
D05735,David Lewis,Electric,Bishan,4.94,Active
D05736,Andrew Lopez,SUV,Singapore,4.25,Inactive
D05737,Ashley Arnold,Hatchback,Toa Payoh,3.92,Active
D05738,Caitlin Peters,Hatchback,Tampines,3.51,Inactive
D05739,Eric Perkins,Premium,Toa Payoh,3.65,Active
D05740,James Mccormick,Hatchback,Tampines,4.85,Active
D05741,Bridget Mills,Hatchback,Yishun,3.89,Inactive
D05742,Veronica Duncan,SUV,Bishan,4.07,Active
D05743,Daniel Munoz,Electric,Singapore,3.82,Active
D05744,Carrie Bailey,MPV,Tampines,4.71,Active
D05745,Sarah Delgado,MPV,Toa Payoh,4.49,Inactive
D05746,Chase Williams,Hatchback,Singapore,3.86,Suspended
D05747,Allen Fletcher,SUV,Ang Mo Kio,3.5,Active
D05748,Daniel Gould,Sedan,Ang Mo Kio,4.17,Active
D05749,Ryan Morgan,Electric,Punggol,4.96,Inactive
D05750,Veronica Cooper,MPV,Singapore,4.75,Inactive
D05751,Lisa Martin,Sedan,Toa Payoh,4.69,Active
D05752,Carolyn Taylor,Electric,Toa Payoh,3.91,Inactive
D05753,Frank Anderson,Premium,Yishun,4.87,Active
D05754,Melissa Porter,Sedan,Toa Payoh,4.92,Active
D05755,Leslie Hamilton,MPV,Ang Mo Kio,4.0,Active
D05756,Holly Greer,Sedan,Ang Mo Kio,3.53,Active
D05757,Kimberly Glenn,SUV,Jurong,4.72,Active
D05758,Megan Bruce,MPV,Bishan,4.75,Active
D05759,Susan Bowman,Hatchback,Ang Mo Kio,4.89,Active
D05760,Michael Ortega,Hatchback,Woodlands,4.56,Active
D05761,Erica Reed,MPV,Bishan,4.77,Active
D05762,Sara Jones,Hatchback,Toa Payoh,4.26,Active
D05763,Jessica Thomas,Sedan,Jurong,4.83,Active
D05764,David Andrews,Premium,Ang Mo Kio,4.94,Active
D05765,Courtney Russell,Electric,Bedok,4.06,Active
D05766,Kevin Jones,MPV,Bedok,4.51,Active
D05767,Michael Brown,SUV,Punggol,4.07,Active
D05768,Matthew Robinson,Electric,Jurong,4.8,Active
D05769,Christopher Thompson,Hatchback,Punggol,4.31,Active
D05770,Bryan Garcia,Sedan,Woodlands,4.72,Active
D05771,Erica White,Hatchback,Jurong,4.29,Active
D05772,Frederick Cabrera,Hatchback,Jurong,4.1,Active
D05773,Joanna Ramos,Premium,Tampines,4.37,Active
D05774,Katie Martinez,Premium,Yishun,4.95,Active
D05775,Jose Stuart,MPV,Punggol,4.59,Inactive
D05776,Brian Yoder,Electric,Bishan,3.92,Inactive
D05777,Nicole Smith,Electric,Tampines,3.74,Active
D05778,Mark Edwards,MPV,Punggol,4.88,Active
D05779,Randy Lewis,Premium,Tampines,4.07,Inactive
D05780,Alison Cowan,Premium,Bedok,4.37,Active
D05781,Susan Knapp,Hatchback,Tampines,3.8,Active
D05782,Mr. Bradley Coffey,Sedan,Toa Payoh,4.82,Active
D05783,Nicholas Peterson,Sedan,Toa Payoh,3.72,Active
D05784,David Fuller,Sedan,Punggol,4.32,Active
D05785,Emily Estrada,Premium,Toa Payoh,4.08,Active
D05786,James Johnson,SUV,Yishun,3.87,Active
D05787,Kelsey Young,MPV,Punggol,4.08,Inactive
D05788,Angelica Boyd,Electric,Yishun,4.59,Active
D05789,Wesley Boyd,Electric,Bedok,3.56,Active
D05790,Susan Mcdonald,Hatchback,Bedok,4.01,Active
D05791,Alex Rogers,Premium,Singapore,4.3,Active
D05792,Jamie Reynolds,Electric,Ang Mo Kio,3.7,Inactive
D05793,Laurie Burke,Sedan,Jurong,4.65,Active
D05794,Karen Pugh,Sedan,Bishan,4.78,Active
D05795,Katelyn Phillips,Premium,Singapore,3.84,Active
D05796,Brian Davis,Electric,Woodlands,3.89,Inactive
D05797,Robert Logan,Premium,Tampines,4.63,Active
D05798,Carrie Dalton,MPV,Bedok,4.66,Inactive
D05799,Kyle Gray,Electric,Jurong,4.38,Active
D05800,Sara Henderson,MPV,Woodlands,4.27,Active
D05801,Jo Lester,Premium,Singapore,3.94,Active
D05802,Alyssa Norman,Sedan,Ang Mo Kio,4.52,Active
D05803,Kathy Wagner,Sedan,Punggol,3.81,Active
D05804,Justin Reynolds,Premium,Ang Mo Kio,4.56,Active
D05805,Kyle Mason,SUV,Bedok,3.87,Active
D05806,Brad Smith,Sedan,Toa Payoh,4.37,Active
D05807,David Gray,SUV,Punggol,4.5,Active
D05808,Scott Clark,Premium,Toa Payoh,5.0,Active
D05809,John Johnson,Hatchback,Woodlands,4.66,Active
D05810,David Wade,Electric,Toa Payoh,3.58,Active
D05811,Brandy Freeman,Hatchback,Bedok,4.16,Inactive
D05812,Vanessa Griffin,Hatchback,Toa Payoh,4.29,Active
D05813,Chelsea Sanchez,Electric,Tampines,4.15,Suspended
D05814,Michael Simpson,SUV,Yishun,4.86,Active
D05815,Barbara Hill,SUV,Bishan,4.11,Active
D05816,Calvin Robinson,Hatchback,Yishun,4.62,Active
D05817,Ryan Smith,Electric,Woodlands,4.07,Active
D05818,Howard Howell,Hatchback,Woodlands,4.87,Active
D05819,Heather Russell,Sedan,Singapore,4.51,Active
D05820,Kristin Bradley,Electric,Bishan,3.73,Active
D05821,David Hernandez,Electric,Yishun,4.16,Active
D05822,Taylor Miller,Hatchback,Woodlands,4.33,Active
D05823,Rodney Sweeney,SUV,Toa Payoh,4.25,Active
D05824,Wayne Johnson,Sedan,Bishan,3.96,Inactive
D05825,Anna Flores,Premium,Bedok,4.95,Active
D05826,Caleb Shaffer,Electric,Toa Payoh,4.69,Active
D05827,Teresa Olsen,SUV,Ang Mo Kio,4.84,Active
D05828,Scott Horne,Hatchback,Punggol,4.34,Active
D05829,Larry Stout,MPV,Punggol,3.62,Active
D05830,Brian Morrison,SUV,Punggol,4.52,Active
D05831,Laurie West,Electric,Bishan,3.57,Active
D05832,Mary Shepherd,SUV,Woodlands,3.61,Active
D05833,Sean Martinez,SUV,Woodlands,3.51,Active
D05834,Crystal Valencia,Premium,Yishun,4.6,Inactive
D05835,Lisa Kramer,Hatchback,Tampines,3.75,Active
D05836,Christina Ferguson,Sedan,Punggol,3.66,Inactive
D05837,Holly Flores,Hatchback,Yishun,3.55,Active
D05838,Gina Rivers,MPV,Singapore,4.79,Active
D05839,Cynthia Pruitt,Premium,Woodlands,4.18,Active
D05840,Michelle Turner,Sedan,Woodlands,4.84,Active
D05841,Tyler Bright,Hatchback,Singapore,3.81,Active
D05842,Pamela Mitchell,SUV,Singapore,4.37,Active
D05843,Gary Myers,Hatchback,Yishun,4.9,Active
D05844,Hannah Peters,Premium,Bedok,4.74,Active
D05845,Deborah Carter,Electric,Bishan,3.57,Active
D05846,Karen Thompson,Hatchback,Toa Payoh,3.9,Active
D05847,Samantha Brown,Premium,Toa Payoh,3.57,Inactive
D05848,Joshua Oconnor,Hatchback,Tampines,3.71,Active
D05849,Todd Gutierrez,Sedan,Yishun,4.93,Active
D05850,Melissa Bailey,SUV,Tampines,4.43,Active
D05851,Gina Hale,Sedan,Woodlands,4.08,Active
D05852,Andrew Baker,MPV,Tampines,3.75,Active
D05853,Wendy Collins,MPV,Bedok,3.59,Active
D05854,Elizabeth Avila,Premium,Bishan,4.88,Active
D05855,Brooke Goodman,Premium,Tampines,4.4,Active
D05856,Karen Munoz,Sedan,Jurong,3.92,Active
D05857,Lisa Daniels,MPV,Ang Mo Kio,3.89,Active
D05858,Clinton Gonzalez,MPV,Woodlands,4.72,Active
D05859,Jason Combs,SUV,Bishan,4.11,Active
D05860,Joseph Stone,Sedan,Toa Payoh,3.62,Active
D05861,Carrie Jackson,Sedan,Yishun,3.61,Active
D05862,Lori Landry,Electric,Woodlands,4.81,Inactive
D05863,Sarah Gonzalez,MPV,Jurong,3.61,Active
D05864,Ralph Taylor,Sedan,Jurong,4.43,Active
D05865,Eric Tucker,Hatchback,Jurong,4.91,Active
D05866,Michael Peterson,SUV,Singapore,4.05,Active
D05867,Joseph Wilkins,Premium,Woodlands,4.25,Active
D05868,Kenneth Henderson,Electric,Ang Mo Kio,3.65,Active
D05869,Tony Nguyen,SUV,Singapore,3.75,Active
D05870,Alexis Jones,MPV,Jurong,4.76,Active
D05871,Elizabeth Pugh,Electric,Yishun,3.93,Active
D05872,Robin Wiley,SUV,Woodlands,3.92,Active
D05873,Leslie Delgado,Sedan,Punggol,4.45,Active
D05874,Beth Oneill,Sedan,Punggol,3.6,Active
D05875,Mary Riley,MPV,Ang Mo Kio,4.9,Active
D05876,John Taylor,Sedan,Bishan,3.68,Active
D05877,Dawn Jones,Electric,Bedok,4.78,Active
D05878,Matthew Cox,Sedan,Woodlands,4.58,Active
D05879,Jillian Cervantes,MPV,Punggol,4.6,Active
D05880,Richard Barrett,SUV,Jurong,3.89,Active
D05881,Raymond Nguyen,Hatchback,Yishun,4.81,Active
D05882,Susan Williams,Sedan,Woodlands,3.7,Active
D05883,Zachary Lee,Premium,Yishun,3.59,Active
D05884,Mark Roberts,Hatchback,Ang Mo Kio,3.82,Active
D05885,Brandy Whitney,SUV,Singapore,4.22,Active
D05886,Wesley Gonzales,Hatchback,Bedok,4.63,Active
D05887,Melanie Ingram,SUV,Tampines,4.93,Active
D05888,Robert Hale,SUV,Punggol,4.56,Active
D05889,Michael Montgomery,Sedan,Bishan,4.52,Active
D05890,Tammy Garza,Sedan,Yishun,4.59,Active
D05891,Antonio Chan,SUV,Woodlands,3.6,Active
D05892,Ms. Natasha White,Hatchback,Woodlands,4.9,Active
D05893,Tracey Sullivan,Sedan,Punggol,4.72,Active
D05894,Alex Green,Premium,Bedok,4.41,Active
D05895,Erica Curtis,MPV,Tampines,4.81,Active
D05896,Samuel Martin,Sedan,Yishun,4.71,Active
D05897,Gerald Hardin,MPV,Jurong,3.81,Active
D05898,David Eaton,Hatchback,Ang Mo Kio,4.85,Active
D05899,Brad Baird,SUV,Yishun,4.81,Active
D05900,Heather Stephens,SUV,Bedok,3.54,Active
D05901,Jesse Greene,MPV,Punggol,4.47,Active
D05902,Anna Davis,MPV,Tampines,3.96,Inactive
D05903,Brittany Robertson,Sedan,Woodlands,3.82,Inactive
D05904,Jerry Rollins,Electric,Singapore,4.89,Active
D05905,Michael Wall DVM,Hatchback,Bishan,4.19,Active
D05906,Sean Wright,Premium,Bishan,3.81,Active
D05907,Randall Chen DVM,Sedan,Woodlands,4.9,Active
D05908,Robert Lane MD,Electric,Woodlands,4.03,Active
D05909,Raymond Pena,Sedan,Toa Payoh,4.18,Suspended
D05910,Janet Peterson,MPV,Bishan,4.02,Active
D05911,Hannah Patterson MD,MPV,Tampines,3.55,Active
D05912,Tina Newman,Hatchback,Toa Payoh,4.23,Suspended
D05913,William Buchanan,SUV,Woodlands,4.87,Active
D05914,Stephanie Sullivan,Premium,Bedok,3.68,Active
D05915,Joseph White,Electric,Singapore,4.91,Active
D05916,Charles Guerra,Electric,Bishan,3.63,Active
D05917,Kurt Salazar,Premium,Toa Payoh,4.37,Active
D05918,Katherine Hudson,Electric,Ang Mo Kio,3.85,Active
D05919,Christine Bradley,Sedan,Singapore,3.97,Active
D05920,Ronald Rodriguez,Hatchback,Toa Payoh,3.82,Active
D05921,Alexander Diaz,MPV,Yishun,3.52,Active
D05922,Christina Conley,Hatchback,Bishan,4.3,Active
D05923,Daniel Morris,MPV,Tampines,4.34,Active
D05924,Margaret Conrad,SUV,Woodlands,4.24,Active
D05925,Kevin Ross,Hatchback,Singapore,3.54,Inactive
D05926,Heather Gay,Premium,Yishun,4.2,Active
D05927,John Jones,Electric,Singapore,4.38,Active
D05928,Cheryl Oliver,SUV,Woodlands,4.25,Active
D05929,Megan Baker,Premium,Singapore,4.42,Active
D05930,Timothy Thomas,Sedan,Singapore,3.97,Active
D05931,Cheryl Sandoval,SUV,Woodlands,4.5,Inactive
D05932,John Prince,Hatchback,Toa Payoh,4.0,Active
D05933,Hannah Taylor,MPV,Toa Payoh,4.62,Active
D05934,Martin Jones,MPV,Toa Payoh,4.88,Inactive
D05935,Peter Shepard,Hatchback,Jurong,4.26,Active
D05936,Ronald Jones,Premium,Bedok,4.44,Active
D05937,Ricky Winters,Sedan,Singapore,4.32,Active
D05938,Kimberly Anderson,MPV,Singapore,4.62,Active
D05939,Erin Ward,Premium,Bedok,4.45,Active
D05940,Timothy Lopez,Sedan,Singapore,4.99,Active
D05941,Rachel Gutierrez,SUV,Woodlands,4.57,Active
D05942,Douglas Bowers,SUV,Jurong,3.65,Active
D05943,Jim Bradshaw,MPV,Punggol,3.59,Active
D05944,Rhonda Nelson,Electric,Toa Payoh,3.58,Active
D05945,Mary Morgan,Hatchback,Yishun,4.96,Active
D05946,Donna Ruiz,Premium,Ang Mo Kio,4.01,Active
D05947,James Welch,SUV,Tampines,4.56,Active
D05948,Michael Hernandez,Sedan,Yishun,4.43,Active
D05949,Patricia Cameron,Sedan,Yishun,3.78,Active
D05950,Edward Hall,Sedan,Singapore,4.46,Active
D05951,Amy Dyer,SUV,Tampines,4.5,Active
D05952,William Dean,Premium,Tampines,4.9,Active
D05953,Mackenzie Davis,Sedan,Bishan,4.14,Inactive
D05954,Daniel Cross,Sedan,Singapore,4.76,Active
D05955,Robert Hamilton,Hatchback,Tampines,3.58,Active
D05956,Erin Richard,SUV,Yishun,4.82,Active
D05957,Stephen Chang,Electric,Toa Payoh,4.23,Active
D05958,Larry Holland,SUV,Punggol,4.55,Active
D05959,Robert Gillespie,MPV,Punggol,3.91,Active
D05960,Joshua Johnson,Premium,Jurong,3.89,Active
D05961,Logan Munoz,Premium,Ang Mo Kio,3.56,Active
D05962,David Hanson,Electric,Punggol,4.64,Active
D05963,Alan Garrett,Electric,Toa Payoh,4.52,Inactive
D05964,Debra Wilson,Sedan,Singapore,4.21,Active
D05965,Kaylee Collins,Sedan,Tampines,4.42,Active
D05966,Kathleen Harris,Premium,Punggol,4.42,Inactive
D05967,Evelyn Robles,SUV,Punggol,3.56,Active
D05968,Charles Porter,SUV,Ang Mo Kio,3.82,Active
D05969,Danielle Peterson,Premium,Singapore,3.75,Active
D05970,Christina Flowers,MPV,Yishun,3.83,Active
D05971,James Neal,Sedan,Tampines,3.89,Active
D05972,Abigail Adams,Hatchback,Woodlands,3.65,Active
D05973,Melvin Carter,Electric,Bishan,3.9,Active
D05974,Austin Mason,MPV,Jurong,4.79,Active
D05975,Robert Mcdonald,Electric,Bedok,3.81,Inactive
D05976,Richard Hines,Hatchback,Yishun,4.13,Active
D05977,Jeremy Schroeder,MPV,Singapore,4.82,Active
D05978,Pamela Estrada,Hatchback,Singapore,4.0,Active
D05979,Caitlin Gutierrez,Premium,Ang Mo Kio,4.22,Active
D05980,Logan Bennett,Premium,Jurong,4.52,Active
D05981,Claire Anderson,Premium,Singapore,4.41,Active
D05982,Cody Hill,Premium,Yishun,4.41,Active
D05983,Beth King,Hatchback,Yishun,4.66,Active
D05984,Mike Santana,MPV,Tampines,3.64,Active
D05985,John Briggs,MPV,Jurong,3.55,Active
D05986,Caroline Duncan,Hatchback,Toa Payoh,4.64,Active
D05987,Matthew Randolph,Electric,Ang Mo Kio,4.78,Active
D05988,Christopher Dorsey,MPV,Jurong,4.78,Active
D05989,Kristina Reyes,Hatchback,Ang Mo Kio,4.15,Active
D05990,Tiffany Savage,SUV,Tampines,4.52,Active
D05991,Robert Lawrence,Premium,Ang Mo Kio,4.54,Active
D05992,Brett Powers,Electric,Bishan,4.64,Inactive
D05993,Angela Johnson,MPV,Punggol,3.7,Active
D05994,Justin Scott,SUV,Punggol,4.58,Active
D05995,Cheryl Mendoza DDS,Premium,Yishun,4.05,Active
D05996,Elizabeth Jenkins,Premium,Yishun,4.18,Active
D05997,Jennifer Hernandez,Sedan,Ang Mo Kio,4.83,Inactive
D05998,Jonathan Jordan,Hatchback,Jurong,4.68,Active
D05999,Stacey Richardson,Sedan,Yishun,4.66,Active
D06000,Curtis Williams,Hatchback,Ang Mo Kio,4.14,Active
D06001,Amy Henry,Hatchback,Toa Payoh,3.69,Active
D06002,Charles Anderson,Premium,Bishan,4.78,Active
D06003,Jennifer Montgomery,MPV,Ang Mo Kio,4.23,Active
D06004,John May,Electric,Punggol,4.15,Active
D06005,David Mckinney,Premium,Singapore,3.86,Active
D06006,Justin Benjamin,SUV,Singapore,4.65,Active
D06007,Dr. Brian Gross,SUV,Bishan,4.85,Inactive
D06008,Nicole Estrada,Hatchback,Toa Payoh,4.6,Active
D06009,Michael Stewart,Hatchback,Yishun,4.32,Active
D06010,Harry Rodriguez,MPV,Jurong,4.94,Active
D06011,Brandi King,Sedan,Tampines,3.51,Active
D06012,Cynthia Lee,Hatchback,Bedok,4.22,Inactive
D06013,Brittany Cardenas,Sedan,Ang Mo Kio,3.55,Active
D06014,Tony Jones,Hatchback,Woodlands,3.86,Active
D06015,Patricia Smith,Premium,Jurong,3.73,Active
D06016,Michael Neal,Electric,Woodlands,3.52,Active
D06017,Patrick Figueroa,SUV,Ang Mo Kio,4.73,Active
D06018,Shannon Jones,Sedan,Yishun,4.2,Active
D06019,Rebecca Reilly,Hatchback,Singapore,4.02,Active
D06020,Kendra Henry,Hatchback,Ang Mo Kio,4.52,Inactive
D06021,Natalie Byrd,Hatchback,Singapore,4.72,Active
D06022,Emily Huynh,Sedan,Bedok,3.66,Active
D06023,Austin Bryan,Sedan,Punggol,3.63,Active
D06024,Willie Bell,MPV,Toa Payoh,4.43,Active
D06025,Jennifer Watkins,Hatchback,Bishan,4.73,Active
D06026,Jason Pruitt,Electric,Bedok,4.07,Active
D06027,Marissa Stewart,Electric,Bishan,4.1,Suspended
D06028,Samuel Howard,Sedan,Singapore,4.22,Active
D06029,Michael Snyder,Electric,Singapore,4.84,Active
D06030,Michael Cruz,Hatchback,Punggol,4.85,Active
D06031,Danielle Robinson,Premium,Bedok,3.97,Active
D06032,Michelle Osborne,Electric,Ang Mo Kio,4.29,Active
D06033,Amanda Brown,Premium,Singapore,4.25,Active
D06034,Deborah Lin,Hatchback,Punggol,4.13,Suspended
D06035,Danielle Davenport,Sedan,Bishan,4.12,Active
D06036,Nancy Owens,Sedan,Yishun,3.54,Active
D06037,Kent Goodman,SUV,Ang Mo Kio,3.77,Active
D06038,Gina Blanchard,MPV,Singapore,4.05,Active
D06039,Christopher Smith,Hatchback,Yishun,4.48,Active
D06040,Jason Bradley,Premium,Jurong,4.28,Inactive
D06041,Sandra Watts,Premium,Bedok,4.5,Active
D06042,Terry Reyes,SUV,Singapore,4.03,Active
D06043,Collin Hoffman,Hatchback,Punggol,3.66,Inactive
D06044,Michael Martinez,Hatchback,Jurong,4.39,Active
D06045,Heidi Martin,Hatchback,Woodlands,4.54,Active
D06046,Jodi Fernandez,Hatchback,Tampines,4.82,Active
D06047,Erik Christensen,Hatchback,Singapore,4.23,Active
D06048,David Coleman,Electric,Singapore,3.98,Active
D06049,Jennifer Clarke,Hatchback,Bishan,4.96,Active
D06050,Matthew Patel,MPV,Toa Payoh,4.38,Active
D06051,Maria Robertson,Premium,Ang Mo Kio,3.69,Active
D06052,Isabel Young,Premium,Singapore,4.68,Active
D06053,Jennifer Brooks,Electric,Woodlands,3.62,Inactive
D06054,Wendy Cole,Electric,Jurong,4.89,Suspended
D06055,Tyler Cardenas,SUV,Bishan,3.69,Inactive
D06056,Anthony Mitchell,Hatchback,Toa Payoh,4.15,Active
D06057,Anthony Flores,Electric,Bedok,3.77,Active
D06058,Vicki Myers,Hatchback,Bishan,4.81,Inactive
D06059,Philip Keller,Hatchback,Ang Mo Kio,4.09,Inactive
D06060,Sarah Cooley,Hatchback,Jurong,4.22,Active
D06061,Jeremy Haney,Premium,Tampines,4.57,Active
D06062,Linda Ochoa,Electric,Ang Mo Kio,4.63,Active
D06063,Joe Stephens,MPV,Tampines,3.59,Active
D06064,Nicole Haley,Premium,Ang Mo Kio,4.81,Active
D06065,Brian Cain,Hatchback,Bishan,3.65,Inactive
D06066,Anthony Reynolds,Premium,Bishan,4.37,Active
D06067,Sherri Morrow,SUV,Punggol,4.79,Inactive
D06068,Robert Evans,Electric,Woodlands,3.91,Active
D06069,Sherry Swanson,Hatchback,Bishan,4.06,Active
D06070,Dylan Brady,MPV,Bishan,3.98,Active
D06071,Andrew Burch,MPV,Punggol,4.44,Active
D06072,Melissa Whitehead,Sedan,Tampines,4.85,Inactive
D06073,Benjamin Clark,SUV,Toa Payoh,4.16,Active
D06074,Denise Olsen,Hatchback,Ang Mo Kio,4.09,Active
D06075,Kristina Curry,MPV,Jurong,4.17,Active
D06076,Melanie Smith,MPV,Singapore,4.83,Active
D06077,Wendy Walker,Electric,Punggol,4.09,Active
D06078,Craig Shah,SUV,Punggol,3.68,Active
D06079,Marilyn Rodriguez,Sedan,Jurong,4.69,Active
D06080,Joseph Phillips,Electric,Bishan,4.43,Active
D06081,Cody Lam,Electric,Punggol,4.25,Active
D06082,Roger Washington,Premium,Bishan,4.24,Active
D06083,Michelle Kelley,Electric,Jurong,4.28,Active
D06084,Amy Saunders,Hatchback,Toa Payoh,3.64,Active
D06085,Lisa Clark MD,MPV,Punggol,4.09,Active
D06086,Jennifer Wilson,Sedan,Ang Mo Kio,3.74,Active
D06087,Juan Tanner,Sedan,Yishun,4.98,Active
D06088,Robert Perez,SUV,Woodlands,3.71,Active
D06089,Joshua Hanson,SUV,Woodlands,3.67,Active
D06090,Jeremiah Beck,Premium,Ang Mo Kio,4.22,Active
D06091,Kenneth Jenkins,Electric,Toa Payoh,4.04,Active
D06092,William Palmer,Sedan,Woodlands,3.82,Active
D06093,Mark Smith,Sedan,Jurong,4.96,Active
D06094,Mark Sellers,Electric,Toa Payoh,4.75,Active
D06095,Taylor Harris,Sedan,Punggol,4.94,Active
D06096,Julie Mcdonald,Hatchback,Ang Mo Kio,4.45,Active
D06097,Herbert Dalton,Premium,Ang Mo Kio,3.65,Suspended
D06098,Jason Kelly,Premium,Punggol,3.86,Active
D06099,Stephanie Eaton,Premium,Woodlands,4.9,Active
D06100,Latoya Hurst,SUV,Bedok,4.67,Active
D06101,Rachel Farrell,Electric,Yishun,4.64,Inactive
D06102,Tonya Cannon,Hatchback,Woodlands,4.28,Active
D06103,Shane Ortega,SUV,Bedok,4.49,Active
D06104,Manuel Williams,Premium,Yishun,3.98,Active
D06105,Erika Bailey,SUV,Jurong,4.53,Active
D06106,Emily Flynn,Sedan,Toa Payoh,3.56,Active
D06107,Kevin Garcia,Sedan,Yishun,4.05,Active
D06108,James Miller,SUV,Singapore,4.08,Active
D06109,David Contreras,Electric,Tampines,3.72,Active
D06110,Phillip Howard,Premium,Yishun,4.49,Active
D06111,Sean Cunningham,Premium,Punggol,4.75,Active
D06112,Debra Morris,Electric,Jurong,4.43,Active
D06113,Scott Mccoy,Electric,Bedok,4.53,Inactive
D06114,Michelle Richardson,Hatchback,Ang Mo Kio,3.87,Active
D06115,Mary Williams,SUV,Tampines,3.96,Active
D06116,Jeremy Curry,Sedan,Singapore,4.19,Active
D06117,Jeff Chen,SUV,Tampines,4.53,Active
D06118,Jamie Cook,Premium,Woodlands,4.78,Active
D06119,Victoria Long,Hatchback,Punggol,4.61,Active
D06120,Alexander Walker,Premium,Ang Mo Kio,3.84,Active
D06121,Debra Rodriguez,Premium,Ang Mo Kio,4.48,Active
D06122,Stephen Chapman,Electric,Tampines,4.62,Active
D06123,Brenda Martinez,Premium,Singapore,4.03,Active
D06124,John Graham,Hatchback,Woodlands,3.9,Active
D06125,Matthew Scott,Premium,Woodlands,3.63,Active
D06126,Gregory Sanders,Sedan,Jurong,3.59,Active
D06127,Michael Clark,Sedan,Ang Mo Kio,3.77,Inactive
D06128,Devin Gordon,Premium,Punggol,3.6,Active
D06129,John Reed,Premium,Bishan,4.95,Active
D06130,Jose Smith,MPV,Tampines,4.09,Active
D06131,Joseph Rich,Sedan,Ang Mo Kio,4.83,Active
D06132,Vanessa Brown,Hatchback,Bishan,3.82,Active
D06133,Haley Sanchez,Premium,Jurong,3.91,Active
D06134,Timothy Henderson,Sedan,Tampines,4.23,Active
D06135,Shannon Davila,Premium,Yishun,4.57,Active
D06136,Jonathan Nguyen,SUV,Tampines,4.25,Active
D06137,Roger Bowers,Hatchback,Bishan,4.47,Active
D06138,Laura Carroll,Hatchback,Bedok,4.64,Active
D06139,Theodore Williams,SUV,Punggol,4.32,Active
D06140,Zachary Lee,Hatchback,Punggol,3.61,Active
D06141,Brianna Graham,Electric,Toa Payoh,4.26,Active
D06142,Jacqueline Smith,SUV,Punggol,4.27,Active
D06143,Jennifer Ballard,MPV,Bedok,3.74,Active
D06144,Anthony Kennedy,SUV,Singapore,4.56,Inactive
D06145,James Murray,MPV,Bishan,4.34,Active
D06146,Timothy Smith,Hatchback,Bedok,3.57,Active
D06147,Marie Howell,Hatchback,Bedok,4.15,Active
D06148,Amy Browning,MPV,Toa Payoh,3.9,Active
D06149,Megan Harper,Sedan,Bedok,4.11,Active
D06150,Micheal Duffy,Premium,Woodlands,3.89,Active
D06151,Paul Newman,Sedan,Singapore,3.51,Active
D06152,Juan Lewis,Hatchback,Tampines,4.74,Active
D06153,Christopher Lowe,Electric,Yishun,4.74,Active
D06154,Michael Barajas,Electric,Bedok,3.87,Active
D06155,Kenneth Thompson,Premium,Singapore,4.56,Active
D06156,Wanda Morales,Sedan,Ang Mo Kio,4.57,Active
D06157,Robert Perry,MPV,Woodlands,3.56,Active
D06158,Michael Pham,Electric,Yishun,4.53,Active
D06159,Victoria Smith,SUV,Punggol,4.34,Active
D06160,Christine Rodriguez,Premium,Ang Mo Kio,3.64,Active
D06161,Karen Moody,Hatchback,Toa Payoh,4.1,Active
D06162,Debra Silva,MPV,Woodlands,3.56,Active
D06163,Debra Warren,Sedan,Yishun,3.77,Active
D06164,Susan Ramsey,Sedan,Woodlands,4.12,Active
D06165,Jeffrey Watts,SUV,Punggol,4.32,Active
D06166,Tracy Meadows,Premium,Bedok,3.95,Active
D06167,Susan Mendez,MPV,Yishun,3.73,Active
D06168,Jacob Huang,MPV,Ang Mo Kio,3.66,Active
D06169,Jessica Mccoy,Sedan,Bedok,4.45,Active
D06170,Ryan Brown,MPV,Yishun,4.64,Inactive
D06171,Christopher Coleman,MPV,Tampines,4.92,Active
D06172,Sandra Richardson DVM,MPV,Singapore,4.0,Active
D06173,William Joseph,Hatchback,Woodlands,4.12,Active
D06174,Tina Griffin,Premium,Yishun,4.31,Active
D06175,Robert Johnson,Premium,Bishan,3.77,Active
D06176,Ashlee Miller,Premium,Bishan,3.97,Active
D06177,David Harvey,MPV,Punggol,4.77,Active
D06178,Nicholas Perez,MPV,Yishun,3.73,Active
D06179,Kyle Ruiz,Premium,Bedok,4.37,Suspended
D06180,Rebecca Chang,Hatchback,Punggol,3.84,Active
D06181,Danielle Perez,Hatchback,Woodlands,3.63,Active
D06182,Robert Smith,Sedan,Singapore,3.8,Active
D06183,Patricia Simmons,SUV,Bedok,3.88,Active
D06184,Luke Gilbert,Sedan,Bishan,4.41,Active
D06185,Pamela Martinez,SUV,Punggol,4.56,Active
D06186,Frederick Gonzales,SUV,Jurong,3.85,Active
D06187,Kristin Wood,Electric,Woodlands,4.49,Active
D06188,Scott Martin,Electric,Tampines,4.03,Active
D06189,David Schmidt,Sedan,Singapore,4.81,Active
D06190,Erin Alvarez,Premium,Bishan,3.84,Active
D06191,Lance Bailey,SUV,Yishun,4.51,Active
D06192,Jason Torres,Premium,Jurong,3.58,Active
D06193,Andrew Harris,SUV,Bedok,4.23,Active
D06194,Daniel Johnson,Hatchback,Punggol,4.64,Active
D06195,Michael Santana,Sedan,Tampines,4.2,Active
D06196,Heidi Williams,Hatchback,Woodlands,4.58,Active
D06197,James Jackson,Sedan,Bishan,4.82,Active
D06198,Sean Cameron,Sedan,Jurong,4.48,Active
D06199,Jason Houston,Premium,Bedok,3.88,Active
D06200,Yvonne Fowler,Hatchback,Punggol,4.7,Active
D06201,Patricia Mathews,Electric,Punggol,3.64,Active
D06202,Emily Newman,Electric,Jurong,3.7,Active
D06203,Wendy Scott,MPV,Punggol,4.08,Active
D06204,Joanne Robertson,Sedan,Tampines,3.91,Active
D06205,Bradley Hurst,Hatchback,Singapore,3.96,Active
D06206,Andrew Harris,Hatchback,Punggol,4.0,Active
D06207,Justin Contreras,Premium,Bishan,4.73,Active
D06208,Christina Mitchell,MPV,Bishan,3.57,Active
D06209,Darryl Stevens,Electric,Bedok,4.15,Active
D06210,Monica Bishop MD,Hatchback,Ang Mo Kio,4.94,Active
D06211,Casey Saunders,Sedan,Toa Payoh,4.87,Active
D06212,Austin Rivera,Premium,Bishan,4.82,Active
D06213,Leah Lee,Electric,Jurong,3.58,Active
D06214,Michelle Hoffman,Hatchback,Bishan,3.7,Active
D06215,James Miller,SUV,Bishan,4.13,Active
D06216,Daniel Wells,Hatchback,Woodlands,4.43,Active
D06217,April Cruz,MPV,Yishun,3.66,Active
D06218,Karen Sharp,Sedan,Tampines,4.0,Active
D06219,Keith Hamilton,SUV,Woodlands,4.16,Active
D06220,Alexis Carter,Electric,Bishan,4.34,Active
D06221,Amy Jones,Sedan,Bishan,3.95,Active
D06222,Melanie Beck,Sedan,Bishan,4.17,Active
D06223,Jacob Lucas,Hatchback,Ang Mo Kio,4.17,Active
D06224,Deanna White,Sedan,Bedok,4.31,Active
D06225,Jennifer Smith,Premium,Tampines,3.68,Active
D06226,Rebecca Francis,SUV,Tampines,3.61,Active
D06227,Christine Rodriguez,Hatchback,Bishan,4.85,Active
D06228,Tammy Daniels,SUV,Yishun,4.72,Inactive
D06229,Timothy Olson,SUV,Bishan,4.52,Suspended
D06230,Tanner Cunningham,SUV,Bedok,4.85,Active
D06231,Dana Hines,Premium,Bedok,3.86,Inactive
D06232,Matthew Stanley,Sedan,Yishun,3.85,Active
D06233,Oscar Pearson,MPV,Woodlands,4.77,Active
D06234,Denise Murphy,Electric,Bedok,4.43,Active
D06235,Brian Green,Electric,Ang Mo Kio,4.52,Active
D06236,Mark Miller,MPV,Bedok,4.17,Active
D06237,Nicholas Walsh,Premium,Ang Mo Kio,4.5,Active
D06238,Ashlee Campbell,Electric,Toa Payoh,3.6,Active
D06239,Carol Barnes,Electric,Singapore,4.56,Active
D06240,Andrea Cortez,Sedan,Singapore,4.31,Active
D06241,Catherine Schneider,Hatchback,Jurong,4.09,Active
D06242,Melissa Coleman,SUV,Toa Payoh,4.44,Active
D06243,Matthew Ewing,Premium,Ang Mo Kio,3.74,Active
D06244,Michael Walls,MPV,Bedok,4.16,Active
D06245,Rebecca Drake,Hatchback,Toa Payoh,3.92,Active
D06246,Beth Reynolds,Hatchback,Toa Payoh,4.77,Active
D06247,Christine Smith,Hatchback,Tampines,4.37,Active
D06248,Jillian Edwards,SUV,Woodlands,4.32,Active
D06249,Andrew Brown,Sedan,Woodlands,3.92,Active
D06250,Valerie Black,SUV,Woodlands,4.76,Active
D06251,Angel Beasley,Hatchback,Punggol,4.97,Active
D06252,Amanda Harris,MPV,Tampines,4.86,Active
D06253,Deborah Dickson,Sedan,Yishun,3.91,Active
D06254,Catherine Rogers,MPV,Bedok,3.69,Active
D06255,Evan Paul,MPV,Yishun,4.01,Active
D06256,Mary Smith,MPV,Singapore,4.85,Active
D06257,Ana Skinner,Sedan,Bishan,3.71,Active
D06258,Marc Garcia,Electric,Punggol,4.86,Active
D06259,Brandon Rowe,SUV,Bedok,4.87,Inactive
D06260,Emily Baker,Premium,Tampines,4.77,Active
D06261,Justin Mcguire,Premium,Ang Mo Kio,4.48,Active
D06262,Steven Irwin,SUV,Singapore,4.79,Active
D06263,Jim Harris,SUV,Bedok,4.01,Active
D06264,Julie Hudson,Sedan,Punggol,3.68,Active
D06265,Eric Fuller,Hatchback,Tampines,4.39,Active
D06266,Beth White,Electric,Bishan,3.77,Active
D06267,Alexandra Ortiz,Hatchback,Singapore,4.67,Active
D06268,Kevin Mcguire,Electric,Bedok,3.63,Inactive
D06269,Eric Martin,Electric,Punggol,3.84,Active
D06270,Jennifer King,Sedan,Toa Payoh,4.93,Active
D06271,Stephen Rodriguez,SUV,Punggol,3.98,Active
D06272,Cynthia Chandler,Hatchback,Ang Mo Kio,3.76,Active
D06273,Jessica Phillips,MPV,Bedok,3.73,Active
D06274,Matthew Rodriguez,Premium,Bedok,4.85,Active
D06275,Jamie Adams,Premium,Bishan,4.24,Active
D06276,Dustin Thompson,Hatchback,Jurong,4.17,Active
D06277,Rachel Shaw,Premium,Toa Payoh,4.61,Active
D06278,Justin Coleman,SUV,Toa Payoh,3.61,Active
D06279,Lydia Warren,Hatchback,Toa Payoh,4.84,Active
D06280,Alvin Hernandez,SUV,Yishun,4.05,Active
D06281,Eric Turner,SUV,Yishun,4.68,Active
D06282,Paul Smith,Electric,Yishun,4.35,Active
D06283,Allison Rogers,Sedan,Toa Payoh,4.83,Active
D06284,Patricia Liu,Sedan,Jurong,4.16,Active
D06285,Thomas Hodges,MPV,Bishan,4.87,Active
D06286,Danielle Collier,MPV,Jurong,4.59,Active
D06287,Terry Rodriguez,SUV,Toa Payoh,3.57,Active
D06288,Jose Bailey,MPV,Jurong,4.76,Active
D06289,Kathryn Newman,Hatchback,Yishun,4.57,Active
D06290,Michael Lynch,Electric,Yishun,3.52,Active
D06291,Andrew Long,SUV,Yishun,4.37,Active
D06292,Joshua Hansen,SUV,Tampines,4.76,Active
D06293,John Brown,Electric,Toa Payoh,3.9,Active
D06294,Brian Davis,Sedan,Woodlands,4.55,Active
D06295,Melissa Garrett,Electric,Toa Payoh,3.84,Active
D06296,Teresa Kelly,Sedan,Tampines,4.66,Active
D06297,Ronald Dickerson,MPV,Ang Mo Kio,4.81,Active
D06298,Joel Jackson,MPV,Jurong,3.75,Active
D06299,Katie Baker,MPV,Bedok,3.81,Active
D06300,Stephanie Armstrong,SUV,Tampines,4.23,Active
D06301,Daniel Lopez,SUV,Ang Mo Kio,3.64,Active
D06302,Timothy Owen,SUV,Toa Payoh,3.52,Active
D06303,Laura Carr,Electric,Ang Mo Kio,3.51,Active
D06304,Alan Ramos,Premium,Woodlands,4.85,Active
D06305,Brian Dillon,SUV,Jurong,4.58,Active
D06306,Kevin Mitchell,SUV,Bishan,3.8,Active
D06307,Ashley Reynolds,Hatchback,Ang Mo Kio,4.15,Active
D06308,Alexandra Swanson,Electric,Punggol,4.87,Active
D06309,Mary Anderson,Hatchback,Jurong,4.79,Inactive
D06310,Bryan Pitts,Electric,Yishun,4.13,Active
D06311,Mark Vasquez,Hatchback,Jurong,4.47,Active
D06312,Laura Kline,Premium,Woodlands,4.13,Active
D06313,Jennifer Ward,Electric,Bedok,3.69,Active
D06314,Angela Dominguez,Premium,Jurong,4.34,Active
D06315,Patricia Flores,Hatchback,Bedok,4.99,Active
D06316,Jose Hale,Premium,Punggol,3.58,Active
D06317,Jillian Stevens,Premium,Jurong,4.37,Active
D06318,Claudia Whitaker,SUV,Yishun,3.52,Active
D06319,Krystal Bond,Electric,Woodlands,3.82,Active
D06320,Keith Murphy,Hatchback,Bishan,4.96,Active
D06321,James Watson,Premium,Bishan,3.91,Active
D06322,Brandon Roberts,Sedan,Toa Payoh,4.83,Active
D06323,Jaime Peterson,Premium,Yishun,4.55,Active
D06324,Traci Koch,Sedan,Woodlands,3.55,Active
D06325,Rebecca Benjamin,Electric,Bishan,4.52,Active
D06326,Richard Hernandez,Hatchback,Toa Payoh,3.93,Active
D06327,Justin Smith,Sedan,Toa Payoh,4.51,Active
D06328,Renee Hill,Sedan,Ang Mo Kio,3.77,Active
D06329,Whitney Manning,Sedan,Jurong,4.28,Active
D06330,Ryan Johnson,Premium,Punggol,4.42,Active
D06331,Gabrielle Harris,MPV,Bedok,4.06,Active
D06332,Julie Vazquez,SUV,Toa Payoh,4.3,Active
D06333,Jesse Sexton,MPV,Jurong,3.85,Active
D06334,Jaclyn Cervantes,Premium,Bishan,4.9,Active
D06335,Megan Robinson,Premium,Yishun,4.86,Inactive
D06336,Jason Mclean,MPV,Ang Mo Kio,4.75,Inactive
D06337,Sharon Patterson,Hatchback,Singapore,3.88,Active
D06338,Brittany Bell,Premium,Singapore,4.35,Active
D06339,Rebecca Gentry,SUV,Bedok,4.33,Active
D06340,Nicole Reeves,Hatchback,Jurong,4.3,Active
D06341,Samantha Torres,MPV,Tampines,3.84,Active
D06342,Megan Flores,Sedan,Yishun,3.83,Active
D06343,Jordan Baker,Electric,Tampines,4.61,Active
D06344,Taylor Nguyen,Electric,Toa Payoh,4.67,Active
D06345,Michael Evans,Sedan,Yishun,4.19,Active
D06346,Joseph Neal,MPV,Yishun,3.53,Active
D06347,Sandra Dixon,SUV,Jurong,4.32,Active
D06348,Clayton Humphrey,SUV,Singapore,3.91,Active
D06349,Sarah Adams,MPV,Woodlands,3.64,Active
D06350,Kevin Phillips,MPV,Bishan,4.49,Active
D06351,Andrew Hernandez,Electric,Jurong,3.55,Active
D06352,Amanda Mooney,Premium,Tampines,4.63,Inactive
D06353,Alexander Haynes,Sedan,Singapore,3.8,Active
D06354,Steven Hart,Hatchback,Bishan,3.51,Active
D06355,Robert Collins,Premium,Woodlands,3.53,Active
D06356,Heather Clark,Hatchback,Punggol,4.37,Active
D06357,Kimberly Stanton,Sedan,Jurong,4.95,Active
D06358,Theresa Scott,Sedan,Bishan,4.32,Active
D06359,Ricky Barton,SUV,Yishun,3.59,Active
D06360,Felicia Hughes,Electric,Singapore,4.94,Active
D06361,Matthew Stein,MPV,Woodlands,3.96,Active
D06362,Alexander Clark,Hatchback,Toa Payoh,3.63,Active
D06363,Mark Taylor,Electric,Toa Payoh,4.64,Active
D06364,Steven Morgan,Hatchback,Jurong,4.47,Active
D06365,Joanne Lopez,SUV,Yishun,4.28,Active
D06366,Joseph Pham,MPV,Tampines,4.75,Active
D06367,Ian Jacobs,SUV,Bishan,3.75,Active
D06368,Dominic Hanna,Sedan,Jurong,4.76,Active
D06369,John Fields,Electric,Bedok,4.36,Active
D06370,Darrell Sanders,Sedan,Singapore,4.41,Active
D06371,Shannon Brown,Sedan,Bishan,4.26,Active
D06372,John Patterson,MPV,Tampines,4.93,Active
D06373,Justin Walker,Premium,Singapore,3.6,Active
D06374,Jennifer Gonzales,Sedan,Yishun,3.94,Active
D06375,Lisa Waters,Hatchback,Tampines,3.88,Active
D06376,Stephen Berger,Premium,Bishan,4.59,Active
D06377,Rachael Brown,MPV,Woodlands,4.21,Active
D06378,Riley Alvarado,MPV,Punggol,4.1,Active
D06379,Brittany Rush,Hatchback,Ang Mo Kio,3.98,Active
D06380,David Boone DDS,Sedan,Bishan,3.74,Active
D06381,Steven Wilkins,MPV,Bishan,4.18,Inactive
D06382,Travis Dean,Sedan,Punggol,3.86,Active
D06383,Jerry Allison,Sedan,Woodlands,4.96,Active
D06384,Christopher Simmons,SUV,Jurong,4.32,Active
D06385,Nicole Trujillo,MPV,Yishun,4.72,Active
D06386,Michael Salazar,Premium,Tampines,4.77,Active
D06387,Leah Mccarty,Sedan,Jurong,4.59,Active
D06388,Kyle White,Electric,Bishan,4.97,Active
D06389,Dana Bennett,SUV,Bedok,4.32,Active
D06390,Frank Mendoza,Hatchback,Tampines,4.39,Active
D06391,David Vaughn,Electric,Bishan,4.95,Active
D06392,Frank Raymond,SUV,Woodlands,4.48,Active
D06393,Lawrence Matthews,Sedan,Yishun,4.44,Active
D06394,Jamie Simpson,MPV,Bedok,4.51,Active
D06395,Chad Rodriguez,Electric,Tampines,4.31,Active
D06396,Andrew Johnson,MPV,Bishan,4.41,Active
D06397,Christina Mcknight,Premium,Singapore,3.93,Active
D06398,Patricia Stewart,Sedan,Tampines,3.93,Active
D06399,Brendan Smith,SUV,Jurong,3.55,Active
D06400,Amanda Fuller,SUV,Bishan,4.8,Active
D06401,Mark Hall,Hatchback,Tampines,4.96,Active
D06402,Sherry Shepherd,Electric,Bedok,4.18,Active
D06403,Yvonne Patel,Sedan,Singapore,3.77,Active
D06404,Deborah York,Sedan,Woodlands,3.92,Active
D06405,Jack Simmons,Sedan,Bishan,4.57,Active
D06406,Robert George,SUV,Toa Payoh,4.43,Active
D06407,Madeline Taylor,Hatchback,Jurong,3.6,Active
D06408,Angela Jones,Hatchback,Yishun,4.08,Active
D06409,Brittany Johnson,Sedan,Woodlands,3.99,Active
D06410,Marcia Jones,Hatchback,Jurong,3.57,Active
D06411,Phillip Jackson,SUV,Tampines,4.77,Active
D06412,Stephanie Weiss,Hatchback,Bishan,3.92,Active
D06413,Oscar Bradshaw,MPV,Jurong,4.22,Active
D06414,Ashlee Aguilar,SUV,Toa Payoh,3.97,Active
D06415,Kathleen Shaw,Electric,Jurong,4.46,Active
D06416,Dalton Jackson,MPV,Punggol,3.9,Active
D06417,Sally Archer,SUV,Punggol,4.05,Active
D06418,Andrew Le,Sedan,Bishan,3.94,Active
D06419,Manuel Underwood,Hatchback,Toa Payoh,3.79,Active
D06420,Tyler English Jr.,MPV,Ang Mo Kio,4.99,Active
D06421,Diane Cook,MPV,Punggol,4.93,Active
D06422,Matthew Gonzalez,Sedan,Bedok,3.73,Active
D06423,Jason Garcia,Sedan,Jurong,4.21,Active
D06424,Eric Garcia,Electric,Jurong,3.58,Active
D06425,Raymond Chavez,MPV,Jurong,4.79,Active
D06426,Gary Barker,SUV,Woodlands,4.1,Active
D06427,Joseph Smith,SUV,Woodlands,4.18,Active
D06428,Chad Edwards,Electric,Jurong,4.63,Active
D06429,Hunter Nelson,SUV,Bishan,3.63,Active
D06430,Christian Pineda,Premium,Jurong,4.7,Active
D06431,Laurie Taylor,Sedan,Jurong,4.88,Active
D06432,Robert Gray,Hatchback,Yishun,4.9,Active
D06433,Jacob Mays,Hatchback,Bedok,3.51,Active
D06434,Charles Rodriguez,Electric,Toa Payoh,4.64,Active
D06435,Jason Garcia,MPV,Toa Payoh,4.78,Active
D06436,Mrs. Sue Glass MD,SUV,Bishan,3.5,Active
D06437,Jeff Walters,Hatchback,Punggol,4.32,Active
D06438,Anthony White,Sedan,Tampines,4.23,Active
D06439,Edward Mccormick,Hatchback,Toa Payoh,3.71,Active
D06440,Geoffrey Hicks,Premium,Toa Payoh,4.77,Active
D06441,Robert Trujillo,SUV,Bedok,3.71,Active
D06442,Nancy Ortiz,MPV,Bishan,3.63,Active
D06443,William Taylor,Electric,Bishan,4.87,Active
D06444,Sharon Tyler,SUV,Tampines,4.4,Active
D06445,Catherine Martinez,SUV,Punggol,3.89,Active
D06446,Nancy Singleton,MPV,Bedok,3.6,Active
D06447,Robert Ford,Hatchback,Jurong,4.44,Active
D06448,Adam Watson,Premium,Singapore,3.84,Suspended
D06449,Ronnie Dunn,MPV,Punggol,4.4,Active
D06450,Debra Lopez,Hatchback,Bishan,4.22,Active
D06451,Jennifer Austin,Premium,Bedok,4.45,Active
D06452,Molly Gonzalez,Premium,Jurong,3.64,Active
D06453,Douglas Perkins,Premium,Woodlands,4.87,Inactive
D06454,Daniel Tucker,Hatchback,Jurong,3.96,Active
D06455,Victoria Chan MD,Electric,Yishun,3.54,Active
D06456,Jay Potter,Sedan,Jurong,4.31,Active
D06457,Darrell Case,MPV,Tampines,4.29,Active
D06458,Christopher Ross,Premium,Woodlands,4.3,Active
D06459,Tyler Wong,Sedan,Yishun,4.21,Active
D06460,Heather Chapman,Sedan,Ang Mo Kio,4.0,Active
D06461,Lydia Garcia,Hatchback,Yishun,4.76,Active
D06462,Amber Castro,MPV,Singapore,4.31,Active
D06463,Matthew Yang,Electric,Jurong,4.44,Active
D06464,Robert Miller,Electric,Bishan,4.43,Active
D06465,Timothy Weaver,Electric,Jurong,4.05,Active
D06466,Thomas Johnson,MPV,Singapore,4.13,Active
D06467,Troy Nichols,Electric,Bedok,3.88,Active
D06468,Kimberly Hunter,Sedan,Jurong,4.34,Inactive
D06469,Darius Hardin,SUV,Toa Payoh,4.98,Active
D06470,Barbara Hawkins,Electric,Yishun,3.97,Inactive
D06471,Ashley Nichols,MPV,Yishun,3.68,Active
D06472,Nicholas Hunter,SUV,Bedok,4.49,Active
D06473,Kevin Miles,Hatchback,Tampines,4.11,Active
D06474,Audrey Burns,Premium,Punggol,3.59,Active
D06475,Andrea Luna,MPV,Bedok,3.95,Active
D06476,Michael Johnson,MPV,Bedok,4.72,Active
D06477,Claudia Williams,Sedan,Bedok,4.95,Active
D06478,Stefanie Palmer,Electric,Punggol,4.49,Active
D06479,Adam Miller,Hatchback,Bishan,3.58,Active
D06480,Mr. Robert Rodriguez,SUV,Singapore,3.82,Active
D06481,Kenneth Roman,MPV,Singapore,3.55,Active
D06482,Christopher Nolan,Sedan,Ang Mo Kio,3.73,Active
D06483,Kent Escobar,Sedan,Bishan,4.55,Active
D06484,Sarah Ramos,Electric,Woodlands,4.99,Active
D06485,John Esparza,Premium,Toa Payoh,4.69,Active
D06486,Larry Hahn,Electric,Ang Mo Kio,4.17,Active
D06487,Patricia Calhoun,MPV,Bedok,4.84,Active
D06488,April Walters,Sedan,Yishun,4.66,Active
D06489,Johnny Wood,SUV,Toa Payoh,4.56,Active
D06490,Maxwell Parker,MPV,Singapore,3.92,Active
D06491,Anthony Brown MD,Electric,Ang Mo Kio,3.72,Active
D06492,Ebony Snyder,Electric,Jurong,3.81,Active
D06493,Joyce Shaw,Hatchback,Bishan,4.61,Active
D06494,Sherry Evans,Sedan,Singapore,4.32,Active
D06495,Jeffrey Alexander,MPV,Punggol,3.98,Active
D06496,Alyssa Graham,Premium,Bishan,4.61,Active
D06497,Ronald Kemp,SUV,Singapore,4.12,Active
D06498,Jerry Johnson,Premium,Tampines,4.82,Active
D06499,Russell Benson,Electric,Yishun,4.29,Active
D06500,Tiffany Hernandez,MPV,Jurong,4.06,Active
D06501,Tammy May,Sedan,Singapore,4.28,Active
D06502,Donna Roy,Hatchback,Toa Payoh,4.81,Active
D06503,Donna Carroll,Sedan,Yishun,4.49,Active
D06504,Gail Owen,Hatchback,Tampines,4.39,Active
D06505,Gabrielle Yu,SUV,Jurong,4.29,Active
D06506,Robert Mendoza,Hatchback,Singapore,4.04,Active
D06507,Michael Clements,Sedan,Tampines,4.73,Suspended
D06508,Patrick Duncan,Premium,Singapore,4.94,Active
D06509,Alexandria Rogers,MPV,Ang Mo Kio,3.64,Active
D06510,Danielle Macias,SUV,Ang Mo Kio,4.34,Active
D06511,Mr. Robert Williams,Hatchback,Woodlands,3.86,Inactive
D06512,Brenda Stevens,Hatchback,Singapore,3.52,Active
D06513,Kaylee Hall,Premium,Woodlands,4.11,Active
D06514,Michelle Ellis,Hatchback,Bedok,4.41,Active
D06515,Shannon Jennings,Sedan,Singapore,4.77,Active
D06516,Tracie Carson,Hatchback,Yishun,4.03,Active
D06517,Stephen Stewart,Premium,Toa Payoh,3.91,Active
D06518,Natalie Hudson,Hatchback,Punggol,3.7,Active
D06519,Amber Alvarez,MPV,Bishan,3.71,Active
D06520,Alison Cortez,Hatchback,Yishun,4.28,Active
D06521,Brandon Delgado,MPV,Singapore,4.29,Active
D06522,Michelle Norton,SUV,Yishun,3.68,Inactive
D06523,Donna Hernandez,Hatchback,Tampines,4.38,Active
D06524,Theresa Lopez,Hatchback,Ang Mo Kio,4.13,Active
D06525,Susan Diaz,MPV,Yishun,3.58,Active
D06526,Jeremiah Lyons,MPV,Bishan,4.71,Active
D06527,Adam Robbins,Electric,Punggol,4.91,Active
D06528,Leah Johnson,Hatchback,Bedok,4.51,Active
D06529,Douglas Nolan,Premium,Yishun,4.07,Active
D06530,Courtney Erickson,Sedan,Ang Mo Kio,3.95,Active
D06531,Kelly Wolf,SUV,Woodlands,4.94,Active
D06532,Raymond Bennett,Electric,Bishan,4.06,Active
D06533,Michael Lawrence,Premium,Toa Payoh,3.85,Active
D06534,Melissa Snyder,Electric,Tampines,3.5,Suspended
D06535,Randy Lopez,Electric,Bedok,4.8,Inactive
D06536,John Holder,Hatchback,Jurong,3.51,Inactive
D06537,Mrs. Mary Bowman MD,Hatchback,Yishun,4.47,Active
D06538,Jason Paul,SUV,Bedok,4.95,Active
D06539,Zachary Hampton,Electric,Ang Mo Kio,4.55,Active
D06540,Christine Smith,SUV,Woodlands,4.07,Active
D06541,Mary Brown,MPV,Jurong,4.86,Active
D06542,Matthew Walton,Electric,Yishun,4.19,Active
D06543,Rachel Roberts,SUV,Jurong,4.64,Active
D06544,Tara Smith,Premium,Bedok,3.96,Inactive
D06545,Andrew Cooper,Premium,Yishun,4.71,Active
D06546,Jessica Perez,Electric,Tampines,4.55,Active
D06547,Mary Norris,Electric,Jurong,4.18,Active
D06548,Ian Madden,Electric,Punggol,3.85,Active
D06549,Anthony Landry,MPV,Woodlands,4.19,Suspended
D06550,Mathew Greene,Hatchback,Tampines,4.27,Active
D06551,Abigail Ferguson,Premium,Woodlands,4.31,Active
D06552,Sandra Tate,Hatchback,Bishan,3.67,Active
D06553,Curtis Murillo,SUV,Bedok,3.81,Active
D06554,Philip Marshall,Electric,Jurong,4.06,Active
D06555,Mario Collins,MPV,Ang Mo Kio,3.71,Active
D06556,Ashley Vance,SUV,Toa Payoh,4.42,Active
D06557,Brian Avila,Electric,Toa Payoh,4.13,Active
D06558,Deborah Calderon,Hatchback,Yishun,4.83,Active
D06559,Mark Robinson,Electric,Singapore,3.88,Active
D06560,Danny Hall,Sedan,Punggol,4.23,Active
D06561,Stephanie Green,MPV,Bishan,3.88,Active
D06562,Taylor Arellano,Premium,Bedok,4.27,Active
D06563,Kristine Jenkins,Premium,Toa Payoh,4.93,Active
D06564,Rebecca Gutierrez,MPV,Yishun,3.54,Active
D06565,Paul Molina,SUV,Yishun,3.62,Active
D06566,Joseph Shepherd,SUV,Ang Mo Kio,4.7,Active
D06567,Krystal Alvarez,MPV,Jurong,3.74,Active
D06568,Rebecca Vargas,Hatchback,Bedok,4.69,Active
D06569,Marco Smith,SUV,Ang Mo Kio,4.86,Active
D06570,Alan Meyer,MPV,Woodlands,3.82,Active
D06571,Steven Norman,Premium,Bishan,3.65,Inactive
D06572,Clinton Frank,SUV,Bishan,4.42,Inactive
D06573,Jeffrey Wagner,SUV,Yishun,3.87,Active
D06574,Cynthia Foster,MPV,Woodlands,4.92,Active
D06575,Mary Terry,Sedan,Tampines,4.73,Active
D06576,Emily Duncan,Sedan,Toa Payoh,4.32,Inactive
D06577,Monica Cruz,Electric,Bedok,3.78,Active
D06578,Nicholas Lutz,MPV,Yishun,3.74,Inactive
D06579,Adriana Hanson,SUV,Woodlands,4.24,Active
D06580,Nicole Lucero,SUV,Tampines,4.44,Inactive
D06581,Ashley Kim,MPV,Yishun,4.36,Active
D06582,Katherine Delgado,Hatchback,Yishun,3.56,Active
D06583,Valerie Stein,Sedan,Bishan,4.39,Active
D06584,Christopher Mann,Hatchback,Woodlands,4.74,Active
D06585,Angela Simpson MD,Sedan,Toa Payoh,4.17,Active
D06586,Kayla French,Electric,Toa Payoh,4.92,Active
D06587,Brandi Jenkins,Sedan,Woodlands,4.55,Active
D06588,Raymond Taylor,Sedan,Singapore,4.42,Inactive
D06589,Samuel Melendez,Sedan,Toa Payoh,4.93,Inactive
D06590,John Smith,Hatchback,Ang Mo Kio,4.15,Active
D06591,Alison Mullins,Hatchback,Ang Mo Kio,3.86,Active
D06592,Eduardo Alexander DDS,Electric,Yishun,3.77,Active
D06593,Gary Mcpherson,SUV,Punggol,3.89,Active
D06594,Ryan Escobar,Electric,Punggol,4.45,Active
D06595,Amber Jones,MPV,Tampines,3.62,Active
D06596,Heather Jones,MPV,Singapore,4.8,Active
D06597,Tracy Bishop,Sedan,Bedok,4.26,Active
D06598,Steve Dawson,Premium,Bedok,3.89,Suspended
D06599,Mr. Jonathan Hopkins Jr.,Sedan,Ang Mo Kio,3.69,Active
D06600,Sarah Butler,SUV,Yishun,4.0,Active
D06601,Ronald Wells,Sedan,Punggol,3.9,Active
D06602,Ethan Owens,Premium,Yishun,4.0,Active
D06603,Michelle Fritz,MPV,Bishan,4.61,Active
D06604,Katherine Jones,MPV,Tampines,4.25,Active
D06605,Christopher Allison,Electric,Jurong,4.24,Active
D06606,Ryan Miller,Sedan,Tampines,4.11,Active
D06607,Michael Roberts,Hatchback,Punggol,4.73,Active
D06608,Chelsey Jones,Electric,Ang Mo Kio,4.54,Active
D06609,Robert George,Sedan,Punggol,4.97,Active
D06610,Elizabeth York,SUV,Toa Payoh,3.59,Active
D06611,Taylor Williams,Hatchback,Singapore,4.46,Active
D06612,Fernando Hale,Sedan,Bishan,4.13,Active
D06613,Ashley Scott,Sedan,Yishun,4.84,Active
D06614,Kim Hart,Electric,Bishan,4.76,Active
D06615,Lucas Morris,SUV,Woodlands,4.14,Active
D06616,Jerry Wilson,Premium,Tampines,4.94,Active
D06617,Kelly Fuller,SUV,Ang Mo Kio,4.45,Active
D06618,Jacob Sandoval,Electric,Singapore,3.55,Active
D06619,Kristine Moses,Sedan,Bishan,4.83,Active
D06620,Melissa Smith,Electric,Bishan,4.01,Active
D06621,Jennifer Robinson,Hatchback,Toa Payoh,4.57,Active
D06622,Michael Hayes,MPV,Jurong,3.93,Active
D06623,Laura Rodriguez,Sedan,Singapore,4.14,Active
D06624,Pamela Moss,SUV,Bedok,3.6,Active
D06625,James Payne,Sedan,Bishan,3.75,Active
D06626,Jennifer Ferguson DVM,SUV,Woodlands,3.78,Active
D06627,Andrew Becker,Hatchback,Tampines,4.39,Inactive
D06628,David Wilson,Sedan,Punggol,4.9,Active
D06629,Steven Hopkins,SUV,Punggol,4.42,Inactive
D06630,Vicki Holland,SUV,Ang Mo Kio,4.1,Active
D06631,Carlos Bradshaw,Sedan,Yishun,4.85,Inactive
D06632,Johnny Merritt,Sedan,Bedok,3.54,Active
D06633,Katie Duncan,Premium,Punggol,4.0,Active
D06634,Tracy Rivera,Hatchback,Ang Mo Kio,3.92,Active
D06635,Courtney Lewis,Hatchback,Jurong,4.73,Active
D06636,Elizabeth Brown,Electric,Tampines,4.33,Active
D06637,Eric Vasquez,Electric,Punggol,3.77,Active
D06638,Maria Fernandez,Hatchback,Bishan,4.25,Active
D06639,Kyle Johnson,MPV,Singapore,4.87,Active
D06640,William Summers,Premium,Bedok,4.38,Active
D06641,Greg Proctor,Hatchback,Ang Mo Kio,4.92,Active
D06642,Kevin Cook,Sedan,Woodlands,4.5,Active
D06643,Timothy Villarreal,MPV,Punggol,4.78,Active
D06644,April White,Premium,Bishan,3.6,Active
D06645,Robert Ramos,MPV,Yishun,3.72,Active
D06646,Raymond Gonzalez,MPV,Yishun,4.86,Active
D06647,Danielle Miller,SUV,Ang Mo Kio,4.69,Inactive
D06648,Steven Moreno,Electric,Singapore,4.26,Active
D06649,Jimmy Johnson,Sedan,Singapore,4.15,Active
D06650,Alexandria Snyder,MPV,Singapore,3.93,Active
D06651,Melinda Clark,Hatchback,Woodlands,4.77,Active
D06652,Robert Garcia,Sedan,Ang Mo Kio,4.64,Active
D06653,Gregory Stewart,Electric,Yishun,4.84,Active
D06654,Anthony Wilson,Electric,Woodlands,4.94,Active
D06655,Michael Berry,SUV,Tampines,3.85,Active
D06656,Larry Marsh,Electric,Toa Payoh,4.72,Inactive
D06657,Kimberly Kennedy,Premium,Toa Payoh,4.69,Active
D06658,Travis Tucker,MPV,Woodlands,4.31,Active
D06659,Jonathan Gallagher,Sedan,Jurong,4.07,Active
D06660,Tina Jimenez,Premium,Bedok,3.95,Active
D06661,Nicole Harris,Hatchback,Bishan,3.73,Active
D06662,Kevin Solomon,MPV,Toa Payoh,3.97,Active
D06663,Jason Moreno,Sedan,Singapore,4.58,Active
D06664,Mr. Anthony Fisher,MPV,Tampines,4.64,Active
D06665,Christian Combs,Hatchback,Toa Payoh,4.59,Active
D06666,Fred Livingston DDS,Electric,Ang Mo Kio,4.51,Active
D06667,Marcus Robinson,MPV,Yishun,4.69,Active
D06668,Kelly Carr,Premium,Woodlands,4.33,Active
D06669,Beth Bridges,Electric,Singapore,3.91,Active
D06670,Holly Henderson,Electric,Yishun,4.52,Inactive
D06671,Lee Lynch,Hatchback,Bishan,4.58,Active
D06672,Rachel Ayers,Electric,Bedok,4.76,Active
D06673,Michael Mcgee,Sedan,Ang Mo Kio,4.97,Active
D06674,Jeffrey Dorsey,MPV,Bishan,4.44,Active
D06675,James Nguyen,MPV,Woodlands,4.22,Active
D06676,Haley Rivera,SUV,Woodlands,3.5,Active
D06677,Edgar Higgins,SUV,Woodlands,4.18,Active
D06678,Alexis Robinson,MPV,Punggol,3.67,Active
D06679,Mitchell Ferguson,Electric,Toa Payoh,3.72,Active
D06680,John Wood,Premium,Woodlands,4.35,Active
D06681,Kayla Rowe,MPV,Bishan,4.32,Active
D06682,Timothy Thomas,Hatchback,Ang Mo Kio,4.32,Active
D06683,Patricia Moss,Sedan,Ang Mo Kio,4.26,Active
D06684,Beth Johnson,MPV,Jurong,4.91,Active
D06685,Nicholas Sullivan,Sedan,Punggol,3.95,Active
D06686,Brandon Jenkins,SUV,Yishun,3.54,Active
D06687,Laura Gomez,Premium,Bedok,3.78,Inactive
D06688,Patricia Gregory,Premium,Tampines,3.75,Active
D06689,Kevin Macias,Premium,Bishan,4.34,Active
D06690,Steven James,Sedan,Ang Mo Kio,4.89,Active
D06691,Devin Harrison,Electric,Tampines,3.51,Active
D06692,Sara Sanders,Sedan,Ang Mo Kio,3.58,Active
D06693,William Smith,MPV,Yishun,4.5,Active
D06694,Monique Robertson,Premium,Toa Payoh,4.2,Active
D06695,Miguel Watkins,Hatchback,Ang Mo Kio,3.66,Active
D06696,Sharon Lopez,SUV,Woodlands,4.07,Inactive
D06697,Grace Cruz,Sedan,Woodlands,4.49,Active
D06698,James Evans,Premium,Ang Mo Kio,3.65,Active
D06699,Kelly Wright,Sedan,Ang Mo Kio,4.65,Inactive
D06700,Michelle Williams,Electric,Bedok,3.9,Active
D06701,Cynthia Ford,Premium,Tampines,3.89,Active
D06702,Theodore Roberts,Electric,Woodlands,4.77,Active
D06703,Ashley Simon,Sedan,Bedok,3.91,Active
D06704,Cynthia Kramer,Hatchback,Jurong,4.03,Active
D06705,Miguel Jenkins,Premium,Bedok,3.95,Active
D06706,Alexandria Humphrey,Hatchback,Woodlands,4.95,Active
D06707,Lisa Hanson,Sedan,Jurong,3.51,Active
D06708,Joanna Floyd,Hatchback,Punggol,3.59,Active
D06709,Patrick Howe,Hatchback,Toa Payoh,3.63,Active
D06710,Andrea Garcia,Sedan,Ang Mo Kio,3.68,Active
D06711,Tracy Ramsey,Sedan,Yishun,4.95,Active
D06712,Sarah Compton,SUV,Woodlands,3.54,Active
D06713,Randall Smith,Sedan,Singapore,3.54,Active
D06714,Brian Brock,SUV,Woodlands,4.42,Active
D06715,Stephen Hart PhD,Hatchback,Woodlands,4.16,Active
D06716,Ashley Fields,Sedan,Woodlands,4.84,Active
D06717,Robert Sullivan,Hatchback,Bishan,3.57,Active
D06718,Erin Phillips,Premium,Yishun,4.61,Active
D06719,Brian Martinez MD,Sedan,Woodlands,4.48,Active
D06720,David Berg,Sedan,Singapore,3.95,Active
D06721,Dr. Jacob Long,SUV,Bishan,4.94,Active
D06722,Darlene Sanchez,Premium,Bedok,4.72,Active
D06723,Alex Li,Electric,Bishan,4.16,Active
D06724,Jeffrey Oneal,SUV,Toa Payoh,4.49,Active
D06725,Phillip Rosario,Premium,Bedok,3.66,Active
D06726,Pamela Mendoza,Sedan,Toa Payoh,3.56,Active
D06727,Melissa Taylor,Electric,Yishun,4.41,Active
D06728,Jorge Barnes,Hatchback,Yishun,4.07,Active
D06729,Kayla Arnold,MPV,Jurong,3.95,Active
D06730,Ryan Anderson,Hatchback,Toa Payoh,3.65,Active
D06731,Hannah Hayes,SUV,Bishan,3.55,Active
D06732,Ashlee Morris,Sedan,Toa Payoh,4.01,Inactive
D06733,Sheila Rodriguez,MPV,Jurong,4.38,Active
D06734,Jordan Ryan,Hatchback,Yishun,4.97,Active
D06735,James Johnson,Electric,Tampines,4.16,Active
D06736,Jacob Moore,Electric,Singapore,3.76,Active
D06737,David Davis,Electric,Woodlands,4.77,Active
D06738,Danielle Clements,Sedan,Jurong,4.77,Active
D06739,Michelle Simmons,Hatchback,Bedok,4.26,Active
D06740,Gerald Blake,Electric,Toa Payoh,3.6,Active
D06741,David Nunez,MPV,Tampines,4.13,Active
D06742,Bernard Roberts,Sedan,Bedok,4.28,Active
D06743,Claudia Wells,Hatchback,Yishun,4.25,Active
D06744,Brittany Price,Premium,Tampines,4.37,Active
D06745,Edward Norman,SUV,Punggol,3.52,Active
D06746,Michael Bell,SUV,Toa Payoh,4.85,Active
D06747,Kimberly Smith,Electric,Singapore,4.3,Active
D06748,Paige Humphrey,Sedan,Yishun,3.67,Suspended
D06749,Nicholas Mcdonald,Hatchback,Tampines,3.92,Active
D06750,Michael Bradley,MPV,Woodlands,3.83,Active
D06751,Benjamin Hernandez,Premium,Yishun,3.7,Active
D06752,Ashley Smith,Premium,Punggol,3.7,Active
D06753,Mr. Anthony Brown,SUV,Bedok,4.02,Active
D06754,Chris West,SUV,Toa Payoh,3.57,Active
D06755,Nicole Rogers,SUV,Woodlands,3.99,Active
D06756,Danielle Ali,MPV,Yishun,3.86,Active
D06757,Michael Davis,Hatchback,Punggol,4.52,Active
D06758,Edward Camacho,Sedan,Woodlands,4.1,Suspended
D06759,Sherry Brown,Sedan,Bishan,3.86,Active
D06760,Brandy Solomon,MPV,Tampines,3.9,Active
D06761,Angela Mccormick,SUV,Woodlands,4.82,Active
D06762,Brooke Porter,Premium,Jurong,3.77,Active
D06763,Dillon Contreras,Sedan,Ang Mo Kio,4.58,Active
D06764,John Massey,Hatchback,Bishan,3.84,Active
D06765,Erica Davis,Electric,Toa Payoh,4.25,Active
D06766,Dr. Catherine Mills,Premium,Toa Payoh,3.8,Active
D06767,Angela Ferguson,MPV,Singapore,3.62,Active
D06768,Jennifer Brewer,MPV,Bedok,3.99,Active
D06769,Haley Green,Hatchback,Woodlands,4.04,Active
D06770,Marc Williams,MPV,Singapore,3.65,Active
D06771,Anthony Soto,Sedan,Woodlands,4.2,Active
D06772,Nathaniel Howard,Hatchback,Tampines,4.9,Active
D06773,Briana Klein,Sedan,Yishun,4.52,Active
D06774,Danielle Gonzales,Premium,Singapore,4.47,Active
D06775,Gregory Rios,Premium,Singapore,3.96,Inactive
D06776,Betty Fox,Electric,Singapore,3.61,Active
D06777,Kyle Collins,Electric,Bedok,3.53,Active
D06778,Michael Johnson,Sedan,Jurong,4.92,Active
D06779,Douglas Melton,Hatchback,Bishan,4.63,Active
D06780,Erica Wilson,SUV,Ang Mo Kio,4.2,Active
D06781,Jessica Taylor,Hatchback,Woodlands,4.98,Active
D06782,Elizabeth Fox,Electric,Bedok,4.74,Active
D06783,Daniel Paul,Electric,Yishun,3.96,Active
D06784,Justin Jones,Premium,Bishan,4.15,Active
D06785,Alexander Sherman,Hatchback,Woodlands,3.91,Active
D06786,Gloria Arnold,MPV,Yishun,4.65,Active
D06787,James Garcia,Sedan,Toa Payoh,4.8,Active
D06788,John Kim,Hatchback,Singapore,3.73,Active
D06789,Lori Winters,SUV,Woodlands,4.06,Active
D06790,Jeremiah Taylor,Sedan,Tampines,4.93,Active
D06791,Valerie Delgado,SUV,Yishun,3.98,Active
D06792,Jenny Cameron,MPV,Punggol,4.71,Active
D06793,Julia Pollard,Sedan,Tampines,3.76,Active
D06794,Wendy Ford,MPV,Toa Payoh,3.98,Active
D06795,Kathryn Nguyen,MPV,Yishun,4.25,Inactive
D06796,Juan Shaw,Hatchback,Yishun,4.85,Active
D06797,Lisa Dennis,SUV,Bishan,4.75,Active
D06798,Robert Taylor,Sedan,Singapore,4.33,Active
D06799,Kelly Williams,Hatchback,Bishan,4.02,Active
D06800,Kimberly Wells,MPV,Jurong,3.91,Inactive
D06801,Mary George,Electric,Bishan,3.85,Active
D06802,Kristin Dominguez,Hatchback,Toa Payoh,4.54,Inactive
D06803,Andrea Smith,SUV,Singapore,4.28,Active
D06804,Gregory Richardson,Sedan,Yishun,4.6,Active
D06805,Chad Gomez,Electric,Punggol,3.89,Active
D06806,Margaret Smith,Premium,Woodlands,4.45,Active
D06807,Angela Chapman,Electric,Yishun,4.29,Active
D06808,Thomas Bell,Electric,Ang Mo Kio,3.72,Active
D06809,Wendy Velasquez,Hatchback,Jurong,4.54,Active
D06810,Kara Miller,SUV,Bedok,4.28,Active
D06811,Erik Mata,Premium,Bedok,3.59,Active
D06812,Matthew Willis,Hatchback,Yishun,4.2,Active
D06813,Amy Hunt,Electric,Yishun,4.38,Active
D06814,Brian Nelson,MPV,Ang Mo Kio,4.33,Inactive
D06815,Alicia Wilson,MPV,Bedok,4.49,Active
D06816,Stephanie Johnson MD,SUV,Toa Payoh,4.91,Active
D06817,Christopher Barker,Hatchback,Bedok,3.7,Active
D06818,Stephanie Fisher,Sedan,Bedok,4.61,Active
D06819,Donald King,SUV,Yishun,3.84,Active
D06820,Melissa Bowen,Electric,Ang Mo Kio,4.76,Active
D06821,Jamie Rogers,Premium,Yishun,4.75,Active
D06822,Joseph Myers,Electric,Woodlands,4.6,Inactive
D06823,Andrew Davila,Hatchback,Bedok,4.76,Active
D06824,Ryan Nguyen,Sedan,Tampines,3.8,Active
D06825,Ronald Wade,Sedan,Tampines,4.76,Active
D06826,Wesley Johnson,Sedan,Woodlands,4.21,Inactive
D06827,Lisa Wilson,Premium,Toa Payoh,4.01,Active
D06828,David Johnson,Sedan,Yishun,3.59,Active
D06829,Kent Poole,Electric,Toa Payoh,3.93,Active
D06830,Samantha Young,Electric,Woodlands,3.85,Active
D06831,Antonio Moore,Sedan,Punggol,3.62,Active
D06832,Suzanne Brown,Sedan,Woodlands,4.04,Active
D06833,Steven Mcguire,Premium,Ang Mo Kio,4.79,Active
D06834,Colton Ali,SUV,Ang Mo Kio,4.37,Active
D06835,Mario Wheeler,SUV,Ang Mo Kio,4.17,Active
D06836,Mark Hodges,Sedan,Bishan,4.48,Active
D06837,Candice Dillon,Hatchback,Jurong,4.46,Inactive
D06838,Katrina Young,SUV,Bishan,4.74,Active
D06839,Mrs. Molly Murray,Hatchback,Bishan,4.22,Active
D06840,Adam Gilbert,Premium,Toa Payoh,4.43,Active
D06841,Brandon Morris,Premium,Tampines,4.61,Active
D06842,Cassandra Conley,Electric,Tampines,4.52,Active
D06843,Brandon Wilson,Premium,Ang Mo Kio,3.64,Active
D06844,Vanessa Watkins,Sedan,Bishan,4.14,Active
D06845,Kirsten Brown,MPV,Punggol,4.36,Active
D06846,Julie Anderson,Premium,Bishan,4.29,Active
D06847,Joshua Whitney,Hatchback,Punggol,4.48,Active
D06848,Matthew Hunter,Hatchback,Ang Mo Kio,4.91,Active
D06849,Tina Nichols,SUV,Tampines,4.26,Active
D06850,Nicole Harding,SUV,Jurong,4.08,Active
D06851,Jason Brown,Hatchback,Woodlands,4.86,Inactive
D06852,Teresa Jordan,Sedan,Singapore,4.17,Active
D06853,Keith Haynes,Sedan,Singapore,4.44,Inactive
D06854,Melissa Buckley,SUV,Tampines,4.09,Active
D06855,Emily Brown,SUV,Toa Payoh,3.97,Active
D06856,Bonnie Wilson,Electric,Bedok,4.19,Active
D06857,George Roberts,Sedan,Punggol,4.37,Active
D06858,Thomas Garner,Electric,Woodlands,4.88,Active
D06859,Patty Ross,Sedan,Woodlands,3.53,Active
D06860,Brittany Lopez,Electric,Yishun,4.73,Active
D06861,Anthony Bennett,MPV,Punggol,4.3,Inactive
D06862,John Roberts,Premium,Tampines,4.33,Active
D06863,Joshua Sullivan,Premium,Jurong,3.54,Active
D06864,Tony Johnson,MPV,Bedok,4.77,Active
D06865,Albert Rogers,SUV,Tampines,4.5,Active
D06866,Michael Brooks,Hatchback,Bishan,4.14,Active
D06867,Leah Hinton,Electric,Woodlands,4.13,Active
D06868,Jessica Love,Premium,Punggol,4.37,Active
D06869,Troy Lowe,Hatchback,Punggol,4.71,Active
D06870,Cathy Jordan,Electric,Ang Mo Kio,4.76,Active
D06871,Jacob Stanley,MPV,Punggol,4.18,Inactive
D06872,Susan Rodriguez,SUV,Singapore,4.22,Active
D06873,Julie Fuller,MPV,Singapore,3.74,Active
D06874,William Vaughn,SUV,Singapore,4.96,Active
D06875,James Thompson,SUV,Jurong,4.1,Active
D06876,Teresa Smith,Electric,Bishan,4.51,Active
D06877,Amy Wilson,MPV,Punggol,4.56,Active
D06878,Heather Morgan,Sedan,Tampines,3.68,Active
D06879,Donna Thomas,SUV,Ang Mo Kio,3.74,Inactive
D06880,Kenneth Hudson,Premium,Singapore,4.6,Active
D06881,Tony Price,Premium,Singapore,4.48,Active
D06882,Janet Ramirez,SUV,Toa Payoh,4.34,Active
D06883,Deborah Gibson,Hatchback,Bedok,4.05,Active
D06884,William Brooks,Sedan,Ang Mo Kio,3.98,Active
D06885,Michael Mooney,Premium,Bedok,4.45,Active
D06886,Anna Parker,Sedan,Woodlands,4.16,Active
D06887,Kevin Scott,Premium,Bishan,4.6,Active
D06888,Allen Rubio,Hatchback,Bishan,4.54,Active
D06889,Kelly Newton,MPV,Punggol,4.28,Active
D06890,Leslie Jones,MPV,Yishun,3.79,Suspended
D06891,Laura Johnson,MPV,Toa Payoh,4.26,Active
D06892,Jon Aguilar,Electric,Bedok,3.81,Active
D06893,Brianna Perez,Premium,Tampines,4.8,Active
D06894,Anna Meyer,Electric,Jurong,4.87,Active
D06895,Amy Palmer,Hatchback,Toa Payoh,4.81,Active
D06896,Lisa Murphy,Electric,Ang Mo Kio,4.79,Active
D06897,Jack Patel,Electric,Woodlands,5.0,Active
D06898,Julie Ramos,Premium,Woodlands,4.66,Active
D06899,Jeffrey Simon,Hatchback,Tampines,4.66,Active
D06900,Elizabeth Taylor,Premium,Yishun,3.75,Active
D06901,Antonio Mckee,Electric,Woodlands,4.42,Active
D06902,Samuel Mcdonald,Premium,Ang Mo Kio,4.87,Active
D06903,Cynthia Chambers,Hatchback,Bedok,4.04,Active
D06904,Christopher Mckinney,MPV,Toa Payoh,4.36,Active
D06905,Jenna Gonzales,Electric,Toa Payoh,4.21,Inactive
D06906,Kevin Rogers,SUV,Singapore,3.75,Active
D06907,Jerry Allen,Premium,Ang Mo Kio,3.97,Active
D06908,Darrell Holmes,Hatchback,Yishun,4.63,Active
D06909,Adam Knox,Electric,Punggol,4.63,Active
D06910,Melissa Scott,SUV,Tampines,3.98,Active
D06911,Cesar Donaldson,Hatchback,Ang Mo Kio,4.39,Active
D06912,Angela Smith,Electric,Singapore,4.42,Active
D06913,Catherine Smith,SUV,Ang Mo Kio,3.97,Active
D06914,Ryan Price,Sedan,Toa Payoh,3.85,Active
D06915,Tanner Brown,SUV,Bishan,4.94,Active
D06916,Brenda Garrison,Sedan,Tampines,4.75,Active
D06917,Karen Phillips,Premium,Ang Mo Kio,3.8,Inactive
D06918,Timothy Ryan IV,MPV,Bedok,3.75,Active
D06919,Derrick Vargas,SUV,Woodlands,4.29,Active
D06920,Brian Wilson,Sedan,Punggol,4.77,Active
D06921,Stephanie Garcia,Sedan,Bishan,4.15,Active
D06922,Jeffrey Taylor,Electric,Bishan,4.58,Active
D06923,Lisa Schwartz,SUV,Punggol,3.94,Active
D06924,John Pham,Electric,Jurong,4.66,Active
D06925,Danielle Pearson,MPV,Woodlands,3.86,Active
D06926,Jennifer Simon,MPV,Woodlands,4.11,Active
D06927,Karen Huynh,MPV,Bishan,3.81,Active
D06928,Ernest Willis,Electric,Ang Mo Kio,4.21,Active
D06929,Julie Flores,Premium,Bishan,3.91,Active
D06930,Elizabeth Higgins,MPV,Toa Payoh,4.52,Active
D06931,Sally Johnson,Sedan,Yishun,4.0,Active
D06932,Kelly Hudson,Sedan,Toa Payoh,4.15,Active
D06933,Mr. Kenneth Bryan,Hatchback,Jurong,4.33,Active
D06934,Jason Stewart,Sedan,Bishan,4.87,Active
D06935,Jeremy Turner,SUV,Bishan,3.61,Active
D06936,Tony Torres,Premium,Woodlands,4.67,Inactive
D06937,William Perkins,MPV,Jurong,4.38,Active
D06938,Robin Davis,SUV,Tampines,4.34,Active
D06939,Deanna Turner,SUV,Ang Mo Kio,3.97,Suspended
D06940,Matthew Ward,Premium,Punggol,4.56,Active
D06941,Kelly Wallace,SUV,Bedok,4.11,Active
D06942,Jessica Duncan,Hatchback,Tampines,4.19,Active
D06943,Mark Wells,Hatchback,Yishun,3.73,Active
D06944,Margaret Velasquez,Premium,Yishun,4.04,Active
D06945,James Lowe,Premium,Singapore,4.74,Active
D06946,Jason Vasquez,Hatchback,Woodlands,4.38,Active
D06947,Caitlin Walsh,Electric,Punggol,3.54,Inactive
D06948,Joseph Clements,Sedan,Punggol,4.22,Inactive
D06949,Cheryl Jackson,Hatchback,Toa Payoh,4.48,Active
D06950,Timothy Miranda,Electric,Tampines,4.62,Active
D06951,Amanda Mills,Sedan,Woodlands,4.48,Active
D06952,Justin Morgan,SUV,Punggol,4.84,Active
D06953,Andrew Thomas,Hatchback,Yishun,3.86,Active
D06954,Nicholas Howard,SUV,Punggol,4.46,Inactive
D06955,Jennifer Mckee DVM,Premium,Tampines,4.84,Active
D06956,Mark Burgess,SUV,Yishun,4.82,Active
D06957,Thomas Collins,Electric,Bedok,4.63,Active
D06958,John Solomon,Premium,Bishan,4.14,Active
D06959,Andrew Coleman,Electric,Toa Payoh,4.67,Active
D06960,Kathleen Johnson,Premium,Punggol,3.97,Active
D06961,Dawn Hunter DVM,Sedan,Singapore,4.4,Active
D06962,Nicole Kelley,Electric,Tampines,4.36,Active
D06963,Brandon Allen,Sedan,Yishun,3.95,Active
D06964,Heather Martin,SUV,Singapore,3.69,Active
D06965,Jason Williams,Electric,Bishan,3.93,Active
D06966,Connor Wilson,SUV,Woodlands,3.68,Active
D06967,Erin Howard,Hatchback,Bishan,4.06,Active
D06968,Mary Williams,Electric,Bishan,4.84,Active
D06969,Randy Wells,Hatchback,Jurong,3.59,Inactive
D06970,Michelle Gonzalez,SUV,Bishan,3.93,Active
D06971,Scott Zuniga,Premium,Jurong,4.61,Inactive
D06972,Danielle Horn,SUV,Yishun,4.86,Active
D06973,Candice Taylor,Hatchback,Bishan,4.57,Active
D06974,Tommy Kelly,MPV,Singapore,4.08,Active
D06975,Christina Silva,Premium,Singapore,4.76,Active
D06976,John Brown,SUV,Ang Mo Kio,3.92,Active
D06977,Tamara Murphy,SUV,Tampines,3.67,Active
D06978,Adam Price,Hatchback,Ang Mo Kio,4.66,Active
D06979,Chad Hanson,Premium,Singapore,3.86,Active
D06980,Benjamin Hampton,SUV,Bedok,3.75,Active
D06981,Jeremy Jimenez,Premium,Bedok,3.92,Active
D06982,Theresa Williams,Premium,Toa Payoh,3.91,Active
D06983,Laura Mooney,MPV,Bishan,3.77,Active
D06984,Michael Mason,MPV,Bishan,4.37,Active
D06985,Kyle Robbins,SUV,Tampines,4.61,Active
D06986,Harold Lee,Electric,Tampines,4.37,Active
D06987,Michelle Johnson,MPV,Yishun,4.89,Active
D06988,Brandon Duncan,Premium,Yishun,4.34,Active
D06989,Eduardo Garcia,SUV,Singapore,4.74,Active
D06990,Matthew Flynn,Sedan,Woodlands,4.53,Active
D06991,Jamie Parsons,Electric,Tampines,4.91,Active
D06992,Lindsay Johnson,Hatchback,Woodlands,4.72,Active
D06993,Nicole Castro,SUV,Punggol,4.12,Inactive
D06994,Daniel Macdonald,MPV,Bishan,4.33,Inactive
D06995,Mr. Lance Ramirez II,SUV,Punggol,3.68,Active
D06996,Regina Farrell,Premium,Tampines,3.86,Active
D06997,Cassandra Wilcox,Sedan,Toa Payoh,3.94,Active
D06998,Nicolas Rodriguez,MPV,Bedok,4.05,Active
D06999,Derek Wallace,Sedan,Woodlands,4.92,Active
D07000,Jonathan Simon,SUV,Bishan,3.63,Active
D07001,William Christian,Electric,Bedok,3.68,Active
D07002,Ashley Jackson,Premium,Bishan,4.44,Active
D07003,Kathleen Walker,Hatchback,Ang Mo Kio,3.91,Active
D07004,Morgan Martinez,Premium,Woodlands,4.31,Active
D07005,Kevin Thompson,Electric,Toa Payoh,4.12,Active
D07006,Nicholas Herrera,SUV,Toa Payoh,4.48,Active
D07007,Tiffany Dixon,Sedan,Woodlands,4.81,Active
D07008,Michele Walker,Electric,Jurong,4.12,Active
D07009,Courtney Hicks MD,Electric,Bishan,3.97,Active
D07010,Pamela Dunn,SUV,Yishun,4.38,Inactive
D07011,Melinda Reyes,SUV,Bishan,4.35,Active
D07012,Tammy Mendez,Premium,Tampines,3.73,Active
D07013,Sarah Lloyd,Hatchback,Yishun,4.0,Active
D07014,Megan Johnson,MPV,Punggol,4.84,Active
D07015,Michael Campbell,MPV,Tampines,4.2,Active
D07016,Andrew Davis,MPV,Toa Payoh,4.5,Active
D07017,Jared Moreno,MPV,Singapore,3.76,Active
D07018,Roger Gibbs,Hatchback,Jurong,4.54,Active
D07019,Brian Garcia,Sedan,Ang Mo Kio,3.79,Active
D07020,Michael Lewis,SUV,Bishan,3.88,Active
D07021,Lisa Parker,MPV,Punggol,4.46,Active
D07022,Angela Gaines,Electric,Toa Payoh,4.8,Active
D07023,Caroline Cortez,Electric,Singapore,4.1,Active
D07024,Robert Anderson,Sedan,Ang Mo Kio,4.66,Active
D07025,Nathan Garza,Premium,Tampines,3.79,Active
D07026,Heather Huffman,Premium,Jurong,3.64,Active
D07027,Amanda Jones,Electric,Toa Payoh,3.52,Active
D07028,Alisha Evans,Sedan,Jurong,4.49,Active
D07029,Nicole Johnson,Hatchback,Woodlands,3.94,Inactive
D07030,Scott Ramos,SUV,Yishun,4.04,Active
D07031,Sarah Wilkerson,Hatchback,Yishun,4.46,Inactive
D07032,Benjamin Mitchell,Electric,Punggol,4.16,Active
D07033,Keith Kline,Sedan,Toa Payoh,4.85,Active
D07034,Cheryl Todd,Sedan,Woodlands,4.66,Suspended
D07035,Michael Evans,MPV,Bishan,4.14,Active
D07036,David Macdonald,Premium,Toa Payoh,3.93,Inactive
D07037,Jacob Williams,Premium,Bishan,4.54,Active
D07038,Dr. Jonathon Mora,Hatchback,Punggol,3.92,Active
D07039,Mark Crane,Sedan,Jurong,4.05,Active
D07040,Kevin Wagner,Hatchback,Bishan,4.06,Active
D07041,Rachel Watson,MPV,Bishan,4.57,Inactive
D07042,Rebecca Ray,Electric,Bedok,4.46,Active
D07043,Joe Holland,Electric,Bishan,4.91,Active
D07044,Sophia Ortega,Hatchback,Ang Mo Kio,3.55,Suspended
D07045,Melissa Weber,MPV,Woodlands,3.79,Active
D07046,Susan White,Hatchback,Singapore,4.62,Active
D07047,Paul Thompson,Premium,Yishun,4.18,Active
D07048,Nicole Garcia,SUV,Punggol,4.51,Active
D07049,Nicole Foster,Hatchback,Jurong,4.99,Inactive
D07050,Mary Turner,MPV,Jurong,3.92,Active
D07051,Adam Greene,MPV,Woodlands,4.1,Active
D07052,Eric Johnson,SUV,Singapore,4.39,Active
D07053,Robin Beasley,MPV,Punggol,4.63,Active
D07054,Michael Palmer,MPV,Bishan,4.65,Active
D07055,Matthew Taylor,MPV,Singapore,4.38,Active
D07056,Sarah White,Premium,Toa Payoh,4.24,Active
D07057,Renee King,Hatchback,Jurong,4.58,Active
D07058,Joseph Gay,Sedan,Tampines,3.67,Active
D07059,James Stewart,Premium,Bedok,4.87,Active
D07060,Julie Dennis,Hatchback,Tampines,4.45,Active
D07061,Emily Perez,Hatchback,Jurong,3.97,Active
D07062,Kyle Dominguez,MPV,Yishun,3.95,Active
D07063,Michael Harris,Hatchback,Singapore,4.81,Active
D07064,Dustin Davis,Hatchback,Bedok,4.82,Inactive
D07065,Terri Booth,Premium,Punggol,3.94,Active
D07066,Kyle Chavez,Premium,Yishun,4.57,Inactive
D07067,Christina Brown,Hatchback,Toa Payoh,4.7,Inactive
D07068,Donald Castro,MPV,Singapore,4.45,Active
D07069,Phyllis Moses,Sedan,Tampines,4.58,Active
D07070,Ronald Smith,Electric,Jurong,3.96,Active
D07071,David Evans,MPV,Singapore,4.78,Active
D07072,David Mcdonald,Electric,Toa Payoh,4.45,Active
D07073,Diane Day,Electric,Yishun,3.68,Active
D07074,Amber Taylor,Hatchback,Singapore,4.58,Active
D07075,Rita Fletcher,SUV,Jurong,3.78,Active
D07076,Laurie Bell,Electric,Ang Mo Kio,4.09,Active
D07077,Mr. Michael Blackwell,SUV,Tampines,4.69,Inactive
D07078,Kelly Reilly,Hatchback,Yishun,4.64,Active
D07079,Alexandria White,Premium,Punggol,3.97,Active
D07080,Elizabeth Cunningham,Premium,Bedok,4.12,Active
D07081,James Villarreal,SUV,Bishan,4.96,Active
D07082,Pamela Humphrey,MPV,Bishan,4.89,Active
D07083,Andrew Richmond,Sedan,Tampines,4.44,Active
D07084,Tiffany Sanchez,MPV,Bedok,4.21,Active
D07085,Angela Donaldson,MPV,Bishan,4.26,Active
D07086,Kimberly Ward,SUV,Singapore,4.79,Active
D07087,Glenn Smith,Sedan,Ang Mo Kio,3.85,Inactive
D07088,Bryan Burns,Premium,Ang Mo Kio,4.93,Active
D07089,Michael Coleman,MPV,Ang Mo Kio,4.55,Active
D07090,Kenneth Young,SUV,Tampines,4.84,Active
D07091,Mark Cortez,Electric,Toa Payoh,4.87,Active
D07092,Bradley Manning,Premium,Toa Payoh,4.78,Active
D07093,Amanda Mcclain,Sedan,Bedok,4.73,Active
D07094,Katrina Miranda,Premium,Tampines,3.73,Active
D07095,Joshua Paul,Premium,Bedok,4.39,Active
D07096,Edward Malone,Sedan,Woodlands,4.95,Active
D07097,Briana Simpson,Premium,Singapore,3.86,Active
D07098,Steven Castillo,Sedan,Bedok,4.14,Active
D07099,Elizabeth Smith,Premium,Tampines,4.53,Active
D07100,Angela Martinez,Sedan,Singapore,3.5,Active
D07101,Sarah Moore,Sedan,Ang Mo Kio,4.47,Active
D07102,Leslie Foster MD,MPV,Toa Payoh,3.59,Inactive
D07103,Willie Mejia,SUV,Toa Payoh,4.23,Active
D07104,Autumn Dean,Premium,Toa Payoh,4.92,Active
D07105,Kayla Gutierrez,SUV,Jurong,4.54,Active
D07106,Thomas Stanley,Sedan,Ang Mo Kio,4.24,Active
D07107,Timothy Hale,Electric,Tampines,4.85,Active
D07108,Anthony Wheeler,SUV,Toa Payoh,4.65,Active
D07109,Peter Yu,Premium,Bishan,4.86,Active
D07110,Ann Cox,Electric,Yishun,4.83,Active
D07111,William Morse,SUV,Bishan,4.45,Inactive
D07112,Jason Ramos,MPV,Bedok,3.8,Active
D07113,Michael Moore,SUV,Jurong,4.63,Active
D07114,Sara Taylor,Premium,Punggol,3.87,Active
D07115,Joshua Goodwin,SUV,Ang Mo Kio,4.93,Inactive
D07116,Bradley Ortiz,Sedan,Bedok,3.61,Active
D07117,Alexandra Yu,MPV,Yishun,3.6,Active
D07118,Christopher Green,Sedan,Bedok,3.94,Active
D07119,Michael Dougherty,MPV,Jurong,4.2,Active
D07120,Nicole Watson,SUV,Yishun,4.6,Inactive
D07121,Pamela Dunn,Electric,Toa Payoh,4.95,Active
D07122,Derek James,Electric,Bishan,3.81,Active
D07123,Robert Hudson,Hatchback,Singapore,4.62,Active
D07124,Stephanie Velasquez,Hatchback,Bishan,3.82,Active
D07125,James Todd,Sedan,Toa Payoh,3.62,Active
D07126,Cynthia Greene,Sedan,Punggol,3.88,Active
D07127,Jorge Sparks,Premium,Yishun,4.5,Active
D07128,Roy Russell,MPV,Singapore,4.43,Active
D07129,Derek Jenkins,Hatchback,Bishan,4.46,Active
D07130,Christopher Keller,SUV,Bedok,4.42,Active
D07131,Dorothy White,Premium,Ang Mo Kio,4.99,Active
D07132,Christina Acevedo,Electric,Toa Payoh,4.72,Active
D07133,Brittany Johnson,SUV,Bishan,4.02,Active
D07134,Nicole Gutierrez,Electric,Bishan,4.9,Active
D07135,Gregory Reynolds,Premium,Yishun,4.76,Active
D07136,Leslie Ellis,Hatchback,Punggol,3.84,Active
D07137,Daniel Miller,Hatchback,Yishun,4.08,Inactive
D07138,William Moore,Sedan,Toa Payoh,3.59,Active
D07139,Cody Kirby,Sedan,Jurong,4.9,Active
D07140,Rebecca Ward,Premium,Woodlands,3.7,Active
D07141,Paul Good,Sedan,Bishan,3.7,Active
D07142,Holly Morales,MPV,Punggol,4.27,Active
D07143,Evelyn Robbins,SUV,Tampines,3.64,Inactive
D07144,Michelle Singh,Hatchback,Woodlands,4.5,Active
D07145,Jorge Salazar,SUV,Ang Mo Kio,3.72,Active
D07146,April Brown,Hatchback,Bishan,4.46,Active
D07147,Cheryl Santiago,Sedan,Punggol,4.1,Active
D07148,Stacy Hernandez,Electric,Tampines,4.59,Suspended
D07149,Emily Owens,MPV,Toa Payoh,4.54,Active
D07150,Christy Baker,Electric,Tampines,4.23,Active
D07151,Scott Young,Premium,Tampines,4.27,Active
D07152,Carlos Rogers,MPV,Ang Mo Kio,3.98,Inactive
D07153,Ana Jackson,Sedan,Woodlands,4.68,Active
D07154,Stephen Swanson,Hatchback,Tampines,4.51,Inactive
D07155,Barbara Dean,Hatchback,Jurong,4.58,Active
D07156,Jordan Woods,SUV,Tampines,4.95,Active
D07157,Brian Green,Electric,Woodlands,3.9,Inactive
D07158,Erin Williams,Premium,Punggol,4.07,Active
D07159,Zachary Stark,Sedan,Ang Mo Kio,3.69,Active
D07160,Brittney Roberts,Hatchback,Jurong,4.63,Active
D07161,Phillip Lamb,MPV,Yishun,4.77,Active
D07162,Karen Carlson,SUV,Toa Payoh,4.38,Active
D07163,William Ross DVM,Electric,Bishan,4.01,Active
D07164,Michael Wade,SUV,Tampines,4.46,Active
D07165,Kathryn Gonzalez,Premium,Ang Mo Kio,4.42,Active
D07166,Bonnie Brown,SUV,Woodlands,3.61,Active
D07167,Michelle Flowers MD,SUV,Ang Mo Kio,4.41,Active
D07168,Ariana Brewer,Electric,Yishun,3.71,Inactive
D07169,Ann Smith,Premium,Bedok,4.9,Active
D07170,Aaron Guerra,MPV,Tampines,3.74,Inactive
D07171,Russell Becker,Electric,Bedok,4.94,Active
D07172,Travis Guzman,Premium,Toa Payoh,4.59,Active
D07173,Hannah Caldwell,Hatchback,Singapore,4.39,Active
D07174,Michael Kelly,Sedan,Yishun,4.28,Active
D07175,Elizabeth Stewart,Hatchback,Singapore,4.4,Active
D07176,Jeffrey Matthews,SUV,Bedok,4.35,Active
D07177,Jacob Wright Jr.,Premium,Yishun,4.07,Active
D07178,Hunter Peters,Hatchback,Jurong,4.35,Active
D07179,Thomas Gonzalez,Premium,Yishun,4.32,Active
D07180,John Knight,Hatchback,Yishun,4.84,Suspended
D07181,Deanna Richardson,MPV,Punggol,3.75,Active
D07182,Jonathan Anderson,Hatchback,Bishan,3.55,Inactive
D07183,Derek Strickland,MPV,Tampines,3.62,Active
D07184,Grace Hunter,MPV,Punggol,4.06,Active
D07185,Lonnie Brock,Hatchback,Woodlands,4.04,Inactive
D07186,Melissa Thompson,Hatchback,Ang Mo Kio,4.12,Active
D07187,Stephanie Hall,Premium,Ang Mo Kio,4.91,Active
D07188,Michael Lawrence,MPV,Jurong,4.23,Active
D07189,Andrew Hendrix,Sedan,Punggol,4.08,Active
D07190,Christina Cross,Hatchback,Toa Payoh,4.66,Active
D07191,James Henson,Electric,Ang Mo Kio,4.13,Active
D07192,Michael Thomas,SUV,Bishan,3.65,Active
D07193,James Gutierrez,Hatchback,Bishan,3.73,Active
D07194,Kim Giles,Premium,Bedok,4.11,Active
D07195,Jennifer Dean,SUV,Punggol,4.15,Active
D07196,Theresa Durham,Electric,Jurong,4.05,Active
D07197,Mr. Clayton Soto MD,MPV,Singapore,4.22,Active
D07198,Shawn Jackson,SUV,Punggol,3.79,Active
D07199,Patricia Aguilar,SUV,Singapore,4.52,Active
D07200,Scott Romero,SUV,Singapore,4.62,Active
D07201,Wesley Austin,MPV,Bedok,4.99,Active
D07202,Brett Stokes,Premium,Punggol,4.4,Inactive
D07203,Monica Fox,Premium,Yishun,4.28,Active
D07204,Stacy Taylor,Premium,Singapore,4.67,Active
D07205,John Jones,Premium,Woodlands,4.39,Active
D07206,Lori Wolfe,Sedan,Singapore,4.22,Active
D07207,Kristin Singleton,Electric,Tampines,4.69,Active
D07208,Justin Farley,Hatchback,Punggol,4.11,Inactive
D07209,Joseph Morales,Premium,Yishun,3.67,Active
D07210,Steven Perez,Electric,Punggol,4.16,Active
D07211,Jordan Turner,Hatchback,Punggol,3.61,Active
D07212,Mary King,SUV,Jurong,4.96,Active
D07213,Elizabeth Williams,MPV,Punggol,4.52,Active
D07214,Kenneth Hodge,Premium,Bishan,3.63,Active
D07215,Nathaniel Miller,SUV,Tampines,4.71,Active
D07216,Michael Martinez,Premium,Singapore,4.41,Active
D07217,Luke Lewis,SUV,Tampines,3.78,Active
D07218,Derek Ramos,SUV,Ang Mo Kio,4.39,Active
D07219,Adam Hines,Electric,Toa Payoh,4.56,Active
D07220,Catherine Johnson,MPV,Jurong,4.21,Active
D07221,Amanda Andrews,Electric,Jurong,4.41,Active
D07222,Caroline Bell,Hatchback,Tampines,4.24,Active
D07223,Misty Montgomery,MPV,Woodlands,4.7,Active
D07224,Anthony Combs,SUV,Toa Payoh,3.51,Active
D07225,Jessica Gordon DDS,SUV,Jurong,3.6,Active
D07226,Christopher Richardson,MPV,Yishun,4.01,Active
D07227,Maria Aguilar,Electric,Ang Mo Kio,4.14,Inactive
D07228,Jonathan Li,Premium,Bedok,4.54,Active
D07229,Donald Reyes,Premium,Jurong,4.15,Active
D07230,Kyle Waters,Premium,Singapore,4.63,Active
D07231,Kayla Jordan,SUV,Yishun,4.91,Active
D07232,Valerie Robinson,MPV,Toa Payoh,4.44,Inactive
D07233,Daniel Nelson,Hatchback,Bishan,4.29,Active
D07234,James Bautista,Hatchback,Ang Mo Kio,3.64,Active
D07235,Danielle Mayer,SUV,Bedok,4.46,Active
D07236,Christine Roberts,SUV,Toa Payoh,3.67,Active
D07237,Donna Fleming,Sedan,Jurong,4.65,Active
D07238,Susan Chen,Electric,Yishun,3.58,Active
D07239,Amanda Sullivan,Electric,Tampines,4.65,Active
D07240,Alex Austin,Hatchback,Bishan,4.61,Active
D07241,Kendra Garcia,MPV,Woodlands,4.91,Active
D07242,Natalie Stone,SUV,Jurong,4.63,Active
D07243,Justin Smith,Premium,Yishun,4.09,Active
D07244,Ryan Hall,Sedan,Bishan,4.35,Active
D07245,Whitney Torres,Hatchback,Singapore,4.47,Active
D07246,Courtney Miller,Premium,Ang Mo Kio,3.71,Active
D07247,Ashley Flores,Sedan,Jurong,3.59,Active
D07248,Rachel Torres,MPV,Tampines,3.62,Active
D07249,Eric Christensen,Sedan,Jurong,3.78,Active
D07250,Jordan Carroll,Electric,Woodlands,3.57,Inactive
D07251,Sheryl Haynes,Electric,Singapore,4.01,Active
D07252,Christine Padilla,SUV,Singapore,4.93,Active
D07253,Zachary Campbell II,Hatchback,Punggol,4.62,Active
D07254,Candace Barnes,Premium,Woodlands,4.8,Active
D07255,Maria Clark,SUV,Punggol,4.69,Active
D07256,Robert Cooper,SUV,Punggol,4.07,Active
D07257,Erin Quinn,Electric,Toa Payoh,4.98,Active
D07258,Rebecca Park,MPV,Jurong,3.64,Active
D07259,Thomas Juarez,Electric,Yishun,3.68,Active
D07260,Martha Bates,Hatchback,Woodlands,4.21,Inactive
D07261,Benjamin Price,Sedan,Tampines,4.62,Active
D07262,Eric Drake,Premium,Bishan,4.67,Active
D07263,Kelsey Barnes,Premium,Yishun,3.84,Active
D07264,Elizabeth Jackson,SUV,Toa Payoh,4.4,Active
D07265,Jennifer Arnold,Premium,Bedok,4.7,Active
D07266,Janice Franklin,Sedan,Toa Payoh,4.79,Active
D07267,Joseph Liu,SUV,Toa Payoh,4.02,Active
D07268,Susan Brown,Hatchback,Bishan,3.75,Active
D07269,Anthony Clark,Electric,Tampines,4.6,Active
D07270,Samantha Stanley,Hatchback,Tampines,4.75,Active
D07271,Heather Shaw,Electric,Bedok,4.96,Inactive
D07272,Diane Sanchez,Hatchback,Toa Payoh,4.26,Active
D07273,Michelle Marshall,Premium,Bishan,4.1,Active
D07274,Albert Wilkerson,Hatchback,Singapore,4.08,Inactive
D07275,Judith Foster,MPV,Jurong,4.37,Active
D07276,Michael Miller,Sedan,Toa Payoh,4.83,Active
D07277,John Wright,Hatchback,Bishan,4.43,Active
D07278,Jeremy Booker,Hatchback,Bedok,4.12,Active
D07279,Billy Johnson,Electric,Toa Payoh,4.45,Inactive
D07280,Christopher Reynolds,Sedan,Singapore,4.26,Active
D07281,Janet Davis,Premium,Toa Payoh,4.16,Active
D07282,Matthew Rogers,Hatchback,Jurong,4.03,Active
D07283,Theresa Cooper,Sedan,Ang Mo Kio,4.8,Active
D07284,Andrea Griffin,MPV,Singapore,4.43,Active
D07285,Edward Valencia,Sedan,Toa Payoh,4.84,Active
D07286,Jennifer Harrison,SUV,Woodlands,4.87,Active
D07287,Peter Fleming,SUV,Yishun,4.46,Active
D07288,Justin Pitts,Sedan,Bishan,3.9,Active
D07289,Nicholas Moran,Electric,Bedok,4.71,Inactive
D07290,Douglas Martin,Sedan,Jurong,3.66,Active
D07291,Dr. Timothy Young PhD,Premium,Punggol,4.74,Active
D07292,Stephanie Lawrence,SUV,Woodlands,4.52,Active
D07293,Brooke Harris,MPV,Toa Payoh,4.33,Active
D07294,John Hunt,Sedan,Ang Mo Kio,3.65,Active
D07295,Richard Floyd,Premium,Toa Payoh,4.41,Active
D07296,Kimberly Castro,Premium,Jurong,4.65,Active
D07297,Kirk Blake,Sedan,Yishun,4.72,Active
D07298,Jennifer Herrera,Electric,Bedok,4.18,Active
D07299,Ralph Cannon,SUV,Bishan,4.4,Inactive
D07300,Matthew Mcguire,SUV,Tampines,4.42,Active
D07301,Jenna Ross PhD,Electric,Punggol,3.98,Active
D07302,Janice Atkins,MPV,Toa Payoh,4.27,Active
D07303,Lori Sanders,MPV,Yishun,3.9,Inactive
D07304,Mark Glover,Sedan,Toa Payoh,4.43,Active
D07305,Thomas Walton,MPV,Ang Mo Kio,4.32,Inactive
D07306,Brittany Sanchez,Hatchback,Yishun,4.67,Active
D07307,Dillon Oliver,Sedan,Woodlands,4.53,Active
D07308,Thomas Simmons,Hatchback,Jurong,3.66,Active
D07309,Isaac Richardson,Hatchback,Tampines,3.68,Active
D07310,Veronica Rodriguez,MPV,Ang Mo Kio,3.79,Active
D07311,Brent Jackson,MPV,Bedok,4.22,Active
D07312,Bruce Harris,MPV,Tampines,3.58,Active
D07313,Nicholas Garcia,SUV,Toa Payoh,3.5,Active
D07314,Brandon Vega,Hatchback,Bishan,4.45,Active
D07315,Susan Hernandez,Sedan,Singapore,4.21,Active
D07316,Allison Perry,SUV,Jurong,3.6,Active
D07317,Roberta Carroll,MPV,Jurong,3.55,Active
D07318,Kelly Cameron,Premium,Yishun,4.92,Active
D07319,Brittany Miller,Sedan,Jurong,3.84,Active
D07320,Jack Jacobs,Premium,Singapore,4.41,Inactive
D07321,Robin Hendrix,Premium,Bedok,3.57,Active
D07322,Matthew Stevens,Sedan,Singapore,4.41,Active
D07323,Andres Mcmahon,SUV,Tampines,3.67,Active
D07324,Kevin Evans,SUV,Bedok,3.77,Active
D07325,Christopher Christian,Sedan,Ang Mo Kio,3.61,Active
D07326,Robert Benjamin,Sedan,Toa Payoh,3.79,Active
D07327,Pamela Edwards,MPV,Toa Payoh,4.0,Active
D07328,Robert Stone,Hatchback,Tampines,4.81,Active
D07329,Margaret Wolf,Hatchback,Toa Payoh,4.12,Active
D07330,Renee Watkins,Sedan,Yishun,4.83,Active
D07331,Christopher Ward,SUV,Jurong,3.97,Active
D07332,Benjamin Brown,MPV,Singapore,4.94,Active
D07333,Shawn Barnes,SUV,Jurong,4.0,Active
D07334,Kendra Nelson,Electric,Singapore,3.88,Active
D07335,Brian Bridges,Electric,Singapore,3.56,Active
D07336,Melissa Spencer,Sedan,Bedok,4.51,Active
D07337,Cynthia Baker,MPV,Singapore,4.25,Active
D07338,Ashley Berry,MPV,Singapore,3.73,Inactive
D07339,Kelly Watson,SUV,Bedok,4.27,Active
D07340,Joseph Cobb,Electric,Singapore,4.93,Active
D07341,Jennifer Martin,Sedan,Punggol,3.96,Active
D07342,Ruth Aguilar,Electric,Jurong,3.91,Active
D07343,Beth Price,Premium,Bishan,4.13,Active
D07344,Meghan Mcclain,MPV,Toa Payoh,3.72,Inactive
D07345,Danielle Livingston,MPV,Ang Mo Kio,4.2,Inactive
D07346,Lynn Montoya,Hatchback,Bedok,3.99,Active
D07347,Douglas Ramos,Electric,Woodlands,4.74,Active
D07348,Morgan Schultz,Hatchback,Bedok,4.84,Active
D07349,Alejandro Perez,Sedan,Singapore,3.97,Active
D07350,Brian Clarke,Electric,Bishan,4.01,Active
D07351,Devin Hernandez,MPV,Yishun,4.9,Active
D07352,Erin Lewis,Hatchback,Tampines,4.6,Active
D07353,Nicholas Howard,Hatchback,Ang Mo Kio,3.95,Active
D07354,Katherine King,Electric,Jurong,5.0,Active
D07355,Mark Nielsen,Hatchback,Ang Mo Kio,4.62,Active
D07356,Charles Clark,Electric,Punggol,4.98,Active
D07357,Samantha Conley,SUV,Woodlands,4.49,Active
D07358,Lisa Aguilar,Hatchback,Yishun,3.65,Active
D07359,Steven Williams,Sedan,Woodlands,4.66,Active
D07360,Brandon Brady,MPV,Tampines,3.87,Active
D07361,Elizabeth Carlson,Electric,Tampines,3.8,Active
D07362,Robert Bruce,SUV,Yishun,4.08,Active
D07363,Scott Boone,Electric,Tampines,4.01,Active
D07364,Jeremy Harris,Premium,Yishun,4.71,Active
D07365,Christine Gates,MPV,Punggol,4.22,Active
D07366,William Santos,Premium,Jurong,3.98,Active
D07367,Jeffrey Johnson,Sedan,Toa Payoh,4.84,Active
D07368,Jodi Henderson,Premium,Woodlands,4.72,Active
D07369,Eric Lara,Premium,Ang Mo Kio,4.74,Active
D07370,Clifford Weber,MPV,Yishun,4.09,Active
D07371,Kayla Garcia,Sedan,Singapore,3.97,Active
D07372,Ronald Dean,Sedan,Bishan,3.8,Active
D07373,Zachary Garcia,Premium,Toa Payoh,4.87,Active
D07374,Andrea Roman,Hatchback,Jurong,3.81,Active
D07375,Jennifer Barker,Electric,Toa Payoh,4.37,Active
D07376,Stephanie Martinez,Hatchback,Ang Mo Kio,4.09,Active
D07377,Jasmine Pitts,MPV,Jurong,4.58,Active
D07378,Mary Jones,Sedan,Tampines,3.68,Active
D07379,Margaret Carney,Hatchback,Singapore,4.53,Active
D07380,Lawrence Nelson,SUV,Jurong,3.69,Active
D07381,Heidi Gomez,Electric,Ang Mo Kio,3.73,Active
D07382,Danielle Martinez,Sedan,Woodlands,3.84,Active
D07383,Rebecca Harris,Hatchback,Woodlands,4.89,Active
D07384,Jason Curtis,MPV,Bishan,4.47,Active
D07385,Joseph Henry,Electric,Woodlands,4.52,Active
D07386,Anthony Wolfe,SUV,Singapore,3.77,Active
D07387,Ralph Sheppard,MPV,Bishan,3.93,Active
D07388,Danielle Williams,Premium,Punggol,4.24,Active
D07389,Amanda Ballard,Sedan,Toa Payoh,3.75,Inactive
D07390,Michael Chang,Sedan,Ang Mo Kio,4.89,Active
D07391,Zachary Murray,Electric,Singapore,4.32,Active
D07392,Lindsey Crawford,Hatchback,Ang Mo Kio,4.85,Active
D07393,Cameron Calhoun,Hatchback,Jurong,3.77,Inactive
D07394,Laura Richards,SUV,Toa Payoh,3.6,Active
D07395,Shannon Arnold,SUV,Tampines,3.95,Active
D07396,Shaun Sullivan,Sedan,Bedok,4.12,Active
D07397,Vincent Mayo,Sedan,Yishun,3.84,Inactive
D07398,Jessica Kaiser,Premium,Yishun,5.0,Active
D07399,Melanie Hays,Hatchback,Bishan,4.63,Active
D07400,Brittney Kidd,SUV,Woodlands,4.11,Active
D07401,Martin Perry,Electric,Ang Mo Kio,4.29,Active
D07402,Krista Gonzalez,Hatchback,Punggol,4.93,Active
D07403,Karen Parker,MPV,Toa Payoh,4.96,Active
D07404,Michael Johnson,Premium,Singapore,4.56,Active
D07405,Albert Sharp,Hatchback,Woodlands,4.06,Active
D07406,Danny Martin,Premium,Toa Payoh,4.65,Active
D07407,Katrina Griffith,SUV,Woodlands,4.79,Active
D07408,Richard Gibbs,Electric,Bishan,4.78,Active
D07409,John Armstrong,Hatchback,Ang Mo Kio,4.81,Active
D07410,Elizabeth Copeland,MPV,Ang Mo Kio,4.59,Active
D07411,Christy Oneal,MPV,Woodlands,4.94,Active
D07412,Michael Pierce,Sedan,Bishan,3.53,Active
D07413,Kylie Morris,Hatchback,Tampines,4.66,Active
D07414,Sabrina Mcgrath,MPV,Bedok,4.24,Active
D07415,Shannon Drake,Electric,Yishun,3.75,Active
D07416,Alicia Thompson,Hatchback,Jurong,4.01,Active
D07417,Karen Mcdaniel,SUV,Yishun,4.91,Active
D07418,Nicholas Bell,SUV,Bedok,3.87,Active
D07419,Angela Oliver,Premium,Bedok,3.96,Active
D07420,Virginia Gonzalez,SUV,Ang Mo Kio,3.69,Active
D07421,Taylor Fox,Sedan,Ang Mo Kio,4.37,Inactive
D07422,Danielle Gomez,MPV,Jurong,4.09,Active
D07423,Toni Walsh,MPV,Singapore,3.94,Active
D07424,Thomas Vazquez,MPV,Punggol,4.82,Active
D07425,Jack Wilkinson,Premium,Bedok,4.62,Active
D07426,Abigail Davis,SUV,Toa Payoh,4.71,Active
D07427,Amy Lambert,Premium,Toa Payoh,3.68,Active
D07428,Christina Garcia,SUV,Bedok,3.85,Active
D07429,Gregory Wilson,Sedan,Bishan,4.3,Active
D07430,Robert Hughes,SUV,Ang Mo Kio,4.9,Active
D07431,Eric Kelly,Hatchback,Yishun,4.2,Active
D07432,Alicia Burnett,Premium,Tampines,4.24,Active
D07433,Mark Smith,Electric,Toa Payoh,4.01,Active
D07434,Mrs. Cheryl Taylor MD,Sedan,Toa Payoh,4.36,Active
D07435,Sherry Horn,Electric,Tampines,4.34,Active
D07436,Thomas Mccarty,MPV,Tampines,4.35,Active
D07437,Wesley Rhodes,MPV,Yishun,4.99,Active
D07438,Donald Leach,SUV,Woodlands,3.52,Active
D07439,Tracy Ellis,Sedan,Punggol,4.59,Active
D07440,Drew Turner MD,Premium,Woodlands,3.95,Inactive
D07441,Michael Little,MPV,Woodlands,4.92,Active
D07442,James Powers,Electric,Yishun,3.74,Inactive
D07443,Calvin Lucas,MPV,Ang Mo Kio,3.58,Active
D07444,Aaron Horton,Premium,Tampines,4.15,Active
D07445,Maria Dorsey,Electric,Tampines,4.15,Active
D07446,John Smith,Sedan,Ang Mo Kio,4.4,Active
D07447,Lisa Preston,Premium,Bedok,4.82,Active
D07448,Lisa Hughes,Hatchback,Bishan,3.73,Inactive
D07449,Anita Wright,SUV,Bishan,3.61,Active
D07450,William Macias,Premium,Tampines,4.83,Active
D07451,Roy Harmon,Sedan,Punggol,4.96,Active
D07452,Henry Spencer,Premium,Jurong,3.64,Active
D07453,Rachel Camacho,Hatchback,Singapore,3.74,Active
D07454,William Campbell,Hatchback,Tampines,4.74,Active
D07455,Roger Hunt,SUV,Tampines,3.73,Active
D07456,James Martinez PhD,MPV,Jurong,4.92,Active
D07457,Michael Hess,Electric,Woodlands,3.85,Active
D07458,Karen Day,Hatchback,Singapore,3.91,Active
D07459,Jason Kelley,SUV,Toa Payoh,4.27,Active
D07460,Brandon King,Sedan,Jurong,4.85,Active
D07461,Dawn Perez,Electric,Yishun,4.4,Active
D07462,Alison Evans,MPV,Tampines,4.74,Active
D07463,Kathy Rogers,Electric,Woodlands,4.3,Active
D07464,Angelica Ramos,Hatchback,Bishan,3.86,Active
D07465,John Mercer,Electric,Toa Payoh,3.95,Active
D07466,Dustin Jones,Electric,Singapore,3.52,Inactive
D07467,Erica Terrell,SUV,Bedok,4.3,Active
D07468,Jacob Baker,Premium,Bedok,4.22,Active
D07469,Jordan White,Premium,Tampines,3.6,Inactive
D07470,Christopher Wood,MPV,Yishun,3.95,Inactive
D07471,Kelly Parker,Hatchback,Bishan,3.55,Active
D07472,Robin Miles,Sedan,Yishun,4.9,Active
D07473,Edward Burns,Hatchback,Toa Payoh,4.54,Active
D07474,Alexander Lam,SUV,Punggol,3.52,Active
D07475,Susan Peterson,Electric,Ang Mo Kio,4.22,Active
D07476,Katelyn Greer,Hatchback,Ang Mo Kio,4.24,Active
D07477,Jeffrey Walter,Sedan,Woodlands,3.65,Active
D07478,Amy Mathews,SUV,Woodlands,3.61,Active
D07479,Barbara Herrera,Premium,Bishan,3.51,Active
D07480,Michael Powell,Hatchback,Bedok,4.67,Active
D07481,Tiffany Wells,SUV,Tampines,4.4,Active
D07482,Sara Leonard,MPV,Singapore,4.12,Active
D07483,Carl Patterson,Hatchback,Punggol,4.82,Active
D07484,Angela Lambert,Hatchback,Toa Payoh,4.81,Inactive
D07485,Andrew Mills,SUV,Tampines,4.68,Inactive
D07486,Stephanie Montgomery,Electric,Ang Mo Kio,4.16,Active
D07487,Christina Flowers,Premium,Punggol,3.9,Active
D07488,Thomas Lopez,Electric,Jurong,3.89,Active
D07489,Cassandra Rhodes,Sedan,Bedok,3.67,Active
D07490,Jennifer Clark MD,Electric,Bishan,4.91,Active
D07491,Fernando Medina,Hatchback,Woodlands,3.53,Active
D07492,Cameron Terry,Sedan,Yishun,4.13,Active
D07493,Lindsey Lucero,Premium,Tampines,4.59,Active
D07494,Melanie Thompson,Premium,Ang Mo Kio,3.53,Active
D07495,Lawrence Pena,Hatchback,Bishan,4.24,Active
D07496,Eric Horn,Premium,Tampines,4.74,Inactive
D07497,Denise Maxwell,SUV,Toa Payoh,3.96,Active
D07498,Lori Ramos,Electric,Jurong,4.63,Active
D07499,Crystal Arellano,MPV,Yishun,3.71,Active
D07500,Anthony Hunt,Premium,Singapore,4.77,Active
D07501,Joshua Gutierrez,Hatchback,Tampines,4.69,Inactive
D07502,Alexander Aguilar,MPV,Yishun,3.75,Active
D07503,Spencer Miller,Premium,Singapore,4.27,Active
D07504,Emily Tate,SUV,Punggol,4.6,Active
D07505,Brandy Hernandez,Electric,Bedok,4.0,Active
D07506,Wesley Hardy,Premium,Yishun,3.55,Active
D07507,Melanie Robertson,Hatchback,Jurong,4.69,Active
D07508,Seth Armstrong,Premium,Woodlands,4.82,Active
D07509,Kimberly Franco,Hatchback,Woodlands,4.48,Active
D07510,Scott Roth,SUV,Toa Payoh,3.65,Active
D07511,Sarah Anderson,MPV,Punggol,4.53,Inactive
D07512,Brittany Washington,Premium,Woodlands,3.93,Active
D07513,Keith Wilson,Electric,Punggol,4.98,Inactive
D07514,Gary Holland,Electric,Jurong,3.61,Active
D07515,Wayne Johnson,Electric,Punggol,4.03,Active
D07516,Joseph Taylor,SUV,Woodlands,4.55,Active
D07517,Erin Dyer,MPV,Woodlands,4.86,Active
D07518,Mary Ray,Sedan,Jurong,4.8,Active
D07519,Amy Brown,Sedan,Woodlands,4.87,Active
D07520,Amanda Walker,MPV,Bishan,4.9,Active
D07521,Kyle Harris,Premium,Tampines,4.78,Active
D07522,Brian Riley,Hatchback,Woodlands,4.13,Active
D07523,Christopher Jones,Electric,Singapore,4.9,Active
D07524,Amy Williams,SUV,Tampines,3.94,Active
D07525,Brenda Johnson,Electric,Punggol,4.12,Active
D07526,Tracey Navarro,SUV,Punggol,4.58,Inactive
D07527,Thomas James,Sedan,Bedok,4.49,Active
D07528,Ashley Sharp,Hatchback,Woodlands,4.95,Active
D07529,Brooke Lee,MPV,Yishun,4.71,Active
D07530,Christian Peterson,Sedan,Woodlands,4.87,Active
D07531,Tamara Pacheco,Hatchback,Toa Payoh,4.8,Inactive
D07532,Matthew Harvey,MPV,Yishun,4.41,Active
D07533,Robin Smith,Hatchback,Bedok,3.82,Inactive
D07534,Rachel Morris,Electric,Bishan,3.7,Active
D07535,Sonya Davis,MPV,Yishun,4.31,Active
D07536,Leslie Crawford,MPV,Ang Mo Kio,4.18,Inactive
D07537,Travis Leon,MPV,Punggol,3.87,Active
D07538,Deborah Smith,MPV,Bedok,4.89,Active
D07539,Michael Baker,SUV,Yishun,3.7,Active
D07540,Roy Leonard,SUV,Bishan,4.25,Active
D07541,Robert Colon,Electric,Singapore,4.89,Active
D07542,Thomas Smith,Sedan,Singapore,4.6,Active
D07543,Katie Moore,Electric,Toa Payoh,4.54,Active
D07544,Annette Charles,Premium,Tampines,3.79,Active
D07545,Jennifer Hunter,Sedan,Singapore,4.06,Active
D07546,Rebecca Davis,Hatchback,Singapore,4.59,Active
D07547,Jared Robertson,Sedan,Ang Mo Kio,3.66,Active
D07548,Brittany Graves,SUV,Singapore,4.41,Active
D07549,Donald Ramirez,Sedan,Woodlands,3.76,Active
D07550,David Torres,SUV,Jurong,4.45,Active
D07551,Lauren Williams,SUV,Bishan,4.26,Active
D07552,Stanley Allen,MPV,Punggol,4.86,Active
D07553,Lee Johnson,MPV,Bedok,4.54,Active
D07554,Steven Crawford,MPV,Jurong,4.6,Active
D07555,Nathan Swanson,Electric,Bishan,4.46,Active
D07556,Jacqueline Garrison,MPV,Singapore,3.98,Suspended
D07557,Brandon Johnson,Premium,Toa Payoh,4.6,Active
D07558,Joseph Lewis,Sedan,Bishan,4.72,Active
D07559,Justin Watkins,Hatchback,Tampines,4.85,Inactive
D07560,Carrie Howell,Sedan,Singapore,4.95,Active
D07561,Daniel Johnson,SUV,Woodlands,4.29,Active
D07562,Sean Stephens,Premium,Yishun,3.88,Active
D07563,Daniel Gonzalez,Hatchback,Ang Mo Kio,3.55,Active
D07564,Katherine Ortega,Electric,Jurong,4.52,Active
D07565,Vanessa Dean,Electric,Bedok,4.71,Active
D07566,Shawn Thornton,SUV,Bedok,3.79,Active
D07567,Krystal Miller,Premium,Singapore,3.86,Active
D07568,Daniel Smith,Sedan,Bishan,3.52,Active
D07569,Donna Jackson,MPV,Bishan,4.76,Active
D07570,Ryan Frye,Electric,Bishan,3.67,Active
D07571,Christopher Dalton,SUV,Punggol,4.83,Inactive
D07572,Miguel Jones,SUV,Yishun,3.92,Active
D07573,Monique Lynn,MPV,Bishan,4.44,Active
D07574,Blake Lewis,Hatchback,Toa Payoh,4.27,Active
D07575,Karen Brown,Sedan,Jurong,3.98,Active
D07576,Elizabeth Dillon,Electric,Woodlands,3.84,Active
D07577,Charlotte Watson,SUV,Ang Mo Kio,4.86,Active
D07578,Caroline Robinson,MPV,Tampines,4.19,Active
D07579,Gabrielle Wiggins,Premium,Bedok,3.89,Active
D07580,Tiffany Richardson,Electric,Tampines,5.0,Active
D07581,James Taylor,Sedan,Yishun,4.37,Active
D07582,Wendy Lee,SUV,Woodlands,4.4,Active
D07583,Brendan Roberts,Premium,Yishun,4.66,Active
D07584,Joann Schwartz,Premium,Singapore,4.03,Active
D07585,Jacqueline Gonzalez,SUV,Yishun,4.73,Active
D07586,Mr. Jeffrey Tucker PhD,SUV,Toa Payoh,4.6,Active
D07587,Courtney Phillips,MPV,Bishan,4.91,Active
D07588,Charles Hayes,MPV,Punggol,3.5,Active
D07589,Aaron Hill,Premium,Toa Payoh,4.84,Active
D07590,Christian Hawkins,Sedan,Jurong,4.69,Active
D07591,April Perez,Sedan,Tampines,4.32,Active
D07592,Patricia Erickson,SUV,Bishan,4.93,Active
D07593,Bridget Johnson,Hatchback,Jurong,4.87,Inactive
D07594,Brittany Porter,SUV,Toa Payoh,4.53,Active
D07595,Theresa Campbell,MPV,Yishun,4.31,Active
D07596,Latoya Robinson,MPV,Punggol,3.87,Active
D07597,Mark Browning,MPV,Woodlands,4.08,Active
D07598,Kelly Lewis,SUV,Singapore,3.67,Active
D07599,Christine Oconnor,SUV,Bishan,3.87,Active
D07600,Andrew Spencer,Premium,Punggol,3.54,Active
D07601,Brandon Rogers,Sedan,Bishan,4.29,Active
D07602,Amy White,Sedan,Tampines,4.15,Active
D07603,Dr. Renee Jackson,Electric,Tampines,3.95,Active
D07604,Alejandra Daugherty,Premium,Woodlands,4.08,Active
D07605,Ashley Foster,Hatchback,Toa Payoh,3.66,Active
D07606,Amanda Zuniga,Sedan,Bishan,4.26,Active
D07607,Erika Rodriguez,Hatchback,Tampines,4.19,Active
D07608,Katherine Sheppard,Hatchback,Toa Payoh,4.57,Active
D07609,John Cole,Electric,Woodlands,4.21,Active
D07610,Anthony George,Hatchback,Yishun,4.8,Active
D07611,Emily Thomas,SUV,Toa Payoh,4.13,Active
D07612,Michael Morales,Sedan,Jurong,3.71,Active
D07613,Jamie Zimmerman,Premium,Woodlands,4.04,Active
D07614,Jason Johnson,MPV,Singapore,4.43,Active
D07615,Julie Lopez,Hatchback,Toa Payoh,4.4,Active
D07616,Wendy Freeman,MPV,Tampines,4.47,Active
D07617,Shawn Walters,MPV,Yishun,4.69,Active
D07618,Michael Flores,Electric,Jurong,4.86,Active
D07619,Richard Bradley,MPV,Punggol,4.76,Active
D07620,Andrea Cole,Electric,Toa Payoh,4.25,Inactive
D07621,Theresa Moore,SUV,Yishun,4.66,Active
D07622,Wanda Roberts,Hatchback,Tampines,4.36,Active
D07623,Bryan Meyer,Hatchback,Punggol,3.82,Active
D07624,Thomas Koch,Sedan,Punggol,4.31,Active
D07625,Jared Nguyen,Sedan,Woodlands,4.53,Active
D07626,Kathy Rich,MPV,Tampines,4.17,Active
D07627,Brittany Hall,Hatchback,Singapore,3.94,Active
D07628,Julie Smith,Premium,Yishun,4.57,Active
D07629,Jake Rowe,Sedan,Jurong,3.52,Active
D07630,Thomas Myers,SUV,Jurong,3.65,Active
D07631,Heather Allen,MPV,Toa Payoh,4.15,Active
D07632,Shelly James,Sedan,Singapore,4.27,Suspended
D07633,Ashley Larson,SUV,Bedok,3.9,Active
D07634,Matthew Colon,Electric,Tampines,4.85,Inactive
D07635,Kelly Henderson,Electric,Ang Mo Kio,4.07,Active
D07636,Anthony Daniels,Premium,Jurong,4.25,Active
D07637,Carrie Simpson,MPV,Bedok,4.56,Active
D07638,Pamela Dixon,Premium,Tampines,4.29,Inactive
D07639,Hannah Adams,MPV,Punggol,4.66,Active
D07640,Kelly Reese,MPV,Tampines,4.28,Active
D07641,Linda Harrison,MPV,Punggol,3.82,Inactive
D07642,Darrell Carr,Electric,Bishan,3.77,Active
D07643,John Young,MPV,Bishan,4.68,Active
D07644,Caroline Vazquez,Hatchback,Punggol,3.51,Suspended
D07645,James Williams,Sedan,Jurong,4.79,Active
D07646,Joe Chapman,MPV,Singapore,3.52,Active
D07647,Nicholas Pierce,SUV,Bishan,4.99,Active
D07648,Jonathan Moore,MPV,Bishan,4.06,Active
D07649,Jaime Pineda,MPV,Ang Mo Kio,4.7,Active
D07650,Justin Whitaker,Premium,Singapore,4.78,Active
D07651,Dr. Nicole Williamson,Premium,Yishun,3.7,Active
D07652,Jessica Parker,Hatchback,Bedok,4.84,Active
D07653,Kayla Juarez,MPV,Toa Payoh,4.54,Active
D07654,Sean Ramirez,Hatchback,Jurong,4.31,Active
D07655,Anthony Smith,Hatchback,Bedok,4.77,Active
D07656,Mark Serrano,Premium,Jurong,3.7,Active
D07657,Jill Moreno,Electric,Tampines,4.7,Active
D07658,Randy Anderson,Sedan,Ang Mo Kio,3.86,Active
D07659,Lisa Alvarez,Electric,Singapore,4.16,Active
D07660,William Kim,Electric,Woodlands,4.03,Active
D07661,Stephanie Bailey,Premium,Jurong,3.6,Active
D07662,Nicole Young,Electric,Singapore,3.9,Active
D07663,Kenneth Spencer,Hatchback,Tampines,3.55,Active
D07664,Patrick Robinson,Hatchback,Yishun,3.96,Active
D07665,Brian Scott,MPV,Punggol,3.7,Active
D07666,Cathy Torres,MPV,Bedok,3.97,Active
D07667,Teresa Gray,MPV,Woodlands,4.02,Active
D07668,Craig Dawson,Hatchback,Singapore,3.68,Active
D07669,Jason Howard,Electric,Jurong,3.94,Active
D07670,Rebecca Richardson,Premium,Singapore,4.59,Active
D07671,Chris Gill,SUV,Toa Payoh,4.14,Active
D07672,Steven Finley,Sedan,Jurong,4.6,Active
D07673,Donna Mayo,MPV,Toa Payoh,4.08,Active
D07674,Karen English,SUV,Yishun,4.02,Active
D07675,Kristen Perry,Hatchback,Bedok,4.72,Active
D07676,Jennifer Herrera,Hatchback,Tampines,4.19,Active
D07677,Helen Garcia,Hatchback,Bedok,4.21,Active
D07678,William Hale,Hatchback,Jurong,4.67,Active
D07679,Jim Moran,MPV,Punggol,3.86,Active
D07680,Brenda Jackson,Premium,Bishan,3.63,Inactive
D07681,Kylie Barrera,Sedan,Tampines,4.65,Active
D07682,Michael Johnson,Electric,Punggol,4.12,Active
D07683,Lisa Lamb,Hatchback,Bishan,3.53,Active
D07684,Laurie Combs,SUV,Tampines,3.77,Active
D07685,Dillon Warren,Hatchback,Woodlands,4.82,Active
D07686,Jeffery Freeman,Electric,Bishan,4.44,Active
D07687,Tanya Bullock,Premium,Yishun,4.62,Active
D07688,Nicole Baker,MPV,Tampines,4.61,Active
D07689,Tamara Morrison,Premium,Punggol,3.62,Active
D07690,Bruce Lynch,Hatchback,Tampines,3.86,Active
D07691,David Clarke,Hatchback,Tampines,4.68,Suspended
D07692,James Johnson,Sedan,Toa Payoh,3.78,Active
D07693,Mariah Jones,SUV,Ang Mo Kio,4.05,Active
D07694,Rodney Taylor,MPV,Singapore,4.5,Active
D07695,James Tucker,SUV,Yishun,4.09,Active
D07696,Corey Bell,Premium,Bishan,4.03,Inactive
D07697,Johnathan Lee,Hatchback,Singapore,3.91,Active
D07698,Pamela White,Hatchback,Ang Mo Kio,4.07,Active
D07699,Pamela Bowen,Hatchback,Yishun,4.5,Active
D07700,Erin Roberts,Electric,Ang Mo Kio,3.75,Active
D07701,Julie Goodman,Sedan,Ang Mo Kio,4.96,Active
D07702,Brian Rodriguez,SUV,Toa Payoh,4.46,Active
D07703,Edwin Howe,Electric,Singapore,4.78,Active
D07704,Richard Ayers,SUV,Toa Payoh,3.54,Active
D07705,Jessica Burke,Premium,Punggol,4.74,Active
D07706,David Schmitt,MPV,Toa Payoh,4.64,Active
D07707,Daniel Harper,Electric,Singapore,3.94,Active
D07708,Joel Johnson,Electric,Punggol,3.53,Active
D07709,Scott Zavala,Electric,Yishun,3.57,Active
D07710,Christopher Cooper,Hatchback,Bishan,4.33,Active
D07711,Kevin Williams,Electric,Yishun,4.07,Active
D07712,Taylor Black,MPV,Ang Mo Kio,3.95,Active
D07713,Christina Thomas,Electric,Tampines,4.49,Active
D07714,Alexis Diaz,Hatchback,Toa Payoh,4.5,Active
D07715,Christina Robbins,Hatchback,Jurong,3.62,Active
D07716,Gregory Simmons,MPV,Ang Mo Kio,4.26,Active
D07717,Jamie Young,MPV,Bedok,4.71,Active
D07718,Ms. Michele King,Sedan,Tampines,4.09,Active
D07719,Leah Johnson,Hatchback,Woodlands,4.53,Inactive
D07720,Jack Stein,Hatchback,Ang Mo Kio,4.44,Active
D07721,Nicole Bryant,Electric,Punggol,4.88,Active
D07722,Samantha Ford,MPV,Jurong,4.41,Active
D07723,Amanda Mitchell,Electric,Tampines,4.71,Active
D07724,Wendy Ware,Premium,Toa Payoh,4.73,Active
D07725,Ian Richardson,Electric,Tampines,4.38,Active
D07726,Mr. Robert Townsend,Sedan,Woodlands,4.14,Active
D07727,Randall Strickland,MPV,Ang Mo Kio,3.88,Inactive
D07728,Ashley Dickerson,MPV,Tampines,4.73,Active
D07729,Michael Nichols,Premium,Woodlands,4.05,Active
D07730,Matthew Brooks,SUV,Jurong,3.64,Active
D07731,Jeremy Peters,Premium,Punggol,4.15,Active
D07732,David Foster,Premium,Punggol,4.13,Active
D07733,Sally Oliver,SUV,Tampines,3.77,Active
D07734,Diane Ramirez,MPV,Singapore,4.27,Inactive
D07735,Jamie Brown,MPV,Singapore,4.4,Inactive
D07736,Jeremy Wall,Sedan,Jurong,4.51,Active
D07737,Autumn Jennings,Hatchback,Punggol,4.89,Inactive
D07738,Autumn Carlson,Electric,Bedok,4.07,Active
D07739,Melissa Green,Premium,Woodlands,4.36,Active
D07740,Richard Jackson,Sedan,Bedok,4.36,Active
D07741,Jason Calhoun,MPV,Bedok,4.72,Inactive
D07742,Jeffrey Anderson,Hatchback,Bishan,3.57,Active
D07743,Deborah Dominguez,MPV,Punggol,4.45,Active
D07744,Gary Williams,Electric,Yishun,4.31,Active
D07745,Keith Stephens,MPV,Punggol,4.38,Active
D07746,Maria Koch,Sedan,Bishan,3.86,Active
D07747,Sara Munoz,Premium,Singapore,4.35,Active
D07748,Jackie Garza,Electric,Yishun,3.79,Active
D07749,Michael Perez,Premium,Bishan,4.3,Active
D07750,Gabriela Castro,Hatchback,Jurong,4.94,Active
D07751,Michelle Berg DDS,Sedan,Punggol,4.24,Active
D07752,Justin Armstrong,SUV,Woodlands,3.73,Active
D07753,Steven Evans,MPV,Woodlands,4.09,Active
D07754,Carla Knight,Hatchback,Tampines,4.2,Active
D07755,Daniel Miranda,Premium,Woodlands,4.29,Active
D07756,Susan Neal,SUV,Punggol,4.01,Active
D07757,Lisa Terry,Electric,Bedok,4.56,Active
D07758,Daniel Saunders,Hatchback,Punggol,3.68,Active
D07759,John Lee,Sedan,Ang Mo Kio,3.96,Active
D07760,John Ibarra,Sedan,Bedok,4.82,Active
D07761,Jeffrey Williams,Premium,Jurong,4.1,Active
D07762,Terry Hartman,Sedan,Woodlands,4.02,Active
D07763,Thomas Lee,Electric,Jurong,3.66,Active
D07764,Kevin Mcdonald,SUV,Ang Mo Kio,4.96,Active
D07765,Ashley Robinson,Hatchback,Woodlands,4.71,Active
D07766,James Ramirez,MPV,Toa Payoh,4.04,Active
D07767,Matthew Smith,SUV,Ang Mo Kio,4.23,Active
D07768,Sandra Nielsen,Electric,Singapore,4.23,Active
D07769,Kayla Moreno,Sedan,Yishun,4.57,Active
D07770,Janice Brown,Electric,Punggol,4.98,Active
D07771,Andrew Neal,MPV,Bishan,3.85,Active
D07772,Brenda Garcia,Electric,Bishan,4.09,Active
D07773,Anthony Rice,Sedan,Ang Mo Kio,3.73,Active
D07774,Morgan Acosta,MPV,Woodlands,4.79,Active
D07775,Sierra Wang,Hatchback,Bedok,4.63,Active
D07776,Ryan Turner,SUV,Singapore,4.12,Active
D07777,Samantha Buckley,Hatchback,Jurong,3.76,Active
D07778,Angela Moreno,Premium,Tampines,4.58,Active
D07779,Joseph Marsh,SUV,Toa Payoh,4.58,Inactive
D07780,Jeremy Gillespie,Electric,Jurong,3.77,Active
D07781,Kayla Pena,Hatchback,Bedok,4.17,Active
D07782,Tracy Herrera,SUV,Bishan,3.86,Active
D07783,Willie Sutton,MPV,Ang Mo Kio,3.73,Active
D07784,Michael Jacobs,Sedan,Punggol,4.46,Active
D07785,Rebecca Chapman,MPV,Bishan,4.44,Active
D07786,Sarah Gomez,Hatchback,Punggol,4.07,Active
D07787,Brandon Hamilton,Hatchback,Tampines,3.94,Inactive
D07788,Stephanie Stevenson,Hatchback,Bedok,4.16,Active
D07789,Jeffery Weber,Hatchback,Bishan,3.65,Active
D07790,Dawn Molina,Sedan,Singapore,3.97,Active
D07791,Jeffrey Raymond,Electric,Punggol,4.74,Active
D07792,Michael Adkins,SUV,Woodlands,4.44,Active
D07793,Emma Ryan,MPV,Singapore,4.78,Active
D07794,Loretta Garrett,SUV,Yishun,4.28,Suspended
D07795,Mercedes Collins,Electric,Bedok,4.25,Active
D07796,Steven Rojas,Hatchback,Toa Payoh,3.85,Inactive
D07797,Brian Wilcox,MPV,Bedok,3.99,Active
D07798,Kathleen Curry,Hatchback,Bishan,3.96,Active
D07799,Anne Roberts,MPV,Woodlands,3.96,Active
D07800,Katrina Johnson,Hatchback,Bedok,3.5,Active
D07801,Anna Walton,Premium,Tampines,4.98,Active
D07802,Anna Evans,Hatchback,Jurong,4.32,Active
D07803,Jennifer Morgan,Sedan,Punggol,4.44,Active
D07804,Jordan Montes Jr.,Electric,Singapore,4.85,Active
D07805,Joel Levine,Sedan,Woodlands,3.54,Inactive
D07806,Dr. Tracey Crawford,Sedan,Bishan,3.61,Active
D07807,Tiffany Wilcox,Electric,Tampines,3.73,Active
D07808,Leslie Scott,Electric,Tampines,4.0,Active
D07809,Whitney Lewis,Electric,Punggol,3.53,Active
D07810,Natasha Pruitt,SUV,Woodlands,4.9,Active
D07811,Adam Obrien,Electric,Bishan,3.59,Active
D07812,Bradley Hall,Electric,Bedok,3.74,Active
D07813,Anna Strickland,Sedan,Bishan,3.74,Active
D07814,Matthew Meza,SUV,Yishun,3.82,Active
D07815,Luis Rivera,Premium,Woodlands,4.7,Active
D07816,Amy Mccall DDS,SUV,Ang Mo Kio,4.18,Active
D07817,Mrs. Robin Walker,MPV,Bishan,4.99,Active
D07818,Christine Novak,Electric,Bishan,4.23,Active
D07819,Dawn Patterson,Sedan,Bedok,4.92,Active
D07820,Audrey Black,SUV,Singapore,3.66,Active
D07821,Katrina Hanson,SUV,Tampines,4.18,Active
D07822,Deborah Griffin,Sedan,Ang Mo Kio,3.93,Active
D07823,Ann Wilson,Sedan,Bishan,3.64,Active
D07824,Carolyn David,SUV,Singapore,4.96,Active
D07825,Robert Rocha,Sedan,Punggol,4.07,Active
D07826,Michael Bennett,Electric,Bedok,4.52,Active
D07827,Robert Hernandez,Sedan,Tampines,4.21,Active
D07828,Mark Drake,Electric,Bishan,4.47,Active
D07829,Michael Anderson,SUV,Yishun,4.98,Inactive
D07830,Karen Murphy,SUV,Woodlands,4.76,Active
D07831,Sharon Reilly,MPV,Yishun,3.9,Active
D07832,Alejandro Ramirez,MPV,Yishun,4.61,Active
D07833,Amy Horn,Sedan,Yishun,3.51,Active
D07834,Alice Boyle,Electric,Tampines,4.31,Active
D07835,Michael Branch,Hatchback,Bedok,4.3,Suspended
D07836,Lisa Hunter,Hatchback,Yishun,4.65,Active
D07837,Keith Hanson,Hatchback,Singapore,4.4,Active
D07838,Jennifer Garrison,SUV,Tampines,4.05,Active
D07839,Samantha Frank,SUV,Toa Payoh,4.0,Active
D07840,Tamara Christensen,SUV,Bishan,3.95,Inactive
D07841,William Cabrera,Hatchback,Ang Mo Kio,3.98,Active
D07842,Anthony Grimes,Premium,Bishan,3.55,Active
D07843,Brittany Wilson,Premium,Woodlands,4.96,Active
D07844,Mark Pena,Premium,Jurong,4.87,Active
D07845,April Hughes,Premium,Woodlands,4.99,Inactive
D07846,Cory Bolton,SUV,Yishun,4.7,Inactive
D07847,Joseph Rodriguez,Sedan,Yishun,3.52,Active
D07848,Michelle Brown,Electric,Woodlands,4.98,Active
D07849,Chad Drake,SUV,Yishun,3.99,Active
D07850,Victor Howell,Sedan,Bishan,3.89,Active
D07851,Joshua Contreras,Hatchback,Jurong,4.06,Active
D07852,Lauren Short,SUV,Toa Payoh,3.74,Active
D07853,Shawn Perez,Premium,Tampines,3.97,Active
D07854,Jacqueline Love,MPV,Singapore,3.66,Active
D07855,Danielle James,Premium,Ang Mo Kio,4.27,Active
D07856,Erin Zamora,Sedan,Tampines,4.49,Active
D07857,Gary Estrada,MPV,Punggol,3.51,Active
D07858,Evan Odonnell,SUV,Jurong,3.66,Active
D07859,Wesley Thomas,SUV,Bishan,4.17,Active
D07860,Melissa Carter,Sedan,Singapore,3.56,Active
D07861,Marcus Fuentes,Electric,Toa Payoh,4.71,Active
D07862,David Perez DDS,Sedan,Singapore,4.2,Active
D07863,Melissa Rios,Hatchback,Tampines,4.69,Active
D07864,Noah Spencer,SUV,Tampines,4.56,Active
D07865,Linda Mcmillan,Hatchback,Yishun,4.71,Active
D07866,Kenneth Martin,SUV,Tampines,3.77,Active
D07867,Brian Huffman,Hatchback,Singapore,4.94,Active
D07868,Darryl Cobb,SUV,Jurong,4.98,Active
D07869,Theresa Smith,MPV,Ang Mo Kio,3.75,Active
D07870,Michelle Sellers,Premium,Ang Mo Kio,4.7,Active
D07871,Alexis Castro,Electric,Toa Payoh,4.09,Active
D07872,Amy Garner,Sedan,Punggol,3.94,Active
D07873,John Jacobs,Sedan,Bedok,4.9,Active
D07874,Jennifer Rivas,Sedan,Singapore,4.02,Active
D07875,Tammy Russo DVM,Premium,Yishun,3.57,Active
D07876,Kyle Adams,Premium,Woodlands,4.66,Active
D07877,Mark King,SUV,Toa Payoh,4.7,Active
D07878,Carrie Walsh,MPV,Bedok,4.57,Active
D07879,Glenn Romero,Sedan,Jurong,3.96,Active
D07880,Alexis Herring,Hatchback,Yishun,4.96,Active
D07881,Mr. Keith Watson,SUV,Ang Mo Kio,4.75,Active
D07882,Derrick Bradford,Hatchback,Bishan,4.01,Active
D07883,Amber Ortega,Hatchback,Bedok,4.82,Active
D07884,Mr. Thomas Garrison,Hatchback,Bishan,4.13,Active
D07885,Robert Rivera,Sedan,Singapore,4.81,Active
D07886,David King,Premium,Punggol,3.98,Inactive
D07887,Joseph Smith,MPV,Ang Mo Kio,4.53,Inactive
D07888,Stephanie Sims,SUV,Singapore,4.01,Active
D07889,Mr. Edward Peterson,MPV,Tampines,3.81,Active
D07890,Sarah Huang,Sedan,Ang Mo Kio,4.52,Active
D07891,Brian Estrada,Premium,Ang Mo Kio,4.18,Active
D07892,Stephanie Barajas,SUV,Woodlands,4.71,Active
D07893,Lisa Bowman,Electric,Punggol,3.52,Active
D07894,John Ward,Hatchback,Toa Payoh,4.49,Inactive
D07895,Brittany Marquez,Premium,Toa Payoh,4.95,Active
D07896,Alexander Schneider,MPV,Tampines,4.39,Active
D07897,Erin Ball,SUV,Woodlands,3.75,Active
D07898,Meghan Watkins,MPV,Punggol,4.65,Active
D07899,Virginia Knight,Sedan,Ang Mo Kio,4.67,Active
D07900,Jessica Gregory,Sedan,Singapore,3.72,Active
D07901,Victor Griffith,Hatchback,Jurong,3.89,Active
D07902,Michael Day,Sedan,Tampines,3.9,Active
D07903,Andrew Davis,MPV,Punggol,4.94,Inactive
D07904,Laura Goodman,SUV,Woodlands,4.65,Active
D07905,Wanda Fisher,SUV,Tampines,4.62,Inactive
D07906,Sharon Jackson,Hatchback,Yishun,4.15,Active
D07907,Jeffrey Williams,SUV,Ang Mo Kio,3.74,Active
D07908,Robin Macdonald,Premium,Jurong,4.99,Active
D07909,Michael Gilmore,SUV,Toa Payoh,3.79,Active
D07910,Cynthia Jones,Hatchback,Yishun,4.44,Active
D07911,Christopher Bradley,Hatchback,Toa Payoh,4.03,Active
D07912,Heather Copeland,Hatchback,Woodlands,4.35,Active
D07913,John Ward,Sedan,Toa Payoh,3.83,Active
D07914,Joyce Patterson,Premium,Jurong,4.57,Active
D07915,Shannon Lyons,SUV,Woodlands,4.47,Inactive
D07916,Kenneth Moss,Hatchback,Bedok,4.39,Active
D07917,Annette Lee,Sedan,Punggol,4.72,Active
D07918,Laura Rodriguez,Premium,Bishan,4.18,Active
D07919,Lindsey Davila,Electric,Bedok,4.46,Active
D07920,James Dunn,MPV,Punggol,4.91,Active
D07921,Robert Wu,Premium,Tampines,4.39,Active
D07922,Katherine Duke,Electric,Yishun,4.17,Active
D07923,Sandra Allen,Hatchback,Toa Payoh,4.32,Active
D07924,Dana Norton,SUV,Woodlands,4.94,Active
D07925,Christina Chandler,SUV,Singapore,3.91,Active
D07926,Jennifer Sullivan,MPV,Punggol,4.4,Active
D07927,Christopher Walker,SUV,Jurong,4.78,Active
D07928,Susan Kelley,MPV,Yishun,3.51,Active
D07929,John Pennington,Premium,Singapore,3.78,Active
D07930,Robert Rocha,Sedan,Toa Payoh,4.26,Active
D07931,Susan Foster,Sedan,Bedok,3.94,Active
D07932,Robin Fuentes,Electric,Bishan,4.3,Active
D07933,James Clark,Premium,Jurong,4.16,Active
D07934,Shannon Roberts,Hatchback,Toa Payoh,4.13,Inactive
D07935,Mark Wilson,Electric,Bedok,3.85,Active
D07936,Ruth Caldwell,MPV,Singapore,4.75,Inactive
D07937,Sabrina Robertson,Electric,Punggol,3.97,Active
D07938,Maurice Hill,Sedan,Ang Mo Kio,4.2,Active
D07939,Samantha Martin,SUV,Toa Payoh,4.97,Active
D07940,David White,Premium,Bishan,4.95,Active
D07941,Travis Valencia,MPV,Jurong,3.5,Active
D07942,Jessica Fisher,MPV,Tampines,4.51,Active
D07943,Timothy Pitts,MPV,Toa Payoh,4.62,Active
D07944,Anthony Henry,Hatchback,Bishan,4.39,Active
D07945,Kimberly Santiago,Electric,Jurong,4.12,Active
D07946,Nathaniel Wade,Premium,Jurong,4.28,Active
D07947,Joshua Zuniga,MPV,Bedok,3.65,Active
D07948,Suzanne Ayala,Electric,Jurong,4.61,Active
D07949,Melissa Perez,Premium,Toa Payoh,3.68,Active
D07950,Teresa Marquez,MPV,Tampines,4.66,Inactive
D07951,Elijah Erickson,Electric,Toa Payoh,4.47,Active
D07952,Frederick Castaneda,Sedan,Tampines,4.88,Inactive
D07953,Justin Baker,Hatchback,Ang Mo Kio,4.22,Active
D07954,Austin Thompson,MPV,Jurong,4.33,Active
D07955,Audrey Schmitt,MPV,Yishun,3.59,Active
D07956,Keith Sandoval,Sedan,Punggol,4.72,Active
D07957,Ashley Cannon,Electric,Singapore,3.71,Active
D07958,David Matthews,Sedan,Jurong,4.78,Active
D07959,Cynthia Nelson,MPV,Jurong,4.26,Active
D07960,Danny Atkinson,MPV,Yishun,4.49,Active
D07961,Craig Shepard,Electric,Singapore,4.75,Active
D07962,Tiffany Henry,Premium,Toa Payoh,4.45,Active
D07963,Christopher Roberts,Premium,Yishun,4.54,Active
D07964,Michael Clark,Sedan,Jurong,4.76,Active
D07965,Michael Brown,Electric,Woodlands,4.35,Active
D07966,Sandy Baker,Premium,Woodlands,3.77,Active
D07967,David King,Sedan,Bedok,3.75,Active
D07968,Lori Cordova,SUV,Bedok,4.04,Active
D07969,James Clark,SUV,Woodlands,4.07,Active
D07970,Colton Kennedy,SUV,Tampines,3.85,Active
D07971,Donald Pratt,SUV,Singapore,4.92,Active
D07972,Brandi Warren,Sedan,Tampines,4.72,Active
D07973,Michael Callahan,Electric,Woodlands,3.59,Active
D07974,Joshua Villarreal,Electric,Woodlands,4.19,Active
D07975,Daniel Smith,Sedan,Toa Payoh,5.0,Active
D07976,Jacqueline Malone,Electric,Tampines,4.45,Active
D07977,Andrew Wiley,Sedan,Singapore,3.61,Active
D07978,Connie Welch,Sedan,Singapore,4.52,Active
D07979,Katherine Day DDS,MPV,Ang Mo Kio,4.81,Active
D07980,Erica Hernandez,SUV,Tampines,4.11,Active
D07981,Jessica Taylor,MPV,Singapore,4.56,Active
D07982,Cheryl White,Hatchback,Jurong,4.62,Active
D07983,Rebecca Petersen,Premium,Tampines,3.72,Active
D07984,John Franco,Sedan,Punggol,3.69,Active
D07985,Michelle Martinez,Hatchback,Bishan,3.84,Active
D07986,Cynthia Bennett,Premium,Tampines,4.81,Active
D07987,Alex Valdez,Sedan,Tampines,3.64,Active
D07988,Paul Henderson,Premium,Jurong,3.52,Active
D07989,Douglas Donaldson,Sedan,Ang Mo Kio,3.96,Active
D07990,David Underwood,MPV,Singapore,3.56,Active
D07991,Thomas Shepard,Electric,Jurong,4.28,Active
D07992,Melinda Barrett,Hatchback,Toa Payoh,4.68,Inactive
D07993,Mercedes Miller,Sedan,Punggol,4.78,Active
D07994,Debra Owens,Electric,Yishun,4.19,Active
D07995,Ann Jones,Hatchback,Toa Payoh,3.54,Active
D07996,Corey Powell,MPV,Jurong,4.73,Active
D07997,Natalie Wright,Hatchback,Jurong,4.4,Inactive
D07998,Tyler Torres,SUV,Punggol,4.49,Active
D07999,Greg Cochran,MPV,Yishun,4.38,Active
D08000,Amanda Jones,Electric,Jurong,4.92,Inactive
D08001,Mary Conner,Hatchback,Singapore,3.83,Active
D08002,Ashley Reed,Premium,Tampines,3.64,Active
D08003,Audrey Scott,Hatchback,Toa Payoh,3.58,Active
D08004,Jessica Ochoa,MPV,Tampines,3.56,Active
D08005,Michael Hudson,Electric,Punggol,4.97,Active
D08006,Alexandria Matthews,Electric,Jurong,4.86,Active
D08007,Michael Kemp,SUV,Bishan,4.01,Active
D08008,Daniel Thompson,Electric,Ang Mo Kio,4.96,Active
D08009,Darlene Johnson,Electric,Bishan,3.62,Active
D08010,Gerald Miller,Hatchback,Jurong,3.66,Active
D08011,Katie Decker,MPV,Yishun,3.56,Active
D08012,Marc Wong,Hatchback,Singapore,4.89,Active
D08013,Amber Butler,Sedan,Bishan,3.89,Active
D08014,Emma Thomas,Premium,Singapore,4.15,Active
D08015,Beth King,MPV,Toa Payoh,4.49,Active
D08016,Christina Carter,Sedan,Yishun,4.61,Active
D08017,Samuel Wheeler,Electric,Bishan,4.91,Active
D08018,John Smith,Electric,Tampines,4.38,Active
D08019,Carly Blankenship,Electric,Ang Mo Kio,4.59,Active
D08020,Casey Davis,Hatchback,Ang Mo Kio,3.95,Active
D08021,Steven Nelson,MPV,Bedok,5.0,Active
D08022,Kathy Willis,Premium,Ang Mo Kio,4.1,Active
D08023,Regina Martin,Sedan,Punggol,4.96,Active
D08024,Maria Hoffman,Hatchback,Tampines,4.7,Active
D08025,Antonio Morales Jr.,MPV,Toa Payoh,4.9,Active
D08026,Cameron Mullins,Hatchback,Bishan,4.94,Active
D08027,Thomas Stewart,MPV,Yishun,4.03,Active
D08028,Christopher Johnson,Hatchback,Tampines,4.77,Active
D08029,Sharon Jones,Electric,Toa Payoh,4.91,Active
D08030,Chad Davis,SUV,Tampines,4.94,Active
D08031,Chloe Frazier,Premium,Tampines,4.01,Active
D08032,Richard Bell,SUV,Jurong,3.56,Active
D08033,Brianna Zimmerman,Hatchback,Jurong,3.69,Inactive
D08034,Mr. Brandon Peters,Sedan,Bishan,4.58,Active
D08035,Philip Massey,SUV,Bishan,4.74,Active
D08036,Sydney Lewis,SUV,Bedok,4.44,Active
D08037,Rachel Gregory,Hatchback,Woodlands,4.13,Active
D08038,Sharon Watkins,Sedan,Singapore,3.81,Active
D08039,James Rodriguez,SUV,Ang Mo Kio,3.75,Active
D08040,April Walter,MPV,Bishan,4.74,Active
D08041,Joseph Tyler,Premium,Tampines,3.54,Active
D08042,Robert Miller,SUV,Woodlands,4.97,Active
D08043,Jessica Carlson,Premium,Singapore,4.87,Suspended
D08044,Peter Klein,SUV,Bedok,4.0,Active
D08045,Douglas Savage,Hatchback,Bishan,3.99,Active
D08046,Taylor Martin,MPV,Woodlands,3.77,Active
D08047,Alexander Duarte,Electric,Ang Mo Kio,3.97,Active
D08048,Lindsay Salazar,MPV,Bedok,3.91,Active
D08049,Maria Ross,MPV,Ang Mo Kio,4.82,Inactive
D08050,Danielle Fox,Premium,Yishun,4.07,Active
D08051,David Atkins,MPV,Bishan,3.96,Active
D08052,Elizabeth Garrett,Hatchback,Bedok,3.66,Active
D08053,Alicia Pennington,Hatchback,Toa Payoh,4.47,Active
D08054,David Jones,Sedan,Tampines,4.32,Inactive
D08055,Gloria Schneider,MPV,Woodlands,4.33,Active
D08056,Dale Waters,Premium,Tampines,4.01,Inactive
D08057,Kimberly Hamilton,Hatchback,Punggol,3.64,Active
D08058,Shaun Young,Electric,Toa Payoh,3.82,Active
D08059,Arthur Braun,Premium,Toa Payoh,3.78,Inactive
D08060,Patricia Frost,Premium,Punggol,3.71,Active
D08061,Zachary Escobar,MPV,Singapore,3.84,Active
D08062,Jacob Price,Premium,Bishan,3.92,Active
D08063,Steven Holloway,Electric,Jurong,4.73,Active
D08064,Frank Moses,Sedan,Toa Payoh,3.8,Active
D08065,Michelle Olsen,Electric,Bishan,4.46,Active
D08066,Kevin Wagner,SUV,Bedok,4.42,Active
D08067,Andrea Nguyen,Hatchback,Ang Mo Kio,4.22,Active
D08068,Michael Moyer,Hatchback,Woodlands,4.66,Active
D08069,Elijah Cunningham,MPV,Singapore,3.79,Active
D08070,Xavier Martin,Premium,Jurong,4.27,Active
D08071,Victor Morrow,SUV,Punggol,3.76,Active
D08072,Richard Collins,SUV,Bedok,4.6,Active
D08073,Wyatt Alvarez,Premium,Bedok,3.79,Active
D08074,Jacob Wood,Electric,Toa Payoh,4.04,Active
D08075,Beth Zimmerman DDS,Electric,Punggol,4.74,Inactive
D08076,Richard Bell,MPV,Singapore,4.48,Active
D08077,Emily Dillon,MPV,Bedok,4.79,Active
D08078,Philip Molina,Electric,Tampines,4.42,Active
D08079,Kelly Stevens,Sedan,Punggol,4.11,Active
D08080,Anthony Black MD,Premium,Tampines,4.1,Active
D08081,Zachary Espinoza,SUV,Toa Payoh,3.98,Active
D08082,Robert Berger,Premium,Singapore,3.59,Active
D08083,Crystal Marsh,SUV,Toa Payoh,4.77,Active
D08084,Jennifer Lopez,Hatchback,Woodlands,4.67,Active
D08085,Dale Hampton,Electric,Bishan,3.99,Active
D08086,Lisa Bartlett,Premium,Bishan,4.23,Active
D08087,Cynthia Mata,MPV,Punggol,4.36,Active
D08088,Amber Cross,Premium,Punggol,3.89,Suspended
D08089,Kenneth Pope,Sedan,Singapore,3.83,Active
D08090,Colleen Smith,Premium,Woodlands,4.8,Active
D08091,Terrance Young,SUV,Tampines,4.47,Active
D08092,Antonio Smith,Premium,Toa Payoh,3.62,Active
D08093,Diana Maldonado,MPV,Yishun,3.68,Active
D08094,Ashley Wallace,SUV,Tampines,4.22,Active
D08095,Anthony Kennedy,Sedan,Tampines,4.12,Inactive
D08096,George Lawson,Premium,Tampines,4.35,Active
D08097,Madeline Watson,SUV,Woodlands,3.82,Active
D08098,Jordan Faulkner,MPV,Punggol,3.69,Active
D08099,Gene James,Sedan,Punggol,4.56,Active
D08100,William Ross,MPV,Punggol,4.0,Active
D08101,Matthew Morgan,Sedan,Yishun,4.42,Active
D08102,Christopher Wright,MPV,Bedok,4.81,Inactive
D08103,Nicole Gallegos,Electric,Jurong,3.95,Active
D08104,Julia Acosta,Electric,Toa Payoh,4.54,Active
D08105,James Fuentes,Sedan,Bishan,3.5,Inactive
D08106,Jason Stokes,Hatchback,Bishan,3.66,Active
D08107,Rick Ortiz,Sedan,Bishan,4.09,Active
D08108,Crystal Miller,SUV,Ang Mo Kio,4.45,Active
D08109,Scott Foster,Electric,Yishun,4.26,Active
D08110,Charles Richards,Sedan,Toa Payoh,3.75,Active
D08111,Shawn Martinez,Hatchback,Jurong,4.64,Active
D08112,Joshua Wallace,MPV,Singapore,4.33,Active
D08113,Kristen Navarro,SUV,Jurong,4.52,Active
D08114,Rachel Acosta,MPV,Toa Payoh,4.24,Active
D08115,Ashley Hogan,Sedan,Tampines,3.81,Active
D08116,James Hobbs,Electric,Ang Mo Kio,4.24,Active
D08117,Sarah Vaughn,Premium,Toa Payoh,3.68,Active
D08118,Angel Boyer,SUV,Bedok,4.11,Active
D08119,William Salinas,SUV,Singapore,4.34,Active
D08120,James Santiago,Premium,Bedok,4.22,Active
D08121,Gregory Moss,Premium,Bishan,3.73,Active
D08122,Christine Grimes,SUV,Toa Payoh,3.91,Active
D08123,John Patrick,MPV,Toa Payoh,4.93,Active
D08124,Jessica Bryan,MPV,Singapore,4.36,Active
D08125,Christine Diaz,Premium,Toa Payoh,3.51,Active
D08126,Madison Austin,Hatchback,Woodlands,4.02,Active
D08127,William Day,Premium,Jurong,4.11,Active
D08128,Caroline Jackson,Electric,Tampines,4.89,Active
D08129,Kimberly Moran,Sedan,Singapore,4.99,Inactive
D08130,Douglas Wood,Electric,Ang Mo Kio,4.1,Active
D08131,Crystal Bennett,SUV,Toa Payoh,4.55,Active
D08132,Kenneth Smith,MPV,Bedok,4.03,Inactive
D08133,Lisa Clayton,Electric,Woodlands,4.98,Inactive
D08134,Theresa Houston,Premium,Yishun,4.16,Active
D08135,Jade Martin,MPV,Bishan,4.22,Active
D08136,Jennifer Woodward,MPV,Jurong,4.66,Active
D08137,Robert Bond,Hatchback,Ang Mo Kio,4.43,Active
D08138,Brandon Decker,Premium,Woodlands,4.64,Active
D08139,Jaime Salas,Sedan,Tampines,4.08,Active
D08140,Lauren Rodgers,Premium,Jurong,4.88,Active
D08141,Shannon Callahan,MPV,Ang Mo Kio,3.76,Active
D08142,Paul Evans,Premium,Woodlands,3.59,Inactive
D08143,Robert Watson,MPV,Woodlands,4.81,Active
D08144,Joann Sharp,MPV,Yishun,4.43,Inactive
D08145,Thomas Doyle,SUV,Ang Mo Kio,3.73,Active
D08146,Clifford King,Sedan,Jurong,4.33,Active
D08147,Christopher Harvey,Electric,Woodlands,4.97,Active
D08148,Michelle Hernandez,Hatchback,Toa Payoh,4.9,Active
D08149,Katherine Morales,SUV,Bedok,3.51,Active
D08150,Michael Smith,SUV,Bedok,3.82,Active
D08151,Veronica White,Premium,Punggol,4.13,Active
D08152,Thomas Martinez,Premium,Yishun,4.33,Active
D08153,Laura Rhodes,Electric,Singapore,4.78,Active
D08154,Christina Mckinney,Premium,Tampines,3.62,Active
D08155,Andrew White,Hatchback,Toa Payoh,3.99,Active
D08156,Ricky Reed,MPV,Punggol,4.25,Active
D08157,Lauren Sims,Premium,Tampines,4.42,Active
D08158,Michelle Russo,SUV,Singapore,4.2,Active
D08159,Janet Short,Electric,Bedok,3.55,Active
D08160,Stephanie Robinson,Hatchback,Tampines,3.95,Active
D08161,Kathy Lopez,Hatchback,Toa Payoh,4.46,Active
D08162,Kenneth Palmer,Hatchback,Jurong,3.72,Active
D08163,Christopher Castaneda,Hatchback,Bedok,4.23,Active
D08164,Nicole Bennett,Electric,Woodlands,4.0,Active
D08165,Erika Barnes,MPV,Bishan,3.77,Active
D08166,Holly Wright,MPV,Punggol,4.31,Active
D08167,Sheena Hale,Sedan,Singapore,4.45,Active
D08168,Daniel Montgomery,SUV,Bishan,4.74,Active
D08169,Scott Jones,Sedan,Yishun,4.07,Active
D08170,Michael Knapp,SUV,Jurong,4.9,Active
D08171,Michelle Zimmerman,Premium,Tampines,4.97,Active
D08172,Sharon Evans,Premium,Bishan,4.71,Active
D08173,Rachel Paul,Electric,Punggol,4.94,Active
D08174,Jonathan Robertson,MPV,Punggol,4.62,Suspended
D08175,Hayden Flores,Electric,Yishun,4.03,Active
D08176,Lisa Gomez,SUV,Bishan,4.6,Active
D08177,Edwin Stone,SUV,Punggol,3.86,Active
D08178,Marilyn Peterson,Sedan,Bishan,3.75,Active
D08179,Angela Preston,Hatchback,Yishun,4.82,Active
D08180,Alexandra Joseph,Premium,Toa Payoh,4.36,Active
D08181,James Mitchell,MPV,Bishan,4.7,Active
D08182,Lacey Reyes,Electric,Tampines,3.9,Active
D08183,Lisa Wilson,Hatchback,Singapore,3.68,Active
D08184,Karen Johnson,SUV,Singapore,4.17,Active
D08185,Elizabeth Clark,SUV,Bedok,4.06,Active
D08186,Valerie Gibbs,Electric,Bishan,3.91,Inactive
D08187,Amy Ortiz,Sedan,Yishun,4.59,Active
D08188,Angela Patterson,Hatchback,Woodlands,4.15,Active
D08189,Suzanne Dudley,SUV,Bedok,3.93,Active
D08190,Joshua Kirk,SUV,Yishun,4.6,Active
D08191,Morgan Jones,SUV,Toa Payoh,3.57,Active
D08192,Michael Thomas,Electric,Ang Mo Kio,3.54,Active
D08193,Michael Pearson,Electric,Yishun,4.98,Active
D08194,Alexandra Hernandez,Sedan,Yishun,3.6,Active
D08195,Kevin Bender,Electric,Tampines,4.63,Active
D08196,Deborah Webb,Hatchback,Bishan,3.82,Active
D08197,Robert Hernandez,SUV,Bishan,4.07,Inactive
D08198,Catherine Wolf,Hatchback,Punggol,3.56,Active
D08199,Ashley Campbell,MPV,Bedok,3.83,Suspended
D08200,Meghan Smith,SUV,Ang Mo Kio,4.81,Suspended
D08201,Kyle Hall,MPV,Singapore,3.52,Active
D08202,David Williams,SUV,Singapore,4.59,Active
D08203,Lisa Johnson,Premium,Singapore,4.94,Active
D08204,Kayla Simmons DDS,Electric,Yishun,4.06,Active
D08205,Daniel Rodriguez,SUV,Tampines,3.74,Active
D08206,Dustin Conner,Electric,Bedok,4.29,Active
D08207,Christian Trujillo,MPV,Woodlands,4.87,Active
D08208,Kathleen Whitehead,Hatchback,Toa Payoh,4.17,Active
D08209,Desiree Miller,MPV,Bedok,4.46,Active
D08210,Olivia Taylor,Hatchback,Bedok,3.73,Active
D08211,Gavin Patterson,Sedan,Punggol,4.11,Active
D08212,Amber Tucker,Hatchback,Toa Payoh,4.07,Active
D08213,Christine Young,Sedan,Punggol,4.96,Active
D08214,Stacy Evans,Sedan,Singapore,4.46,Suspended
D08215,Nicole Davis,MPV,Bedok,4.32,Active
D08216,Leslie Scott,Electric,Yishun,4.47,Active
D08217,Patrick Hanson,Sedan,Bishan,3.9,Active
D08218,Cameron Anderson,Premium,Jurong,4.95,Inactive
D08219,Stacy White,Sedan,Jurong,3.51,Inactive
D08220,Sara Graham,Sedan,Toa Payoh,4.01,Active
D08221,Sandra Martinez,Sedan,Bedok,4.74,Active
D08222,Rebekah Holloway MD,MPV,Ang Mo Kio,4.86,Active
D08223,Brenda Salazar,SUV,Yishun,4.1,Active
D08224,James Garcia,Electric,Ang Mo Kio,3.98,Active
D08225,Alexandria Meyer MD,Electric,Tampines,4.27,Active
D08226,Charles Jordan,SUV,Jurong,4.02,Active
D08227,Crystal Garcia,Electric,Woodlands,4.9,Active
D08228,Todd Garcia,Sedan,Singapore,4.72,Active
D08229,Elizabeth Schneider,Hatchback,Tampines,3.86,Active
D08230,Ronald Edwards,Hatchback,Bedok,3.81,Active
D08231,Megan Yates,Electric,Bishan,4.12,Active
D08232,Susan Hughes,Sedan,Bishan,4.38,Active
D08233,Danielle Bartlett,SUV,Tampines,4.21,Active
D08234,Alexandra Hall,Electric,Punggol,4.03,Active
D08235,Brandon Cameron,Electric,Toa Payoh,4.54,Inactive
D08236,Marcia Cruz,MPV,Singapore,3.85,Active
D08237,Tony Rocha,MPV,Tampines,4.88,Active
D08238,Lydia White,SUV,Ang Mo Kio,4.52,Inactive
D08239,Anthony Colon,SUV,Singapore,4.05,Inactive
D08240,Tiffany Martinez,SUV,Woodlands,4.44,Active
D08241,Joseph Pierce,Premium,Toa Payoh,4.23,Active
D08242,Harold Bentley,Premium,Woodlands,4.68,Active
D08243,Suzanne Davis,Premium,Woodlands,4.52,Active
D08244,Todd Weaver,Premium,Ang Mo Kio,4.22,Active
D08245,David Terry,Premium,Yishun,4.85,Active
D08246,Samantha Jones,Hatchback,Yishun,4.46,Active
D08247,Ana Mills,SUV,Bedok,4.71,Active
D08248,Katrina Carlson,MPV,Jurong,3.63,Active
D08249,Ricardo Mcgrath,Sedan,Tampines,3.62,Active
D08250,Norma Krueger,Hatchback,Jurong,3.91,Active
D08251,Xavier Aguilar,Hatchback,Ang Mo Kio,3.52,Active
D08252,Yesenia Bailey,SUV,Jurong,3.55,Inactive
D08253,Michael Patton,Premium,Punggol,3.73,Active
D08254,Megan Walter,Premium,Ang Mo Kio,4.06,Active
D08255,James Mcdonald,Premium,Bishan,4.6,Inactive
D08256,Diana Love,Sedan,Bedok,4.38,Active
D08257,James Sherman,MPV,Jurong,4.8,Active
D08258,Glenda Francis,Premium,Bishan,4.97,Active
D08259,Jacob Owen,Premium,Bishan,4.2,Active
D08260,Michelle Shaw,Electric,Tampines,4.33,Active
D08261,Marvin Ballard,Electric,Punggol,4.46,Active
D08262,Mr. Ricky Robinson,MPV,Yishun,3.65,Suspended
D08263,John Garcia,SUV,Woodlands,4.64,Active
D08264,Scott Wilcox,MPV,Jurong,4.75,Active
D08265,Melissa Anderson,Hatchback,Bedok,4.72,Active
D08266,Alicia Clark,Sedan,Woodlands,3.9,Active
D08267,Laurie Stuart,Hatchback,Singapore,3.82,Active
D08268,Rebecca Spencer,MPV,Ang Mo Kio,3.85,Active
D08269,William Charles,Sedan,Yishun,4.56,Active
D08270,Veronica Fletcher,Sedan,Toa Payoh,3.75,Active
D08271,Natalie Arroyo,Electric,Bedok,4.01,Active
D08272,Anna Dunn,Hatchback,Ang Mo Kio,4.37,Active
D08273,Mr. Clifford Zimmerman,Electric,Tampines,3.98,Active
D08274,Douglas Green,Electric,Ang Mo Kio,3.99,Active
D08275,John Cox,SUV,Punggol,4.93,Active
D08276,Kari Potts,Premium,Toa Payoh,4.43,Inactive
D08277,Yvonne Wilkerson,Electric,Bishan,4.2,Active
D08278,Andrea Thompson,MPV,Bedok,5.0,Active
D08279,Bryan Roman,SUV,Yishun,4.8,Active
D08280,Katie Gonzalez,Electric,Bedok,4.27,Active
D08281,Trevor Peterson Jr.,Electric,Bishan,4.86,Active
D08282,Jessica Martin,Sedan,Yishun,3.77,Active
D08283,Reginald Jordan,SUV,Toa Payoh,3.57,Inactive
D08284,Jamie Avery,Premium,Yishun,4.95,Active
D08285,Danielle Hunter,Electric,Bedok,4.67,Active
D08286,Rhonda Jones,SUV,Tampines,3.92,Active
D08287,Matthew Galvan,Sedan,Singapore,4.66,Active
D08288,Rodney Pearson,Electric,Punggol,4.61,Active
D08289,Justin Mooney,SUV,Ang Mo Kio,4.57,Active
D08290,Kelly Nguyen,SUV,Bedok,3.71,Inactive
D08291,Joe Miller,Electric,Singapore,4.75,Active
D08292,Logan Taylor,Hatchback,Woodlands,3.85,Active
D08293,Lisa Ward,Premium,Ang Mo Kio,3.68,Active
D08294,Brian Powell,Sedan,Bedok,4.56,Active
D08295,Mr. Shawn Castillo,Sedan,Bedok,4.86,Active
D08296,Jacqueline Clarke,Premium,Tampines,4.89,Active
D08297,James Deleon,Sedan,Bedok,4.47,Active
D08298,Danny Burton,Hatchback,Jurong,3.93,Active
D08299,Parker Calderon,Electric,Bedok,3.91,Inactive
D08300,Matthew Harris MD,SUV,Jurong,4.23,Active
D08301,Chad Griffith,Sedan,Tampines,4.77,Active
D08302,Marie Hernandez,Hatchback,Jurong,4.08,Active
D08303,Bruce Rodriguez,Hatchback,Toa Payoh,4.82,Active
D08304,Michael Long,SUV,Punggol,4.3,Active
D08305,Nathan Sanchez,Premium,Bishan,3.66,Active
D08306,Angel Lawrence,Electric,Toa Payoh,3.84,Active
D08307,Susan Flores,Premium,Bedok,3.59,Active
D08308,Taylor Jacobson,Sedan,Bedok,3.81,Active
D08309,Sean Price,SUV,Jurong,4.6,Active
D08310,Wayne Hicks,Hatchback,Tampines,3.7,Active
D08311,George Bowman,Sedan,Bedok,4.92,Active
D08312,Carlos Myers,Premium,Toa Payoh,3.51,Active
D08313,Haley Wagner,Sedan,Punggol,4.33,Active
D08314,Kent Wall,Electric,Ang Mo Kio,3.76,Active
D08315,Erica Gonzalez,SUV,Punggol,4.06,Active
D08316,Brian Foster,MPV,Tampines,4.26,Active
D08317,Eric Garcia,Sedan,Toa Payoh,4.36,Active
D08318,Daniel Crawford,Hatchback,Toa Payoh,4.66,Active
D08319,Susan Rowe,Sedan,Toa Payoh,4.47,Active
D08320,Christopher Mcgee,SUV,Tampines,4.49,Active
D08321,Crystal Vincent,MPV,Ang Mo Kio,3.71,Active
D08322,Kathleen Hill,Electric,Bishan,4.37,Active
D08323,Matthew Freeman,Sedan,Yishun,3.64,Active
D08324,Kyle Becker,MPV,Toa Payoh,3.58,Active
D08325,Gregory Stanley PhD,SUV,Woodlands,4.79,Active
D08326,Erik Webb,Sedan,Singapore,4.73,Active
D08327,Kathleen Collins,SUV,Jurong,3.67,Inactive
D08328,Tiffany Maddox,Premium,Punggol,4.89,Active
D08329,David Newman,Premium,Tampines,4.01,Active
D08330,Jennifer Esparza,Premium,Punggol,4.47,Active
D08331,Jessica Perez,Premium,Woodlands,3.9,Active
D08332,Shelby Cook,Electric,Jurong,4.35,Active
D08333,Jennifer Taylor,SUV,Bishan,4.93,Active
D08334,Natalie Clark,MPV,Toa Payoh,3.68,Active
D08335,Anthony Cox,SUV,Punggol,4.75,Active
D08336,Terry Ortiz PhD,SUV,Toa Payoh,4.06,Active
D08337,Sarah Joyce,Electric,Woodlands,4.33,Active
D08338,Christopher Allen,SUV,Tampines,4.73,Inactive
D08339,Allison Smith,Hatchback,Bishan,3.56,Active
D08340,Jason Noble,SUV,Woodlands,4.57,Inactive
D08341,John Lawrence,Electric,Ang Mo Kio,4.42,Active
D08342,Brian Scott,MPV,Ang Mo Kio,3.81,Active
D08343,Larry Lozano,Electric,Bedok,4.22,Active
D08344,Molly Andrade,Premium,Woodlands,4.09,Active
D08345,Brianna Estrada,MPV,Tampines,4.73,Active
D08346,Timothy Flores,Sedan,Singapore,3.88,Inactive
D08347,Angela Walker,Premium,Woodlands,3.86,Active
D08348,Daniel Lewis,Electric,Punggol,3.77,Active
D08349,Michael Johnson,SUV,Bedok,4.8,Active
D08350,Megan Warren,Sedan,Punggol,4.97,Active
D08351,Joshua Phillips,Sedan,Tampines,4.73,Active
D08352,Brandy Bowen,Premium,Bedok,4.54,Active
D08353,John Rubio,Hatchback,Ang Mo Kio,4.39,Active
D08354,Heather Thomas,Hatchback,Bishan,4.72,Active
D08355,David Martinez,SUV,Yishun,3.67,Active
D08356,Robert Sanford,Hatchback,Tampines,4.81,Active
D08357,Leah Dominguez,MPV,Woodlands,4.69,Active
D08358,Christopher Osborn,SUV,Toa Payoh,4.1,Active
D08359,Raymond Wilson,Hatchback,Tampines,3.66,Active
D08360,Cynthia Orozco,SUV,Toa Payoh,3.61,Active
D08361,Daniel Peterson,Premium,Tampines,4.6,Active
D08362,Jennifer Ferguson,MPV,Toa Payoh,3.84,Active
D08363,Jessica Griffith,Hatchback,Yishun,3.72,Active
D08364,Susan Simmons,Sedan,Singapore,4.91,Active
D08365,John Edwards Jr.,MPV,Bishan,3.68,Active
D08366,Jenna Bush,Electric,Tampines,3.84,Active
D08367,Kaylee Gallagher,SUV,Bedok,4.19,Active
D08368,Samantha Nelson,SUV,Woodlands,4.84,Active
D08369,Robert Ayers,Electric,Tampines,4.4,Active
D08370,Alexander Gallegos,Premium,Toa Payoh,4.33,Active
D08371,Richard Bush,MPV,Jurong,4.7,Active
D08372,Anne Fisher,Sedan,Jurong,4.25,Active
D08373,Kimberly Herrera,Premium,Yishun,3.85,Active
D08374,Amanda Mitchell,MPV,Singapore,4.13,Active
D08375,Amy Romero,Hatchback,Woodlands,4.84,Active
D08376,Joseph Gill,Electric,Singapore,4.05,Active
D08377,Laura Mcgee,Electric,Yishun,4.62,Active
D08378,Tracy Wise,MPV,Singapore,3.6,Suspended
D08379,Vanessa Taylor,Sedan,Bishan,4.72,Active
D08380,Pamela Humphrey,MPV,Toa Payoh,4.21,Active
D08381,Angela Brown,Hatchback,Toa Payoh,4.28,Active
D08382,Wanda Adams,Hatchback,Punggol,3.81,Active
D08383,Shelly Myers,Sedan,Singapore,4.83,Active
D08384,Sarah Meza,SUV,Yishun,4.99,Inactive
D08385,Valerie Mullins,Electric,Toa Payoh,4.94,Active
D08386,Jason Gibson,SUV,Punggol,3.9,Active
D08387,Marcia Clarke,Premium,Ang Mo Kio,3.69,Active
D08388,Victoria Ford,Hatchback,Yishun,4.13,Active
D08389,Anthony Greer,Electric,Singapore,4.37,Active
D08390,Katrina Thomas,SUV,Woodlands,4.49,Active
D08391,Nicholas Soto,Electric,Woodlands,4.94,Active
D08392,Alicia Wallace,Hatchback,Bedok,3.96,Active
D08393,Jane Hogan,SUV,Bedok,4.67,Active
D08394,Heather Phelps,MPV,Jurong,3.81,Active
D08395,Danielle Walsh,Hatchback,Woodlands,3.54,Active
D08396,Nicole Harvey,SUV,Bedok,4.34,Active
D08397,Jenny Wolfe,Hatchback,Woodlands,3.86,Active
D08398,Veronica Haney,MPV,Bishan,3.64,Active
D08399,Ashley Peters,Hatchback,Singapore,3.54,Active
D08400,Sarah Rodriguez,Electric,Toa Payoh,3.63,Active
D08401,Christopher Franco,Electric,Tampines,4.17,Active
D08402,Anthony Rhodes,Premium,Woodlands,4.04,Active
D08403,Bryan Little,Hatchback,Punggol,4.39,Active
D08404,Deanna Boyle,Electric,Bishan,4.84,Active
D08405,Sarah White,Hatchback,Tampines,4.12,Active
D08406,Melissa Bond,SUV,Tampines,3.52,Active
D08407,Brittany Campbell,Hatchback,Tampines,4.38,Active
D08408,Connor Joseph,Premium,Bishan,3.62,Active
D08409,Julie Cobb,Sedan,Toa Payoh,4.97,Active
D08410,Mrs. Shari Kim,Electric,Woodlands,3.67,Active
D08411,Robert Mays,Electric,Bishan,3.93,Active
D08412,Kimberly Tanner,Electric,Jurong,3.71,Active
D08413,Alejandro Juarez,SUV,Bishan,4.35,Inactive
D08414,Travis Yang,Hatchback,Woodlands,3.74,Active
D08415,Annette Costa,MPV,Tampines,4.46,Active
D08416,Beth Wilson,Premium,Bedok,3.83,Active
D08417,Bradley Gregory,Electric,Yishun,4.79,Active
D08418,Carlos Johnson,MPV,Punggol,4.58,Active
D08419,James Rios,SUV,Bedok,4.02,Active
D08420,Andrew Williams,MPV,Punggol,3.63,Active
D08421,Michael Johnson,Electric,Tampines,4.73,Active
D08422,Matthew Fox,Electric,Bishan,4.46,Active
D08423,Jose Beck,SUV,Punggol,4.84,Active
D08424,Melissa Johnson,Sedan,Bedok,4.2,Active
D08425,Melvin Knight,MPV,Bishan,3.84,Active
D08426,Sara Rodriguez,Premium,Tampines,3.51,Suspended
D08427,Juan Little,Sedan,Yishun,4.83,Inactive
D08428,Cameron Murphy,SUV,Singapore,4.02,Active
D08429,Matthew Kaiser,Electric,Toa Payoh,3.59,Inactive
D08430,Mark Sparks,SUV,Yishun,4.69,Inactive
D08431,Michael Carson,SUV,Tampines,4.07,Active
D08432,Hannah Williams,Sedan,Toa Payoh,4.35,Active
D08433,Paula Fowler,SUV,Ang Mo Kio,4.12,Active
D08434,Timothy Romero,MPV,Woodlands,4.04,Inactive
D08435,Michelle Robinson,Electric,Toa Payoh,4.5,Active
D08436,Paula Collins,Premium,Woodlands,4.94,Active
D08437,David Williams,Hatchback,Ang Mo Kio,3.84,Active
D08438,Meghan Cooper,SUV,Yishun,4.0,Active
D08439,Jamie Mccoy,SUV,Punggol,4.28,Active
D08440,Thomas Knight,MPV,Yishun,4.44,Active
D08441,Maria Snyder,Electric,Ang Mo Kio,4.39,Active
D08442,Brian Crosby,Hatchback,Yishun,3.95,Active
D08443,Benjamin Howard,Sedan,Bishan,4.3,Active
D08444,Carol Johnson,Hatchback,Tampines,4.74,Active
D08445,Lisa Burns,Sedan,Toa Payoh,4.68,Active
D08446,Christopher Rodriguez,Premium,Jurong,3.6,Active
D08447,Colin Fisher,SUV,Punggol,4.51,Active
D08448,Aaron Weber,SUV,Ang Mo Kio,4.48,Active
D08449,Crystal Zavala,SUV,Toa Payoh,4.4,Active
D08450,Hannah Morgan,Premium,Tampines,4.88,Active
D08451,Terry Lopez,Sedan,Woodlands,3.56,Active
D08452,Juan Roberts,Hatchback,Bedok,4.15,Active
D08453,Julia Diaz,Hatchback,Toa Payoh,3.8,Active
D08454,Jacqueline Terry,Hatchback,Ang Mo Kio,3.55,Active
D08455,William Dorsey,Sedan,Singapore,4.13,Active
D08456,Cesar Gray,Premium,Jurong,4.16,Active
D08457,Wayne Sanchez,Electric,Woodlands,4.51,Active
D08458,Amber Monroe,Electric,Jurong,3.88,Active
D08459,Mr. Alexander Sanchez,SUV,Yishun,4.55,Active
D08460,Jennifer Owens,MPV,Punggol,4.78,Active
D08461,Dennis Mccarty,Hatchback,Singapore,4.84,Active
D08462,Timothy Moran,Premium,Bedok,4.32,Active
D08463,Linda Waters,Sedan,Bedok,4.36,Active
D08464,Shane Mcdonald,Sedan,Jurong,4.55,Active
D08465,Randy Spencer,MPV,Jurong,4.55,Active
D08466,Danielle Jenkins,SUV,Punggol,4.14,Inactive
D08467,Jacqueline Knight,MPV,Singapore,4.83,Active
D08468,Kelly Guerra,Premium,Woodlands,4.85,Active
D08469,Kristina Johnson,SUV,Toa Payoh,4.54,Active
D08470,Sherri Hawkins,Premium,Singapore,3.88,Active
D08471,Stephanie Washington,Electric,Bishan,4.03,Active
D08472,Samuel Perez,SUV,Woodlands,3.51,Active
D08473,Dale Floyd,Sedan,Ang Mo Kio,3.82,Active
D08474,Gail Dunlap,MPV,Tampines,4.61,Active
D08475,Jeffrey Young,Hatchback,Tampines,4.59,Active
D08476,Deborah Graham,Electric,Yishun,4.42,Active
D08477,Troy Case,Electric,Toa Payoh,4.04,Active
D08478,William Johnson,Electric,Ang Mo Kio,4.46,Active
D08479,April Daugherty,MPV,Yishun,3.8,Active
D08480,Linda Schneider,MPV,Yishun,4.31,Active
D08481,Nicholas Barrett,MPV,Yishun,3.65,Active
D08482,Ryan Duran,Premium,Jurong,4.4,Active
D08483,Dr. Hector Miller,Hatchback,Punggol,3.9,Active
D08484,Debbie Shaw,Hatchback,Jurong,4.62,Active
D08485,Anthony Perry,Sedan,Bishan,3.6,Active
D08486,Mr. John King MD,Hatchback,Singapore,4.76,Active
D08487,Cassandra Bell,Electric,Bedok,4.71,Active
D08488,Kimberly Brewer,Electric,Yishun,4.41,Active
D08489,Jason Mendoza,MPV,Tampines,4.84,Active
D08490,Michelle Thompson,SUV,Yishun,3.89,Active
D08491,Jason Medina,Sedan,Punggol,4.44,Inactive
D08492,Bernard Hunter,Sedan,Woodlands,3.87,Active
D08493,Katelyn Mccormick,Premium,Jurong,4.11,Active
D08494,Jerry Horton,Premium,Toa Payoh,3.58,Active
D08495,Cassandra Hernandez,SUV,Punggol,4.95,Active
D08496,Joseph Wood,SUV,Toa Payoh,3.85,Active
D08497,Christine Cox DDS,MPV,Ang Mo Kio,4.21,Active
D08498,Shannon Salinas,Electric,Singapore,4.34,Active
D08499,Alexis Hines,Hatchback,Singapore,4.54,Active
D08500,Christine Acevedo,Sedan,Bedok,3.91,Active
D08501,Barbara Bryant,Premium,Woodlands,3.93,Inactive
D08502,Geoffrey Holmes,MPV,Woodlands,3.91,Inactive
D08503,Kelly Durham,Electric,Bedok,3.77,Active
D08504,George Allen,SUV,Punggol,4.82,Active
D08505,Gregory Powell,Premium,Tampines,4.97,Active
D08506,Dustin Anderson,Electric,Toa Payoh,4.5,Active
D08507,Greg Mendez,Hatchback,Singapore,3.66,Suspended
D08508,Jesus Shepard,SUV,Bishan,4.24,Active
D08509,Caitlin Hughes,Premium,Bishan,4.02,Active
D08510,Larry Mckinney,Premium,Tampines,4.66,Active
D08511,Sheila Smith,Hatchback,Jurong,4.91,Active
D08512,Logan Velazquez,Premium,Ang Mo Kio,3.96,Active
D08513,Marie Gonzalez,MPV,Yishun,4.21,Active
D08514,Anthony Wise,Hatchback,Toa Payoh,3.51,Active
D08515,Jerry Santiago,SUV,Singapore,3.56,Active
D08516,Ronald Cardenas,Premium,Tampines,4.68,Inactive
D08517,Karen Gomez,Premium,Bishan,4.71,Active
D08518,Daniel Hall,Sedan,Singapore,3.72,Active
D08519,Monica Holland,MPV,Yishun,3.77,Active
D08520,Lorraine Soto,Sedan,Ang Mo Kio,4.2,Active
D08521,Edward Miller,Hatchback,Singapore,4.2,Active
D08522,Donald Prince,Premium,Jurong,4.54,Active
D08523,Joshua Wallace,Electric,Bedok,3.79,Active
D08524,Gloria Brewer,Hatchback,Punggol,4.44,Active
D08525,Robin Williams,Premium,Toa Payoh,3.65,Active
D08526,John White,Premium,Woodlands,4.68,Inactive
D08527,Jeffrey Jimenez,MPV,Woodlands,4.0,Active
D08528,Traci Peters,Sedan,Tampines,3.93,Active
D08529,Cheyenne Torres,MPV,Bedok,3.9,Inactive
D08530,Nicole Abbott,Hatchback,Woodlands,4.94,Active
D08531,John Owens,MPV,Toa Payoh,4.94,Active
D08532,Mark Martin,Hatchback,Jurong,4.15,Active
D08533,Erin Johnson,Hatchback,Ang Mo Kio,4.86,Active
D08534,Susan Humphrey,MPV,Woodlands,4.75,Active
D08535,Bryan Baxter MD,Sedan,Punggol,3.68,Active
D08536,Mr. Robert Rodriguez,SUV,Singapore,4.35,Active
D08537,Jennifer Forbes,Sedan,Tampines,4.5,Active
D08538,Nancy Allen,Electric,Bishan,4.36,Active
D08539,Dakota Conway,Hatchback,Bishan,4.19,Active
D08540,Mary Rollins,Sedan,Bishan,4.84,Active
D08541,Tracy Stephens,Hatchback,Singapore,4.05,Active
D08542,Anthony Hardy,Electric,Bishan,4.61,Active
D08543,Mr. Johnny Campos,Hatchback,Bedok,4.43,Active
D08544,Dana Perez,Electric,Punggol,4.83,Active
D08545,Matthew Spence,SUV,Bishan,4.25,Inactive
D08546,Matthew Marshall,Sedan,Toa Payoh,3.95,Active
D08547,Tracy Ruiz DDS,Electric,Toa Payoh,4.47,Active
D08548,Paul Wright,MPV,Yishun,4.32,Active
D08549,Brian Young,Hatchback,Toa Payoh,3.82,Active
D08550,Susan Ramirez,Premium,Punggol,4.53,Active
D08551,Victoria Rodriguez,SUV,Yishun,4.74,Inactive
D08552,Ryan Trujillo,Premium,Punggol,4.92,Active
D08553,Jeffrey Hartman,Premium,Bishan,4.61,Active
D08554,David Hall,MPV,Woodlands,3.73,Active
D08555,Jennifer Flores,MPV,Toa Payoh,4.23,Inactive
D08556,Michael Edwards,Hatchback,Bedok,4.37,Active
D08557,Jillian Patterson,Premium,Ang Mo Kio,4.28,Active
D08558,Barbara Williams,Hatchback,Jurong,4.71,Active
D08559,Tyler Hunt,Hatchback,Bedok,4.48,Active
D08560,Joshua Taylor,Electric,Punggol,4.77,Active
D08561,Heidi Bullock,Sedan,Tampines,3.78,Active
D08562,Marisa Harris,MPV,Bishan,4.19,Suspended
D08563,James Gibbs,SUV,Singapore,4.97,Active
D08564,Anne Ellis,MPV,Jurong,4.34,Active
D08565,Carl Flores,SUV,Tampines,4.28,Active
D08566,Courtney Simpson,Electric,Punggol,3.72,Active
D08567,Elizabeth Andrews,Sedan,Tampines,3.66,Active
D08568,Jeffrey Ortiz,MPV,Bedok,4.55,Active
D08569,Alison Hudson,MPV,Woodlands,3.94,Active
D08570,Cody Burgess,Premium,Yishun,4.19,Active
D08571,Jesse Scott,Sedan,Singapore,4.18,Active
D08572,Jennifer Gross,Electric,Tampines,4.57,Active
D08573,Brandi Lindsey,Sedan,Ang Mo Kio,4.65,Active
D08574,Evan Savage,SUV,Bishan,4.99,Active
D08575,Andrew Gutierrez,Premium,Ang Mo Kio,3.74,Active
D08576,Megan Holmes,MPV,Yishun,4.78,Active
D08577,Peter Yoder,Hatchback,Ang Mo Kio,3.9,Active
D08578,Amy Davis,Hatchback,Jurong,4.81,Active
D08579,Trevor Olson,Sedan,Singapore,4.99,Active
D08580,Tracy Rogers MD,Sedan,Bishan,3.94,Active
D08581,Nicole Gonzales,Hatchback,Ang Mo Kio,3.9,Active
D08582,Tasha Grant,MPV,Bishan,4.44,Active
D08583,Robert Rhodes,MPV,Punggol,4.01,Active
D08584,Jonathan Cox,Hatchback,Punggol,4.59,Active
D08585,Todd Jackson,Electric,Punggol,4.61,Active
D08586,Michael Mckay,Premium,Woodlands,4.92,Active
D08587,Andrea Morris,Premium,Woodlands,4.62,Active
D08588,Alexander Clark,Electric,Woodlands,3.8,Active
D08589,Ashley Porter,Hatchback,Punggol,3.7,Active
D08590,Kristina Herrera,Sedan,Bishan,4.77,Active
D08591,Jennifer Thomas,Hatchback,Bishan,4.65,Active
D08592,Margaret Casey,Premium,Toa Payoh,4.51,Active
D08593,Eric Collier,Premium,Woodlands,4.75,Active
D08594,Joseph Cherry,Premium,Ang Mo Kio,4.38,Active
D08595,Andrea Gutierrez,Sedan,Woodlands,3.62,Inactive
D08596,Nicole Lopez,SUV,Punggol,4.7,Active
D08597,Kyle Wilcox,Electric,Bishan,4.34,Active
D08598,Stephanie Matthews,SUV,Woodlands,4.5,Active
D08599,Jeffrey Allen,Electric,Ang Mo Kio,4.36,Active
D08600,Jacob Villa,Hatchback,Singapore,4.24,Active
D08601,Michael Forbes,MPV,Bishan,4.11,Active
D08602,Joel Best,Sedan,Yishun,3.76,Active
D08603,Lisa Stanton,Sedan,Singapore,4.69,Active
D08604,John Hunt,Electric,Yishun,4.92,Active
D08605,Michelle Salas,Electric,Punggol,4.68,Active
D08606,Juan Bryant,Hatchback,Jurong,4.43,Active
D08607,Joseph Gallegos,SUV,Bedok,4.1,Active
D08608,Johnny Andrews,SUV,Singapore,4.94,Active
D08609,Crystal Flores,Hatchback,Singapore,4.1,Active
D08610,Marvin Holloway DVM,Sedan,Singapore,3.58,Active
D08611,Jennifer Briggs,SUV,Jurong,4.07,Active
D08612,Amanda Peters,Sedan,Yishun,3.77,Active
D08613,Michele Castillo,SUV,Bedok,4.42,Active
D08614,Tammy Wright,Electric,Bedok,3.83,Active
D08615,Patricia Shields,Electric,Bedok,4.58,Active
D08616,James Martinez,MPV,Ang Mo Kio,3.59,Active
D08617,Martin Rivera,Premium,Tampines,4.43,Inactive
D08618,Ann Patel,Sedan,Toa Payoh,4.21,Active
D08619,Phillip Hernandez,Hatchback,Tampines,4.22,Active
D08620,Lori Klein,Electric,Toa Payoh,4.45,Active
D08621,Joseph Dixon,SUV,Tampines,4.43,Active
D08622,Jesse Solis,SUV,Punggol,4.42,Active
D08623,Elizabeth Young,SUV,Yishun,3.75,Active
D08624,Jerome Benson,MPV,Jurong,4.52,Inactive
D08625,Rebecca Irwin,Premium,Singapore,4.02,Inactive
D08626,Amanda Alvarado,Hatchback,Jurong,4.29,Active
D08627,Victoria Bates,Hatchback,Woodlands,3.64,Active
D08628,James Patrick,Hatchback,Toa Payoh,4.21,Active
D08629,Sophia Hansen,Hatchback,Yishun,4.36,Inactive
D08630,Joseph Lyons,Electric,Bedok,3.67,Active
D08631,Brittany Castillo,Hatchback,Jurong,4.39,Active
D08632,Victoria Hernandez,Sedan,Ang Mo Kio,4.45,Active
D08633,Bryan Johnson,Sedan,Yishun,3.63,Active
D08634,Andrea Gonzalez,Hatchback,Woodlands,4.57,Active
D08635,Anne Bond,Premium,Bishan,4.59,Active
D08636,Roy Hernandez,MPV,Bedok,3.5,Active
D08637,Alexis Nunez,Sedan,Woodlands,4.06,Inactive
D08638,Mark Oliver,Hatchback,Ang Mo Kio,4.88,Active
D08639,Theodore Roberts,Hatchback,Punggol,4.74,Active
D08640,Raymond Rios,Hatchback,Jurong,3.57,Active
D08641,Nicole Miller,Premium,Bedok,4.17,Active
D08642,Dustin Peterson,Electric,Woodlands,3.97,Active
D08643,Kathy Hubbard,Hatchback,Punggol,4.65,Active
D08644,Lisa Brock DDS,Hatchback,Ang Mo Kio,3.54,Active
D08645,Robin Henderson,MPV,Ang Mo Kio,4.42,Active
D08646,Lacey Gutierrez,MPV,Bishan,4.17,Active
D08647,Nicholas Brewer,Electric,Ang Mo Kio,4.51,Active
D08648,Kimberly Jones,Hatchback,Punggol,4.14,Active
D08649,William Clark,MPV,Singapore,4.37,Inactive
D08650,Jesse Henry,Premium,Yishun,3.98,Active
D08651,Shelby Garcia,Premium,Jurong,4.68,Active
D08652,Brandy Singh,Electric,Toa Payoh,3.84,Active
D08653,Jennifer Weaver,Sedan,Bishan,3.93,Active
D08654,Anthony Dickerson,Sedan,Ang Mo Kio,3.68,Active
D08655,Joseph Edwards,MPV,Toa Payoh,4.35,Active
D08656,Michelle Blair,MPV,Punggol,4.6,Active
D08657,Elizabeth Craig,MPV,Bedok,3.67,Active
D08658,Debra Morris,Sedan,Toa Payoh,4.69,Active
D08659,Gregory Garcia,Sedan,Punggol,4.97,Active
D08660,Brandon Price,Premium,Tampines,4.96,Active
D08661,Jared Alvarado,Sedan,Jurong,4.64,Active
D08662,Dr. Amy Kent MD,SUV,Bishan,4.41,Active
D08663,Fernando Castro,Hatchback,Bishan,4.53,Active
D08664,Earl Jones,MPV,Bedok,3.93,Active
D08665,Brittney Martin,MPV,Singapore,4.09,Active
D08666,Tammy Stout,Sedan,Toa Payoh,3.66,Active
D08667,Rebecca Stephens,Sedan,Ang Mo Kio,4.38,Active
D08668,Jessica Clark,Sedan,Punggol,4.15,Active
D08669,Jessica Wiley,Premium,Bedok,3.52,Active
D08670,Amber Rice,Hatchback,Toa Payoh,4.48,Active
D08671,Miguel Castillo,Electric,Bishan,4.72,Active
D08672,Matthew Rodriguez,SUV,Woodlands,4.64,Active
D08673,Madison Morris,Electric,Punggol,3.76,Active
D08674,Edwin Navarro,Sedan,Ang Mo Kio,4.28,Active
D08675,Kendra Hart,SUV,Tampines,4.36,Active
D08676,Walter Perez,Premium,Punggol,4.05,Active
D08677,Justin Stone,Sedan,Tampines,4.06,Active
D08678,Melinda Andrade,Premium,Jurong,4.73,Active
D08679,Michael Huerta,Premium,Punggol,4.23,Active
D08680,Jamie Hernandez,Electric,Bishan,4.21,Active
D08681,Raymond Peterson,MPV,Yishun,4.05,Active
D08682,Kathryn Gay,Hatchback,Woodlands,3.62,Active
D08683,Courtney Flynn,MPV,Jurong,4.62,Active
D08684,David Shelton,SUV,Tampines,3.56,Active
D08685,Mary Harrison,Sedan,Yishun,4.26,Active
D08686,Amanda Mitchell,MPV,Jurong,4.49,Active
D08687,Lisa Tucker,Premium,Ang Mo Kio,3.65,Active
D08688,Stephanie Cooper,Electric,Punggol,4.19,Active
D08689,Rachel Frederick,Hatchback,Bedok,4.76,Active
D08690,Alyssa Lewis,Hatchback,Bishan,4.92,Active
D08691,Catherine Powers DDS,SUV,Jurong,4.72,Active
D08692,Antonio Stone,Hatchback,Singapore,3.75,Inactive
D08693,Amy Brown,SUV,Punggol,4.72,Active
D08694,Kelly Foley,Sedan,Toa Payoh,4.08,Active
D08695,Randy Garcia,Hatchback,Toa Payoh,4.19,Active
D08696,Shelby Anderson,Premium,Ang Mo Kio,3.75,Suspended
D08697,Laura Callahan,SUV,Yishun,4.14,Active
D08698,Jessica Miller,SUV,Yishun,4.8,Inactive
D08699,Janice Garcia,Premium,Singapore,4.94,Active
D08700,Kelly Mcclain,Sedan,Ang Mo Kio,4.11,Active
D08701,Hayden Mckinney,SUV,Punggol,4.79,Active
D08702,Ashley Murray,Hatchback,Singapore,4.03,Active
D08703,Dr. Andrew Smith,Hatchback,Bedok,4.0,Active
D08704,Ralph Gaines,Electric,Bedok,4.51,Active
D08705,Carlos Burton,Electric,Ang Mo Kio,4.06,Active
D08706,Jennifer Brown,Sedan,Punggol,3.76,Active
D08707,Jamie Cobb,Hatchback,Toa Payoh,4.05,Active
D08708,Jennifer Smith,Premium,Singapore,4.9,Active
D08709,Katie Evans,Premium,Bishan,4.64,Inactive
D08710,Emily Weaver,Hatchback,Bishan,4.86,Active
D08711,Deborah Black,MPV,Toa Payoh,4.18,Active
D08712,Sherry Becker,MPV,Yishun,3.81,Active
D08713,Michael Rivas,Sedan,Woodlands,3.5,Active
D08714,Paul Johnson,MPV,Bishan,4.65,Active
D08715,Henry Rogers,MPV,Bedok,4.53,Active
D08716,Michael Cruz,MPV,Toa Payoh,4.58,Active
D08717,Jermaine Robertson,Premium,Toa Payoh,4.26,Active
D08718,Barbara Miles,Sedan,Jurong,4.01,Active
D08719,Dr. Michael Davis,SUV,Jurong,3.82,Active
D08720,Savannah Tyler,SUV,Woodlands,4.1,Active
D08721,Calvin Smith,MPV,Bedok,4.47,Active
D08722,Alexander Brown,Hatchback,Yishun,3.82,Active
D08723,Chelsea Cross,Sedan,Tampines,4.75,Active
D08724,Amanda Rhodes,Premium,Punggol,3.8,Active
D08725,Jamie Thompson,Premium,Toa Payoh,4.21,Active
D08726,Angela Hardin,MPV,Tampines,4.58,Active
D08727,Michelle Griffin,Electric,Toa Payoh,4.78,Active
D08728,Erin Moore,Electric,Ang Mo Kio,3.74,Active
D08729,Emily Cuevas MD,SUV,Bishan,3.61,Active
D08730,Kari Bruce,SUV,Yishun,3.91,Active
D08731,Ray Nixon,Electric,Ang Mo Kio,3.54,Active
D08732,Paula Hall,Hatchback,Bedok,3.54,Active
D08733,Michael Henderson,SUV,Ang Mo Kio,4.13,Inactive
D08734,Jason Mccormick,MPV,Bedok,4.27,Active
D08735,Christopher Powell,MPV,Jurong,4.95,Active
D08736,Kimberly Valdez,Electric,Yishun,3.97,Suspended
D08737,Marcus Shaw,Electric,Ang Mo Kio,4.94,Active
D08738,Jake Gordon,Sedan,Punggol,4.11,Active
D08739,Robert Rodriguez,Hatchback,Toa Payoh,4.45,Active
D08740,Kristy Scott,Sedan,Bedok,4.28,Active
D08741,Ashley Hughes,MPV,Toa Payoh,4.11,Inactive
D08742,Lisa Edwards,MPV,Bishan,4.56,Active
D08743,Terry Peters,Sedan,Woodlands,4.27,Active
D08744,Joshua Sullivan,MPV,Bedok,3.57,Active
D08745,Yolanda Jones,Premium,Tampines,4.44,Active
D08746,Ernest Maddox,MPV,Toa Payoh,4.55,Active
D08747,Mia Johnson,Sedan,Yishun,3.95,Active
D08748,John Zhang,Electric,Ang Mo Kio,3.96,Active
D08749,Benjamin Sullivan,Hatchback,Yishun,3.63,Active
D08750,Dennis Hendrix,MPV,Tampines,4.29,Active
D08751,Benjamin Elliott,MPV,Toa Payoh,4.69,Active
D08752,Sarah Cunningham,Hatchback,Singapore,3.71,Active
D08753,Lauren Pruitt,Sedan,Ang Mo Kio,4.71,Active
D08754,Heather Carter,Hatchback,Singapore,3.91,Inactive
D08755,Yesenia Marshall,SUV,Tampines,3.6,Active
D08756,Amber Pham,Sedan,Punggol,4.06,Inactive
D08757,Anthony Smith,SUV,Yishun,4.14,Inactive
D08758,Dawn Ramirez,Hatchback,Ang Mo Kio,3.74,Active
D08759,Carol Reed,Premium,Punggol,4.55,Active
D08760,Donna Brown,Sedan,Tampines,4.95,Active
D08761,Justin Lee,Sedan,Bishan,4.42,Active
D08762,Matthew Walker,SUV,Punggol,4.16,Active
D08763,Gregory Rodriguez,MPV,Yishun,4.85,Active
D08764,Justin Best,Premium,Woodlands,4.83,Active
D08765,Courtney Hoffman,MPV,Woodlands,4.84,Active
D08766,Roy Boone,MPV,Bedok,4.2,Active
D08767,Christopher Ware,Electric,Tampines,4.56,Active
D08768,Lori Green,Sedan,Woodlands,3.84,Active
D08769,John Dodson,Sedan,Bishan,4.86,Active
D08770,Richard Thompson,Hatchback,Yishun,4.2,Active
D08771,Richard Cohen,Sedan,Ang Mo Kio,4.71,Active
D08772,John Lane,MPV,Singapore,3.81,Active
D08773,Jessica Owen,SUV,Singapore,4.08,Active
D08774,Michael Mendez,Sedan,Punggol,3.67,Active
D08775,Tara Washington,MPV,Bedok,3.95,Active
D08776,Chad Farley,Premium,Ang Mo Kio,4.44,Active
D08777,Oscar Thomas,Electric,Toa Payoh,4.29,Active
D08778,Cody Cruz,Hatchback,Tampines,4.88,Active
D08779,Michelle Bentley,MPV,Tampines,3.61,Suspended
D08780,Thomas Clayton,MPV,Tampines,4.95,Active
D08781,James Hawkins,Electric,Yishun,4.95,Active
D08782,Tracey King,Electric,Yishun,4.15,Active
D08783,Anthony Hansen,Premium,Punggol,4.27,Active
D08784,Kelly Johnson,Electric,Toa Payoh,4.67,Active
D08785,Toni Johnson,MPV,Woodlands,4.31,Inactive
D08786,Paul Watson,MPV,Woodlands,4.74,Suspended
D08787,Brooke Snyder,MPV,Tampines,4.56,Active
D08788,Amy Johnson,MPV,Tampines,4.08,Active
D08789,Sharon Marquez,Hatchback,Bedok,4.82,Active
D08790,James Morris,SUV,Ang Mo Kio,3.77,Active
D08791,Donna Allen,Premium,Jurong,3.95,Active
D08792,Matthew Johnson,Sedan,Yishun,4.93,Active
D08793,Tyler Wolfe,Premium,Bishan,4.37,Active
D08794,Natalie Hickman,Sedan,Bishan,4.76,Active
D08795,Kristopher Blankenship,MPV,Singapore,4.99,Active
D08796,Virginia Morgan,Electric,Toa Payoh,4.62,Active
D08797,Amber Coleman,MPV,Punggol,3.75,Active
D08798,Lori Thomas,Sedan,Bishan,4.0,Active
D08799,Jennifer Pierce,Electric,Bedok,3.73,Active
D08800,Kathleen Smith,SUV,Tampines,3.96,Active
D08801,Angela Stevens,Electric,Yishun,3.7,Active
D08802,Jordan Everett,Electric,Jurong,3.73,Active
D08803,Zachary Roman,Premium,Tampines,4.2,Active
D08804,Rebecca Garza DVM,Hatchback,Ang Mo Kio,3.79,Active
D08805,William Koch,Sedan,Bishan,4.15,Active
D08806,Tony Torres,SUV,Yishun,4.04,Active
D08807,Anthony Marshall,Electric,Ang Mo Kio,4.04,Active
D08808,Norman Roberts,SUV,Punggol,4.62,Active
D08809,Stephanie Wolfe,SUV,Ang Mo Kio,3.98,Active
D08810,Kathleen Johnson,Premium,Woodlands,4.94,Active
D08811,Dillon Orr,Premium,Punggol,4.39,Active
D08812,Robert Riley,Electric,Jurong,4.98,Active
D08813,David Hughes,Electric,Woodlands,4.75,Suspended
D08814,Lindsey Curry,Hatchback,Ang Mo Kio,4.48,Active
D08815,Sandra Blake,Electric,Singapore,4.24,Active
D08816,Tyler Perez,MPV,Singapore,3.9,Active
D08817,Dawn Yu,SUV,Jurong,4.16,Active
D08818,Brenda Hernandez,Hatchback,Tampines,3.6,Active
D08819,Steven Foster,Premium,Tampines,4.87,Active
D08820,Felicia Ball,Sedan,Bishan,4.81,Active
D08821,Virginia Huerta,SUV,Yishun,3.6,Inactive
D08822,Tracy Gordon,Hatchback,Toa Payoh,4.4,Active
D08823,George Maldonado,MPV,Bishan,4.06,Active
D08824,Katherine Fernandez,Premium,Yishun,4.32,Active
D08825,Michael Montgomery,Electric,Bishan,4.4,Active
D08826,Willie Hayes,Electric,Singapore,4.66,Active
D08827,Joan Chan,Hatchback,Singapore,3.57,Active
D08828,Dakota Meyer,Premium,Toa Payoh,3.88,Active
D08829,Nicole Villarreal,Hatchback,Yishun,4.39,Active
D08830,William Sullivan,SUV,Punggol,4.77,Active
D08831,Terry Gray,MPV,Tampines,3.82,Inactive
D08832,Angela Smith,Sedan,Bishan,4.51,Inactive
D08833,Amanda Moore,Hatchback,Ang Mo Kio,4.25,Active
D08834,Debbie Watson,Premium,Bedok,3.98,Inactive
D08835,Charles Cruz,Electric,Tampines,4.76,Active
D08836,Joseph Barnes,Electric,Toa Payoh,3.53,Active
D08837,Manuel Brown,Hatchback,Tampines,4.04,Active
D08838,Dr. Barbara Tucker,Hatchback,Woodlands,4.58,Inactive
D08839,Jennifer Jordan,SUV,Singapore,4.0,Active
D08840,Michael Morales,SUV,Bedok,4.65,Active
D08841,Jordan Harris,Premium,Woodlands,4.8,Active
D08842,John Bonilla,Sedan,Jurong,3.55,Active
D08843,Cassandra Grant,Premium,Singapore,4.03,Active
D08844,David Stanton,Hatchback,Ang Mo Kio,4.76,Suspended
D08845,Scott Walker,Premium,Bedok,4.77,Active
D08846,Richard Gonzalez,Premium,Bishan,4.31,Active
D08847,James Andrade,SUV,Punggol,4.42,Inactive
D08848,Edward Terry,Premium,Bedok,4.26,Active
D08849,Caleb Espinoza,MPV,Singapore,4.06,Active
D08850,William Johnson,Electric,Jurong,4.03,Active
D08851,Julian Evans,Sedan,Singapore,4.0,Active
D08852,Donald Parker,Sedan,Singapore,4.96,Active
D08853,Gregory Miller,Hatchback,Woodlands,3.95,Active
D08854,Amber Oconnor,SUV,Punggol,3.95,Active
D08855,Gina Martinez,Electric,Singapore,4.75,Active
D08856,Brian Beck,Premium,Tampines,4.69,Active
D08857,David Henderson,Hatchback,Bedok,3.61,Active
D08858,Kenneth Brady,Electric,Woodlands,3.96,Active
D08859,Mr. Ronald Brooks,MPV,Toa Payoh,4.14,Inactive
D08860,Jenna Kennedy,Sedan,Yishun,3.6,Active
D08861,Corey Miller,Electric,Woodlands,3.86,Active
D08862,Rick Mejia,MPV,Jurong,4.47,Active
D08863,Nathan Diaz,Sedan,Yishun,4.8,Active
D08864,Diane Cervantes,Hatchback,Bishan,4.2,Active
D08865,Steven Flores,Electric,Woodlands,4.07,Active
D08866,Regina Reeves,Sedan,Bishan,4.7,Active
D08867,Melanie Schmitt,Electric,Bedok,4.98,Active
D08868,Chloe Payne,Electric,Bishan,4.86,Active
D08869,Sandra Graham,SUV,Jurong,4.2,Inactive
D08870,Stephanie Henderson,SUV,Punggol,4.45,Suspended
D08871,Seth Bean,SUV,Ang Mo Kio,3.99,Active
D08872,Vincent Bond,Hatchback,Bedok,3.57,Active
D08873,Carl King,Sedan,Yishun,4.21,Active
D08874,William Hernandez,Electric,Jurong,4.88,Active
D08875,Eric Nichols,Hatchback,Toa Payoh,3.87,Active
D08876,Jennifer Salazar,Premium,Bishan,3.78,Active
D08877,Rebecca Moreno,Electric,Woodlands,3.87,Active
D08878,Candice Simpson,SUV,Ang Mo Kio,3.86,Active
D08879,Brenda Coleman,Hatchback,Toa Payoh,3.54,Active
D08880,Amber Watts,SUV,Bedok,4.49,Active
D08881,Marilyn Klein,SUV,Woodlands,3.57,Active
D08882,Mark Fowler,Hatchback,Toa Payoh,4.24,Active
D08883,Sophia Leon MD,Electric,Yishun,4.25,Active
D08884,Samantha Rogers,Sedan,Toa Payoh,4.87,Active
D08885,Willie Smith,Electric,Singapore,4.34,Active
D08886,Jason Crawford,Premium,Ang Mo Kio,4.48,Active
D08887,Gregory White,Electric,Punggol,4.49,Active
D08888,Dennis Hampton,MPV,Woodlands,4.8,Active
D08889,Adam Petty,MPV,Singapore,4.05,Active
D08890,Andrea Williams,Hatchback,Singapore,3.98,Active
D08891,Sara Bennett,Electric,Tampines,4.8,Active
D08892,Michelle Franklin,Hatchback,Punggol,4.36,Active
D08893,Gabriela Morales,SUV,Punggol,4.72,Active
D08894,Ivan Hansen,Hatchback,Toa Payoh,4.41,Active
D08895,Hannah Brown DDS,Electric,Toa Payoh,4.55,Active
D08896,Devon Turner,MPV,Bedok,4.06,Active
D08897,Christina Boyd,Hatchback,Toa Payoh,5.0,Active
D08898,Barbara Wolf,MPV,Punggol,4.73,Active
D08899,Roger Thomas,Electric,Jurong,4.96,Active
D08900,John Juarez,Electric,Jurong,4.29,Active
D08901,James May,Sedan,Toa Payoh,4.2,Active
D08902,Kelly Warren,Hatchback,Yishun,4.53,Active
D08903,Nathaniel Coleman,Hatchback,Singapore,3.76,Active
D08904,Shannon Valentine,Hatchback,Bedok,3.64,Active
D08905,Jeffery Sanders,Sedan,Woodlands,4.29,Active
D08906,Jasmine Camacho,Premium,Toa Payoh,4.7,Inactive
D08907,Marc Roberts,Sedan,Yishun,4.18,Active
D08908,Linda Braun,MPV,Bishan,3.73,Active
D08909,Michael Bauer,Hatchback,Yishun,3.53,Active
D08910,Brandon Garcia,Hatchback,Bishan,3.73,Active
D08911,Stacy Johnson,Hatchback,Tampines,4.23,Inactive
D08912,David Kim,Hatchback,Jurong,4.86,Active
D08913,Danny Smith,Premium,Ang Mo Kio,4.91,Active
D08914,David Carlson,Electric,Punggol,4.54,Active
D08915,Raymond Arias,MPV,Tampines,4.05,Active
D08916,Tara Gibson,MPV,Ang Mo Kio,3.61,Active
D08917,Tara Burnett,Hatchback,Punggol,4.33,Active
D08918,Chelsea Robinson,SUV,Tampines,4.65,Active
D08919,Christine Kline,SUV,Bedok,4.63,Inactive
D08920,Jason Sanchez,Hatchback,Punggol,3.71,Active
D08921,Jordan Harris,Sedan,Ang Mo Kio,4.25,Active
D08922,Hannah Thornton,Premium,Yishun,4.1,Active
D08923,Matthew Garcia,SUV,Yishun,4.85,Active
D08924,James Jacobson,Premium,Woodlands,3.88,Active
D08925,Mr. Michael Walsh,Sedan,Bishan,4.08,Active
D08926,Dustin Jackson,Sedan,Tampines,4.22,Active
D08927,Daniel Newman,Electric,Bedok,3.64,Active
D08928,Edward Carroll,Electric,Punggol,4.99,Active
D08929,Leroy Lopez,MPV,Jurong,4.91,Active
D08930,Samantha Allen,Sedan,Jurong,4.52,Active
D08931,Kayla Stokes,Sedan,Tampines,5.0,Active
D08932,Carlos Kelley,Sedan,Bishan,4.61,Active
D08933,Connie Hines,Sedan,Bedok,3.73,Active
D08934,Michael Bowers,MPV,Punggol,4.01,Active
D08935,William Jenkins,Electric,Tampines,3.96,Active
D08936,Jonathan Rodriguez,Premium,Punggol,4.31,Active
D08937,Mitchell Skinner,SUV,Toa Payoh,4.44,Active
D08938,Melissa Thornton,SUV,Ang Mo Kio,4.57,Active
D08939,Joshua Mays,Premium,Woodlands,4.01,Active
D08940,Kathleen Miles,Sedan,Bedok,4.1,Active
D08941,Melissa Santiago,SUV,Woodlands,3.92,Inactive
D08942,Nicole Duncan,Hatchback,Toa Payoh,4.06,Active
D08943,Greg Lee,MPV,Ang Mo Kio,4.58,Active
D08944,Lori Cooper,SUV,Yishun,4.24,Active
D08945,Elizabeth Green,Premium,Jurong,3.8,Active
D08946,Matthew Trujillo,SUV,Ang Mo Kio,4.43,Active
D08947,Thomas Scott,Premium,Tampines,3.86,Active
D08948,Kevin Jones,Sedan,Bedok,3.99,Active
D08949,Gregory Diaz,Electric,Punggol,3.64,Active
D08950,Samuel Morgan,SUV,Yishun,4.05,Active
D08951,Michael Erickson,Hatchback,Ang Mo Kio,3.62,Active
D08952,Antonio Cochran,Hatchback,Jurong,4.1,Active
D08953,Amy Edwards,Electric,Singapore,4.27,Active
D08954,Marissa Wiley,SUV,Woodlands,4.96,Active
D08955,Elizabeth Hudson,Electric,Woodlands,4.48,Active
D08956,Mark Williams,Electric,Woodlands,4.69,Active
D08957,Mark Phillips,Electric,Woodlands,4.85,Active
D08958,Terry Hill,Hatchback,Punggol,4.51,Active
D08959,Kimberly Kaufman,Electric,Yishun,4.78,Inactive
D08960,Richard Chambers,Premium,Bedok,4.0,Active
D08961,Hayden Murray,Premium,Ang Mo Kio,4.37,Inactive
D08962,Christopher Thompson,Electric,Toa Payoh,4.8,Active
D08963,Tiffany Mckee,Sedan,Punggol,4.41,Active
D08964,Andrea Johnson,MPV,Tampines,4.45,Active
D08965,Steven Braun,SUV,Singapore,4.69,Active
D08966,Valerie Navarro,Electric,Ang Mo Kio,3.96,Active
D08967,Curtis Thompson,SUV,Ang Mo Kio,4.61,Active
D08968,Richard Green,Hatchback,Ang Mo Kio,4.46,Active
D08969,Jeffrey Marquez,Premium,Punggol,4.19,Active
D08970,Elizabeth Downs,Electric,Singapore,4.11,Active
D08971,Daniel Barnes,Sedan,Bishan,4.26,Active
D08972,Jason Bullock,SUV,Tampines,4.22,Active
D08973,John Bishop,SUV,Bedok,4.47,Active
D08974,Chase Farmer,SUV,Singapore,4.07,Active
D08975,Joseph Nguyen,Premium,Yishun,4.84,Active
D08976,Patrick May,Hatchback,Woodlands,4.3,Inactive
D08977,Jeremy Ware,MPV,Bishan,4.74,Active
D08978,Daniel Bullock,MPV,Toa Payoh,4.76,Active
D08979,Mario Gonzalez,SUV,Tampines,4.09,Active
D08980,Ashley Thomas,Hatchback,Toa Payoh,4.41,Active
D08981,Michael Owens,MPV,Jurong,4.18,Active
D08982,Leah Guzman,MPV,Woodlands,4.18,Active
D08983,Grant George,Hatchback,Punggol,4.91,Active
D08984,Jeremy Owens Jr.,Electric,Bedok,4.67,Inactive
D08985,Tonya Smith,Hatchback,Tampines,4.84,Active
D08986,Eric Simmons,Sedan,Bedok,3.98,Active
D08987,Jasmine Mora,SUV,Yishun,4.91,Active
D08988,Mark Roberts,Premium,Woodlands,3.72,Active
D08989,Sara Martinez,SUV,Bishan,4.08,Active
D08990,Gabriel Hunter,Hatchback,Bishan,4.85,Inactive
D08991,Gilbert Lopez,Premium,Tampines,4.7,Active
D08992,Christian Garcia,MPV,Jurong,4.59,Active
D08993,David Thompson,SUV,Ang Mo Kio,4.79,Active
D08994,Adrian Hernandez,Hatchback,Tampines,4.69,Active
D08995,Phillip Anderson,Sedan,Ang Mo Kio,3.96,Active
D08996,Justin Weber,SUV,Woodlands,4.1,Suspended
D08997,Sara Martin,Sedan,Yishun,4.91,Active
D08998,Stephanie Serrano,SUV,Punggol,3.6,Active
D08999,Scott Levine,Hatchback,Punggol,3.96,Inactive
D09000,Scott Fields,Sedan,Punggol,4.6,Active
D09001,Crystal Turner,MPV,Ang Mo Kio,4.11,Active
D09002,Jeremy Jones,SUV,Ang Mo Kio,4.04,Active
D09003,William Fischer,Electric,Bishan,3.75,Active
D09004,Jordan Fitzgerald,SUV,Toa Payoh,3.65,Active
D09005,Michael Mckee,SUV,Woodlands,4.07,Active
D09006,Rachel Taylor,Electric,Punggol,4.46,Active
D09007,Kenneth Golden,Electric,Yishun,4.64,Active
D09008,Robert Glass,MPV,Singapore,4.42,Active
D09009,Michael Friedman,Sedan,Punggol,4.1,Active
D09010,Kimberly Mitchell,Hatchback,Bedok,4.77,Active
D09011,Kenneth King,Sedan,Tampines,3.98,Active
D09012,Yesenia Freeman,Sedan,Bedok,3.82,Active
D09013,Jenna Kent,Electric,Ang Mo Kio,4.32,Active
D09014,Megan Olson,Premium,Punggol,4.29,Suspended
D09015,William Flores,Premium,Singapore,3.84,Active
D09016,Ebony Navarro,Electric,Singapore,3.57,Active
D09017,Alexandra Bass,SUV,Tampines,3.79,Active
D09018,Michael Gill,SUV,Bedok,4.71,Active
D09019,Joshua Torres,MPV,Punggol,4.87,Active
D09020,Timothy Sanchez,SUV,Punggol,3.78,Active
D09021,Jennifer Christensen,Premium,Bedok,4.04,Active
D09022,Kristina Freeman,MPV,Jurong,3.58,Active
D09023,Elizabeth Becker,SUV,Ang Mo Kio,4.9,Active
D09024,Richard Henderson,Sedan,Yishun,4.58,Active
D09025,Amanda Jackson MD,Sedan,Toa Payoh,4.83,Active
D09026,James Parker,Electric,Yishun,3.93,Active
D09027,Laura Cantrell,Sedan,Woodlands,3.84,Active
D09028,Gregory Carson,Sedan,Toa Payoh,4.62,Active
D09029,Rachel Holmes,SUV,Tampines,3.63,Active
D09030,Billy Lindsey,Electric,Toa Payoh,4.53,Active
D09031,Monica Jackson,SUV,Tampines,4.86,Active
D09032,Diana Robles,Hatchback,Woodlands,4.57,Active
D09033,Courtney Fisher,Hatchback,Toa Payoh,3.84,Active
D09034,Caroline Hernandez,Sedan,Ang Mo Kio,3.67,Inactive
D09035,Tracy Wilson,Hatchback,Singapore,4.04,Active
D09036,Jacob Downs,SUV,Yishun,3.58,Active
D09037,Stacie Daniel,SUV,Tampines,3.65,Active
D09038,Justin Mitchell,MPV,Punggol,4.94,Active
D09039,Emily Howard,Electric,Singapore,5.0,Active
D09040,Eric Schroeder,Electric,Singapore,3.76,Active
D09041,Angela Salazar,MPV,Toa Payoh,3.94,Active
D09042,David Waters,MPV,Tampines,4.94,Active
D09043,Deanna Fritz,Electric,Tampines,3.92,Active
D09044,Jodi Baker,Electric,Tampines,4.19,Active
D09045,Matthew Holmes,SUV,Toa Payoh,3.86,Active
D09046,Cory Morales,Sedan,Bishan,4.3,Active
D09047,Oscar Moss,Hatchback,Singapore,4.61,Inactive
D09048,Trevor Nixon,Sedan,Jurong,4.63,Active
D09049,Adam Johnson,Sedan,Punggol,3.9,Active
D09050,Nicole Sanchez,MPV,Singapore,4.61,Active
D09051,Scott Glass,Electric,Toa Payoh,4.22,Active
D09052,Vicki Carpenter,Hatchback,Woodlands,4.36,Active
D09053,Kara Wilson,Sedan,Toa Payoh,4.36,Active
D09054,Kevin Andrews,Premium,Jurong,4.51,Active
D09055,Steven Cochran,SUV,Ang Mo Kio,4.23,Active
D09056,David Brown,Electric,Woodlands,4.76,Active
D09057,Ann Stone,MPV,Bedok,4.75,Active
D09058,Margaret Jackson,MPV,Yishun,4.51,Active
D09059,Craig Davis,SUV,Singapore,4.29,Active
D09060,Samantha Brown,Sedan,Jurong,3.6,Active
D09061,Robert West,MPV,Yishun,4.28,Active
D09062,Sarah Price,Hatchback,Bishan,4.69,Active
D09063,Jerry White,MPV,Woodlands,4.66,Active
D09064,Calvin Schultz,MPV,Punggol,4.61,Inactive
D09065,Tamara Sellers,SUV,Punggol,3.68,Active
D09066,Michelle Brown,Hatchback,Singapore,4.18,Active
D09067,Jennifer Bennett DDS,MPV,Toa Payoh,4.47,Inactive
D09068,Kelli Taylor,MPV,Woodlands,3.89,Active
D09069,Dawn Myers,Premium,Toa Payoh,3.84,Active
D09070,Teresa Diaz,SUV,Woodlands,3.64,Active
D09071,Kevin Yates,Hatchback,Yishun,3.77,Active
D09072,Kathryn Gilbert,Premium,Punggol,4.23,Active
D09073,Ashley Hall,Hatchback,Jurong,3.52,Active
D09074,Kyle Burnett,SUV,Punggol,4.0,Active
D09075,Christopher Beck,Premium,Punggol,3.98,Active
D09076,Monica Hudson,Premium,Singapore,4.09,Active
D09077,Matthew Jackson,Sedan,Ang Mo Kio,4.42,Active
D09078,Charles Walker,SUV,Ang Mo Kio,3.77,Active
D09079,Stacey Hernandez,Sedan,Bishan,4.52,Active
D09080,Melissa Tapia,Hatchback,Ang Mo Kio,4.05,Active
D09081,Courtney Ramos,Electric,Bedok,4.72,Active
D09082,Kristin Pierce,SUV,Bedok,4.36,Active
D09083,Connor Cunningham,MPV,Tampines,4.45,Inactive
D09084,Matthew Yang,Premium,Bishan,3.65,Active
D09085,Alexis Perez,Sedan,Tampines,4.78,Active
D09086,Terri Peterson,Electric,Ang Mo Kio,4.03,Active
D09087,Robert Aguirre,Hatchback,Bedok,3.54,Active
D09088,Dustin Obrien,Sedan,Toa Payoh,4.81,Active
D09089,Kaylee Sutton,Hatchback,Toa Payoh,4.2,Active
D09090,Katherine Wells,Premium,Singapore,4.81,Active
D09091,William Wilson,SUV,Toa Payoh,4.24,Active
D09092,Jennifer Rivers,SUV,Yishun,4.42,Active
D09093,Roy Brown,SUV,Toa Payoh,3.66,Active
D09094,Jill Gross,Sedan,Tampines,4.4,Active
D09095,Brittany Lawson,Electric,Yishun,4.85,Active
D09096,Karen Frost,MPV,Punggol,3.55,Suspended
D09097,Christopher Contreras,Hatchback,Bishan,4.08,Active
D09098,Erica Lewis,Hatchback,Toa Payoh,3.53,Active
D09099,Michael Strickland,Electric,Woodlands,4.76,Active
D09100,Andrew Snyder,Hatchback,Ang Mo Kio,4.39,Active
D09101,Timothy Dickerson,MPV,Woodlands,3.61,Active
D09102,Andrea Sharp,Electric,Yishun,4.73,Active
D09103,Cynthia Alvarez,Hatchback,Woodlands,3.94,Active
D09104,Ricky Sharp,Electric,Punggol,4.06,Active
D09105,Lance Ortiz,SUV,Yishun,4.34,Active
D09106,Justin Kidd,Electric,Singapore,3.6,Active
D09107,Jasmine Contreras,Premium,Toa Payoh,4.67,Active
D09108,Stephanie Brown,Sedan,Jurong,4.92,Active
D09109,Yvette Davis,Electric,Tampines,3.62,Active
D09110,Heather Ortega,Hatchback,Punggol,4.98,Inactive
D09111,Alyssa Smith,Sedan,Tampines,4.21,Active
D09112,Bryan Booth,Hatchback,Bedok,3.87,Active
D09113,Andrea Brown,Sedan,Woodlands,4.17,Active
D09114,William Goodwin,Electric,Ang Mo Kio,4.03,Active
D09115,Catherine Webb,SUV,Tampines,4.97,Active
D09116,Thomas Cain,Electric,Jurong,4.75,Active
D09117,Ricky Hooper,MPV,Jurong,4.1,Active
D09118,Steven Haynes,Electric,Toa Payoh,4.26,Active
D09119,Eric Herrera,SUV,Punggol,3.72,Active
D09120,Daniel Williamson,Sedan,Ang Mo Kio,4.18,Active
D09121,Matthew Gray,SUV,Singapore,4.39,Active
D09122,Holly Bell,Electric,Ang Mo Kio,3.82,Active
D09123,Sherri Harris DDS,Premium,Yishun,4.31,Active
D09124,Tyler Miller,Electric,Tampines,3.51,Active
D09125,Lisa Jones,Sedan,Jurong,4.15,Active
D09126,Thomas Lara,Hatchback,Yishun,4.29,Active
D09127,Alisha Ryan,Sedan,Tampines,3.79,Active
D09128,Cynthia Molina,Premium,Tampines,3.82,Active
D09129,Laura Brown,Sedan,Punggol,4.73,Active
D09130,Julie Johnson,Sedan,Bishan,4.73,Active
D09131,Ryan Deleon,SUV,Woodlands,3.62,Active
D09132,Desiree Gibson,Sedan,Tampines,4.88,Active
D09133,David Jackson,Premium,Bishan,4.86,Active
D09134,Nathan Lee,Premium,Bishan,4.15,Active
D09135,Crystal Anderson,MPV,Jurong,4.52,Inactive
D09136,Shelly Anthony,Electric,Ang Mo Kio,3.64,Active
D09137,Patrick Huff,Sedan,Woodlands,4.75,Active
D09138,Justin Kelley,Sedan,Toa Payoh,4.34,Active
D09139,Mark Scott,Electric,Jurong,4.24,Active
D09140,Stephen Martinez,Hatchback,Singapore,5.0,Active
D09141,Sheri Bass,Premium,Yishun,4.34,Active
D09142,Jacob Rodriguez,SUV,Ang Mo Kio,4.57,Active
D09143,Jeremy Nolan,Sedan,Bishan,3.53,Active
D09144,Roger Mathis,MPV,Bedok,4.32,Active
D09145,Erica Jones,Sedan,Yishun,4.01,Active
D09146,Lori Richard,Electric,Woodlands,4.29,Active
D09147,Samantha Torres,Sedan,Singapore,4.56,Active
D09148,James Williamson,Sedan,Jurong,4.32,Active
D09149,Joseph Smith,Hatchback,Woodlands,4.67,Active
D09150,Thomas Sanders,Electric,Woodlands,4.02,Active
D09151,Joseph Pham,Electric,Yishun,3.98,Active
D09152,Richard Brooks Jr.,Hatchback,Jurong,4.4,Active
D09153,Robert Guerrero,Premium,Tampines,4.96,Active
D09154,Karen Johnson,Hatchback,Singapore,4.96,Active
D09155,Michelle Brown,Electric,Singapore,3.82,Active
D09156,Kristen Gray,Sedan,Punggol,3.68,Active
D09157,Susan Wade,SUV,Tampines,3.9,Active
D09158,Scott White,SUV,Singapore,4.27,Active
D09159,Adrian Jones,Electric,Yishun,4.44,Active
D09160,Isaac Moss,SUV,Woodlands,4.41,Active
D09161,Marc Gutierrez,Sedan,Punggol,4.18,Active
D09162,Eric Alvarez,SUV,Woodlands,3.56,Active
D09163,Jeffrey Arnold,Hatchback,Ang Mo Kio,4.67,Active
D09164,Pamela Flores,Electric,Ang Mo Kio,4.91,Active
D09165,Taylor Pearson,Electric,Jurong,3.78,Active
D09166,Karen Clements,Hatchback,Yishun,4.39,Active
D09167,Marissa Stevens MD,Sedan,Punggol,4.57,Active
D09168,Wendy Berg,Sedan,Yishun,3.51,Active
D09169,Ashley Fuller,MPV,Punggol,3.77,Inactive
D09170,Cory Davis,MPV,Toa Payoh,3.87,Active
D09171,Pamela Perez,MPV,Jurong,4.25,Active
D09172,Natasha Jenkins,Electric,Yishun,4.75,Active
D09173,Brian Graham,SUV,Tampines,4.67,Active
D09174,William Carter,SUV,Jurong,4.22,Inactive
D09175,Timothy Gibson,Premium,Woodlands,4.69,Active
D09176,Tyler Beasley,Electric,Yishun,4.08,Active
D09177,Jennifer Bell,Premium,Ang Mo Kio,3.65,Active
D09178,Michael Edwards,Hatchback,Punggol,4.33,Active
D09179,Douglas Ray,Electric,Singapore,4.12,Active
D09180,Ashley Bryan,Hatchback,Toa Payoh,4.83,Suspended
D09181,Daniel Mathews,Premium,Yishun,3.97,Active
D09182,Cynthia Clark,SUV,Jurong,3.67,Active
D09183,Christopher Blanchard,SUV,Singapore,4.3,Active
D09184,Nathan Blevins,MPV,Punggol,4.45,Inactive
D09185,Tyler Martinez,SUV,Yishun,4.49,Active
D09186,Peter Navarro,Electric,Singapore,4.67,Active
D09187,Gabriel Nelson,Sedan,Bedok,3.69,Active
D09188,Dana Bradford,Premium,Bishan,4.27,Active
D09189,Gregory Aguilar,SUV,Bishan,3.61,Active
D09190,Victoria Avila,MPV,Jurong,3.51,Active
D09191,Leslie Warren,MPV,Bishan,4.61,Active
D09192,Joseph Adams,SUV,Jurong,3.78,Active
D09193,Jamie Smith,Hatchback,Punggol,4.29,Active
D09194,Cynthia Cunningham,Electric,Jurong,4.73,Active
D09195,Aaron Gray,Hatchback,Tampines,4.87,Active
D09196,Patrick Brooks,SUV,Bishan,4.93,Active
D09197,Denise Contreras,SUV,Toa Payoh,4.07,Active
D09198,Eric Johnson,SUV,Jurong,4.84,Active
D09199,Mark Kelley,Electric,Yishun,4.62,Inactive
D09200,Rodney Morales,Electric,Woodlands,4.19,Active
D09201,Michael Jackson,SUV,Woodlands,4.44,Inactive
D09202,Stacey Herrera,Sedan,Jurong,4.75,Active
D09203,Jessica Collins,Sedan,Punggol,4.14,Active
D09204,Thomas Carrillo,MPV,Punggol,3.57,Active
D09205,Christopher Sanchez,Premium,Yishun,4.44,Active
D09206,Amy Everett,Electric,Bedok,4.52,Active
D09207,Joshua Robinson,Premium,Yishun,4.34,Active
D09208,Kimberly Knox,MPV,Bishan,4.19,Inactive
D09209,Thomas Wilson,Sedan,Ang Mo Kio,3.66,Inactive
D09210,David Jordan,Premium,Bedok,4.65,Active
D09211,Leonard Flores,SUV,Toa Payoh,4.91,Active
D09212,Joshua Bowen DVM,MPV,Woodlands,4.61,Active
D09213,Jacob Fleming,Hatchback,Yishun,3.57,Active
D09214,Judy Herrera,SUV,Toa Payoh,4.62,Active
D09215,Tracy Rivera,Hatchback,Jurong,4.47,Active
D09216,Jessica Lee,Sedan,Toa Payoh,3.62,Active
D09217,Jordan Morgan,Premium,Tampines,4.88,Active
D09218,Nicole Flores,SUV,Yishun,4.34,Active
D09219,Mr. Blake Brown,Hatchback,Toa Payoh,4.18,Active
D09220,Rhonda Daniels,Sedan,Toa Payoh,4.25,Active
D09221,Angela Long,MPV,Yishun,3.58,Active
D09222,Susan Meyer,Sedan,Woodlands,3.66,Active
D09223,Thomas Tapia,MPV,Bedok,4.91,Inactive
D09224,Veronica Shaw,Hatchback,Jurong,3.53,Inactive
D09225,Andrew Sims,MPV,Ang Mo Kio,4.01,Active
D09226,Joanne Brown,SUV,Bedok,4.59,Active
D09227,Brooke Burke,Premium,Bishan,4.7,Active
D09228,Gabriel Morrow,Premium,Yishun,4.69,Active
D09229,Anthony Barrera,Electric,Yishun,3.63,Active
D09230,Kim Garcia,Electric,Bishan,4.38,Active
D09231,Kevin Hart,MPV,Punggol,3.81,Active
D09232,Cody Evans,Electric,Yishun,3.99,Active
D09233,David Colon,Premium,Woodlands,4.13,Active
D09234,Emma Williams,Premium,Singapore,4.54,Active
D09235,Dylan Mcdonald,Electric,Jurong,3.57,Active
D09236,Joshua Garcia,Hatchback,Bishan,3.65,Active
D09237,Daniel Ramos,SUV,Jurong,3.88,Active
D09238,Tina Jones,Electric,Ang Mo Kio,3.84,Inactive
D09239,Brittany Warren,Premium,Ang Mo Kio,3.52,Active
D09240,Doris Parker,Electric,Tampines,3.91,Active
D09241,Makayla Blevins,MPV,Jurong,3.76,Active
D09242,Christopher Arellano,Sedan,Bedok,4.27,Active
D09243,Natalie Nichols,SUV,Jurong,4.59,Active
D09244,John Mendoza,SUV,Yishun,3.7,Active
D09245,Michelle Lane,SUV,Bedok,4.31,Active
D09246,Paige Hubbard,Sedan,Bishan,4.89,Active
D09247,Brian Dixon,Premium,Yishun,4.88,Active
D09248,Joshua Chavez,Electric,Yishun,3.75,Active
D09249,Alisha Joyce,SUV,Bedok,4.57,Active
D09250,Gregory Elliott,Hatchback,Bedok,4.35,Active
D09251,Kristen Brown,Hatchback,Bedok,3.75,Active
D09252,Eric Park,Electric,Punggol,4.68,Active
D09253,Jody Hughes,Sedan,Woodlands,3.97,Active
D09254,Michael Mason,MPV,Tampines,4.2,Active
D09255,Heather Conrad,SUV,Woodlands,4.82,Inactive
D09256,Linda Cruz,MPV,Jurong,4.84,Active
D09257,George Townsend,Sedan,Singapore,4.3,Active
D09258,Amanda Robertson,SUV,Jurong,4.81,Inactive
D09259,Jennifer Owens,Premium,Yishun,4.26,Active
D09260,Jeremy Martinez,Sedan,Bedok,4.4,Active
D09261,Samantha Weber,MPV,Jurong,4.0,Active
D09262,Kristina Klein,Sedan,Bedok,3.54,Active
D09263,Caleb Galloway,SUV,Jurong,4.14,Active
D09264,Alfred Kane,Sedan,Tampines,4.12,Active
D09265,Teresa Porter MD,Hatchback,Ang Mo Kio,4.19,Active
D09266,Peter Francis,SUV,Toa Payoh,4.39,Active
D09267,Stephanie Vargas,SUV,Punggol,4.25,Active
D09268,Jason Myers,Premium,Bedok,4.59,Active
D09269,Michael Torres,Electric,Toa Payoh,4.0,Active
D09270,Kathryn Santiago,Sedan,Tampines,4.85,Active
D09271,Donna Cardenas,Electric,Toa Payoh,4.72,Active
D09272,Ashley Smith,Sedan,Toa Payoh,3.61,Active
D09273,Denise Thornton,MPV,Tampines,4.07,Active
D09274,Eugene Miller,Hatchback,Yishun,4.3,Active
D09275,Dylan Collier,Premium,Singapore,4.34,Inactive
D09276,Amanda Jones,SUV,Ang Mo Kio,4.84,Suspended
D09277,Christine Mccarthy,Premium,Woodlands,4.86,Active
D09278,Alexander Johnson,Electric,Tampines,4.53,Active
D09279,Paula Miller,MPV,Tampines,4.23,Active
D09280,Donald Jordan,Electric,Toa Payoh,4.81,Active
D09281,Jill Lowery,Electric,Jurong,4.79,Active
D09282,Valerie Thompson,MPV,Singapore,3.87,Active
D09283,William Graham,MPV,Tampines,3.69,Inactive
D09284,Alicia Gonzalez,Premium,Singapore,4.98,Active
D09285,Charles Long,Premium,Bishan,4.85,Active
D09286,Michael Mendoza,Hatchback,Jurong,3.5,Active
D09287,Stephen Sanford,Sedan,Toa Payoh,4.72,Active
D09288,Heather Brown,Electric,Toa Payoh,4.22,Active
D09289,Brian Rojas,Hatchback,Yishun,4.03,Active
D09290,William Brown,Premium,Yishun,4.81,Suspended
D09291,Nicholas Booth,Hatchback,Bishan,3.56,Active
D09292,Robert Rivera,Electric,Ang Mo Kio,3.62,Active
D09293,Alexis Richardson,SUV,Toa Payoh,3.85,Active
D09294,Cindy Hughes,Sedan,Tampines,4.19,Active
D09295,Sara Perkins,SUV,Singapore,4.54,Active
D09296,Donald Mccann,MPV,Toa Payoh,3.65,Inactive
D09297,Audrey Fox,Sedan,Woodlands,4.76,Active
D09298,Tina Hurley,MPV,Singapore,4.95,Active
D09299,Carly Allison,SUV,Tampines,3.65,Active
D09300,Angel Carter,Electric,Bishan,4.66,Active
D09301,Ann Holt,Sedan,Bishan,4.17,Active
D09302,Joseph Murphy,MPV,Bishan,4.62,Active
D09303,Richard Mercer,Hatchback,Tampines,4.48,Active
D09304,Lucas Douglas,MPV,Bishan,4.17,Active
D09305,Joe Meza,Hatchback,Yishun,3.59,Active
D09306,Roy Davila,Sedan,Woodlands,4.85,Inactive
D09307,Anthony Green,SUV,Ang Mo Kio,3.52,Active
D09308,Charles Evans,Hatchback,Toa Payoh,3.62,Active
D09309,Kelsey Humphrey,SUV,Yishun,4.79,Active
D09310,Anthony Beck,SUV,Jurong,4.34,Active
D09311,Ryan Hubbard,Premium,Singapore,3.64,Active
D09312,Mary Barton,Sedan,Woodlands,3.67,Active
D09313,Donald Powell,Sedan,Bishan,4.4,Active
D09314,Michelle Sanchez,MPV,Punggol,4.12,Active
D09315,Thomas Neal,SUV,Bishan,4.66,Active
D09316,Briana Andrade,Sedan,Jurong,4.96,Active
D09317,Sheena Walters,SUV,Ang Mo Kio,3.85,Active
D09318,Jeffrey Martin,Sedan,Bishan,3.79,Inactive
D09319,Matthew Brown,SUV,Singapore,3.65,Active
D09320,Nathan Williams,SUV,Bedok,3.71,Active
D09321,Julie Butler,MPV,Singapore,4.13,Active
D09322,Michael Shields,Hatchback,Woodlands,4.83,Active
D09323,Sarah Goodwin,SUV,Jurong,4.24,Active
D09324,Melissa Johnson,Electric,Woodlands,3.65,Active
D09325,Susan Lynn,Hatchback,Ang Mo Kio,3.82,Active
D09326,Haley Kirby,Electric,Tampines,3.76,Inactive
D09327,Pamela Mercado,Electric,Jurong,3.74,Active
D09328,Kayla Mills,Sedan,Jurong,4.3,Active
D09329,Kelly Perez,Premium,Tampines,3.52,Active
D09330,Virginia Morales,MPV,Tampines,3.79,Active
D09331,Eric Snow,Electric,Tampines,4.38,Active
D09332,Carrie Newman,Premium,Toa Payoh,4.48,Active
D09333,Joseph Mendoza,MPV,Ang Mo Kio,4.04,Active
D09334,William Drake,Premium,Bishan,4.85,Active
D09335,Scott Hughes,Electric,Ang Mo Kio,4.96,Active
D09336,Amanda Buck,Hatchback,Punggol,4.91,Inactive
D09337,Cassandra Hodges,Sedan,Woodlands,3.86,Active
D09338,Roy Barker,Sedan,Bishan,4.6,Active
D09339,Kimberly Martinez,Premium,Toa Payoh,4.7,Active
D09340,Daniel Fuller,Sedan,Bishan,4.93,Suspended
D09341,Anthony Edwards,Premium,Jurong,3.99,Active
D09342,Stephanie Green,MPV,Bishan,4.59,Active
D09343,Adam Barnes,MPV,Toa Payoh,4.31,Active
D09344,Jill Camacho,Hatchback,Bedok,4.28,Active
D09345,Amanda Herman,SUV,Woodlands,3.53,Active
D09346,Alex Parrish,Hatchback,Toa Payoh,4.77,Active
D09347,Teresa Newman,Electric,Ang Mo Kio,3.57,Active
D09348,Joanna Oconnell,MPV,Ang Mo Kio,4.22,Active
D09349,Michael White,Hatchback,Jurong,3.87,Active
D09350,Bobby Rodriguez,Electric,Yishun,3.64,Active
D09351,Andrea White,Sedan,Jurong,3.54,Active
D09352,Kenneth Tate,MPV,Punggol,4.61,Active
D09353,Savannah Smith,Sedan,Ang Mo Kio,4.76,Active
D09354,Abigail Spears,SUV,Woodlands,4.25,Active
D09355,Thomas Castro,SUV,Bishan,4.22,Active
D09356,Justin White,Electric,Ang Mo Kio,4.39,Active
D09357,Veronica Day,SUV,Tampines,3.95,Active
D09358,Victor Jordan,Hatchback,Yishun,4.63,Active
D09359,Jerry Clark,Premium,Punggol,4.46,Inactive
D09360,Andrea Graves,Premium,Yishun,4.7,Active
D09361,Zachary Newman,Sedan,Bishan,3.88,Active
D09362,Lori Smith,Sedan,Punggol,4.09,Active
D09363,Melissa Bell,Sedan,Ang Mo Kio,4.93,Active
D09364,Melissa Vang,SUV,Toa Payoh,4.89,Active
D09365,Dr. Chad Andrews,Hatchback,Woodlands,4.26,Inactive
D09366,Joel Kelley,Electric,Bishan,4.28,Active
D09367,Desiree Davis,Electric,Tampines,4.91,Active
D09368,Kevin Orr,MPV,Ang Mo Kio,4.87,Active
D09369,Nathan Hamilton,Electric,Jurong,4.43,Suspended
D09370,Candice Mahoney,Electric,Toa Payoh,3.9,Active
D09371,Courtney Mcclain,Premium,Yishun,3.6,Active
D09372,Kenneth Tate,Electric,Bedok,4.81,Active
D09373,David Holmes,MPV,Ang Mo Kio,4.03,Active
D09374,Jared Woodard,MPV,Ang Mo Kio,4.37,Active
D09375,Lorraine Hernandez,Sedan,Singapore,4.22,Active
D09376,Felicia Mcdaniel,Premium,Bedok,3.79,Active
D09377,Christine Hunt,MPV,Singapore,4.47,Active
D09378,Bianca Chavez,Electric,Yishun,4.67,Active
D09379,Angela White,Electric,Ang Mo Kio,4.81,Active
D09380,Nancy Moore,Sedan,Yishun,4.32,Active
D09381,Valerie Hoffman,SUV,Toa Payoh,4.74,Active
D09382,Ricky Rodriguez,Premium,Toa Payoh,4.68,Active
D09383,Melanie Johnston,Hatchback,Yishun,4.77,Active
D09384,Abigail Moore,Premium,Bishan,4.41,Active
D09385,Ronald Morris,SUV,Punggol,4.74,Active
D09386,Jason Gilmore,Premium,Ang Mo Kio,3.63,Active
D09387,Jessica Harrison,Electric,Bishan,3.61,Active
D09388,Nicholas Cox,Electric,Toa Payoh,4.99,Active
D09389,Suzanne Mitchell,SUV,Singapore,4.33,Active
D09390,Laurie Dennis,MPV,Tampines,4.09,Active
D09391,Brianna Tanner,Sedan,Bedok,4.66,Active
D09392,Patty Lewis,Sedan,Toa Payoh,3.9,Active
D09393,Matthew Russell,Hatchback,Jurong,4.03,Inactive
D09394,Kevin Nguyen,Sedan,Yishun,3.78,Active
D09395,Lori Murphy,Sedan,Ang Mo Kio,4.26,Inactive
D09396,Patrick Boyd,Hatchback,Woodlands,4.7,Active
D09397,Derek Diaz,Premium,Bishan,3.69,Active
D09398,Willie Curtis,MPV,Toa Payoh,4.71,Active
D09399,Christopher Allen,Premium,Ang Mo Kio,4.0,Active
D09400,Melissa Koch,Sedan,Singapore,3.81,Active
D09401,Jacob Ayers,Hatchback,Ang Mo Kio,4.48,Active
D09402,Lauren Reynolds,Hatchback,Woodlands,3.64,Inactive
D09403,Anthony Santiago,Hatchback,Ang Mo Kio,4.08,Active
D09404,Steven Flores,Electric,Jurong,3.57,Active
D09405,Henry Gonzalez,Sedan,Bishan,4.76,Active
D09406,Kathleen Fleming,Hatchback,Bishan,4.8,Active
D09407,Stephen Richardson,MPV,Woodlands,3.65,Active
D09408,Albert Pierce,Hatchback,Yishun,3.96,Active
D09409,Ryan Rodriguez,Electric,Jurong,4.32,Active
D09410,Bianca Nichols,MPV,Singapore,4.6,Active
D09411,Christina Brooks,Electric,Tampines,4.21,Active
D09412,Richard Lee,Electric,Jurong,4.79,Active
D09413,Allison White,Electric,Yishun,4.81,Active
D09414,Jennifer Ramirez,SUV,Bedok,3.58,Active
D09415,Jordan Castro,Sedan,Bedok,4.31,Active
D09416,Lisa Martin,SUV,Jurong,3.87,Inactive
D09417,Michael Clements,Hatchback,Bedok,4.08,Active
D09418,Steven Howe,Premium,Woodlands,4.08,Active
D09419,Katie Cooper,SUV,Yishun,3.57,Active
D09420,Sierra Arnold,Sedan,Tampines,4.88,Inactive
D09421,Jamie Walls,SUV,Bedok,4.2,Active
D09422,Jacob Gutierrez,Hatchback,Singapore,4.54,Active
D09423,Ann Leon,Electric,Tampines,4.51,Suspended
D09424,John Gregory,MPV,Yishun,4.09,Active
D09425,Timothy Smith,MPV,Bishan,4.58,Active
D09426,Robert Ramirez,Electric,Tampines,4.47,Active
D09427,Michael Frey,SUV,Bishan,4.99,Active
D09428,Adam Jenkins,SUV,Tampines,3.98,Active
D09429,Shelley Dunn,Hatchback,Yishun,4.19,Inactive
D09430,Stephen Shaffer,Sedan,Toa Payoh,3.91,Active
D09431,Kimberly Jackson,Premium,Bishan,4.71,Active
D09432,Austin Frederick,Electric,Punggol,3.54,Inactive
D09433,Robert Gutierrez,Premium,Tampines,4.27,Active
D09434,Carolyn Wall,Electric,Tampines,4.21,Active
D09435,Courtney Morgan,Premium,Yishun,4.35,Active
D09436,Christopher Atkins,Electric,Punggol,4.84,Active
D09437,Kelly Schwartz,Electric,Punggol,3.54,Suspended
D09438,Mark Ramirez,SUV,Punggol,3.75,Active
D09439,Melissa Robinson,Premium,Bedok,3.58,Active
D09440,Shawn Vargas,Premium,Jurong,4.49,Active
D09441,Dawn Valdez,Sedan,Singapore,4.41,Active
D09442,Julian Kirby,MPV,Ang Mo Kio,4.8,Active
D09443,Charlene Sharp,MPV,Punggol,3.99,Active
D09444,Erica Harrison,Sedan,Punggol,4.75,Active
D09445,Thomas Middleton,Sedan,Punggol,4.86,Inactive
D09446,Alexander Rios,Electric,Woodlands,4.78,Active
D09447,Alyssa Riley,Premium,Woodlands,3.87,Active
D09448,Nicole Herman,SUV,Woodlands,4.73,Inactive
D09449,Michelle Nicholson,Premium,Yishun,4.88,Active
D09450,Ashley Carroll,SUV,Singapore,4.98,Active
D09451,Gregory Fernandez,Sedan,Bedok,4.32,Active
D09452,Angela Parsons,Electric,Ang Mo Kio,4.33,Inactive
D09453,Thomas Garcia,Electric,Ang Mo Kio,3.63,Active
D09454,Amy Garza,SUV,Toa Payoh,4.59,Active
D09455,Dawn Moreno,SUV,Yishun,3.91,Active
D09456,Taylor Smith,Sedan,Bedok,4.18,Active
D09457,Joanna Reid,Electric,Woodlands,4.85,Active
D09458,Elizabeth Zamora MD,Electric,Yishun,3.77,Active
D09459,Jennifer Lara,Sedan,Toa Payoh,4.72,Active
D09460,Christopher Thomas,Sedan,Woodlands,4.2,Active
D09461,Shane Mcdonald,Sedan,Ang Mo Kio,4.68,Active
D09462,Aaron Hester,Premium,Jurong,4.33,Inactive
D09463,Christopher Delgado,Hatchback,Woodlands,4.95,Inactive
D09464,Erin Callahan,SUV,Bishan,4.81,Active
D09465,Stephen Rosario,SUV,Bishan,4.36,Active
D09466,Donna Kirby,Hatchback,Toa Payoh,3.88,Active
D09467,Thomas Carter,SUV,Bishan,4.23,Active
D09468,Kelly Carroll,Premium,Tampines,4.88,Active
D09469,Patricia Ramirez,Premium,Singapore,4.24,Active
D09470,Dorothy Love,Sedan,Yishun,4.6,Active
D09471,Cathy Baldwin,Premium,Tampines,4.39,Active
D09472,James Wagner,Sedan,Ang Mo Kio,3.51,Active
D09473,Elizabeth Mcdonald,Electric,Jurong,3.5,Active
D09474,Dakota Salazar,SUV,Yishun,4.11,Active
D09475,Tamara Meyer,Premium,Tampines,4.79,Active
D09476,Tina Serrano,Premium,Singapore,4.62,Active
D09477,Cameron Willis,Premium,Tampines,4.27,Active
D09478,Timothy Ortega,MPV,Ang Mo Kio,4.43,Active
D09479,Kristy Young,MPV,Punggol,4.89,Active
D09480,Kimberly Kane,SUV,Jurong,3.51,Active
D09481,Luis White,SUV,Bedok,4.83,Active
D09482,Robert Walker,SUV,Singapore,4.66,Active
D09483,Samuel Roth,Premium,Woodlands,3.58,Active
D09484,Sally Gonzalez,Electric,Singapore,4.14,Active
D09485,Alexander Richards,SUV,Tampines,3.54,Active
D09486,Noah Coleman,Premium,Toa Payoh,4.44,Active
D09487,Chris Rosario,MPV,Singapore,3.85,Active
D09488,Pamela York,Sedan,Toa Payoh,4.05,Active
D09489,Charles Williams,SUV,Jurong,4.08,Active
D09490,Carolyn Smith,Electric,Punggol,4.16,Active
D09491,Christopher Garza,MPV,Ang Mo Kio,4.26,Active
D09492,Brenda Brown,Sedan,Toa Payoh,4.0,Active
D09493,Erica Burton,SUV,Singapore,4.73,Inactive
D09494,Shelly Fisher,Hatchback,Ang Mo Kio,4.85,Active
D09495,Derek Silva,Sedan,Punggol,3.91,Active
D09496,Jonathan Bates,Hatchback,Bishan,4.69,Active
D09497,Charles Erickson,Sedan,Toa Payoh,3.85,Active
D09498,Jonathan Hamilton,Hatchback,Singapore,4.75,Active
D09499,Pamela Nguyen,Hatchback,Ang Mo Kio,3.85,Active
D09500,Philip Young,Premium,Bedok,4.87,Active
D09501,Evan Newton,MPV,Jurong,3.51,Active
D09502,Colleen Perry,SUV,Singapore,3.52,Active
D09503,Sherry Jenkins,Sedan,Ang Mo Kio,4.08,Active
D09504,Amanda Rowland,Sedan,Jurong,4.1,Inactive
D09505,Ashley May,MPV,Toa Payoh,4.92,Active
D09506,David Allen,Electric,Jurong,3.96,Inactive
D09507,Amanda Dixon,Premium,Singapore,4.74,Active
D09508,Jennifer Jones,Premium,Bishan,4.25,Active
D09509,Cindy Gonzales,Electric,Tampines,4.55,Active
D09510,Steven Ball,Sedan,Singapore,4.94,Active
D09511,Richard Evans,Electric,Jurong,4.66,Active
D09512,Sarah Jones,SUV,Tampines,3.73,Active
D09513,Daniel Watkins,Premium,Bedok,3.72,Active
D09514,William May,MPV,Yishun,4.47,Active
D09515,John Alvarado,Premium,Singapore,3.96,Active
D09516,Ashley Dominguez,SUV,Woodlands,3.71,Active
D09517,Donald Day,Electric,Bishan,3.73,Active
D09518,Michael Lane,Premium,Tampines,4.39,Active
D09519,Zachary Villarreal,Electric,Jurong,4.72,Active
D09520,Melissa Key,Sedan,Bishan,4.66,Active
D09521,Jeffrey Barber,Premium,Woodlands,4.09,Inactive
D09522,Mark Frank,Sedan,Punggol,4.02,Active
D09523,Derrick Malone,SUV,Punggol,4.19,Active
D09524,Gregory Powers,Sedan,Tampines,4.36,Active
D09525,Trevor Hernandez,Premium,Punggol,4.61,Active
D09526,Adam Mcdonald,Premium,Ang Mo Kio,4.71,Active
D09527,Kayla Mason,MPV,Jurong,4.2,Suspended
D09528,Kevin Newman,SUV,Singapore,4.23,Active
D09529,April Nelson,MPV,Tampines,4.24,Active
D09530,Jessica Smith,MPV,Toa Payoh,4.76,Active
D09531,Patrick Foster,Premium,Woodlands,3.82,Active
D09532,Kimberly Johnson,Hatchback,Yishun,4.31,Active
D09533,Kendra Fowler,SUV,Singapore,4.01,Active
D09534,Chris Martin,Premium,Woodlands,3.61,Active
D09535,Amy Brock,Premium,Punggol,3.86,Active
D09536,Sharon Robertson MD,Electric,Jurong,4.13,Active
D09537,Joe Davis,Premium,Ang Mo Kio,4.17,Active
D09538,Jessica Rogers,SUV,Ang Mo Kio,4.36,Active
D09539,David Lopez,Premium,Bishan,4.14,Active
D09540,Eric Gardner,Hatchback,Toa Payoh,3.71,Inactive
D09541,Todd Oliver,SUV,Singapore,4.42,Active
D09542,Daniel Bennett,Sedan,Ang Mo Kio,4.49,Active
D09543,Stephanie Simmons,Premium,Bedok,4.18,Active
D09544,Laura Barber,Hatchback,Ang Mo Kio,4.92,Active
D09545,David Brown,Hatchback,Yishun,3.78,Active
D09546,John Shaffer,Sedan,Woodlands,4.78,Active
D09547,Kyle Williams,Hatchback,Bedok,4.03,Active
D09548,Melanie Stewart,SUV,Tampines,4.24,Active
D09549,Shannon Campbell,Electric,Woodlands,4.74,Active
D09550,Joseph King,Electric,Yishun,4.23,Active
D09551,Zachary Wright,MPV,Singapore,4.78,Active
D09552,Stephanie Yates,Premium,Punggol,4.05,Active
D09553,Katie Moon,Hatchback,Bishan,4.5,Active
D09554,Michele Torres,SUV,Yishun,3.76,Active
D09555,Yvette Wells,Hatchback,Bishan,3.99,Inactive
D09556,Amanda Williams,Premium,Ang Mo Kio,3.66,Suspended
D09557,Daniel Roberts,Electric,Singapore,4.96,Active
D09558,Zachary Carr,Electric,Bedok,4.09,Active
D09559,Kathleen Kim,Premium,Tampines,4.63,Active
D09560,Charles Herman,Sedan,Punggol,3.78,Active
D09561,Julia Jones,Electric,Woodlands,3.92,Active
D09562,Logan Rogers,SUV,Punggol,4.7,Active
D09563,Spencer Vazquez,Hatchback,Bishan,3.66,Active
D09564,Maria Anderson,MPV,Bishan,4.74,Suspended
D09565,Marissa Chaney,Electric,Yishun,4.32,Active
D09566,Travis Barnes,Electric,Yishun,4.8,Active
D09567,Elizabeth Brown,Hatchback,Bishan,3.64,Active
D09568,Shawn Hall,Hatchback,Yishun,4.8,Active
D09569,Thomas York,Premium,Punggol,4.11,Active
D09570,Kristen Douglas,Hatchback,Jurong,4.45,Active
D09571,Stanley Pacheco,Premium,Bishan,4.34,Active
D09572,Jacqueline Schneider,Electric,Jurong,4.37,Active
D09573,Paul Rodriguez,Premium,Bishan,4.21,Inactive
D09574,Joshua Smith,Premium,Bishan,4.41,Active
D09575,Katherine Stewart,Hatchback,Yishun,3.65,Active
D09576,Ronald Burns,Hatchback,Yishun,4.38,Active
D09577,Mary Decker,Hatchback,Bishan,4.13,Inactive
D09578,Mario Roth,MPV,Bishan,4.01,Active
D09579,Alex Chung,Hatchback,Singapore,4.98,Active
D09580,Jessica Berry,Premium,Yishun,4.15,Active
D09581,Brooke Camacho,MPV,Ang Mo Kio,3.75,Active
D09582,James Johnson,MPV,Bishan,4.04,Active
D09583,Michele Young,Premium,Bedok,4.55,Active
D09584,Bianca Ruiz,Hatchback,Bedok,4.65,Active
D09585,Ryan Hill Jr.,SUV,Toa Payoh,4.2,Active
D09586,Richard Gardner,Premium,Toa Payoh,4.02,Active
D09587,Calvin Hawkins,Premium,Tampines,4.14,Active
D09588,Mr. Chris Clayton,Electric,Yishun,3.7,Active
D09589,Sarah Cole,Hatchback,Tampines,4.46,Active
D09590,Jaime Murray,Hatchback,Toa Payoh,4.61,Active
D09591,Ashley Sims,Hatchback,Punggol,4.9,Active
D09592,Tonya Oneal,SUV,Tampines,3.98,Active
D09593,Joel Marshall,Sedan,Yishun,4.72,Active
D09594,Raymond Calhoun,SUV,Woodlands,4.94,Active
D09595,Michael Morris,Electric,Bishan,4.05,Inactive
D09596,Sandra Ramirez,Sedan,Punggol,4.92,Active
D09597,Paul Mullen,Sedan,Bedok,4.44,Inactive
D09598,Carrie Salazar,Hatchback,Woodlands,4.28,Active
D09599,Adam Alvarado,SUV,Yishun,4.53,Active
D09600,Shawn Williams,Hatchback,Woodlands,4.51,Active
D09601,Michelle Garza,SUV,Toa Payoh,3.62,Active
D09602,Willie Garcia,SUV,Singapore,3.69,Inactive
D09603,Lindsey Ryan,Electric,Toa Payoh,4.49,Active
D09604,David Burns,Sedan,Toa Payoh,4.91,Active
D09605,Shannon Hoffman,Hatchback,Bishan,3.85,Active
D09606,Jessica Good,MPV,Bishan,3.75,Active
D09607,Heather Frost,SUV,Singapore,4.14,Suspended
D09608,Alan Wood,SUV,Woodlands,3.82,Active
D09609,Dawn Scott,Sedan,Jurong,4.48,Active
D09610,Benjamin Webb,Premium,Yishun,4.67,Suspended
D09611,James Gonzalez,Sedan,Singapore,3.93,Active
D09612,Michael Lee,Sedan,Bedok,4.85,Active
D09613,Gregory Jensen,MPV,Jurong,4.48,Active
D09614,Christopher Petersen,Premium,Bedok,4.75,Active
D09615,Jose Mcconnell,MPV,Singapore,3.58,Active
D09616,Melissa Rodriguez,MPV,Toa Payoh,4.22,Active
D09617,Andrew Vargas,MPV,Bedok,4.42,Suspended
D09618,David Owens,Premium,Bishan,4.3,Active
D09619,Andrew Preston,Premium,Bishan,4.11,Active
D09620,Christina Lowery,Hatchback,Bishan,3.71,Active
D09621,Samantha Morrison,Sedan,Singapore,3.63,Active
D09622,Maria Gonzalez,Premium,Singapore,4.1,Active
D09623,John Cooper,MPV,Jurong,3.64,Active
D09624,Amber Gutierrez,Sedan,Singapore,3.86,Active
D09625,Sean Patel,SUV,Woodlands,4.91,Active
D09626,Shannon Thompson,SUV,Ang Mo Kio,3.63,Active
D09627,Selena Wright,Premium,Toa Payoh,4.97,Active
D09628,Heather King,SUV,Yishun,5.0,Active
D09629,James Newman,Sedan,Jurong,3.95,Active
D09630,Michael Martinez,MPV,Bedok,3.97,Active
D09631,Kristina Vasquez,Sedan,Singapore,4.23,Active
D09632,Jordan Crawford,MPV,Tampines,3.67,Inactive
D09633,Noah Wood,SUV,Bedok,3.9,Active
D09634,Rebecca Jones MD,Electric,Singapore,4.53,Active
D09635,Christopher Christensen,Electric,Tampines,4.54,Active
D09636,Craig Flores,Sedan,Bishan,4.08,Active
D09637,Michael Chapman,SUV,Bedok,3.67,Active
D09638,Michele Smith,MPV,Ang Mo Kio,3.54,Inactive
D09639,Jaime Woods,Hatchback,Toa Payoh,4.11,Active
D09640,Theresa Cohen,Hatchback,Jurong,4.38,Active
D09641,Evan Johnson,Electric,Bedok,4.26,Inactive
D09642,Stephanie Torres,Premium,Tampines,4.54,Active
D09643,Zachary Weber,Hatchback,Woodlands,4.39,Active
D09644,Christopher Hill,SUV,Yishun,3.56,Active
D09645,Joan Mckenzie,Electric,Singapore,4.96,Active
D09646,Megan Shannon,Hatchback,Yishun,3.52,Active
D09647,Jennifer Patel,Premium,Ang Mo Kio,4.65,Active
D09648,Donald Park,Premium,Yishun,4.48,Active
D09649,Amber Beasley,Electric,Bishan,4.4,Active
D09650,Ronald Mueller,Electric,Jurong,4.76,Active
D09651,Kimberly Newman,Electric,Bedok,3.86,Active
D09652,Adam Carrillo,MPV,Bishan,4.06,Suspended
D09653,Derek Warren,Sedan,Singapore,4.42,Active
D09654,Melissa Peters,Sedan,Ang Mo Kio,4.78,Suspended
D09655,Derek Stout,MPV,Punggol,4.62,Active
D09656,Eric Bennett,SUV,Yishun,3.64,Inactive
D09657,Tina Gonzalez,Sedan,Tampines,4.23,Suspended
D09658,Chad Jones,Hatchback,Jurong,3.65,Active
D09659,Adam Camacho,Sedan,Singapore,4.09,Active
D09660,Jennifer Howard,Hatchback,Punggol,4.5,Active
D09661,Brett Humphrey,MPV,Bishan,4.05,Active
D09662,Heather Jones,SUV,Yishun,4.31,Active
D09663,Lisa Holt,Premium,Singapore,4.28,Active
D09664,Kimberly Haas,Premium,Woodlands,4.2,Active
D09665,Zachary King,Sedan,Tampines,4.35,Active
D09666,Patrick Brady,MPV,Ang Mo Kio,4.1,Active
D09667,Barbara Gates,SUV,Tampines,4.12,Active
D09668,Garrett Mendoza,Hatchback,Bedok,4.11,Active
D09669,Diana Williams,MPV,Tampines,4.19,Active
D09670,Michael Bowen,SUV,Singapore,3.78,Active
D09671,Morgan Anderson,Sedan,Toa Payoh,3.73,Active
D09672,Jessica Butler,Premium,Woodlands,4.88,Active
D09673,Julie Thomas,SUV,Bedok,4.21,Active
D09674,Michael Hernandez,Hatchback,Ang Mo Kio,4.06,Active
D09675,Melissa Vaughn,Premium,Toa Payoh,3.52,Active
D09676,Christina Floyd,Electric,Toa Payoh,3.91,Active
D09677,John Greene,SUV,Bedok,4.7,Active
D09678,Courtney Johnson,Electric,Toa Payoh,3.92,Active
D09679,Sharon Diaz,MPV,Yishun,4.89,Active
D09680,Mark Wilson,MPV,Toa Payoh,4.85,Active
D09681,James Greene,MPV,Tampines,4.35,Active
D09682,John Ross,Hatchback,Toa Payoh,3.59,Active
D09683,Mathew Reese,Hatchback,Woodlands,4.19,Active
D09684,Lisa Bell,MPV,Tampines,4.69,Active
D09685,Melanie King,Electric,Bedok,4.27,Active
D09686,Natalie Hebert,MPV,Bishan,4.88,Active
D09687,Brendan Powers,MPV,Tampines,4.82,Active
D09688,Monica Gardner,Premium,Tampines,3.98,Suspended
D09689,Jessica Jones,Hatchback,Jurong,3.9,Active
D09690,James Rogers,Hatchback,Woodlands,3.98,Active
D09691,Adrian Hernandez,Sedan,Bedok,4.33,Active
D09692,Kevin Hess,Premium,Toa Payoh,3.79,Inactive
D09693,Lori Powell,Premium,Jurong,4.34,Active
D09694,Laura Willis,MPV,Bedok,4.78,Active
D09695,Jennifer Gomez,Hatchback,Singapore,4.09,Active
D09696,Rodney Dixon,Sedan,Bedok,4.98,Active
D09697,Kenneth White,MPV,Bedok,4.45,Active
D09698,Allison Houston,Electric,Punggol,4.11,Active
D09699,Melissa Johnson,Premium,Yishun,4.03,Active
D09700,April Atkinson,Premium,Singapore,4.34,Active
D09701,David Sanchez,Hatchback,Yishun,4.18,Active
D09702,David Hernandez,Sedan,Toa Payoh,4.11,Active
D09703,Elizabeth Martin,Premium,Ang Mo Kio,3.96,Active
D09704,Angelica Walker,SUV,Punggol,3.65,Active
D09705,Hunter West,MPV,Bishan,4.93,Active
D09706,Daniel Mathews,Electric,Yishun,4.89,Active
D09707,Sarah Sanford,Hatchback,Tampines,3.62,Active
D09708,Ryan Zuniga,Electric,Toa Payoh,3.54,Active
D09709,Stephanie Freeman,SUV,Yishun,4.92,Suspended
D09710,Samantha Hoffman,Sedan,Yishun,3.71,Suspended
D09711,Roberta Johnson MD,Hatchback,Punggol,4.78,Active
D09712,Robert Lawrence,Hatchback,Tampines,4.79,Active
D09713,Bradley Robinson,MPV,Bedok,3.53,Suspended
D09714,Stephanie Romero,Hatchback,Toa Payoh,4.78,Active
D09715,Tyler Holmes,Electric,Singapore,3.82,Active
D09716,Nichole Henderson,Sedan,Bedok,4.09,Active
D09717,Ryan Romero,Hatchback,Ang Mo Kio,4.45,Active
D09718,Cathy Diaz,Hatchback,Jurong,4.51,Active
D09719,Andrea Cole,Electric,Punggol,4.35,Active
D09720,Robert Henderson,Electric,Jurong,4.38,Active
D09721,Alexander Lee,Electric,Woodlands,3.91,Active
D09722,Amber Jones,Hatchback,Punggol,3.86,Active
D09723,Maria Martinez,Premium,Ang Mo Kio,4.16,Active
D09724,Nathaniel Wood,Hatchback,Singapore,3.69,Active
D09725,Angel Mendoza,Electric,Bedok,4.25,Active
D09726,Lisa Cain,Sedan,Tampines,4.82,Inactive
D09727,Jeffrey Adams,Hatchback,Bedok,3.93,Active
D09728,Teresa Kim,Premium,Punggol,4.54,Active
D09729,Randy Thomas,Electric,Bedok,4.27,Active
D09730,Samantha Payne,Sedan,Punggol,4.73,Active
D09731,Colleen Morris,Hatchback,Bedok,3.84,Active
D09732,Carolyn Carter MD,SUV,Bedok,4.91,Active
D09733,Tony Harris Jr.,Hatchback,Tampines,4.42,Active
D09734,Denise Pena,Sedan,Bishan,4.54,Active
D09735,Mr. Michael Foster,Sedan,Ang Mo Kio,4.57,Inactive
D09736,David Briggs,Sedan,Bishan,4.79,Active
D09737,Hannah Conway,Sedan,Tampines,3.88,Active
D09738,Richard Lewis,Hatchback,Jurong,4.53,Active
D09739,Nicole Riley,MPV,Tampines,3.62,Active
D09740,Jeffrey Collins,SUV,Jurong,4.73,Active
D09741,Jose Mccann,Premium,Singapore,4.04,Active
D09742,Sharon Taylor,MPV,Yishun,4.53,Suspended
D09743,Holly Roberts,Electric,Tampines,4.41,Active
D09744,Lawrence Watkins,Sedan,Bishan,4.45,Active
D09745,Angela Stevens,Hatchback,Tampines,3.79,Active
D09746,Charles Gonzalez,Electric,Toa Payoh,3.59,Inactive
D09747,Russell Morris,Electric,Bedok,4.94,Active
D09748,Cody Allen,Hatchback,Punggol,4.35,Active
D09749,Leslie Robertson,Sedan,Woodlands,3.66,Active
D09750,Chloe Johnson,Sedan,Bishan,4.75,Active
D09751,Craig Edwards,MPV,Toa Payoh,4.1,Active
D09752,Morgan Acosta,Premium,Tampines,3.79,Active
D09753,Justin Walker,Premium,Toa Payoh,4.22,Active
D09754,Evelyn White,Electric,Toa Payoh,4.41,Active
D09755,Breanna Rocha,SUV,Woodlands,4.85,Active
D09756,Rebecca Morrison,SUV,Ang Mo Kio,4.69,Active
D09757,Scott Jenkins,MPV,Tampines,4.68,Active
D09758,Heather Powell,Electric,Singapore,4.78,Active
D09759,Matthew Hill,Hatchback,Bedok,4.62,Active
D09760,Jennifer Conley,Hatchback,Ang Mo Kio,4.25,Active
D09761,Jeff Phillips,Electric,Tampines,3.69,Active
D09762,Tammy Johnson,Premium,Punggol,3.7,Active
D09763,Susan Collins,Sedan,Bedok,4.53,Active
D09764,Dillon Preston,Electric,Bedok,3.8,Active
D09765,Diana Miller MD,Sedan,Tampines,4.21,Active
D09766,Austin Hernandez,Electric,Bishan,4.59,Active
D09767,Sandra Meadows,SUV,Ang Mo Kio,4.67,Active
D09768,Emily Pearson,SUV,Punggol,4.05,Suspended
D09769,Sean Perkins,MPV,Toa Payoh,4.0,Active
D09770,Russell Smith,Premium,Tampines,3.85,Active
D09771,Robert Klein,Electric,Woodlands,3.82,Active
D09772,Steven Miller,Premium,Toa Payoh,4.42,Active
D09773,Frank Hale,Premium,Bishan,3.98,Active
D09774,Joseph Morrison,Electric,Tampines,4.67,Inactive
D09775,Patricia Barker,Sedan,Bedok,4.15,Active
D09776,Juan Williams,Premium,Yishun,4.71,Active
D09777,Luke Robinson,Electric,Tampines,4.41,Active
D09778,Sarah Dawson,Sedan,Toa Payoh,4.37,Active
D09779,Holly Brooks,MPV,Singapore,4.3,Inactive
D09780,Jamie Garcia,Sedan,Toa Payoh,4.42,Active
D09781,Lauren Ferguson,Premium,Woodlands,4.54,Active
D09782,Whitney French,Premium,Singapore,4.69,Active
D09783,Jeff Watts,Sedan,Bedok,4.0,Active
D09784,Richard Griffin,SUV,Toa Payoh,4.73,Active
D09785,Leslie Parker,Electric,Punggol,4.66,Active
D09786,Christina Burgess,MPV,Punggol,4.51,Inactive
D09787,Olivia Wells,Sedan,Bedok,4.26,Active
D09788,Kimberly Burgess,Premium,Singapore,4.91,Active
D09789,Yolanda Pacheco,Hatchback,Jurong,3.92,Active
D09790,Daniel Morgan,Electric,Jurong,3.9,Active
D09791,Justin Reed,Sedan,Bishan,4.31,Active
D09792,Andrew Ortega,MPV,Bedok,4.9,Active
D09793,Daniel Mcpherson,SUV,Punggol,3.91,Inactive
D09794,Michael Christian,Hatchback,Toa Payoh,4.76,Active
D09795,Christopher Sparks,Electric,Yishun,4.88,Inactive
D09796,Thomas Sanders,MPV,Toa Payoh,4.23,Active
D09797,Dana Figueroa,Premium,Bishan,4.05,Active
D09798,Anthony Cross,Sedan,Tampines,4.4,Active
D09799,Jacob Lee,Sedan,Bedok,3.62,Active
D09800,Luis Hayes,SUV,Toa Payoh,4.83,Inactive
D09801,Timothy Johnson,Hatchback,Toa Payoh,4.98,Active
D09802,Johnny Carter,Sedan,Bishan,4.53,Active
D09803,Chris Wilson,MPV,Bedok,4.17,Suspended
D09804,Sharon Moreno,Electric,Bedok,3.91,Active
D09805,Charles Cooper,Sedan,Toa Payoh,4.05,Active
D09806,Deborah Hudson,SUV,Jurong,4.84,Active
D09807,Sarah Quinn,Electric,Woodlands,4.41,Active
D09808,Andrew Buchanan,SUV,Tampines,3.92,Active
D09809,Beverly Mayo,Sedan,Yishun,4.42,Active
D09810,Dr. Michelle Guzman DDS,Hatchback,Ang Mo Kio,4.98,Active
D09811,Timothy Davis,MPV,Punggol,4.09,Active
D09812,David Anderson,SUV,Singapore,4.9,Active
D09813,Christina Baker,Hatchback,Toa Payoh,4.78,Active
D09814,Laura Brown,Hatchback,Bedok,4.65,Inactive
D09815,Hector Rogers,MPV,Yishun,4.25,Active
D09816,Robert Gill,Premium,Tampines,4.8,Active
D09817,Sophia Robertson,Hatchback,Tampines,4.09,Active
D09818,Emma Summers,SUV,Bedok,3.7,Active
D09819,Anne Moore,Sedan,Punggol,3.9,Active
D09820,David Stevens,Electric,Bishan,4.26,Active
D09821,Julie Harris,Electric,Yishun,3.88,Active
D09822,Diana Hopkins,Hatchback,Tampines,4.24,Active
D09823,Catherine Morgan,Sedan,Ang Mo Kio,4.09,Active
D09824,Shari Ruiz,Premium,Singapore,4.71,Active
D09825,Mark Boyd,SUV,Jurong,4.56,Active
D09826,David Montgomery,MPV,Bishan,4.39,Active
D09827,Michael Cochran,Electric,Yishun,4.13,Active
D09828,Mary Bell,Premium,Punggol,3.68,Active
D09829,Megan Gilbert,MPV,Bishan,3.68,Active
D09830,Javier Thompson,Sedan,Toa Payoh,4.1,Active
D09831,Joshua Evans,Hatchback,Singapore,3.56,Active
D09832,Michael Ward,SUV,Punggol,3.53,Active
D09833,Laurie Bennett,Hatchback,Ang Mo Kio,4.4,Active
D09834,Jennifer Gonzalez,MPV,Ang Mo Kio,3.63,Inactive
D09835,Brian Luna,Sedan,Punggol,3.6,Active
D09836,Gary Allen,Premium,Bedok,4.63,Active
D09837,Danielle Meyer,SUV,Bedok,3.57,Active
D09838,Ellen Smith,Hatchback,Woodlands,4.68,Active
D09839,Mrs. Erin Burnett DDS,MPV,Bishan,4.01,Active
D09840,Lindsey Hayes,Premium,Tampines,4.17,Active
D09841,Andrew Clark,Sedan,Bedok,4.1,Active
D09842,Emily Griffith,MPV,Ang Mo Kio,3.83,Active
D09843,Marie Bruce,Electric,Bishan,4.18,Active
D09844,Ronald Day,Hatchback,Punggol,3.89,Active
D09845,Cindy Wilson,Electric,Bishan,4.22,Active
D09846,Julia Gomez,Premium,Yishun,3.57,Active
D09847,Jack Walters,Electric,Jurong,4.35,Active
D09848,Laura Matthews,Hatchback,Ang Mo Kio,5.0,Active
D09849,Kenneth Gibbs II,Premium,Singapore,4.68,Active
D09850,Shelley Franklin,Electric,Ang Mo Kio,4.67,Active
D09851,Tina Flores,SUV,Yishun,4.45,Suspended
D09852,Manuel Hardy,Premium,Ang Mo Kio,3.83,Active
D09853,Jared Baker,Hatchback,Yishun,3.78,Active
D09854,Courtney Herrera,MPV,Punggol,4.4,Active
D09855,Sarah Young,MPV,Singapore,4.2,Active
D09856,Tanner Brown,SUV,Yishun,4.45,Active
D09857,Stephen Ross,Sedan,Bedok,4.55,Active
D09858,Mrs. Jennifer Kramer MD,SUV,Jurong,3.64,Active
D09859,Glenn Gilbert,MPV,Singapore,4.92,Active
D09860,Mrs. Tamara Scott MD,Sedan,Punggol,4.23,Active
D09861,Jeffrey Anderson,Hatchback,Ang Mo Kio,4.61,Active
D09862,Mario Cook,Hatchback,Toa Payoh,4.6,Active
D09863,Sandra Lucero,Electric,Ang Mo Kio,4.22,Inactive
D09864,Mary Huffman,SUV,Ang Mo Kio,4.18,Active
D09865,Rebecca Barton,Premium,Jurong,4.32,Active
D09866,Carlos Miller,Premium,Ang Mo Kio,3.51,Active
D09867,Jacqueline Mitchell,SUV,Ang Mo Kio,4.4,Active
D09868,Russell Mercado,Hatchback,Bishan,3.93,Active
D09869,Misty Chapman,Electric,Toa Payoh,4.08,Active
D09870,Kaitlyn Brady,Sedan,Woodlands,4.71,Active
D09871,Tara Kaiser,Hatchback,Yishun,3.8,Active
D09872,Kim Gamble,Sedan,Singapore,4.88,Active
D09873,Javier Daniels IV,Sedan,Ang Mo Kio,4.96,Inactive
D09874,James Hammond,Premium,Tampines,3.91,Active
D09875,Brianna Morgan,Sedan,Tampines,3.51,Active
D09876,Ashley Sanchez,Sedan,Bedok,3.71,Active
D09877,Jenna Price,Premium,Bishan,4.45,Active
D09878,Erin Hart,MPV,Bishan,3.56,Inactive
D09879,Melissa Fox,Electric,Punggol,3.84,Active
D09880,Manuel Ward,Electric,Toa Payoh,4.17,Active
D09881,Nathan Jackson,Electric,Yishun,3.64,Active
D09882,Sandra Pratt,Electric,Jurong,4.82,Active
D09883,Barry Lee,SUV,Toa Payoh,3.61,Active
D09884,Jacob Parker,Hatchback,Tampines,4.34,Active
D09885,Krista Nelson,Electric,Jurong,3.76,Inactive
D09886,Michael Munoz,Hatchback,Jurong,3.55,Active
D09887,James Zamora,Premium,Toa Payoh,4.55,Inactive
D09888,Matthew Olsen,SUV,Toa Payoh,3.92,Active
D09889,Jamie Ward,Sedan,Ang Mo Kio,3.67,Active
D09890,Emily Lee,Hatchback,Jurong,4.32,Inactive
D09891,Wesley Roman,SUV,Jurong,4.22,Active
D09892,Zachary Smith,Hatchback,Woodlands,4.68,Active
D09893,Richard Johnson,Premium,Woodlands,4.8,Active
D09894,Lucas Simon,Electric,Woodlands,3.52,Active
D09895,Isabel Carey,Sedan,Woodlands,4.36,Active
D09896,Kenneth Mckenzie,Premium,Punggol,4.93,Active
D09897,Brian Phelps,MPV,Bedok,3.7,Active
D09898,Stephanie Mcguire,Sedan,Bedok,4.88,Active
D09899,Teresa Barrett,SUV,Punggol,3.87,Active
D09900,Peggy Berry,Hatchback,Yishun,3.7,Active
D09901,Kenneth Stephens,Electric,Yishun,4.31,Active
D09902,Jesse Poole,Premium,Woodlands,3.7,Active
D09903,Melissa Gregory MD,SUV,Punggol,3.87,Active
D09904,William Juarez,Premium,Tampines,4.53,Active
D09905,Mary Mejia,Electric,Ang Mo Kio,4.14,Active
D09906,Cheryl Woodward,Electric,Punggol,3.58,Active
D09907,Lisa Johnson,Hatchback,Woodlands,4.91,Active
D09908,David Shields,Sedan,Yishun,4.15,Active
D09909,Michelle Abbott,Sedan,Ang Mo Kio,3.82,Inactive
D09910,Steven Wilson,SUV,Yishun,4.4,Active
D09911,Tracy Robles,MPV,Bishan,3.88,Active
D09912,Jennifer Ramos,Premium,Yishun,4.52,Active
D09913,Christopher Wells,MPV,Woodlands,4.8,Suspended
D09914,Mr. Nathaniel Rice,Sedan,Bedok,3.91,Active
D09915,Joseph Pham,Hatchback,Bedok,4.93,Active
D09916,Lisa Davis,Electric,Bedok,4.85,Active
D09917,Kimberly Marshall,SUV,Toa Payoh,4.89,Active
D09918,Kathleen Irwin,MPV,Singapore,3.67,Active
D09919,Cynthia Holmes,Electric,Punggol,3.89,Active
D09920,Randy Williams,Hatchback,Singapore,3.56,Active
D09921,Nicole Erickson,Premium,Ang Mo Kio,3.82,Active
D09922,Kevin Curtis,MPV,Yishun,4.3,Active
D09923,Sherry Carey,Premium,Bishan,3.54,Active
D09924,Greg Mccarty,Hatchback,Woodlands,4.89,Active
D09925,Margaret West,Hatchback,Woodlands,4.14,Active
D09926,Emily Long,Hatchback,Woodlands,4.84,Active
D09927,Joseph Chapman,MPV,Toa Payoh,4.88,Inactive
D09928,Christopher Duran,Hatchback,Ang Mo Kio,4.86,Active
D09929,Jamie Keller,SUV,Singapore,3.96,Active
D09930,Jamie Ross,Sedan,Singapore,3.61,Active
D09931,Kevin Clark,Premium,Tampines,4.8,Active
D09932,Benjamin Dominguez,Sedan,Singapore,4.18,Active
D09933,Jeffrey Wise,Hatchback,Punggol,4.62,Inactive
D09934,Jacob Dixon,Electric,Singapore,4.29,Inactive
D09935,Jack Snyder,Electric,Toa Payoh,4.57,Inactive
D09936,Joshua Beasley,MPV,Punggol,4.41,Active
D09937,Kimberly Gibson,Electric,Yishun,4.18,Active
D09938,Marc Patterson,SUV,Singapore,4.49,Active
D09939,Theresa Casey,Hatchback,Bedok,4.58,Active
D09940,Emily Perez,Sedan,Bedok,4.1,Inactive
D09941,Russell Scott,SUV,Woodlands,3.74,Active
D09942,Elizabeth Morgan,Premium,Bedok,4.89,Active
D09943,Krystal Novak,Sedan,Jurong,4.94,Active
D09944,Jacqueline Johnson,Electric,Bedok,4.18,Active
D09945,Kim Peterson,MPV,Woodlands,4.54,Active
D09946,Michael Scott,Premium,Toa Payoh,4.03,Active
D09947,Susan Gibson,Sedan,Woodlands,3.69,Active
D09948,Randall Cole,Sedan,Singapore,4.4,Active
D09949,Jennifer Burton,SUV,Tampines,4.72,Active
D09950,Thomas Jenkins,Hatchback,Bishan,4.34,Active
D09951,Katelyn Richardson,Electric,Woodlands,4.75,Active
D09952,Jennifer Martin,Sedan,Bedok,4.55,Active
D09953,Eric Liu,Sedan,Bishan,4.69,Active
D09954,Jose Banks,Sedan,Toa Payoh,4.38,Active
D09955,Douglas Humphrey,SUV,Bedok,3.64,Active
D09956,Jason Martin,Sedan,Yishun,4.05,Active
D09957,Brian Hill,Electric,Punggol,4.43,Active
D09958,Wesley Jones,Sedan,Bedok,4.94,Active
D09959,Rodney Palmer,MPV,Jurong,3.82,Active
D09960,Julie Poole,Hatchback,Jurong,4.75,Active
D09961,Misty Jimenez,MPV,Punggol,3.96,Active
D09962,Madison Khan,SUV,Jurong,4.45,Active
D09963,Nicholas Shields,Electric,Bishan,4.2,Active
D09964,Scott Franklin,MPV,Tampines,4.67,Active
D09965,Rhonda Castro,Premium,Jurong,4.4,Active
D09966,Stephanie Alexander,Electric,Punggol,4.25,Active
D09967,Lauren Roberson,Hatchback,Bishan,4.32,Inactive
D09968,David Price,Hatchback,Woodlands,4.08,Active
D09969,Daniel Rogers,Hatchback,Bishan,4.71,Active
D09970,Marissa Francis,MPV,Jurong,4.08,Active
D09971,Timothy Day,SUV,Punggol,3.83,Active
D09972,Katrina Mcclure,Hatchback,Toa Payoh,3.89,Inactive
D09973,Ryan Willis,Sedan,Woodlands,4.5,Active
D09974,Matthew Mora,Sedan,Toa Payoh,4.45,Inactive
D09975,Matthew Gordon,Electric,Ang Mo Kio,4.47,Active
D09976,Adam Eaton,Hatchback,Jurong,4.87,Active
D09977,Marie Galvan,Sedan,Bedok,3.67,Active
D09978,Amy Cannon,MPV,Yishun,4.05,Active
D09979,Melinda Nelson,Premium,Yishun,4.8,Active
D09980,Joel Simmons,MPV,Bishan,4.21,Active
D09981,Jessica Williams,Sedan,Woodlands,4.41,Active
D09982,Mrs. Nicole Delacruz,Hatchback,Toa Payoh,4.16,Active
D09983,Brent Davis,Sedan,Bishan,4.15,Active
D09984,Christina Marks,Sedan,Toa Payoh,4.07,Active
D09985,Sarah Dean,Premium,Punggol,4.35,Active
D09986,Maria Woods,Premium,Bedok,4.8,Active
D09987,Kevin Miller,SUV,Punggol,4.74,Active
D09988,John Lynn,SUV,Toa Payoh,4.16,Active
D09989,Jennifer Wallace,Premium,Jurong,4.25,Inactive
D09990,Mark Klein,Premium,Tampines,4.79,Active
D09991,Jason Black,SUV,Bishan,3.98,Active
D09992,Holly Hopkins,SUV,Jurong,3.88,Active
D09993,Charles Sanchez,Sedan,Bishan,4.97,Active
D09994,Denise Martin,Premium,Yishun,4.91,Active
D09995,Sergio Bartlett,Electric,Jurong,3.52,Active
D09996,Connie Jackson,Sedan,Tampines,3.52,Active
D09997,Elizabeth Golden,Sedan,Ang Mo Kio,4.83,Active
D09998,Tanya Carrillo MD,MPV,Woodlands,4.13,Inactive
D09999,Christopher Hammond,MPV,Bedok,4.25,Active
D10000,Tiffany Rice,Electric,Tampines,3.6,Active
