driver_id,total_trips,total_revenue,average_rating
D08445,18,774.26,2.8
D07344,23,766.5,3.7
D01118,21,756.0999999999999,2.4545454545454546
D02385,24,736.4300000000001,2.375
D09313,20,728.56,2.888888888888889
D00472,19,715.5500000000001,2.0
D07834,17,708.29,2.6666666666666665
D00296,20,704.3,3.6666666666666665
D04460,20,701.12,4.333333333333333
D09336,18,696.3999999999999,3.1666666666666665
D03141,15,680.21,1.25
D04958,21,669.46,2.4
D04424,23,664.36,3.0
D01192,22,661.25,3.25
D01993,14,661.1899999999999,3.3333333333333335
D04710,17,653.17,3.3333333333333335
D00135,20,649.61,2.6666666666666665
D09238,19,649.6,2.8
D04053,17,648.1899999999999,3.5
D01449,20,646.74,3.1666666666666665
D09051,20,646.72,3.2
D05125,18,646.1800000000001,2.2857142857142856
D07824,17,645.75,2.4285714285714284
D04201,19,643.8199999999999,2.0
D09301,15,643.26,3.6666666666666665
D05780,20,642.38,2.6666666666666665
D08084,17,637.76,3.3333333333333335
D03147,18,634.3299999999999,2.375
D07480,19,632.02,2.857142857142857
D06529,19,631.8299999999999,2.6666666666666665
D08448,20,629.0799999999999,3.0
D04537,21,627.46,2.5555555555555554
D06112,21,626.8,3.6
D01625,17,625.6600000000001,3.0
D08520,17,625.49,3.0
D09359,19,625.39,2.4
D02704,17,624.87,2.125
D00364,20,624.75,3.0
D02400,21,624.2700000000001,3.857142857142857
D03694,18,619.14,4.0
D03803,18,616.1800000000001,4.2
D08522,15,614.1,2.75
D06933,18,611.4,2.8333333333333335
D08062,18,607.8100000000001,2.8333333333333335
D05848,18,607.74,3.2
D04325,19,607.53,2.3333333333333335
D06097,16,607.24,3.0
D08442,24,605.9399999999999,2.2857142857142856
D08670,19,605.84,3.3333333333333335
D05375,17,605.43,3.0
D06459,17,605.3299999999999,3.0
D03812,15,603.54,2.8333333333333335
D02545,20,603.3900000000001,3.25
D05742,16,602.9,3.75
D09231,19,600.25,3.3333333333333335
D05328,15,600.06,4.0
D07328,16,597.65,3.3333333333333335
D06532,20,597.22,3.0
D06778,17,594.89,3.6666666666666665
D03707,16,593.65,2.6666666666666665
D08221,17,591.1600000000001,2.4285714285714284
D03973,16,590.9399999999999,2.1666666666666665
D07786,16,590.4499999999999,3.0
D09727,17,590.24,2.4
D01929,15,590.23,2.5
D01778,17,590.22,3.4
D02570,20,589.7900000000001,3.8
D00605,21,588.82,2.5
D01824,15,588.12,3.1666666666666665
D01559,18,587.53,3.0
D09672,18,586.51,1.5
D01777,11,585.6700000000001,3.0
D08384,18,582.89,4.0
D03408,16,582.67,3.1666666666666665
D09814,16,582.4399999999999,2.2222222222222223
D00752,16,581.87,3.4
D09224,15,580.4899999999999,2.2857142857142856
D00562,17,580.0400000000001,3.0
D03863,17,577.78,3.857142857142857
D05649,14,577.3700000000001,3.6666666666666665
D01826,17,577.0,3.0
D00341,15,576.9099999999999,4.0
D06520,20,576.56,2.2
D08768,18,574.86,2.8
D06852,19,574.63,3.090909090909091
D07445,18,574.61,3.2857142857142856
D04779,15,573.3299999999999,3.0
D02294,19,572.84,3.5
D03728,18,572.8199999999999,2.6666666666666665
D01968,17,572.6600000000001,3.3333333333333335
D00719,16,571.32,2.25
D08030,20,571.1700000000001,1.0
D01811,16,570.95,2.5
D07863,14,569.3299999999999,4.333333333333333
D09872,16,568.91,3.0
D06708,17,568.91,2.3333333333333335
D05870,20,568.72,3.111111111111111
D05441,19,567.33,2.8
D06056,17,567.15,3.8
D09123,16,567.08,2.4
D06628,18,567.0100000000001,2.4285714285714284
D01010,16,567.01,1.0
D06214,15,566.87,3.5
D00102,18,566.49,2.6666666666666665
D07464,15,565.6500000000001,3.0
D00691,14,565.55,2.4285714285714284
D00538,13,565.38,3.2
D03387,19,565.19,1.8
D03083,20,564.2099999999999,3.5
D01585,19,563.7800000000001,3.0
D03079,16,563.73,2.888888888888889
D09140,15,563.37,2.8
D01902,15,563.2099999999999,4.0
D07175,16,562.88,3.0
D02693,13,562.46,3.5714285714285716
D09028,17,561.43,2.4
D02253,15,561.4,2.6666666666666665
D05430,17,561.24,3.2
D09893,16,559.22,4.428571428571429
D02660,18,558.95,3.8
D02386,17,558.8499999999999,3.5555555555555554
D01930,19,558.0,3.0
D02136,17,557.9499999999999,3.142857142857143
D03080,13,557.53,2.0
D08300,17,557.43,4.0
D03021,17,556.8699999999999,2.3333333333333335
D06754,20,556.8199999999999,3.5
D03208,12,556.13,2.25
D07765,16,555.98,3.1666666666666665
D06345,17,555.9399999999999,2.0
D02865,16,555.16,2.857142857142857
D02724,15,555.12,3.0
D05629,14,554.9999999999999,3.5
D07919,18,554.77,3.5
D06344,17,554.15,4.0
D04688,17,553.74,3.3333333333333335
D00517,15,553.53,3.2857142857142856
D08457,16,552.0799999999999,3.8333333333333335
D09264,16,552.01,2.75
D07607,14,551.74,2.125
D08609,15,550.8100000000001,2.5
D04467,16,549.7,2.6666666666666665
D00934,14,549.03,2.25
D00171,15,548.8300000000002,2.5714285714285716
D09248,13,548.72,3.111111111111111
D07973,14,548.43,5.0
D04626,16,548.1800000000001,4.6
D00410,19,547.5600000000001,2.4
D08531,17,547.37,3.0
D06380,18,546.53,3.8333333333333335
D01781,19,546.35,3.0
D01821,20,546.24,1.5
D01426,12,546.23,3.3333333333333335
D03207,16,546.1999999999999,3.6
D04717,17,546.04,3.0
D01012,13,544.64,2.5
D08345,19,544.3500000000001,4.0
D09005,19,543.86,3.5
D03903,17,543.73,2.6666666666666665
D04975,15,543.53,2.7142857142857144
D08804,17,543.3900000000001,3.75
D00308,19,543.0799999999999,2.6666666666666665
D03092,16,542.98,2.75
D01613,19,542.85,3.25
D00286,14,542.63,2.75
D09948,18,542.4200000000001,3.8
D02238,16,542.23,3.3333333333333335
D09690,21,541.79,2.6
D07290,16,539.86,3.0
D07076,15,539.74,3.125
D08794,18,539.12,2.727272727272727
D02649,14,538.4300000000001,3.5
D09091,14,538.41,4.25
D05151,14,538.3499999999999,2.1666666666666665
D07565,15,538.1899999999999,3.0
D06970,16,537.59,2.2
D04186,16,537.36,2.0
D01359,16,537.2700000000001,2.7142857142857144
D08217,20,537.1400000000001,1.5
D06824,13,537.0799999999999,4.142857142857143
D06921,14,536.9300000000001,3.0
D00425,15,536.9,3.5
D02280,14,536.7,2.6666666666666665
D05931,13,536.21,1.6666666666666667
D07534,15,536.0600000000001,2.7142857142857144
D00990,12,536.0600000000001,3.2
D02055,13,536.06,2.5
D01191,19,535.99,2.75
D03788,17,535.72,3.25
D00394,20,535.03,2.375
D01350,14,534.64,2.6666666666666665
D02016,25,533.7099999999999,2.857142857142857
D06001,14,533.46,2.2
D00683,16,533.4,3.125
D01840,13,533.0,3.0
D05352,14,532.85,4.0
D06951,15,532.49,4.111111111111111
D02350,17,531.9100000000001,2.625
D06726,17,531.85,3.3333333333333335
D03509,15,531.53,3.4
D06461,17,531.48,2.6
D00884,17,531.11,3.4285714285714284
D02476,17,530.53,2.5
D09054,17,529.83,2.0
D02535,18,529.3800000000001,3.5
D02955,17,529.06,3.0
D02278,17,529.0100000000001,3.5555555555555554
D03017,16,528.6800000000001,3.5555555555555554
D07603,17,528.3000000000001,4.0
D04314,13,528.25,3.6666666666666665
D00138,19,528.1800000000001,3.7142857142857144
D04166,15,528.15,3.0
D05677,13,528.12,3.1666666666666665
D04281,16,527.64,4.5
D09241,17,527.2900000000001,2.25
D05062,16,527.04,3.4285714285714284
D09155,16,526.75,3.25
D04473,18,526.45,3.857142857142857
D09670,15,526.4200000000001,3.0
D02925,15,526.3,3.75
D05133,14,526.1899999999999,2.0
D01338,17,526.04,2.5
D03523,15,524.6,3.125
D05394,14,524.12,3.0
D04055,20,523.8,2.6
D01957,12,522.3399999999999,3.3333333333333335
D02538,15,522.1700000000001,1.8571428571428572
D01124,11,522.05,2.3333333333333335
D03572,16,520.94,2.625
D00916,13,520.7800000000001,3.1666666666666665
D06250,16,520.4000000000001,4.0
D07274,16,520.3599999999999,3.25
D03552,16,520.31,3.5
D05531,14,520.25,2.4
D04775,14,519.86,4.0
D08182,18,519.5699999999999,3.4
D03220,17,519.5,3.5
D03976,15,519.42,3.2
D08925,18,519.07,3.0
D00611,16,518.89,3.6
D08627,17,518.7099999999999,1.4
D02247,18,518.6800000000001,2.2857142857142856
D02771,15,518.6700000000001,3.1666666666666665
D03678,15,518.12,4.0
D04384,17,517.56,3.125
D00967,14,517.0,2.3333333333333335
D09862,14,516.9300000000001,3.625
D09797,16,516.6,2.25
D07561,17,516.49,4.0
D07429,15,516.3900000000001,3.2
D07159,14,516.38,3.2857142857142856
D04957,14,516.1700000000001,2.1666666666666665
D05607,14,516.0500000000001,1.6666666666666667
D06976,16,515.59,3.0
D08371,13,515.41,3.125
D07012,17,514.73,3.5
D01456,16,514.53,3.3333333333333335
D04956,13,514.5,3.0
D09105,16,514.44,3.2857142857142856
D06557,14,514.17,3.3333333333333335
D01787,17,514.1500000000001,2.4285714285714284
D03879,21,514.1400000000001,3.3333333333333335
D00023,15,514.01,2.6666666666666665
D02248,15,513.88,2.5
D04399,15,513.85,3.25
D05153,17,513.5300000000001,3.2
D08629,14,512.9200000000001,2.2857142857142856
D04914,15,512.55,3.2
D00631,13,512.51,2.3333333333333335
D00393,12,512.02,2.6666666666666665
D04792,15,512.0,2.3333333333333335
D01469,12,511.21000000000004,4.0
D00335,17,511.15999999999997,3.8333333333333335
D01791,13,510.91999999999996,2.5
D07738,13,510.65000000000003,3.3333333333333335
D04271,16,510.6,3.0
D06541,13,510.09000000000003,3.0
D01176,16,509.96000000000004,3.0
D03333,15,509.72,2.857142857142857
D05251,16,509.09,2.5
D00725,16,508.31,2.5714285714285716
D06549,14,508.27,3.25
D06081,18,508.16999999999996,3.6666666666666665
D05984,13,507.97,2.6666666666666665
D00036,17,507.59,3.1666666666666665
D01696,19,507.32,2.25
D03584,16,507.24999999999994,1.6666666666666667
D04984,13,507.08,3.0
D05541,14,507.04999999999995,3.1666666666666665
D05305,13,506.93,2.4
D07277,15,506.43,3.0
D06582,15,506.07,3.0
D07872,16,505.83000000000004,2.0
D07186,13,505.74,4.25
D08789,13,505.5400000000001,3.75
D01997,13,505.47,2.5
D05979,15,505.46000000000004,4.0
D01836,13,505.24,3.0
D03752,15,505.18999999999994,2.8333333333333335
D01244,15,505.11,3.142857142857143
D08395,14,505.03999999999996,3.5
D00018,15,504.79999999999995,3.0
D08549,13,504.7800000000001,2.25
D04809,16,504.48,3.0
D09608,13,504.32,4.0
D04533,15,504.13999999999993,4.0
D07370,16,503.68,3.5555555555555554
D07668,14,503.63,4.25
D07585,19,503.50999999999993,3.4285714285714284
D03425,13,502.68999999999994,1.0
D02536,17,502.49,3.5
D08373,15,502.09,2.5
D05494,19,502.04999999999995,2.142857142857143
D07292,18,501.58,4.5
D04748,16,501.56999999999994,3.4
D06266,14,501.53000000000003,2.3333333333333335
D02930,17,501.14,4.5
D07468,16,500.99999999999994,2.8333333333333335
D02793,14,500.9700000000001,3.0
D08769,14,500.79999999999995,3.5714285714285716
D08657,16,500.38,4.2
D05899,16,500.34000000000003,2.75
D06880,15,500.32000000000005,2.6
D05915,15,499.96000000000004,3.5
D07132,15,499.81000000000006,3.25
D07294,14,499.69999999999993,2.2
D00432,12,499.44000000000005,4.0
D02124,13,499.42999999999995,2.8
D09469,15,499.39,2.5
D04088,17,499.25,3.2857142857142856
D07832,18,498.98,3.0
D03948,14,498.91999999999996,2.6
D08603,13,498.5799999999999,2.1666666666666665
D06611,17,498.5799999999999,3.1666666666666665
D04783,17,498.55000000000007,2.8
D02996,16,497.79999999999995,3.0
D03545,12,497.68999999999994,1.0
D06814,19,497.52,2.6666666666666665
D04614,16,497.36,3.8333333333333335
D05100,16,496.72,3.6
D07566,12,496.70000000000005,3.25
D07137,16,496.58000000000004,2.75
D01272,13,496.35,4.333333333333333
D09594,14,496.34,3.0
D06079,17,496.03,2.5
D00590,18,495.73999999999995,3.5
D08753,15,495.47,1.5
D02851,11,495.38000000000005,3.25
D05516,16,495.26,2.6666666666666665
D00688,15,495.21999999999997,3.1666666666666665
D07960,13,494.88000000000005,3.0
D01921,14,494.59999999999997,2.0
D06632,16,494.56000000000006,4.0
D01987,17,494.37,3.0
D04232,16,494.24,2.0
D04080,13,493.9699999999999,3.6
D06369,16,493.95000000000005,3.25
D02381,19,493.64000000000004,3.1666666666666665
D09516,15,493.52,2.4
D09177,13,493.5,2.0
D09852,16,493.30000000000007,3.7142857142857144
D08499,15,493.23999999999995,3.4285714285714284
D01538,13,493.14000000000004,3.25
D09044,16,493.12,3.8333333333333335
D09937,15,493.02,2.6
D05632,16,492.88,3.0
D04141,13,492.55,4.666666666666667
D00739,14,491.96000000000004,3.75
D08867,14,491.82,3.25
D01293,17,491.78999999999996,3.4444444444444446
D04763,12,491.6,1.3333333333333333
D05785,11,491.55999999999995,3.2
D06959,13,491.38,2.4
D07710,14,491.31,2.75
D08190,17,491.29999999999995,4.0
D09064,14,491.25,3.857142857142857
D00400,16,490.95,3.0
D05306,15,490.90999999999997,3.3333333333333335
D00680,18,490.54999999999995,4.0
D05997,16,490.54,1.6666666666666667
D08502,16,490.39000000000004,1.5
D01870,12,490.29999999999995,3.4
D01655,14,490.21000000000004,2.6666666666666665
D08728,15,490.15000000000003,3.0
D05561,14,490.03999999999996,3.2
D06996,14,489.79,3.0
D02669,17,489.44000000000005,2.8
D08849,14,489.21,3.25
D04298,15,488.16999999999996,3.8333333333333335
D00222,14,488.08000000000004,3.8
D02531,17,487.82000000000005,3.5714285714285716
D01514,14,486.90000000000003,2.8333333333333335
D02034,17,486.67,3.0
D07472,13,486.62,3.0
D05718,13,486.55,2.75
D04936,16,486.37,2.0
D00066,16,486.31999999999994,2.3333333333333335
D00729,17,486.13,4.0
D09002,16,485.94,2.6666666666666665
D09738,16,485.77000000000004,3.6
D01352,12,485.59000000000003,3.375
D00672,16,485.53000000000003,4.0
D09578,13,485.45,4.0
D03045,13,485.17,4.0
D04802,18,485.15999999999997,2.6
D06469,15,484.96999999999997,2.75
D06988,10,484.71999999999997,3.3333333333333335
D01911,17,484.31,3.6
D07956,14,484.30000000000007,4.0
D00068,16,484.28000000000003,3.0
D09816,14,484.28,4.0
D05775,12,484.09000000000003,1.0
D04961,12,483.52000000000004,3.0
D03996,16,483.44,3.125
D06974,16,483.34,2.25
D01680,16,483.15,4.4
D01157,14,482.98,3.25
D09073,14,482.9100000000001,4.6
D05971,15,482.04,2.8
D05691,17,481.96,3.25
D06322,15,481.89,3.4285714285714284
D07902,14,481.82000000000005,4.25
D00384,16,481.76,2.5
D09844,15,481.6400000000001,3.2
D03246,13,481.63,2.6
D03278,14,481.45,2.0
D01681,17,481.39,3.375
D01434,16,481.2300000000001,2.5
D08350,15,481.2299999999999,2.2
D06235,13,480.74,3.0
D01064,14,480.64,4.666666666666667
D06282,16,480.56999999999994,2.75
D05124,14,480.38,3.0
D04269,15,480.19,2.3333333333333335
D01034,16,480.18999999999994,3.0
D01598,12,480.18,2.5
D09455,14,480.1700000000001,3.6666666666666665
D07938,13,479.93,1.3333333333333333
D07823,11,479.61,3.0
D01590,14,479.54,3.0
D07052,14,479.46999999999997,3.75
D04126,17,479.44,3.6
D08480,16,479.29999999999995,3.6
D04358,14,479.18,2.8
D03626,13,479.0,3.0
D07021,13,478.98,2.0
D09786,15,478.96,2.75
D07476,12,478.93999999999994,2.75
D02254,16,478.93000000000006,3.4444444444444446
D09539,19,478.9,1.5
D03260,12,478.87,3.6666666666666665
D04639,14,478.82000000000005,3.2857142857142856
D05688,19,478.74,2.2
D08673,14,478.69999999999993,3.0
D04599,14,478.6,2.6666666666666665
D08723,12,478.10999999999996,3.0
D06547,14,478.05000000000007,3.142857142857143
D04107,13,477.92,3.75
D08565,12,477.75,3.0
D07174,15,477.73,1.6666666666666667
D07711,9,477.71999999999997,2.0
D01709,15,477.59000000000003,3.6666666666666665
D06072,15,477.58,3.25
D06806,13,477.55999999999995,1.6
D08568,15,477.48,3.5
D07107,19,477.46000000000004,2.6666666666666665
D06470,18,477.24999999999994,2.8
D08719,15,477.14000000000004,4.0
D08276,15,477.11,2.5
D03290,15,476.90999999999997,3.0
D01581,11,476.67,3.5
D02604,16,476.59999999999997,4.0
D08399,14,476.04,2.5
D03841,15,475.97,3.375
D00169,14,475.73,2.5
D08677,16,475.53000000000003,3.75
D07718,16,475.44000000000005,3.1666666666666665
D08366,16,475.31999999999994,4.0
D04542,11,475.14,3.0
D03689,12,474.93000000000006,3.6666666666666665
D07125,16,474.58000000000004,2.6666666666666665
D02464,13,474.55999999999995,4.0
D01214,13,474.51,2.8
D07278,12,474.21,5.0
D05772,13,473.98,3.8
D05716,16,473.80000000000007,3.0
D06699,14,473.7,3.4
D09282,15,473.68,3.3333333333333335
D04371,11,473.56,3.0
D00506,16,473.31000000000006,3.1666666666666665
D05706,14,473.27000000000004,3.3333333333333335
D09497,11,473.12,3.0
D06180,17,473.05000000000007,3.0
D06015,13,473.0,2.6
D07455,14,472.83000000000004,4.4
D03608,16,472.7,2.7142857142857144
D07064,16,472.66,2.5714285714285716
D01948,14,472.65000000000003,3.5
D04660,15,472.58,3.5
D04786,12,472.47,3.142857142857143
D04414,12,472.34000000000003,1.5
D08244,13,472.31000000000006,4.0
D00681,15,472.23999999999995,4.0
D01532,13,472.22999999999996,2.0
D08892,12,472.22,3.0
D01855,16,472.19000000000005,2.3333333333333335
D00580,11,472.04,2.0
D00125,18,471.36999999999995,2.375
D09045,18,471.3399999999999,4.125
D07172,13,471.33000000000004,3.0
D03656,19,471.1700000000001,2.75
D09158,15,471.0799999999999,3.125
D02618,18,471.03,2.0
D06136,16,470.91,2.7142857142857144
D09725,17,470.81999999999994,2.8
D00976,13,470.7799999999999,2.857142857142857
D03201,14,470.5799999999999,4.5
D02517,17,470.42999999999995,2.6
D09297,13,470.31999999999994,2.8333333333333335
D03821,16,470.28999999999996,3.5
D03786,14,470.28,3.5
D05178,14,470.03999999999996,2.4
D05418,13,469.99,3.0
D04966,14,469.9699999999999,2.25
D08481,16,469.94,2.6666666666666665
D05435,12,469.65000000000003,2.1666666666666665
D09710,15,469.63,3.2
D08810,14,469.43999999999994,3.4
D06297,16,469.31,3.25
D07501,16,469.14,2.8333333333333335
D04225,16,469.07,3.3333333333333335
D06217,14,468.9800000000001,2.5
D03939,18,468.9,2.1666666666666665
D00255,15,468.87,3.3333333333333335
D09667,15,468.85,2.2
D03479,13,468.81000000000006,3.0
D01205,13,468.51,3.142857142857143
D09961,17,468.45,2.1666666666666665
D07212,14,468.28,3.5
D07291,17,468.27,3.7142857142857144
D06283,15,468.21000000000004,2.857142857142857
D00989,13,468.04,3.6666666666666665
D06709,14,468.03000000000003,3.1666666666666665
D08891,14,468.03,3.6
D03975,16,467.99000000000007,3.4
D00158,14,467.62,2.6666666666666665
D01492,16,467.28999999999996,3.6
D08112,14,467.15000000000003,3.4
D00765,13,467.12,3.0
D01383,12,467.12,2.8
D06443,14,467.07000000000005,3.5
D01835,17,466.97999999999996,1.5
D00186,19,466.96999999999997,2.5
D05195,13,466.82,2.142857142857143
D01385,12,466.78999999999996,2.3333333333333335
D09066,13,466.49000000000007,2.0
D00615,13,466.48,3.0
D01554,14,466.40000000000003,2.0
D06249,17,466.25000000000006,2.7142857142857144
D01259,15,466.2,2.6666666666666665
D03277,12,465.95000000000005,4.5
D02446,12,465.95000000000005,4.166666666666667
D01278,12,465.84000000000003,4.0
D04417,17,465.75,2.5
D08777,13,465.74000000000007,3.3333333333333335
D04056,17,465.57,2.5
D09800,16,465.53,2.4285714285714284
D06775,15,465.3900000000001,2.6666666666666665
D02060,15,465.14,3.3333333333333335
D03683,14,465.12,3.0
D06562,14,465.1,2.75
D08124,14,464.95000000000005,3.0
D01560,15,464.91999999999996,3.5
D04834,15,464.80000000000007,3.6666666666666665
D04240,13,464.71999999999997,2.5
D01098,14,464.38000000000005,2.5
D03928,11,464.34999999999997,2.3333333333333335
D03617,16,464.29,2.8333333333333335
D01924,14,463.86,2.25
D04681,13,463.73,2.5
D05395,15,463.59000000000003,2.0
D07446,14,463.31999999999994,2.6
D00898,16,463.17999999999995,2.75
D08071,14,463.14,2.75
D03921,15,462.99,3.111111111111111
D04718,14,462.84,4.333333333333333
D06673,15,462.76,3.3333333333333335
D04929,12,462.75,1.5
D03049,13,462.43,3.0
D03959,14,462.30999999999995,2.6666666666666665
D09103,13,462.13999999999993,2.6666666666666665
D01281,13,462.07000000000005,1.5
D09151,15,461.74,2.6666666666666665
D04585,15,461.69000000000005,3.2
D04523,12,461.5,2.3333333333333335
D07980,15,461.27000000000004,4.0
D01656,13,461.1600000000001,1.6
D03114,11,461.12000000000006,5.0
D04657,17,461.09,2.6
D07487,14,461.08000000000004,3.25
D03613,13,461.0,2.75
D02071,10,460.96000000000004,3.5
D08975,14,460.92999999999995,3.0
D00289,16,460.8999999999999,2.5714285714285716
D07254,13,460.78999999999996,2.8333333333333335
D06042,16,460.68999999999994,3.3333333333333335
D09411,16,460.62000000000006,2.5
D01046,14,460.62,3.25
D01121,11,460.54,1.25
D01935,15,460.51,3.0
D04017,12,460.49999999999994,2.5
D00702,16,460.49,2.2857142857142856
D02979,11,460.34000000000003,2.0
D03084,13,460.22,3.75
D07499,13,460.08,2.857142857142857
D02937,16,460.0799999999999,3.2
D03435,14,460.07000000000005,3.857142857142857
D07094,14,459.97999999999996,2.8
D04213,11,459.77000000000004,2.0
D02989,13,459.71,2.8333333333333335
D09131,15,459.69000000000005,4.5
D07382,12,459.69,4.333333333333333
D09537,13,459.66999999999996,3.0
D05126,14,459.56000000000006,3.0
D03718,14,459.35,2.6
D04153,15,459.29,3.8333333333333335
D07531,13,459.23,3.0
D08316,13,459.21,3.25
D02468,13,459.15999999999997,3.3333333333333335
D00912,16,459.12,3.6
D03981,13,458.93,3.7142857142857144
D03193,15,458.73,2.5
D00011,15,458.69000000000005,3.2
D05717,13,458.62,4.166666666666667
D03794,14,458.52000000000004,2.75
D02288,14,458.27,3.8333333333333335
D06119,11,458.23,1.6666666666666667
D08965,12,458.06999999999994,2.5
D05323,14,458.03,2.6666666666666665
D08899,17,457.9,4.0
D07347,17,457.88,2.6666666666666665
D05390,16,457.84000000000003,3.3333333333333335
D09515,16,457.68000000000006,3.0
D01546,14,457.51,2.8
D04709,18,457.02,3.6
D06946,15,457.0,3.3333333333333335
D00348,16,456.88999999999993,3.25
D03525,13,456.8299999999999,3.0
D06073,15,456.74,3.0
D03603,15,456.7200000000001,3.5
D06215,17,456.51,2.0
D05645,14,456.51,1.0
D08576,15,456.48999999999995,1.6666666666666667
D08656,13,456.41999999999996,1.0
D06262,15,456.3,2.75
D03296,15,456.25,3.7142857142857144
D05925,13,456.22999999999996,3.6666666666666665
D05265,14,456.19,3.5
D07336,14,456.11,2.4285714285714284
D09842,12,456.07,3.3333333333333335
D05735,11,455.97,4.0
D02933,11,455.92,2.8333333333333335
D09094,17,455.91999999999996,3.2
D06515,13,455.89000000000004,2.75
D07085,14,455.86,1.5
D04995,14,455.76,3.125
D02801,14,455.7100000000001,2.8333333333333335
D03964,12,455.63,2.0
D03459,13,455.59999999999997,2.3333333333333335
D05223,16,455.58000000000004,3.2
D08840,14,455.39,3.5
D09729,12,455.29,3.5
D04471,14,455.26,2.875
D05974,14,455.07,2.75
D06329,15,455.01,3.3333333333333335
D07721,16,454.78,3.3333333333333335
D05281,10,454.75,1.8
D00754,11,454.74,2.2
D03799,14,454.74,3.0
D07664,15,454.48,2.25
D04939,13,454.46999999999997,3.3333333333333335
D01409,13,454.40999999999997,1.8
D04401,14,454.15999999999997,3.0
D08100,12,454.12,4.0
D02461,15,454.09000000000003,1.0
D04206,14,454.07,2.75
D01302,19,453.7799999999999,3.4
D06644,16,453.73,2.5
D03701,15,453.46999999999997,3.142857142857143
D06790,16,453.38,2.4285714285714284
D09763,15,453.36999999999995,2.75
D05611,14,453.34,3.8
D00226,14,453.19999999999993,3.0
D07450,14,453.16999999999996,3.375
D02076,14,453.01,3.5
D00513,18,452.98,3.0
D08518,16,452.96000000000004,3.0
D00973,14,452.86999999999995,3.0
D06692,14,452.85,3.6666666666666665
D08720,15,452.85,3.2
D05496,13,452.83,3.4
D06595,17,452.78,3.5
D09760,14,452.57000000000005,3.0
D07385,14,452.53000000000003,3.75
D09286,14,452.46000000000004,2.5
D01283,15,452.43000000000006,4.333333333333333
D09124,13,452.38,4.2
D06552,15,452.26,4.2
D01594,13,452.23999999999995,2.0
D08649,14,452.23,3.5
D01829,14,452.09000000000003,3.3333333333333335
D01378,16,452.03,2.7142857142857144
D03057,15,452.01,3.5
D07141,13,451.98,3.75
D02249,13,451.95,3.2
D06671,11,451.92999999999995,4.0
D01861,17,451.89,2.1666666666666665
D04252,12,451.88000000000005,2.5
D03196,13,451.68000000000006,4.0
D07008,14,451.62,2.4285714285714284
D04866,15,451.59,3.6666666666666665
D04491,15,451.48,2.142857142857143
D06363,15,451.4,5.0
D01771,15,451.36,2.5
D09654,16,451.26,3.6666666666666665
D06682,15,451.11,2.8
D02757,17,450.79,2.75
D00463,13,450.78,2.3333333333333335
D05074,13,450.65000000000003,3.0
D02983,13,450.50000000000006,3.3333333333333335
D03210,12,450.0,2.75
D01763,12,449.75,3.0
D02929,12,449.63,2.6666666666666665
D04885,16,449.6,3.142857142857143
D00593,13,449.54999999999995,3.1666666666666665
D09322,14,449.0799999999999,3.0
D03723,16,449.05999999999995,3.888888888888889
D05448,15,449.03000000000003,3.6666666666666665
D07127,12,449.0,2.3333333333333335
D04820,14,448.93,3.6666666666666665
D00545,14,448.86,2.0
D09391,12,448.82,1.6666666666666667
D06137,14,448.8,3.3333333333333335
D02045,14,448.62,3.2
D03039,14,448.56,2.8
D04472,14,448.5,3.0
D04475,11,448.36,3.6
D00531,12,448.34000000000003,3.3333333333333335
D07925,12,448.24,3.0
D01682,11,448.24,2.4
D04385,14,448.15,4.0
D04497,15,448.13,3.0
D01794,13,448.01,2.3333333333333335
D02926,17,447.89,3.25
D03735,12,447.88,3.6666666666666665
D06902,14,447.82000000000005,3.6
D08622,13,447.49,3.5
D06554,12,447.33000000000004,2.2
D05031,14,447.25,3.6
D03540,12,447.06999999999994,3.0
D07143,11,446.99999999999994,2.5
D00928,17,446.87,2.3333333333333335
D08157,13,446.7,1.75
D00265,15,446.67999999999995,3.5555555555555554
D01377,14,446.37,3.0
D05307,12,446.30999999999995,
D09599,13,446.25,1.5
D03022,16,446.13,2.8
D01635,16,446.04,2.857142857142857
D01599,15,446.01,3.5
D02475,11,445.63,2.6666666666666665
D01059,16,445.56,2.5
D08665,14,445.56,3.0
D04553,15,445.53,3.0
D03467,14,445.5299999999999,3.5
D03142,13,445.51,4.25
D07913,12,445.4200000000001,4.0
D02337,16,445.41999999999996,2.8
D04258,11,445.38,3.75
D02170,12,445.37000000000006,2.3333333333333335
D03185,10,445.28000000000003,2.6666666666666665
D08170,13,445.24,3.1666666666666665
D03075,13,445.14000000000004,2.3333333333333335
D06327,12,445.03999999999996,2.0
D02544,15,444.9200000000001,1.5
D02623,13,444.77,2.0
D06687,13,444.66,3.4285714285714284
D06248,13,444.66,3.8333333333333335
D07975,17,444.31,2.0
D01345,15,444.29999999999995,2.5
D05190,16,444.20000000000005,4.0
D01185,15,444.15,2.25
D01077,14,444.08000000000004,2.375
D00979,13,444.07,1.75
D03868,14,443.95,3.0
D00177,15,443.87,1.0
D01510,14,443.59,2.6
D00337,13,443.38999999999993,3.4285714285714284
D08742,13,443.37999999999994,2.0
D06466,15,443.36,2.0
D06342,13,443.21000000000004,2.0
D08808,12,443.19000000000005,3.3333333333333335
D00166,11,443.1,3.8
D03624,15,443.08,3.3333333333333335
D04877,12,442.86,2.0
D02458,12,442.64,2.75
D09074,12,442.62,2.8
D07079,12,442.58000000000004,2.4
D00959,14,442.56999999999994,1.8333333333333333
D06518,11,442.52,3.5
D07251,14,442.28000000000003,3.0
D00328,13,441.93999999999994,3.2
D08380,12,441.91999999999996,2.5
D07339,13,441.87,2.0
D07820,14,441.51,3.0
D05566,12,441.5,3.0
D00311,14,441.32000000000005,3.375
D03237,11,441.28000000000003,3.5
D09960,15,441.26,4.5
D07248,12,441.26,3.0
D02620,11,441.15,3.25
D01336,14,441.07,3.25
D04557,11,440.95,2.6666666666666665
D07154,15,440.84,3.4
D09761,13,440.78,4.0
D08439,14,440.71000000000004,2.0
D01002,15,440.66,2.7142857142857144
D09517,15,440.3,3.5
D04451,15,440.21000000000004,2.0
D00105,14,440.1700000000001,4.333333333333333
D00604,13,440.14000000000004,2.4
D08130,14,440.0,3.6666666666666665
D04419,13,439.95,2.5
D09656,12,439.89,2.0
D06154,13,439.89,2.0
D01436,15,439.81,4.0
D07285,14,439.78999999999996,3.0
D06439,15,439.68999999999994,2.5
D00931,13,439.51000000000005,3.6
D08348,11,439.42999999999995,3.4285714285714284
D01332,12,439.30999999999995,3.0
D05260,15,439.21999999999997,4.0
D07605,12,438.76,1.5
D07874,14,438.67999999999995,2.4
D06792,15,438.67999999999995,3.1666666666666665
D04155,14,438.5,2.75
D09959,11,438.44000000000005,3.2
D02595,16,438.44,3.5
D08763,11,438.39,2.0
D06467,12,438.31,2.0
D02640,13,438.24,3.0
D09871,15,438.23,3.4
D04850,16,438.23,2.25
D06645,12,438.12,4.2
D02909,14,438.10999999999996,3.4
D00541,14,437.97,3.25
D05602,14,437.95,4.2
D09683,12,437.85,1.6666666666666667
D02302,18,437.78000000000003,2.6
D05226,11,437.78,3.0
D05249,13,437.74000000000007,2.6
D04470,13,437.65999999999997,3.0
D00130,13,437.6,4.0
D08393,14,437.47,4.333333333333333
D01880,11,437.46000000000004,2.6
D03609,13,437.41999999999996,3.5
D06538,15,437.40000000000003,3.0
D08908,14,437.23,3.6666666666666665
D07763,13,437.22,2.0
D04791,13,437.13,2.1666666666666665
D07936,14,437.1,3.5
D01536,14,437.0799999999999,2.0
D08856,15,436.82,1.8
D01596,12,436.76,1.0
D05408,13,436.68,2.4
D07237,12,436.66,3.25
D01883,15,436.63,3.6666666666666665
D04032,11,436.55,2.5
D09967,15,436.55,3.3333333333333335
D06825,16,436.54,3.0
D09776,15,436.44,2.5714285714285716
D04191,14,436.4200000000001,1.0
D02943,12,436.3399999999999,2.75
D04685,10,436.32,3.25
D02128,14,436.27000000000004,4.2
D00422,13,436.25000000000006,2.3333333333333335
D09144,14,436.25,3.0
D04379,14,436.11,2.25
D00317,10,435.89000000000004,2.0
D07473,12,435.87,4.5
D02912,15,435.83,2.25
D00705,15,435.68,2.4
D02367,16,435.50000000000006,4.0
D03088,13,435.43,3.0
D06303,14,435.34000000000003,4.0
D08864,12,435.17999999999995,2.3333333333333335
D09393,15,435.15999999999997,1.0
D09734,14,435.09000000000003,3.0
D06390,15,434.9,2.3333333333333335
D01551,12,434.81,2.0
D05217,16,434.71,2.25
D02180,10,434.7,2.3333333333333335
D04476,9,434.64,3.0
D06590,12,434.62999999999994,2.2
D00823,14,434.56000000000006,4.0
D03554,12,434.53000000000003,4.5
D06517,13,434.51,3.25
D05550,12,434.21999999999997,3.5
D09855,11,434.11,3.0
D08675,12,433.98,4.5
D09170,13,433.98,2.0
D00007,13,433.93999999999994,3.2857142857142856
D01985,13,433.72,
D02251,17,433.63000000000005,3.375
D00144,13,433.51000000000005,1.5
D03313,12,433.31,2.8
D06258,18,433.22,3.75
D01022,12,433.21000000000004,3.6
D03350,14,433.15,2.5714285714285716
D05522,12,433.09,2.8
D00274,15,433.06,2.0
D01487,10,433.04999999999995,5.0
D04216,15,432.96000000000004,3.3333333333333335
D01783,11,432.87,1.6666666666666667
D07825,12,432.83000000000004,2.6666666666666665
D00574,13,432.76,4.0
D04868,12,432.64,2.4285714285714284
D06599,11,432.59,1.5
D06326,15,432.57,3.0
D03395,14,432.52000000000004,1.8333333333333333
D01008,15,432.5,3.3333333333333335
D09711,9,432.44000000000005,1.6
D06784,12,432.43,2.75
D01241,13,432.42,3.6
D06751,13,432.29,2.8333333333333335
D03747,15,432.16999999999996,3.5
D06245,13,432.03,3.5
D08484,11,431.90999999999997,4.0
D07390,13,431.85999999999996,4.2
D01666,14,431.61,3.25
D02787,11,431.59000000000003,2.6666666666666665
D05449,12,431.53,2.4
D03243,16,431.52,3.0
D06328,13,431.34,3.3333333333333335
D07638,14,431.22999999999996,4.666666666666667
D09896,12,431.20000000000005,2.6
D06731,13,431.11999999999995,2.0
D09883,15,431.02,3.5
D06776,13,430.89,3.2
D06221,14,430.75000000000006,3.857142857142857
D05201,14,430.66999999999996,2.0
D05736,14,430.53999999999996,2.75
D00827,16,430.2799999999999,2.5
D03741,15,430.26000000000005,3.75
D05519,12,430.15,2.4285714285714284
D01649,13,430.11,4.0
D02990,16,430.1,2.5714285714285716
D09741,11,430.0400000000001,4.2
D07992,15,430.03000000000003,3.1666666666666665
D00618,14,430.00000000000006,2.142857142857143
D07614,11,430.0,3.3333333333333335
D05275,14,429.99,3.0
D03631,15,429.94000000000005,2.6666666666666665
D09467,12,429.93,2.6666666666666665
D01312,15,429.89,2.8333333333333335
D04543,14,429.84000000000003,2.8
D08337,16,429.79,2.0
D00188,14,429.78000000000003,2.857142857142857
D02106,14,429.68999999999994,3.2
D04720,15,429.65,3.0
D04844,9,429.64000000000004,1.0
D04315,17,429.53000000000003,2.8333333333333335
D03104,14,429.47999999999996,4.666666666666667
D03004,11,429.46999999999997,3.0
D06434,15,429.4,4.4
D05253,16,429.37999999999994,3.25
D09910,12,429.37,3.5
D09784,16,429.27,3.2
D09720,13,429.23,2.3333333333333335
D09261,16,429.01,2.5
D02596,11,429.00000000000006,3.6666666666666665
D04261,13,428.91999999999996,2.0
D08506,17,428.9100000000001,3.125
D01849,14,428.77,2.25
D03503,13,428.75000000000006,2.4
D02767,13,428.75,2.8
D07178,15,428.71,2.3333333333333335
D07232,17,428.51000000000005,2.4
D04724,17,428.44000000000005,3.5714285714285716
D06083,13,428.37,2.0
D02722,14,428.35,5.0
D09577,14,428.31000000000006,2.1666666666666665
D01618,12,428.30000000000007,4.0
D06319,12,428.28,3.2
D01774,12,428.25999999999993,2.5
D09618,12,428.19,3.0
D07681,16,428.03,3.5
D02405,16,427.94999999999993,2.8
D09330,13,427.61999999999995,3.2
D00994,11,427.61,3.2857142857142856
D08127,13,427.58000000000004,2.6666666666666665
D04587,16,427.57,3.5
D04723,13,427.53000000000003,3.75
D08771,13,427.49999999999994,4.0
D08342,16,427.47999999999996,3.6666666666666665
D09933,12,427.42999999999995,4.2
D07180,10,427.39,2.2
D07837,17,427.26000000000005,3.0
D01018,16,427.2,3.111111111111111
D06219,12,426.95,3.75
D09850,13,426.91999999999996,4.0
D09292,11,426.90999999999997,3.6666666666666665
D01480,15,426.9,3.4
D05033,9,426.87,3.3333333333333335
D07868,13,426.84999999999997,2.25
D06969,13,426.79999999999995,3.3333333333333335
D03754,14,426.6500000000001,3.3333333333333335
D04132,15,426.64,4.0
D04915,14,426.5199999999999,2.75
D07066,13,426.31,3.0
D09159,13,426.14,3.5
D01172,12,426.08000000000004,3.5
D08180,13,426.07,2.6
D07904,15,426.05,3.4
D03214,15,426.0,3.6666666666666665
D05447,12,425.98,2.3333333333333335
D07735,13,425.89,2.0
D05641,14,425.83,2.625
D01637,11,425.78,3.0
D02733,16,425.77000000000004,2.6666666666666665
D06845,13,425.72,3.5
D08490,12,425.7,2.4
D05964,11,425.65,3.4
D01139,10,425.46999999999997,4.0
D07410,12,425.40000000000003,2.3333333333333335
D03789,11,425.29999999999995,4.0
D05762,15,425.14000000000004,2.0
D07996,15,425.09999999999997,3.7142857142857144
D00589,13,425.02,3.857142857142857
D05679,13,424.93000000000006,3.6
D06677,11,424.81,1.0
D05802,16,424.8,2.8333333333333335
D00357,10,424.79999999999995,3.6666666666666665
D08612,13,424.78999999999996,2.0
D09374,13,424.76,3.6666666666666665
D01134,13,424.69000000000005,4.5
D06358,14,424.64,3.8
D03781,18,424.51,4.0
D06343,18,424.43,3.2857142857142856
D01798,12,424.42,2.8333333333333335
D02077,15,424.4,3.625
D06654,13,424.38,3.2857142857142856
D02376,14,424.38,4.25
D03802,15,424.21,2.5
D03236,14,424.19000000000005,2.6
D09579,14,424.05000000000007,2.3333333333333335
D00983,14,424.04,3.2857142857142856
D04127,13,424.02,3.5
D08435,12,423.92,2.5
D06597,11,423.9,4.0
D04133,11,423.78999999999996,4.0
D04444,17,423.75,2.75
D03183,12,423.7,3.3333333333333335
D00419,15,423.62,3.0
D06170,13,423.56000000000006,3.0
D05603,15,423.48,3.2857142857142856
D05135,8,423.4,2.0
D03919,12,423.27,2.6
D06849,12,423.22,2.5
D02659,16,423.2199999999999,2.2
D00793,14,423.12999999999994,2.0
D02820,12,423.09000000000003,2.6
D09649,18,423.06000000000006,3.0
D01088,12,423.0399999999999,2.8333333333333335
D04827,12,423.03,4.0
D00835,12,423.02000000000004,4.0
D08409,13,422.99,3.6666666666666665
D00938,14,422.97999999999996,3.0
D05987,11,422.87,1.75
D02054,13,422.78999999999996,2.0
D03301,15,422.64,4.0
D07659,17,422.52,3.25
D05185,15,422.44,3.3333333333333335
D06531,16,422.37999999999994,2.3333333333333335
D03548,13,422.26,2.0
D05450,14,422.26,2.5
D05606,12,422.15000000000003,2.8
D06316,15,422.13,3.0
D08705,10,422.03999999999996,2.0
D00244,16,421.76,3.5
D00084,13,421.76,3.0
D05365,14,421.65999999999997,3.0
D01242,13,421.55,2.0
D02907,14,421.47,2.0
D09979,11,421.40999999999997,2.142857142857143
D02981,13,421.37,3.25
D08736,12,421.32,2.8333333333333335
D00141,13,421.31,3.3333333333333335
D01562,13,421.18999999999994,3.3333333333333335
D01326,12,421.05999999999995,3.75
D06273,17,421.02,3.8333333333333335
D08895,18,420.71,3.0
D03414,16,420.7099999999999,1.5
D06272,15,420.67,3.25
D00581,16,420.65999999999997,2.3333333333333335
D04549,13,420.63,2.2
D08959,14,420.59999999999997,4.5
D04781,13,420.54,1.25
D03820,14,420.49,1.6666666666666667
D00322,12,420.45,3.2857142857142856
D03053,16,420.45,2.3333333333333335
D09555,12,420.33000000000004,2.5
D08861,13,420.3299999999999,2.5
D06545,11,420.31000000000006,3.5
D00213,11,420.27,3.0
D03890,13,420.16,2.0
D06125,15,420.12,3.0
D01646,14,419.92999999999995,3.0
D09775,13,419.92,3.375
D06496,14,419.91,4.0
D00676,15,419.90999999999997,4.0
D01757,14,419.83,3.4
D06036,12,419.74,1.6666666666666667
D03419,14,419.73999999999995,1.0
D06446,14,419.7,3.0
D01268,10,419.55999999999995,3.0
D05841,12,419.37,2.25
D00547,12,419.3,2.4285714285714284
D01320,14,419.28999999999996,3.3333333333333335
D06479,13,419.18999999999994,5.0
D09575,15,419.08000000000004,3.0
D08270,17,418.99,3.6666666666666665
D09348,12,418.92,1.25
D04534,12,418.88,3.0
D05563,17,418.66999999999996,2.5
D00570,14,418.62,4.0
D00297,11,418.57,2.5
D04117,11,418.48,5.0
D02537,13,418.43,2.5714285714285716
D04696,11,418.3,3.0
D08214,13,418.2900000000001,4.333333333333333
D08711,14,418.18000000000006,2.6666666666666665
D00497,13,418.15999999999997,3.75
D09329,11,417.81000000000006,4.0
D09398,14,417.64,2.75
D05508,15,417.63000000000005,2.6666666666666665
D03158,12,417.55999999999995,3.0
D09162,15,417.52,2.8333333333333335
D09867,11,417.5199999999999,2.4
D02691,9,417.51,4.0
D00257,16,417.46000000000004,3.75
D07861,15,417.45,3.0
D00701,14,417.43,3.5714285714285716
D03190,15,417.4,1.6666666666666667
D06567,13,417.34000000000003,3.6666666666666665
D07234,15,417.3,2.6666666666666665
D03242,15,417.24999999999994,2.5
D01354,16,417.07,3.6
D00895,13,417.0,2.4
D06427,13,416.99999999999994,3.3333333333333335
D09132,15,416.86,
D07923,14,416.8299999999999,3.0
D03230,14,416.77,4.0
D02685,12,416.75,3.2857142857142856
D08063,17,416.46000000000004,2.8333333333333335
D00293,13,416.44999999999993,2.6
D07687,13,416.40000000000003,3.0
D07441,13,416.35,3.5
D05400,18,416.34000000000003,2.4
D07024,13,416.34000000000003,2.0
D09461,14,416.33000000000004,5.0
D08039,11,416.25000000000006,3.5
D02784,11,416.16,4.0
D07708,13,416.15000000000003,3.0
D02944,14,416.10999999999996,2.8
D03192,10,416.07000000000005,1.0
D05020,12,416.02,4.5
D07016,11,415.94000000000005,2.6
D02482,13,415.8,3.1666666666666665
D05626,16,415.76,3.1666666666666665
D00106,14,415.74,3.5
D01189,10,415.59000000000003,3.5
D00834,10,415.5400000000001,3.0
D01252,16,415.54,1.6666666666666667
D01574,12,415.52,2.75
D06934,15,415.48,2.25
D02346,11,415.4,2.0
D08729,11,414.94,2.6666666666666665
D00146,14,414.8,3.0
D01622,14,414.78000000000003,4.25
D08669,14,414.68,1.5
D01842,12,414.61,2.5
D04945,14,414.34999999999997,3.0
D08202,15,414.32,3.6666666666666665
D05070,13,414.21,2.2
D05236,12,414.18999999999994,2.25
D03600,11,414.17,3.2
D06008,14,414.1,3.3333333333333335
D08254,13,413.98,4.2
D09576,17,413.8299999999999,3.0
D08877,17,413.81999999999994,3.0
D08088,14,413.68999999999994,2.8333333333333335
D05469,15,413.61999999999995,3.5
D03280,14,413.51,3.5
D03161,14,413.43,2.8
D03494,12,413.36,2.0
D09229,13,413.3299999999999,4.0
D06905,12,413.26,3.0
D05945,12,413.13,2.3333333333333335
D03507,12,412.99,4.4
D04051,14,412.94,2.4
D07447,12,412.92999999999995,2.2
D00110,11,412.74,2.1666666666666665
D07704,13,412.71999999999997,3.2857142857142856
D08114,13,412.40999999999997,3.6666666666666665
D06807,13,412.3300000000001,3.25
D09426,12,412.31,2.5
D06223,15,412.29999999999995,2.5
D04487,12,412.2399999999999,3.0
D05502,13,412.2099999999999,2.8
D03110,15,412.2,2.75
D01060,15,412.05000000000007,3.5
D08761,13,411.94000000000005,4.0
D09450,14,411.94,2.4
D07815,14,411.91,2.6666666666666665
D03563,17,411.90999999999997,2.2857142857142856
D01043,11,411.85999999999996,3.25
D04033,13,411.72999999999996,3.75
D06085,12,411.69,2.5
D02171,17,411.65,2.0
D00583,15,411.59000000000003,2.8
D07830,11,411.46000000000004,4.0
D09635,14,411.46000000000004,3.0
D04245,15,411.38,3.857142857142857
D00396,11,411.38,4.0
D07649,14,411.3,4.0
D07249,17,411.28000000000003,3.3333333333333335
D03506,15,411.2,1.5
D00805,14,411.14000000000004,2.8333333333333335
D00216,13,411.14,1.75
D08129,10,411.14,1.5
D01805,15,411.13,3.3333333333333335
D05072,14,411.09999999999997,3.5
D03352,14,411.08,2.75
D08358,14,410.95000000000005,1.0
D08597,10,410.84,3.3333333333333335
D09089,13,410.73999999999995,2.0
D06348,13,410.68,3.3333333333333335
D05458,14,410.64,3.0
D01049,12,410.55999999999995,4.0
D02419,13,410.5,1.0
D05934,11,410.46000000000004,3.3333333333333335
D01179,16,410.44,3.2
D09068,11,410.41,3.3333333333333335
D01578,11,410.17999999999995,2.75
D05000,13,410.12000000000006,1.6666666666666667
D07338,12,410.08000000000004,3.25
D06236,13,410.06999999999994,3.6666666666666665
D08658,15,410.03,1.6666666666666667
D09373,10,410.0,2.6
D01846,13,409.99,4.5
D04285,11,409.97,3.0
D09648,17,409.92999999999995,4.333333333333333
D03359,13,409.81,3.0
D05615,15,409.80000000000007,2.5714285714285716
D06377,11,409.79999999999995,4.0
D03942,9,409.77,3.3333333333333335
D08047,12,409.71,2.5
D08543,12,409.69000000000005,2.6666666666666665
D06735,13,409.69000000000005,2.5
D02470,12,409.6,2.857142857142857
D03724,11,409.59,3.4
D02924,10,409.5,
D02191,12,409.49,4.5
D08249,15,409.48,2.4
D05991,12,409.48,4.5
D00429,11,409.43,3.0
D07886,9,409.4100000000001,4.25
D08049,15,409.41,3.6
D09465,13,409.20000000000005,1.4285714285714286
D06419,12,409.2,2.4
D02791,16,409.14,1.75
D08634,16,409.12,4.333333333333333
D01913,15,409.11999999999995,3.2857142857142856
D02652,13,409.03,2.0
D07284,9,409.01,3.0
D00577,11,409.01,3.3333333333333335
D05654,13,408.99,2.0
D01145,14,408.91999999999996,2.0
D00259,15,408.9,2.3333333333333335
D08283,15,408.89,3.6666666666666665
D07262,11,408.89,3.6
D04040,14,408.88,3.6666666666666665
D04767,12,408.86000000000007,4.0
D04211,14,408.85999999999996,3.3333333333333335
D09273,14,408.82,3.142857142857143
D06773,13,408.8,2.7142857142857144
D09846,15,408.79999999999995,2.4
D02066,11,408.77,2.0
D06264,10,408.75999999999993,3.0
D03481,14,408.68,2.3333333333333335
D09486,14,408.67,3.0
D05620,13,408.64000000000004,4.0
D05353,12,408.59000000000003,2.142857142857143
D09552,16,408.48999999999995,2.8
D04162,14,408.46999999999997,4.333333333333333
D07276,16,408.45000000000005,3.0
D07146,13,408.39000000000004,2.75
D02488,12,408.28,2.3333333333333335
D00704,12,408.25,3.0
D02209,10,408.22999999999996,3.5
D01607,12,408.18999999999994,1.3333333333333333
D00643,12,408.17,
D05142,12,408.17,
D04479,13,408.17,3.5
D06152,13,408.15,3.25
D07502,9,408.11000000000007,4.0
D00329,13,408.09999999999997,2.5
D00444,15,408.04999999999995,2.5
D01604,12,407.92,2.75
D05203,12,407.9,3.0
D04625,16,407.86999999999995,1.25
D05567,11,407.86,4.0
D00043,12,407.86,2.857142857142857
D08094,13,407.85,3.0
D03173,12,407.84000000000003,2.8333333333333335
D04889,15,407.81,2.5
D07097,14,407.68,2.5
D08663,12,407.58000000000004,3.0
D01513,11,407.56000000000006,2.0
D04010,15,407.56,4.2
D03757,15,407.54,2.0
D00637,12,407.5,1.5
D06864,13,407.48999999999995,4.5
D01547,12,407.41999999999996,3.0
D08914,13,407.35,3.8
D08871,10,407.33000000000004,2.25
D07083,16,407.33,3.0
D05358,17,407.09999999999997,3.0
D07647,12,406.99,2.7777777777777777
D09639,17,406.86999999999995,2.857142857142857
D01499,9,406.83,4.142857142857143
D01882,11,406.73,3.5
D02980,12,406.71999999999997,2.8
D04811,12,406.71,3.5
D02069,18,406.69999999999993,2.75
D07213,11,406.67,4.0
D07680,20,406.66999999999996,3.5
D06847,13,406.63,3.8
D05016,15,406.61,2.6666666666666665
D09640,12,406.6,2.8
D01005,12,406.53999999999996,3.5
D03589,11,406.47,2.8333333333333335
D02113,14,406.46,3.4
D07745,12,406.24,2.0
D09927,11,406.15,4.0
D04605,13,406.0,2.75
D05206,14,405.99000000000007,3.5
D07337,14,405.97,3.6666666666666665
D00764,10,405.97,4.25
D09521,9,405.95000000000005,2.0
D05294,15,405.89000000000004,3.75
D00900,18,405.84999999999997,3.0
D05744,13,405.75,3.0
D08146,13,405.74,3.75
D05842,12,405.69999999999993,1.75
D08906,14,405.69000000000005,4.5
D06676,14,405.62,4.5
D04736,12,405.61,2.3333333333333335
D08231,15,405.54,3.6666666666666665
D03930,10,405.40999999999997,
D08714,16,405.25,3.142857142857143
D00062,16,405.14000000000004,2.0
D03643,11,405.05000000000007,3.0
D01658,11,405.04,4.0
D00566,14,405.03999999999996,3.8
D01030,12,404.97,1.3333333333333333
D04511,13,404.78,2.0
D00032,15,404.64,4.0
D05529,13,404.58,3.3333333333333335
D00347,13,404.5199999999999,3.0
D08943,12,404.47,3.0
D09924,15,404.46000000000004,2.25
D09173,13,404.46,2.857142857142857
D01621,13,404.45,2.0
D07934,18,404.43000000000006,3.75
D04044,12,404.38,3.0
D00554,16,404.37,2.2
D03597,15,404.35,2.75
D06979,14,404.34,4.333333333333333
D02645,14,404.31,3.5
D06281,17,404.2099999999999,2.4
D03238,11,404.2,3.0
D05130,13,404.18,2.8333333333333335
D02310,12,404.16,2.75
D08725,12,404.11,2.25
D03096,12,404.05999999999995,2.6666666666666665
D03699,10,403.96,2.75
D00780,14,403.96,3.125
D05911,14,403.95,2.4
D09237,14,403.87999999999994,3.0
D04037,14,403.85999999999996,3.0
D04129,13,403.85,2.4
D07944,11,403.84,3.25
D06936,17,403.75000000000006,3.0
D06094,15,403.69,4.0
D03954,13,403.66999999999996,2.4
D08540,12,403.65999999999997,1.0
D04757,13,403.61,2.6
D02011,12,403.59000000000003,3.0
D03917,14,403.58,3.25
D02885,13,403.56999999999994,2.5
D05296,15,403.53,2.6666666666666665
D04996,14,403.48999999999995,3.5
D03834,10,403.48,4.0
D03151,16,403.47,3.1666666666666665
D01069,15,403.44,2.3333333333333335
D08390,12,403.32000000000005,2.2
D09614,14,403.28,3.6
D04556,14,403.27,2.6666666666666665
D01360,12,403.1,2.5
D00367,11,403.08000000000004,3.4
D08648,14,403.02000000000004,4.0
D02349,12,402.97,1.6666666666666667
D07702,14,402.95,2.0
D00092,12,402.81000000000006,2.3333333333333335
D01314,14,402.81,2.6666666666666665
D06717,14,402.77,3.3333333333333335
D08329,13,402.56,3.5
D09774,16,402.50000000000006,4.0
D06789,13,402.46000000000004,2.75
D04005,17,402.44999999999993,3.111111111111111
D03221,15,402.43999999999994,2.5
D02629,12,402.37,3.25
D06544,10,402.35,3.4
D01001,15,402.26,3.0
D07900,12,402.1699999999999,2.5
D02700,16,402.09000000000003,4.5
D06421,10,402.05,4.0
D04353,14,401.91999999999996,2.0
D05659,13,401.8299999999999,2.75
D07156,17,401.76000000000005,2.7142857142857144
D03133,13,401.67,2.857142857142857
D02856,11,401.59999999999997,3.5
D05356,13,401.59,2.3333333333333335
D04668,12,401.57,2.5714285714285716
D06005,12,401.55000000000007,2.0
D06458,16,401.46999999999997,3.1666666666666665
D01517,12,401.46000000000004,3.4285714285714284
D07547,11,401.40999999999997,1.5
D07226,14,401.34,2.75
D00831,15,401.34,2.8
D03371,13,401.31000000000006,2.75
D06335,11,401.29,4.0
D08478,14,401.26000000000005,4.333333333333333
D09464,14,401.02,2.5
D01830,11,400.9100000000001,2.75
D04872,12,400.48999999999995,2.6
D05414,14,400.27,3.5
D03338,12,400.2,2.2
D06578,14,400.16,3.0
D09646,12,400.10999999999996,5.0
D02850,13,400.09000000000003,1.0
D09671,11,400.08000000000004,3.5
D00343,14,400.08000000000004,4.0
D08177,14,400.08,3.0
D09644,13,400.05000000000007,2.0
D02886,18,400.04,3.2
D03502,12,400.03000000000003,2.0
D00077,11,399.93,2.75
D00936,14,399.92,3.0
D08585,11,399.91,2.6
D02456,14,399.90999999999997,4.0
D00035,13,399.87999999999994,3.0
D01727,17,399.86,3.5
D01122,11,399.68999999999994,3.2
D08885,11,399.52,1.0
D07652,15,399.46000000000004,3.875
D03256,15,399.41999999999996,3.25
D00417,14,399.39000000000004,1.0
D09884,12,399.37,2.5
D03298,12,399.35999999999996,3.0
D04655,13,399.31000000000006,3.5
D09323,13,399.27,2.6
D05331,16,399.17999999999995,3.0
D09424,12,399.13,2.8
D09211,11,398.95000000000005,3.25
D03845,11,398.92,3.3333333333333335
D01250,10,398.91,2.3333333333333335
D04445,15,398.89,2.4
D03513,12,398.87,2.8
D03743,12,398.78999999999996,3.0
D03528,14,398.75000000000006,3.3333333333333335
D09940,13,398.67999999999995,2.8333333333333335
D01580,13,398.61,2.5
D06317,13,398.61,2.2857142857142856
D07380,11,398.49,2.8
D02612,15,398.46000000000004,3.75
D08113,11,398.41,3.3333333333333335
D03972,15,398.4,3.6666666666666665
D06384,12,398.3800000000001,2.25
D04218,12,398.28000000000003,2.2
D02006,13,398.24000000000007,3.6666666666666665
D05879,11,398.19,1.8
D07715,11,398.13,2.2
D09385,13,398.03999999999996,1.0
D03008,13,398.03000000000003,2.3333333333333335
D00595,10,398.0,2.25
D08824,14,398.0,2.25
D06929,12,397.99999999999994,3.142857142857143
D04514,14,397.97,3.0
D09941,13,397.96000000000004,2.6666666666666665
D03446,14,397.95000000000005,2.2
D01735,14,397.92,4.0
D05362,9,397.84,3.4
D04505,13,397.8,2.4
D00152,16,397.8,2.3333333333333335
D01479,16,397.75000000000006,1.75
D07946,13,397.71999999999997,4.0
D03891,15,397.65999999999997,3.2
D07451,14,397.65,3.0
D07123,15,397.58,3.375
D08623,15,397.56000000000006,3.3333333333333335
D05215,13,397.55,3.0
D02315,14,397.47,2.2857142857142856
D01741,13,397.37,2.4
D04313,13,397.36,4.0
D02255,10,397.35,2.3333333333333335
D06379,13,397.30000000000007,2.75
D01058,11,397.27,
D05459,13,397.23,2.3333333333333335
D04870,10,397.11,3.6666666666666665
D05184,10,397.09999999999997,2.3333333333333335
D08880,12,397.05,1.5
D03168,10,397.0,3.75
D06793,15,396.96999999999997,3.1666666666666665
D01818,11,396.96,3.0
D05952,12,396.9,4.2
D04738,14,396.88999999999993,3.3333333333333335
D01295,10,396.86,3.5
D08876,11,396.84000000000003,2.75
D09482,11,396.82,1.0
D02391,10,396.78999999999996,1.75
D02653,12,396.76,2.3333333333333335
D05005,15,396.75,3.0
D05250,14,396.69,3.6666666666666665
D01431,13,396.54999999999995,3.2
D02239,13,396.54,3.2
D08017,13,396.49,1.5
D00814,13,396.24,3.25
D01421,11,396.21999999999997,3.0
D07190,12,396.13,3.3333333333333335
D06931,13,396.12,3.25
D05336,14,396.07000000000005,2.0
D06357,11,396.06,3.0
D01199,13,395.98,2.8
D08537,15,395.94999999999993,2.6666666666666665
D04983,13,395.91999999999996,2.625
D06202,17,395.9,3.0
D00815,14,395.81,3.0
D08939,12,395.7199999999999,3.6666666666666665
D08852,14,395.70000000000005,2.0
D01508,13,395.31,2.0
D07778,13,395.21,3.4
D08848,12,395.11,2.75
D05968,11,395.04999999999995,2.5
D03233,14,394.95000000000005,3.375
D00756,15,394.90000000000003,2.857142857142857
D00872,12,394.88,4.0
D01202,13,394.84,3.75
D04454,14,394.83,4.8
D08274,11,394.82,3.3333333333333335
D00155,14,394.7,2.8333333333333335
D06050,11,394.7,3.4
D08416,14,394.64,3.25
D07807,12,394.64,2.75
D07420,11,394.63999999999993,2.8
D05791,14,394.62999999999994,3.6666666666666665
D04830,13,394.61,3.2
D08353,14,394.61,3.1666666666666665
D01367,13,394.55,4.0
D05815,13,394.53,2.6666666666666665
D01679,13,394.53,2.4
D03848,13,394.48,4.0
D03902,14,394.45,2.3333333333333335
D05227,12,394.42,3.4
D01126,14,394.28000000000003,3.0
D06054,16,394.16999999999996,3.0
D02557,9,394.09999999999997,1.5
D04078,13,394.02,2.3333333333333335
D03687,14,393.99,3.0
D01695,11,393.99,2.6666666666666665
D00455,14,393.99,3.0
D08679,13,393.92,3.1666666666666665
D05702,13,393.83,3.125
D06472,12,393.80999999999995,4.2
D06312,14,393.80999999999995,3.5
D01990,12,393.68,2.5
D06294,14,393.62,3.7142857142857144
D09779,14,393.54999999999995,3.2857142857142856
D04227,11,393.5,3.0
D08079,12,393.5,4.666666666666667
D03115,13,393.49,2.75
D08290,9,393.44,2.3333333333333335
D03924,17,393.35999999999996,2.875
D08688,11,393.23,2.6
D04337,11,393.22,3.5
D08601,16,393.18,2.0
D07128,11,393.15999999999997,4.25
D09668,11,393.04,3.5
D08237,14,392.97,3.3333333333333335
D04598,14,392.91,2.5
D07921,13,392.8299999999999,3.0
D04495,11,392.81,3.25
D02196,13,392.69999999999993,2.25
D00139,12,392.55000000000007,2.75
D01200,16,392.53000000000003,2.3333333333333335
D02478,17,392.42999999999995,2.5714285714285716
D09569,13,392.37,2.1666666666666665
D02082,15,392.36,3.3333333333333335
D05058,13,392.36,3.0
D00355,12,392.24,2.6666666666666665
D04837,12,392.22999999999996,3.6666666666666665
D03590,14,392.22,3.3333333333333335
D09664,12,392.20000000000005,2.857142857142857
D04822,10,392.13,2.5
D00789,16,392.0,3.5
D00456,10,391.96000000000004,4.5
D07031,14,391.93999999999994,2.5
D03316,11,391.9200000000001,3.4
D07371,10,391.82,3.0
D05065,13,391.74,3.75
D06011,13,391.66999999999996,3.0
D02428,14,391.66,5.0
D01213,13,391.64000000000004,3.0
D07592,12,391.62,2.25
D01799,13,391.61,3.5
D06920,13,391.54999999999995,2.6666666666666665
D07372,16,391.48,2.8
D08239,12,391.47,2.3333333333333335
D03978,17,391.41999999999996,4.0
D04899,11,391.39000000000004,4.5
D08469,15,391.37,2.3333333333333335
D03222,14,391.33000000000004,3.6666666666666665
D03108,14,391.31999999999994,3.75
D00851,10,391.28,3.4
D07608,11,391.21,4.4
D04794,11,391.18000000000006,2.3333333333333335
D04555,12,391.14,2.3333333333333335
D08426,13,391.1,3.0
D09372,12,391.04,3.8
D08006,13,391.03999999999996,2.0
D06462,13,390.87,2.6
D00561,10,390.87,3.25
D09541,14,390.79,3.5
D03244,13,390.68,3.0
D01700,15,390.63999999999993,2.1666666666666665
D09053,11,390.53,3.5
D04182,12,390.51,2.6666666666666665
D02228,13,390.45,2.8
D05052,14,390.4,2.0
D04656,16,390.39,2.625
D02603,11,390.29999999999995,2.6666666666666665
D05186,11,390.27,2.8
D09703,16,390.16999999999996,1.8333333333333333
D02097,12,390.13,5.0
D05324,14,390.12000000000006,3.375
D09627,15,390.04999999999995,3.0
D04339,12,389.91999999999996,2.3333333333333335
D08220,15,389.91,3.5
D03272,14,389.82,3.0
D07670,13,389.82,4.0
D06120,13,389.78,2.0
D07035,11,389.77,1.6
D02146,11,389.76,3.5
D00353,15,389.73,2.0
D08900,14,389.73,3.5
D05633,11,389.63,5.0
D08110,11,389.53999999999996,3.2
D08359,11,389.52,3.0
D09982,14,389.51,2.5
D06476,10,389.49999999999994,2.5
D02086,10,389.32,4.0
D06697,10,389.24,3.0
D07229,13,389.2,2.5
D06560,14,389.17,4.25
D04180,11,389.05,3.0
D00736,12,388.98999999999995,2.857142857142857
D08163,14,388.9,1.3333333333333333
D05199,9,388.8,2.5
D09310,15,388.69,3.0
D08980,13,388.64,3.8333333333333335
D08758,11,388.58,2.2
D05877,10,388.56,4.0
D02502,14,388.4,2.5
D09489,14,388.36,3.5
D08870,11,388.22,3.5
D01885,12,388.22,1.5
D09440,12,388.2199999999999,4.0
D03094,13,388.21,3.8
D04928,13,388.18999999999994,2.1666666666666665
D00437,11,387.96999999999997,4.6
D09925,14,387.92999999999995,3.0
D01102,13,387.91,3.0
D02615,16,387.89,3.0
D00360,11,387.82000000000005,2.0
D06640,12,387.71999999999997,
D02938,13,387.54999999999995,2.8
D07448,17,387.5,3.0
D02431,12,387.47999999999996,2.6666666666666665
D07467,12,387.42,3.6
D07750,13,387.39000000000004,3.3333333333333335
D08123,11,387.39,2.5
D08354,15,387.27,3.0
D02942,15,387.26,3.0
D08026,14,387.09999999999997,3.4
D09413,14,387.06000000000006,2.0
D05291,15,386.98,3.3333333333333335
D07438,12,386.96,3.2857142857142856
D00496,12,386.94,4.333333333333333
D09457,14,386.90999999999997,3.142857142857143
D03565,13,386.88000000000005,2.0
D09498,13,386.85999999999996,2.8
D03171,17,386.84000000000003,3.5
D04212,14,386.82,3.8
D02417,11,386.78,2.3333333333333335
D06300,11,386.62,2.75
D03204,13,386.52,2.4
D01927,12,386.47999999999996,4.333333333333333
D05961,14,386.47,2.3333333333333335
D03186,13,386.4500000000001,4.333333333333333
D09148,13,386.43,3.3333333333333335
D02272,12,386.33,1.8
D07329,13,386.21999999999997,2.6666666666666665
D01881,13,386.01,3.25
D07130,13,385.9800000000001,3.6666666666666665
D00657,14,385.89000000000004,3.0
D03423,13,385.73999999999995,5.0
D09001,11,385.58000000000004,3.6666666666666665
D00388,11,385.58,2.0
D09748,14,385.5799999999999,3.0
D06631,12,385.55,2.6666666666666665
D03721,12,385.44,2.1666666666666665
D01327,12,385.38,3.4285714285714284
D09296,14,385.36,3.3333333333333335
D03482,13,385.2,3.5
D08653,9,385.18999999999994,3.75
D01895,10,385.18999999999994,3.5
D00587,13,385.18,3.4
D08693,10,385.05999999999995,3.3333333333333335
D08818,10,385.03,
D09891,16,384.98000000000013,3.6666666666666665
D09490,13,384.90000000000003,2.857142857142857
D03329,9,384.90000000000003,3.0
D07389,12,384.87,3.5
D07259,11,384.77000000000004,
D03264,16,384.77,3.5
D04217,12,384.74,2.75
D03692,12,384.72,3.1666666666666665
D00714,12,384.6,2.0
D08464,12,384.57000000000005,3.75
D07181,16,384.57,3.0
D05723,14,384.51,3.8
D03593,13,384.50000000000006,2.6666666666666665
D03379,13,384.47,2.1666666666666665
D05924,13,384.40000000000003,3.5
D07957,11,384.25,3.5
D00868,11,384.2300000000001,3.3333333333333335
D04507,13,384.22999999999996,2.0
D09065,12,384.16,3.2
D07498,13,384.14000000000004,1.6666666666666667
D08855,13,384.1,1.0
D07667,10,384.06,2.3333333333333335
D02153,13,383.96000000000004,3.2
D01239,16,383.93000000000006,2.4
D05078,15,383.9,2.6666666666666665
D04386,13,383.89,4.25
D06263,9,383.88,3.0
D09684,11,383.88,3.5
D06593,10,383.79,4.0
D00460,12,383.64,2.5714285714285716
D07355,14,383.64,3.6666666666666665
D03518,15,383.55999999999995,2.75
D00944,10,383.55,4.0
D05081,14,383.49,4.0
D04765,14,383.47,2.0
D06416,14,383.44,3.3333333333333335
D07743,10,383.44,3.6666666666666665
D05692,12,383.41,2.5
D09055,14,383.4,2.25
D01432,12,383.37,3.8333333333333335
D02031,12,383.34,4.25
D06168,10,383.29,2.75
D05696,13,383.26000000000005,4.333333333333333
D04766,11,383.26,2.8
D00498,14,383.23999999999995,2.0
D03629,14,383.2000000000001,2.0
D05771,13,383.11999999999995,2.8
D08455,13,383.09,3.6666666666666665
D03015,11,383.00000000000006,4.0
D03465,15,382.93999999999994,3.0
D06801,12,382.83000000000004,2.0
D05919,14,382.8299999999999,2.25
D02663,12,382.71999999999997,2.3333333333333335
D07439,14,382.65,1.3333333333333333
D00648,14,382.63,1.6666666666666667
D00034,16,382.53999999999996,3.4
D05106,13,382.5,2.142857142857143
D08683,11,382.39000000000004,3.6
D04250,13,382.36,2.3333333333333335
D04960,9,382.32000000000005,5.0
D02040,13,382.30999999999995,3.0
D05851,11,382.27,2.0
D01809,11,382.26,4.6
D07504,11,382.20000000000005,3.5
D08171,12,382.12,4.0
D07970,12,382.03,2.1666666666666665
D00113,11,382.01,3.8
D00210,11,381.98,2.75
D01908,17,381.95,4.333333333333333
D00948,15,381.83,1.8
D02064,11,381.78999999999996,3.6666666666666665
D09798,13,381.78999999999996,5.0
D06998,12,381.78,2.2
D04892,12,381.74000000000007,2.75
D07570,13,381.71,3.2
D05876,15,381.65000000000003,3.0
D03557,12,381.6,2.5
D03725,14,381.5899999999999,3.25
D02430,11,381.56999999999994,4.0
D07493,14,381.55000000000007,3.2
D00436,11,381.46000000000004,2.25
D02286,12,381.46000000000004,3.3333333333333335
D01950,11,381.43000000000006,3.1666666666666665
D09572,12,381.4099999999999,3.0
D07590,13,381.35999999999996,2.3333333333333335
D07906,13,381.2900000000001,4.5
D06105,11,381.24,3.5
D07562,12,381.23,1.0
D03463,15,381.2,3.6666666666666665
D01575,12,381.19999999999993,3.2
D00392,10,381.15999999999997,3.25
D00890,11,381.15999999999997,3.0
D06156,10,381.12,3.0
D02754,13,381.07,2.5
D08493,12,381.06999999999994,3.0
D02207,11,380.8999999999999,3.3333333333333335
D01307,14,380.87,3.0
D03157,15,380.83,2.5
D06114,14,380.82,3.3333333333333335
D04856,10,380.7699999999999,2.5
D01324,11,380.76000000000005,1.6666666666666667
D09567,11,380.69,2.0
D01772,14,380.61,3.25
D08116,13,380.59999999999997,2.6666666666666665
D03920,11,380.57000000000005,3.25
D05926,14,380.56,3.25
D05845,15,380.46999999999997,3.8
D09454,13,380.46000000000004,3.25
D07135,15,380.42,2.3333333333333335
D05472,13,380.41999999999996,2.8333333333333335
D04046,12,380.37,2.4
D02554,14,380.35,3.3333333333333335
D03791,13,380.22999999999996,1.5
D07324,13,380.19999999999993,2.5
D06727,10,379.99,1.8
D01593,12,379.96,4.0
D08751,14,379.96,2.8
D02465,12,379.94,3.6666666666666665
D06865,10,379.9,2.6666666666666665
D05832,13,379.89,2.857142857142857
D00046,11,379.86,3.3333333333333335
D03249,9,379.82,4.0
D08792,12,379.71000000000004,5.0
D09272,10,379.7,3.5
D02906,12,379.64,3.3333333333333335
D08953,11,379.64,3.6
D03429,10,379.6,2.5
D03111,11,379.59999999999997,3.6666666666666665
D09142,10,379.56,3.0
D05512,15,379.54999999999995,3.8
D00373,17,379.51,3.5
D08734,13,379.36,2.25
D08853,13,379.32000000000005,2.857142857142857
D09379,11,379.28,4.333333333333333
D03813,13,379.20000000000005,2.6666666666666665
D02112,10,379.17,4.0
D01161,10,379.07000000000005,2.5
D02347,15,379.05999999999995,3.8
D03433,11,379.02,2.75
D03988,14,379.02,2.6666666666666665
D01851,15,378.96,2.5
D01708,14,378.92,2.6666666666666665
D09364,11,378.89,5.0
D09315,12,378.88,2.4
D03031,12,378.81,1.0
D06395,13,378.66,2.3333333333333335
D04661,8,378.62,2.0
D07826,14,378.62,3.25
D01936,13,378.58,3.2
D01221,13,378.53000000000003,3.6
D06695,11,378.52000000000004,4.0
D06733,12,378.46999999999997,3.5
D01346,11,378.31,3.75
D08546,9,378.27,2.0
D07627,8,378.27,2.0
D05046,14,378.26,3.0
D08260,13,378.25000000000006,2.6
D00607,12,378.21,3.0
D06956,9,378.19,2.75
D01194,13,378.08,4.5
D08213,11,378.06000000000006,2.75
D00775,10,378.05,4.0
D00639,14,378.02,4.333333333333333
D01274,13,377.99,3.0
D05302,14,377.99,2.25
D06730,9,377.99,3.8
D06409,12,377.97999999999996,3.5
D07228,11,377.97,5.0
D00302,13,377.94,1.0
D01337,10,377.94,2.6666666666666665
D04074,12,377.90999999999997,2.25
D00962,14,377.80999999999995,3.2
D00048,13,377.79999999999995,1.75
D08148,12,377.78999999999996,3.0
D00889,11,377.68,3.0
D05428,11,377.58000000000004,3.0
D08817,13,377.56,1.8
D01918,11,377.51000000000005,4.0
D07205,15,377.45000000000005,3.0
D06043,14,377.40000000000003,1.6666666666666667
D05533,11,377.36000000000007,3.0
D07184,13,377.34999999999997,3.25
D02770,11,377.28999999999996,3.0
D02479,13,377.24,3.5
D01878,16,377.22,3.4285714285714284
D06471,13,377.11,2.75
D06765,13,377.09,2.6
D00430,12,377.07000000000005,3.3333333333333335
D02574,15,377.06,2.6666666666666665
D05600,14,377.03000000000003,2.0
D01524,11,377.03,2.3333333333333335
D03534,13,376.85,3.7142857142857144
D07166,13,376.84999999999997,3.0
D05300,10,376.82000000000005,2.25
D02982,11,376.78000000000003,3.0
D09206,13,376.66,3.2857142857142856
D00616,12,376.65000000000003,4.666666666666667
D02522,10,376.65,3.8
D05234,12,376.62,4.5
D05748,15,376.54999999999995,4.333333333333333
D05007,12,376.47,1.0
D01808,15,376.45,2.8333333333333335
D00421,11,376.42999999999995,3.0
D01668,13,376.37999999999994,2.0
D07236,12,376.37,1.0
D06762,16,376.31,1.5
D02755,13,376.31,1.0
D01939,15,376.25,2.625
D01603,12,376.2200000000001,3.6666666666666665
D02541,12,376.20000000000005,2.8
D02157,12,376.19999999999993,2.2857142857142856
D09804,14,376.19,3.125
D00100,9,376.17,3.0
D03644,13,376.15999999999997,2.4
D01198,11,376.09000000000003,3.0
D02111,11,376.01,4.333333333333333
D02344,15,375.86,2.25
D07177,15,375.77000000000004,3.3333333333333335
D07760,9,375.74,1.75
D07379,13,375.71999999999997,3.4285714285714284
D03601,12,375.7,2.4
D03885,12,375.63,2.75
D01330,12,375.62999999999994,2.5714285714285716
D09854,14,375.62,4.333333333333333
D08702,12,375.61,2.0
D07583,14,375.53,4.0
D07657,13,375.51000000000005,1.3333333333333333
D09630,11,375.49999999999994,4.25
D04403,10,375.48,4.0
D07846,14,375.48,3.3333333333333335
D03884,10,375.48,1.0
D06010,12,375.47,4.5
D03043,14,375.42,3.875
D00197,15,375.36,2.3333333333333335
D02036,14,375.34000000000003,3.3333333333333335
D07573,11,375.34000000000003,2.5
D00799,15,375.28,3.3333333333333335
D05882,11,375.27,2.6666666666666665
D09389,11,375.20000000000005,3.2
D05489,12,375.19,3.6666666666666665
D04867,11,375.19,2.5
D02954,12,375.16,3.375
D06489,11,375.15999999999997,2.0
D03620,14,375.14,3.75
D02950,10,375.11,2.6666666666666665
D08461,11,375.08,4.5
D03462,14,375.04,3.5
D00723,12,375.04,3.1666666666666665
D03488,12,375.02,4.0
D07525,11,375.0,3.75
D05710,10,374.96999999999997,2.0
D05239,11,374.92,3.8
D07653,14,374.86,2.6
D08479,13,374.84,3.5
D00065,10,374.81,3.5
D01702,10,374.71000000000004,3.0
D02564,11,374.63,3.3333333333333335
D07059,11,374.62,2.0
D08857,10,374.6,
D01891,10,374.55999999999995,2.3333333333333335
D09474,10,374.53999999999996,3.5
D06637,16,374.47,2.75
D01446,15,374.41,3.5
D04880,13,374.41,3.0
D06173,11,374.4,2.3333333333333335
D08453,10,374.39,2.0
D08038,14,374.32,3.0
D01906,12,374.31,2.5
D02065,13,374.20000000000005,3.6
D07033,11,374.1,1.0
D01158,11,373.96000000000004,3.4
D02236,12,373.90999999999997,3.6
D03182,10,373.83000000000004,3.5
D00326,10,373.83,2.3333333333333335
D05709,13,373.73,3.0
D05820,10,373.69,3.0
D05621,16,373.6700000000001,2.8
D04428,14,373.60999999999996,2.8333333333333335
D02336,14,373.58,4.75
D09285,11,373.54,2.0
D08280,10,373.50999999999993,2.5
D02849,13,373.49,2.0
D01813,15,373.47,3.0
D00622,11,373.46999999999997,3.5
D06292,12,373.46999999999997,2.8
D07539,13,373.44,3.3333333333333335
D04151,11,373.42,3.5
D00741,9,373.38,3.0
D08375,10,373.33,2.5
D05878,16,373.32000000000005,2.6666666666666665
D01923,12,373.32,3.6666666666666665
D02175,11,373.31,3.0
D00397,11,373.22,2.6666666666666665
D03206,15,373.2099999999999,2.6666666666666665
D06020,9,373.16999999999996,2.2
D08741,10,373.0800000000001,3.0
D02438,12,373.05,1.6666666666666667
D09076,13,373.04999999999995,3.6666666666666665
D05011,13,372.99,2.5
D01311,12,372.90000000000003,4.5
D07577,13,372.9,3.0
D09443,13,372.89,4.5
D07133,11,372.88,3.5
D09319,13,372.82,3.4
D01443,9,372.75,3.2
D00156,12,372.74999999999994,3.8
D02292,9,372.7099999999999,2.6666666666666665
D01438,13,372.62,1.3333333333333333
D03901,10,372.59000000000003,3.6666666666666665
D03881,15,372.58000000000004,2.0
D01114,12,372.33,2.7142857142857144
D03037,14,372.31000000000006,2.6666666666666665
D04465,9,372.24,4.5
D08197,11,372.23999999999995,2.8
D02022,13,372.21000000000004,2.25
D06916,13,372.19,3.6666666666666665
D05993,10,372.01000000000005,3.8
D01866,13,371.92999999999995,2.5
D01240,13,371.85,3.0
D05579,11,371.85,2.3333333333333335
D05098,12,371.84000000000003,2.3333333333333335
D07417,11,371.79,1.6666666666666667
D05172,13,371.76,2.8
D00380,16,371.75,2.8
D06355,12,371.6,2.3333333333333335
D08807,11,371.52,2.4
D00530,18,371.49,3.6666666666666665
D09892,12,371.43000000000006,2.5
D07126,11,371.35,3.75
D09437,12,371.27,1.75
D07298,13,371.27,2.6666666666666665
D06858,13,371.2,4.0
D00362,10,371.17,3.2
D04941,11,371.14000000000004,2.3333333333333335
D03740,12,371.14,3.5
D02296,11,371.12,2.0
D06787,10,371.1,2.4
D03672,12,371.08000000000004,4.25
D09507,15,371.03999999999996,2.8333333333333335
D06206,13,371.01,2.5
D07757,12,371.01,3.6666666666666665
D08019,12,370.97999999999996,1.0
D00771,10,370.88,3.3333333333333335
D06302,11,370.81999999999994,3.0
D09931,10,370.81,4.333333333333333
D00453,15,370.74999999999994,3.0
D04149,15,370.73,2.7142857142857144
D08242,16,370.70000000000005,2.0
D07000,11,370.69000000000005,3.0
D03054,10,370.62,1.6
D05474,14,370.59000000000003,2.75
D03081,12,370.56,1.3333333333333333
D07535,14,370.55,2.375
D02383,12,370.53999999999996,2.0
D00687,11,370.43,2.8
D09858,14,370.42999999999995,3.0
D03808,12,370.4,4.0
D07662,8,370.4,3.0
D08195,9,370.34,2.5
D04745,13,370.02000000000004,2.8
D03174,11,370.01000000000005,4.5
D02089,9,369.98999999999995,3.0
D08770,11,369.93,3.0
D00087,10,369.87,3.0
D05434,9,369.87,4.0
D08312,13,369.84999999999997,3.0
D03227,11,369.83,4.0
D03768,12,369.81,2.3333333333333335
D09225,12,369.79999999999995,1.0
D00040,13,369.77000000000004,2.8
D08650,10,369.65000000000003,2.8333333333333335
D05859,12,369.62,1.75
D06555,10,369.59999999999997,3.5
D09693,12,369.51,2.0
D08289,12,369.5,2.857142857142857
D05380,14,369.47,4.666666666666667
D02084,11,369.45000000000005,3.5
D06241,15,369.43,2.857142857142857
D01313,12,369.42,2.5
D03225,12,369.42,2.25
D08258,13,369.39000000000004,1.8333333333333333
D02760,12,369.38,4.0
D09207,11,369.32000000000005,2.0
D04805,14,369.3,2.6
D09772,11,369.28999999999996,2.0
D05951,10,369.15,2.0
D06205,15,369.15,4.0
D09754,13,369.09000000000003,3.5
D02375,12,368.9,2.3333333333333335
D09174,12,368.88,2.75
D07351,11,368.79999999999995,4.0
D05894,11,368.77000000000004,3.8
D08684,16,368.77,2.2857142857142856
D04340,13,368.75,2.6666666666666665
D05639,11,368.73,2.0
D01384,11,368.72999999999996,3.25
D01867,12,368.71999999999997,2.6666666666666665
D00864,12,368.69999999999993,2.75
D05099,11,368.65999999999997,3.0
D01804,12,368.62,2.6666666666666665
D05929,10,368.60999999999996,3.0
D02824,12,368.58,2.6666666666666665
D02998,11,368.57,2.75
D04703,12,368.48,3.3333333333333335
D07533,11,368.46000000000004,1.6666666666666667
D04516,9,368.38,3.0
D03299,11,368.29999999999995,3.6666666666666665
D09496,14,368.28999999999996,2.8333333333333335
D03373,15,368.26000000000005,3.3333333333333335
D01740,13,368.25000000000006,2.8
D00127,10,368.25000000000006,4.0
D07428,14,368.21,3.8
D04067,11,368.17,3.0
D03749,10,368.16,1.75
D07218,13,368.12,3.1666666666666665
D05599,9,368.09999999999997,3.0
D04175,12,368.08000000000004,
D06945,12,368.07000000000005,3.5
D00670,12,368.06,3.0
D01195,11,368.05,1.6666666666666667
D04990,16,367.96000000000004,3.25
D08234,15,367.96000000000004,2.25
D09352,9,367.96,3.5
D01503,12,367.94999999999993,3.2857142857142856
D07268,14,367.94000000000005,3.3333333333333335
D03637,12,367.86999999999995,2.5
D00488,11,367.76,4.0
D08085,11,367.74,4.0
D04510,14,367.74,4.0
D05479,13,367.73,2.142857142857143
D02318,10,367.71999999999997,2.8333333333333335
D04704,14,367.69000000000005,2.6
D07810,11,367.68,2.4
D05368,13,367.6700000000001,3.2
D07437,11,367.66999999999996,2.2
D07695,14,367.64,2.5
D09971,10,367.61,3.6
D01541,14,367.59,2.5
D09823,12,367.53999999999996,2.8
D01631,12,367.40999999999997,1.6666666666666667
D07387,15,367.33000000000004,4.0
D01617,12,367.33000000000004,1.25
D08536,10,367.31,4.0
D03320,12,367.27,2.3333333333333335
D08689,13,367.25000000000006,3.6666666666666665
D04544,13,367.24,
D03399,13,367.23999999999995,2.4
D04415,9,367.22999999999996,2.8
D03135,15,367.11999999999995,3.25
D02102,11,367.0,2.3333333333333335
D04848,10,366.99,2.75
D08963,13,366.97,2.75
D01494,13,366.93999999999994,3.5
D03417,9,366.93,3.0
D01120,12,366.93,2.0
D07686,11,366.70000000000005,2.6666666666666665
D08692,12,366.64,5.0
D06659,14,366.63,3.25
D01398,12,366.61,2.0
D09615,11,366.59,3.2
D05940,12,366.56,3.0
D09425,12,366.4,3.5
D08222,13,366.34,3.2
D06207,11,366.34,2.5
D07770,10,366.31,3.8
D03175,11,366.22,1.6666666666666667
D08417,13,366.21000000000004,2.5
D03086,12,366.09000000000003,2.0
D01026,16,366.06000000000006,3.5
D09216,13,366.01,5.0
D08738,12,365.96999999999997,2.0
D03904,14,365.88,2.75
D09067,11,365.87,3.142857142857143
D06568,11,365.86999999999995,2.0
D04072,14,365.62,5.0
D02365,11,365.6,2.2857142857142856
D00533,11,365.59000000000003,2.75
D04328,10,365.57,3.75
D02827,15,365.56999999999994,2.8333333333333335
D00465,11,365.52,1.5
D06227,12,365.52,4.0
D02130,13,365.36999999999995,3.2
D05050,10,365.36,2.2
D08991,13,365.32,4.0
D07866,13,365.3,3.0
D01368,9,365.29999999999995,2.5
D07369,12,365.27000000000004,3.0
D00644,10,365.26000000000005,3.5
D00646,13,365.25,3.4
D01953,14,365.23,3.2
D09601,9,365.22999999999996,4.333333333333333
D08968,16,365.1,1.8
D03559,10,365.06,2.5
D05471,12,365.0400000000001,2.75
D08997,13,364.77,2.3333333333333335
D04031,14,364.73,3.857142857142857
D02507,8,364.71000000000004,2.0
D08828,14,364.71,3.0
D05777,14,364.65000000000003,2.75
D09082,13,364.64000000000004,3.0
D07061,9,364.64,2.75
D01230,12,364.61999999999995,1.6666666666666667
D03018,11,364.61000000000007,3.0
D06360,14,364.52000000000004,3.8333333333333335
D01271,11,364.49,2.6666666666666665
D06915,16,364.47,2.0
D00288,12,364.46999999999997,2.4
D05584,16,364.39,3.25
D00173,16,364.38,3.5
D07221,11,364.35,3.75
D06104,15,364.32,3.6666666666666665
D01810,15,364.31,5.0
D03427,16,364.31,2.6666666666666665
D03937,12,364.28,3.0
D05326,9,364.18,3.0
D00111,10,364.18,5.0
D03833,13,364.04999999999995,5.0
D08755,9,364.0400000000001,3.0
D00229,11,364.0,3.3333333333333335
D06960,13,363.98,2.4
D05308,13,363.98,2.6666666666666665
D03836,14,363.96999999999997,2.75
D08061,9,363.89,2.75
D02686,10,363.8299999999999,3.0
D01147,14,363.77,3.0
D00070,13,363.77,2.8333333333333335
D00318,12,363.76000000000005,2.5714285714285716
D08296,14,363.75,3.3333333333333335
D06911,14,363.72999999999996,2.0
D02839,11,363.62,2.3333333333333335
D02796,11,363.54,3.5
D08339,10,363.53000000000003,3.75
D01498,12,363.47,5.0
D01894,11,363.45,2.1666666666666665
D09585,11,363.42,2.6666666666666665
D04677,10,363.40999999999997,3.142857142857143
D04387,13,363.39,2.6
D03107,11,363.36,1.3333333333333333
D06089,13,363.3299999999999,3.5
D05897,14,363.30999999999995,3.25
D00290,12,363.16,3.1666666666666665
D08735,12,363.15,3.0
D07010,11,363.03000000000003,4.0
D02435,13,363.03000000000003,3.3333333333333335
D03496,10,362.97,2.75
D01086,13,362.9699999999999,1.6666666666666667
D02572,15,362.91,4.0
D04985,12,362.84,4.333333333333333
D07117,12,362.83000000000004,2.75
D03599,15,362.82,3.25
D01642,14,362.78999999999996,4.4
D01299,13,362.72,3.142857142857143
D05662,9,362.68,2.6666666666666665
D09358,12,362.64000000000004,2.75
D08227,10,362.64,2.0
D00276,14,362.60999999999996,2.25
D06420,11,362.6,2.3333333333333335
D04823,15,362.59999999999997,2.3333333333333335
D04363,13,362.52000000000004,3.0
D09178,12,362.51,1.0
D02551,14,362.47,2.4285714285714284
D09947,14,362.42,2.5
D08827,12,362.41,3.2
D06240,11,362.37,2.6666666666666665
D06049,12,362.35,2.0
D04548,10,362.34000000000003,2.25
D09895,11,362.31,3.6666666666666665
D02297,13,362.31,4.75
D06251,12,362.29999999999995,2.25
D05572,14,362.15999999999997,2.875
D01380,10,362.12,3.2
D09208,13,362.11,3.0
D00119,14,362.11,2.6
D08075,12,362.09999999999997,2.6666666666666665
D03071,12,362.06,3.8
D05591,14,362.02000000000004,2.0
D00956,9,362.0,
D09240,9,361.99,2.3333333333333335
D07981,12,361.93,2.5
D09394,11,361.83,4.333333333333333
D07062,12,361.83,3.1666666666666665
D04901,11,361.78999999999996,3.5
D07071,13,361.7,3.6
D02387,13,361.64,3.1666666666666665
D03287,13,361.64,3.0
D05638,11,361.63,3.0
D05205,12,361.61,2.5
D00281,16,361.52,3.3333333333333335
D06158,11,361.50000000000006,2.5
D01101,15,361.46000000000004,2.3333333333333335
D01288,11,361.45,4.0
D07631,16,361.41,3.6
D04578,14,361.31000000000006,1.3333333333333333
D08034,12,361.31,2.3333333333333335
D05037,9,361.29999999999995,1.0
D04498,11,361.28999999999996,3.2
D08572,10,361.17,2.6666666666666665
D03282,10,361.12,2.0
D02788,13,361.05999999999995,2.6666666666666665
D00103,9,361.04999999999995,4.5
D08297,12,361.02000000000004,3.0
D06870,13,361.02,3.3333333333333335
D05975,13,361.02,3.0
D09636,10,360.84000000000003,3.4
D03297,11,360.7900000000001,2.0
D09945,14,360.7800000000001,3.2
D04335,11,360.78,4.0
D01167,13,360.7099999999999,3.4
D02063,14,360.69,1.0
D01752,16,360.66,2.4
D00861,15,360.64,2.5
D09218,9,360.59000000000003,2.75
D03915,12,360.58,2.6
D05830,13,360.4599999999999,3.75
D08428,13,360.45,2.6666666666666665
D08700,15,360.43,3.25
D05341,11,360.42999999999995,3.0
D01186,10,360.4,3.0
D01216,16,360.35,3.6666666666666665
D00972,13,360.33,3.0
D02093,11,360.28999999999996,3.4
D06543,11,360.28000000000003,3.0
D04008,11,360.14000000000004,3.5
D09547,12,360.06,4.0
D07602,11,360.04999999999995,2.7142857142857144
D03886,15,360.04,2.6666666666666665
D00325,9,359.99,3.6666666666666665
D03061,11,359.95,4.0
D07488,10,359.93,4.2
D08630,11,359.91999999999996,2.75
D08618,9,359.91999999999996,2.5
D09973,12,359.78000000000003,3.5
D02654,14,359.78000000000003,2.5
D04468,15,359.71000000000004,2.0
D02742,14,359.66,2.75
D06140,13,359.65,3.142857142857143
D09834,15,359.52,3.5
D01273,14,359.48,3.6
D00532,9,359.42999999999995,4.333333333333333
D01067,11,359.41999999999996,2.0
D05006,13,359.39,2.5
D07245,10,359.17,2.6
D05357,12,359.11,3.0
D08341,12,359.10999999999996,3.5
D01827,13,359.0799999999999,3.6666666666666665
D08602,10,359.07,3.0
D04854,14,359.02,2.0
D09346,9,359.01,3.3333333333333335
D09502,12,359.01,3.4
D01468,10,359.01,4.5
D05338,12,358.98,2.5
D08318,13,358.9599999999999,
D08161,11,358.95,3.1666666666666665
D01975,14,358.90999999999997,5.0
D03805,11,358.85,2.6
D02439,11,358.82,1.5
D00376,10,358.80999999999995,2.5
D06863,13,358.72999999999996,2.3333333333333335
D09247,11,358.67999999999995,4.0
D04224,12,358.64,2.2
D09276,13,358.64,1.75
D09093,11,358.63,1.5
D08272,11,358.61,4.666666666666667
D07396,10,358.52,1.0
D09404,13,358.51,4.0
D01004,13,358.51,1.0
D06007,13,358.49,3.0
D02345,8,358.49,2.6666666666666665
D02245,11,358.45,2.5
D07366,13,358.43000000000006,2.75
D00131,11,358.40000000000003,4.0
D07597,11,358.39,4.0
D01789,11,358.3800000000001,2.6666666666666665
D02513,12,358.38,1.3333333333333333
D05833,10,358.32,3.6666666666666665
D04097,14,358.28999999999996,3.6
D09317,9,358.25,1.6666666666666667
D03684,12,358.24,2.0
D04513,12,358.22,3.0
D03612,12,358.21999999999997,2.3333333333333335
D02473,12,358.13,3.8
D02061,12,358.12,2.5
D06652,9,358.08000000000004,3.6666666666666665
D07474,11,358.05000000000007,2.0
D04503,10,358.05,4.0
D00217,10,358.02,1.3333333333333333
D02519,13,358.0,4.25
D05646,11,357.98,3.5714285714285716
D06605,10,357.96,2.5
D04242,15,357.96,2.6
D08488,12,357.92999999999995,2.8
D03955,10,357.90000000000003,3.2
D04346,9,357.89,4.5
D03116,14,357.75,3.6
D00942,12,357.73,3.3333333333333335
D03739,11,357.72,2.75
D04952,9,357.71000000000004,4.0
D06374,11,357.66,3.2857142857142856
D04103,14,357.65,3.8
D04368,15,357.63,2.6666666666666665
D07537,13,357.61,2.75
D02068,12,357.57,3.6
D00724,12,357.55,2.5
D07431,13,357.39,2.6666666666666665
D02356,10,357.35,3.3333333333333335
D07280,12,357.26,2.6
D03323,15,357.22,3.2
D05089,14,357.21,2.25
D06166,10,357.18,2.8333333333333335
D04093,12,357.06,3.5714285714285716
D04413,12,357.05999999999995,4.0
D05905,14,356.97999999999996,2.6666666666666665
D06788,13,356.97999999999996,2.6666666666666665
D08174,13,356.96999999999997,3.5714285714285716
D00493,14,356.90000000000003,3.0
D04231,13,356.89,2.6666666666666665
D09057,12,356.84000000000003,3.3333333333333335
D03596,12,356.83000000000004,3.5
D03471,12,356.80999999999995,4.333333333333333
D04273,12,356.78999999999996,3.8
D05022,12,356.78,2.0
D07812,11,356.71999999999997,2.5
D09184,12,356.65,3.25
D01289,12,356.6,3.0
D02198,11,356.56000000000006,3.0
D02300,14,356.5,2.4285714285714284
D01899,11,356.43,1.0
D01450,12,356.41999999999996,4.5
D06456,13,356.4,3.5
D01653,11,356.37,3.4
D02149,9,356.31999999999994,2.8
D07860,11,356.31,2.75
D03348,10,356.23,2.4
D00844,15,356.21000000000004,1.8
D08050,14,356.19000000000005,2.5
D02555,12,356.19,1.0
D06747,10,356.17999999999995,2.75
D02037,10,356.10999999999996,4.0
D04597,13,356.07,1.5
D04439,12,356.04,3.0
D00120,13,356.00000000000006,3.6666666666666665
D02214,12,355.99,2.3333333333333335
D00471,11,355.90999999999997,2.0
D07199,10,355.81000000000006,3.0
D09752,12,355.74,3.0
D02967,10,355.62,4.5
D07666,15,355.6,2.75
D06501,13,355.47,
D09095,11,355.32000000000005,3.3333333333333335
D07283,14,355.15999999999997,4.4
D01308,14,355.13,2.0
D05883,14,355.0300000000001,3.0
D07753,13,355.03000000000003,1.6666666666666667
D01233,12,354.99,3.0
D01075,12,354.87000000000006,2.5714285714285716
D04547,8,354.84000000000003,3.0
D09713,13,354.82000000000005,3.3333333333333335
D09665,12,354.81000000000006,3.2
D09321,9,354.78000000000003,3.3333333333333335
D00477,11,354.74,2.3333333333333335
D09270,14,354.57000000000005,3.6666666666666665
D04351,13,354.57000000000005,1.3333333333333333
D03470,13,354.52000000000004,2.0
D03927,13,354.49,4.5
D04562,12,354.40999999999997,2.75
D04933,12,354.37,3.0
D00975,13,354.29999999999995,3.5
D00231,12,354.28999999999996,2.5
D00954,10,354.12,3.5
D00813,12,354.07,3.0
D00629,12,353.98,3.5
D06657,13,353.96000000000004,2.375
D08219,15,353.84000000000003,3.4285714285714284
D08261,10,353.7,1.5
D07155,10,353.69,3.2
D06296,12,353.67999999999995,2.6666666666666665
D08310,10,353.66,2.25
D04679,13,353.64,3.0
D03219,14,353.6,4.5
D08605,12,353.56,3.0
D00926,13,353.5200000000001,3.4285714285714284
D06850,14,353.51,3.4
D06075,11,353.48,2.6666666666666665
D07961,13,353.46000000000004,2.4285714285714284
D00747,9,353.38,3.0
D08444,12,353.36,1.75
D00854,11,353.26000000000005,2.6666666666666665
D09566,10,353.22,2.75
D00003,12,353.21000000000004,2.7142857142857144
D08866,10,353.21000000000004,2.6666666666666665
D04239,12,353.19,1.8
D03665,12,353.17999999999995,3.75
D05247,10,353.14,3.3333333333333335
D08687,12,353.09000000000003,3.6666666666666665
D07092,10,353.08000000000004,2.75
D05738,11,352.99,3.0
D04389,13,352.96,3.111111111111111
D08846,12,352.95,3.0
D04948,12,352.92,3.6666666666666665
D01128,8,352.9,3.0
D07471,14,352.9,2.5
D01038,14,352.83000000000004,2.3333333333333335
D07375,12,352.82,3.75
D05627,14,352.78000000000003,3.5
D03627,10,352.78,3.5
D06719,14,352.65,2.6666666666666665
D07979,13,352.65,3.2
D03483,10,352.65,4.333333333333333
D08489,11,352.59000000000003,4.5
D04937,10,352.5400000000001,3.3333333333333335
D02920,14,352.51,3.0
D04777,13,352.47,1.75
D06811,9,352.47,1.0
D05540,12,352.44000000000005,3.0
D07017,8,352.40999999999997,3.6666666666666665
D09022,13,352.4,2.5
D06724,11,352.39000000000004,3.1666666666666665
D08793,13,352.33000000000004,2.75
D01914,11,352.31999999999994,4.0
D07403,12,352.26000000000005,3.5
D01817,12,352.26,3.0
D08879,8,352.25,2.3333333333333335
D09885,13,352.23999999999995,4.25
D09479,14,352.21,4.4
D09650,10,352.17,1.0
D09963,11,352.09000000000003,2.6666666666666665
D06139,10,352.09000000000003,
D01422,11,352.03999999999996,3.8
D03826,9,351.85,4.0
D07374,12,351.84,4.0
D09726,10,351.81999999999994,3.3333333333333335
D02792,14,351.78999999999996,2.3333333333333335
D09769,13,351.63,2.8
D00449,13,351.53999999999996,4.0
D02021,12,351.52000000000004,2.3333333333333335
D06396,14,351.49000000000007,3.0
D04737,11,351.48,3.25
D01616,11,351.40999999999997,3.6
D01041,11,351.31000000000006,3.5
D05670,12,351.29,3.5
D02532,10,351.2,2.5
D04400,12,351.14,3.0
D01309,14,351.09000000000003,4.0
D03449,11,351.07,2.8333333333333335
D02593,11,351.01,2.0
D05539,7,351.0,4.0
D02959,11,350.99,3.0
D05904,12,350.94,2.25
D05442,14,350.91999999999996,2.8
D06041,10,350.88,1.3333333333333333
D02862,12,350.87,1.75
D02585,10,350.86,5.0
D04838,9,350.82,2.0
D03858,13,350.81,2.0
D03605,13,350.79,3.6666666666666665
D04644,11,350.77000000000004,3.4
D00697,10,350.77,4.0
D03273,12,350.71999999999997,4.333333333333333
D01643,11,350.71,3.8
D06367,13,350.71,1.6666666666666667
D01232,10,350.67999999999995,3.0
D06526,10,350.65999999999997,4.0
D04233,9,350.65999999999997,1.5
D03100,10,350.59999999999997,4.5
D02301,8,350.59999999999997,1.5
D09432,11,350.5799999999999,3.0
D09244,10,350.52,1.0
D01814,12,350.46999999999997,2.8333333333333335
D03177,13,350.46999999999997,2.75
D01762,11,350.46,3.3333333333333335
D05032,12,350.37,2.4
D04904,14,350.35,4.0
D08248,13,350.31,3.2
D02608,13,350.3,4.0
D04089,15,350.25,4.666666666666667
D06591,15,350.23,2.3333333333333335
D08498,12,350.2,2.8
D06129,9,350.19,2.75
D02010,9,350.17999999999995,2.0
D01661,10,350.15,3.0
D02646,11,350.13000000000005,2.6
D05051,14,350.12,3.6
D08424,13,350.1,4.333333333333333
D05636,11,350.09,4.25
D04098,10,350.05000000000007,2.6
D03823,12,350.0,2.0
D05703,11,349.97,2.75
D00908,11,349.93,3.25
D07129,10,349.92999999999995,2.75
D05798,11,349.89,1.0
D04189,10,349.85,3.6666666666666665
D00772,13,349.81,3.6666666666666665
D05721,10,349.69,3.75
D07134,10,349.64,3.2
D05625,10,349.63,2.5
D09807,11,349.59999999999997,2.75
D07019,9,349.59000000000003,4.333333333333333
D02100,13,349.55,2.25
D00220,16,349.53,2.0
D00801,12,349.48,2.25
D04560,11,349.46,2.6666666666666665
D06598,15,349.46,3.3333333333333335
D03736,12,349.43000000000006,4.2
D07879,12,349.39000000000004,3.0
D05436,10,349.36,2.5
D05337,12,349.32000000000005,2.2
D01381,13,349.29,3.0
D07739,10,349.28999999999996,2.75
D06246,11,349.28000000000003,2.0
D02447,12,349.17,3.0
D09114,11,349.16,3.0
D00172,10,349.15000000000003,5.0
D00806,11,349.13,4.333333333333333
D04404,13,349.07,3.4
D01457,13,349.05,2.0
D04931,10,349.03000000000003,2.0
D06498,8,349.02,3.0
D03326,11,348.96000000000004,3.6666666666666665
D03007,12,348.96,4.0
D08780,12,348.82000000000005,3.6666666666666665
D00863,10,348.74,1.75
D09561,11,348.63,3.0
D00839,10,348.59,3.0
D09869,13,348.53,2.6
D03063,9,348.48,3.75
D09085,12,348.45,2.0
D03748,13,348.42,1.8333333333333333
D04284,17,348.41999999999996,4.0
D06257,11,348.40999999999997,3.6666666666666665
D08066,10,348.38,2.3333333333333335
D07922,11,348.35,2.0
D02913,12,348.29,3.3333333333333335
D05087,10,348.24,2.6666666666666665
D01146,14,348.24,3.0
D08624,12,348.23,2.3333333333333335
D03411,13,348.15000000000003,3.5
D03531,11,348.04,2.3333333333333335
D01027,13,347.99999999999994,3.0
D00358,11,347.9,1.6666666666666667
D07463,13,347.88,3.5
D02718,14,347.86,4.0
D03159,11,347.78,2.6
D00012,17,347.74,2.8
D05073,12,347.71000000000004,3.0
D09134,10,347.7,3.0
D00749,14,347.66999999999996,3.6
D07503,13,347.65,4.0
D02598,11,347.62,3.3333333333333335
D02997,14,347.53999999999996,3.5
D02963,14,347.43,3.0
D03980,11,347.42,1.3333333333333333
D02815,9,347.37000000000006,3.142857142857143
D06940,13,347.36,2.8
D07047,10,347.32000000000005,2.75
D01838,11,347.31,3.2
D02263,12,347.29,2.3333333333333335
D09978,11,347.26000000000005,2.8
D03750,9,347.22999999999996,3.5
D09259,14,347.16,3.5
D04636,10,347.15000000000003,3.8
D05983,11,347.03999999999996,4.333333333333333
D01522,12,347.0,3.0
D00732,12,346.97,2.3333333333333335
D01701,14,346.91,3.6666666666666665
D04818,12,346.90999999999997,3.8333333333333335
D03266,12,346.89,3.25
D05675,11,346.8,2.0
D04176,15,346.76,2.6666666666666665
D01411,12,346.75000000000006,3.0
D04918,13,346.65,3.25
D05737,12,346.57000000000005,1.8
D05885,12,346.50000000000006,4.0
D02524,14,346.49,3.6666666666666665
D03535,11,346.44000000000005,3.3333333333333335
D05909,13,346.40999999999997,3.0
D04886,11,346.4,2.0
D09692,11,346.35,
D03655,11,346.34,3.4
D09742,10,346.28,1.0
D04959,12,346.22999999999996,3.5
D09527,10,346.22999999999996,3.5
D05192,14,346.22,3.6
D08302,12,346.22,2.75
D06237,12,346.17999999999995,3.2
D04998,11,346.13,2.5
D08192,11,346.1,4.0
D00978,14,346.03000000000003,3.4285714285714284
D04694,12,346.03000000000003,3.0
D03517,8,345.96000000000004,1.0
D08136,11,345.96,4.0
D03956,12,345.96,4.0
D03566,13,345.93999999999994,3.5
D01420,13,345.79,3.142857142857143
D01710,9,345.76,2.0
D08240,11,345.74,3.5
D00966,11,345.69000000000005,3.6666666666666665
D03556,10,345.62,3.5
D05115,13,345.57000000000005,3.1666666666666665
D03082,11,345.56,2.7142857142857144
D04662,14,345.48,2.5
D04634,10,345.39,3.0
D01356,10,345.39,3.25
D06928,17,345.38,4.25
D07736,16,345.33,2.8
D06101,14,345.06999999999994,2.7142857142857144
D03454,12,345.03999999999996,3.2
D05332,12,345.02,4.333333333333333
D07790,8,344.96,4.333333333333333
D07231,11,344.96,2.3333333333333335
D05094,11,344.95,4.666666666666667
D05462,13,344.93000000000006,2.1666666666666665
D01549,12,344.90999999999997,3.3333333333333335
D03704,8,344.90999999999997,4.25
D07507,10,344.88,4.0
D05389,13,344.87,2.3333333333333335
D09201,12,344.85,2.75
D08151,13,344.84999999999997,3.4
D04518,9,344.78,2.5
D05858,10,344.76,2.6666666666666665
D02893,8,344.75,4.0
D01535,11,344.66999999999996,2.0
D00091,11,344.65999999999997,3.6
D08001,11,344.64000000000004,2.25
D09980,12,344.61999999999995,3.0
D03544,9,344.58,2.0
D08357,10,344.56999999999994,4.0
D06157,10,344.52000000000004,2.0
D05254,10,344.51,3.3333333333333335
D00174,12,344.5,2.0
D07191,14,344.49,3.75
D09396,14,344.46,4.0
D02221,10,344.45,2.0
D07038,14,344.43000000000006,3.6
D00013,14,344.43000000000006,3.25
D04275,15,344.39,3.0
D00344,12,344.30999999999995,3.8
D05019,15,344.25,2.3333333333333335
D03824,11,344.17,3.25
D07726,12,344.11,3.3333333333333335
D02610,10,344.09999999999997,3.0
D00099,13,344.06000000000006,5.0
D06565,13,344.06,2.5
D03732,14,344.0300000000001,2.3333333333333335
D06851,12,344.02,2.6666666666666665
D07258,10,344.01000000000005,1.0
D04068,13,344.0,3.25
D02662,9,343.96000000000004,3.5
D06607,12,343.9599999999999,3.6666666666666665
D09943,14,343.95,2.0
D06540,11,343.88,3.0
D04221,12,343.87,4.25
D07058,11,343.86,2.6
D08304,9,343.81,2.6666666666666665
D05084,13,343.8,3.1666666666666665
D05320,10,343.79999999999995,2.8
D00096,12,343.7699999999999,3.0
D03099,13,343.75,2.8333333333333335
D06412,10,343.71,4.0
D00508,8,343.7,3.5
D05456,10,343.7,2.8
D09351,12,343.69999999999993,2.8
D06318,10,343.63000000000005,3.5
D07266,13,343.63,4.0
D02562,14,343.61,2.6666666666666665
D04028,9,343.59000000000003,2.6666666666666665
D03772,9,343.57,4.0
D00234,10,343.53,4.5
D01897,10,343.5,3.5
D02935,12,343.46000000000004,3.2
D03733,9,343.43999999999994,2.3333333333333335
D04663,9,343.42,3.0
D05797,10,343.40000000000003,3.5
D05834,9,343.37,2.25
D07679,9,343.35999999999996,4.0
D08228,11,343.26000000000005,1.0
D00230,10,343.16,1.5
D09861,14,343.08000000000004,1.25
D06280,12,343.01,2.6666666666666665
D05524,14,343.0,3.25
D04824,14,342.91,3.1666666666666665
D03501,9,342.84000000000003,3.0
D09487,9,342.82,3.5
D08382,11,342.81000000000006,4.0
D07494,12,342.75,4.333333333333333
D04592,13,342.7,3.0
D00921,11,342.69,2.5
D08587,13,342.67999999999995,3.0
D08317,10,342.6600000000001,3.25
D00047,11,342.64,3.6666666666666665
D00878,12,342.58,3.0
D00089,9,342.53000000000003,2.2
D07989,11,342.52,2.0
D03025,10,342.46999999999997,2.0
D00588,11,342.46999999999997,3.6666666666666665
D04664,13,342.44000000000005,3.0
D04778,10,342.44,3.2
D02702,11,342.41999999999996,3.6666666666666665
D08754,9,342.28000000000003,5.0
D09072,11,342.22,1.6666666666666667
D09766,9,342.19,2.0
D03396,12,342.08,3.7142857142857144
D07111,11,342.08,3.3333333333333335
D05090,11,342.07000000000005,2.0
D01628,11,342.07,3.3333333333333335
D09046,10,342.01,4.666666666666667
D08765,11,341.86,3.75
D03844,10,341.84000000000003,1.6666666666666667
D04940,7,341.84,3.75
D02308,15,341.78000000000003,3.857142857142857
D03650,9,341.76,3.3333333333333335
D00582,12,341.75999999999993,3.3333333333333335
D04609,13,341.74,1.6666666666666667
D09143,12,341.73999999999995,3.0
D07985,8,341.68,2.0
D08678,12,341.49,3.0
D09196,12,341.37,1.75
D08126,13,341.26,3.3333333333333335
D01217,13,341.14,4.0
D09382,10,341.14,3.0
D03143,10,341.13,4.0
D09112,10,341.05,3.3333333333333335
D04925,10,340.98,2.3333333333333335
D05343,11,340.95,3.75
D02487,14,340.75,3.0
D00578,11,340.71000000000004,3.2
D09470,15,340.65,3.0
D04649,11,340.65,2.0
D08330,10,340.5799999999999,4.0
D07737,11,340.56999999999994,2.5
D08199,13,340.53,3.75
D07354,11,340.5,4.0
D00853,13,340.39,3.5
D03598,14,340.37,3.2
D00074,15,340.36,2.6
D06759,11,340.34000000000003,2.8333333333333335
D08652,8,340.34,2.0
D03468,11,340.31,3.0
D07954,8,340.23,2.6666666666666665
D05171,12,340.14,4.5
D07984,11,340.12,4.0
D08740,13,339.95,3.0
D02638,11,339.86,3.0
D00647,14,339.82,1.75
D04759,14,339.7799999999999,3.3333333333333335
D01629,12,339.76,2.5
D06365,15,339.71999999999997,2.6666666666666665
D07028,11,339.64,5.0
D01017,10,339.62,1.75
D08107,12,339.62,2.857142857142857
D05743,15,339.58000000000004,3.6666666666666665
D00054,11,339.46999999999997,2.3333333333333335
D07363,11,339.45,2.75
D08119,9,339.43,3.8
D02592,13,339.41999999999996,2.0
D06861,8,339.27,2.6
D05714,9,339.25,2.5
D08699,12,339.21000000000004,3.5
D01036,9,339.21,1.0
D03779,13,339.18999999999994,2.0
D07618,12,339.18,3.0
D00516,11,339.15000000000003,3.0
D09500,15,339.15000000000003,3.0
D08175,11,339.14,1.0
D02819,11,339.11,5.0
D05347,11,339.09999999999997,2.6
D04027,12,339.05,3.0
D04529,13,339.03000000000003,3.3333333333333335
D07579,13,338.94,3.0
D00242,13,338.93,2.625
D03669,16,338.91999999999996,2.5
D09680,10,338.84000000000003,3.4
D08142,14,338.82000000000005,3.6
D05839,11,338.79,1.6666666666666667
D06454,11,338.7800000000001,3.0
D08947,10,338.77,1.3333333333333333
D01663,13,338.73,5.0
D03162,12,338.69,5.0
D02877,9,338.64,3.25
D01275,10,338.61,5.0
D04590,10,338.61,
D07978,10,338.5899999999999,3.5
D06408,10,338.57000000000005,2.5
D09780,10,338.53999999999996,2.3333333333333335
D00154,10,338.5,1.6666666666666667
D09188,13,338.47,3.25
D05102,11,338.45000000000005,2.3333333333333335
D00842,13,338.18,3.0
D00407,14,338.17,3.1666666666666665
D02883,12,338.15999999999997,1.0
D04163,9,338.15999999999997,3.75
D08883,10,338.05,3.25
D03123,13,338.04999999999995,2.2
D09362,11,338.0,2.6666666666666665
D05880,11,337.96000000000004,3.5
D02766,11,337.91999999999996,3.0
D07362,10,337.91999999999996,2.5
D07425,13,337.8399999999999,2.75
D06298,12,337.78999999999996,3.3333333333333335
D06468,11,337.77000000000004,3.5
D05301,8,337.77,1.0
D05349,14,337.76,4.0
D04955,13,337.65000000000003,2.25
D06435,8,337.64,3.25
D02463,10,337.62,3.0
D07854,10,337.59000000000003,3.0
D04318,11,337.53000000000003,2.625
D07928,10,337.46999999999997,3.0
D05612,13,337.46999999999997,1.0
D07402,10,337.36,4.0
D06415,15,337.36,2.4
D06655,10,337.32,4.0
D07744,11,337.28,3.0
D07158,10,337.23,2.0
D01600,10,337.16999999999996,5.0
D03052,10,337.15999999999997,3.0
D00053,10,337.12999999999994,2.0
D02090,9,337.11,2.3333333333333335
D07435,11,337.09999999999997,5.0
D02139,11,337.08,3.4
D01527,12,337.07000000000005,2.5
D02721,15,337.07,2.5
D09189,10,336.99,1.6666666666666667
D05208,11,336.95,2.75
D03636,13,336.93000000000006,3.5
D06231,11,336.93000000000006,3.0
D08935,9,336.9,3.0
D04349,11,336.84999999999997,3.5
D08419,11,336.82,2.4
D04810,13,336.79999999999995,3.0
D00860,12,336.75,3.0
D08413,11,336.73,2.75
D04545,12,336.6,3.8
D08966,9,336.59000000000003,1.3333333333333333
D01707,13,336.54,3.2
D05960,10,336.52,2.5
D07802,16,336.51,1.0
D03923,12,336.46,3.3333333333333335
D05157,10,336.44000000000005,3.0
D03512,14,336.39,4.0
D00641,10,336.39,2.0
D06340,12,336.21000000000004,4.0
D08628,12,336.21,4.166666666666667
D06031,13,336.19,3.25
D06587,13,336.18999999999994,1.75
D05652,11,336.15,2.0
D05369,11,336.13,3.4285714285714284
D08446,14,336.1,3.1666666666666665
D05001,13,336.08,3.0
D05944,14,336.07,2.5714285714285716
D08869,9,336.03000000000003,2.3333333333333335
D04367,11,336.03,2.8
D07088,9,336.0,4.5
D03202,11,335.98,2.0
D02457,14,335.94999999999993,3.6666666666666665
D08216,13,335.94,3.25
D09078,13,335.91999999999996,1.3333333333333333
D09556,13,335.89,2.25
D02201,15,335.88,3.125
D06159,13,335.86,5.0
D02804,15,335.84000000000003,2.6666666666666665
D07188,10,335.84000000000003,4.5
D09473,12,335.82,2.6666666666666665
D01351,12,335.80999999999995,3.5
D06768,15,335.7,3.5
D00050,14,335.69,3.2
D06131,10,335.67,3.2
D04568,11,335.67,3.0
D04374,13,335.64,4.0
D06927,13,335.54,3.2
D06528,15,335.47,1.8571428571428572
D05487,11,335.32,2.0
D03539,7,335.3,4.0
D05164,11,335.22,3.5
D01938,16,335.21000000000004,3.0
D02484,11,335.18,1.0
D01211,9,335.18,2.0
D09009,13,335.17999999999995,3.75
D05676,11,335.17,2.75
D01342,13,335.15,3.5
D01035,14,335.15,3.0
D05359,10,335.13000000000005,2.0
D06144,10,335.12,4.5
D02994,11,335.11,5.0
D08544,11,335.1,3.0
D06786,11,335.09000000000003,2.0
D09275,12,335.06,3.75
D08169,14,335.05999999999995,4.0
D05030,14,335.03000000000003,3.2
D08226,10,335.0,2.3333333333333335
D09888,10,334.98,3.1666666666666665
D09353,10,334.98,4.5
D02745,12,334.94,2.3333333333333335
D01388,8,334.92,1.0
D05346,11,334.84000000000003,3.0
D02573,9,334.84,2.25
D06616,12,334.68,2.0
D06856,12,334.64,3.5
D03212,12,334.63,2.0
D08746,11,334.61,3.6666666666666665
D07149,9,334.6,2.8
D03679,12,334.59,3.0
D08108,11,334.5899999999999,3.0
D02650,11,334.57,3.0
D00910,10,334.56,2.3333333333333335
D09471,10,334.53999999999996,2.25
D05761,13,334.48,2.3333333333333335
D08232,9,334.42999999999995,3.5
D09280,11,334.41,4.0
D03383,12,334.40999999999997,3.6666666666666665
D03997,11,334.39,2.6
D05286,9,334.37,3.25
D05586,11,334.33,2.25
D00763,13,334.32000000000005,2.6666666666666665
D03634,13,334.29,1.0
D00412,13,334.29,3.75
D02867,8,334.28000000000003,2.5
D08210,12,334.27000000000004,2.6666666666666665
D03983,13,334.26,3.0
D06455,8,334.26,3.0
D03744,9,334.24,4.0
D00984,11,334.15,3.0
D08610,9,334.15,2.75
D05734,12,334.14000000000004,3.0
D05708,13,334.12,1.0
D09254,12,334.08000000000004,3.6666666666666665
D00986,12,334.06999999999994,3.5
D07967,10,334.06,2.6666666666666665
D08065,10,334.05,3.0
D03103,13,334.0,3.6666666666666665
D08715,12,333.91999999999996,2.25
D08295,13,333.90999999999997,2.5
D01577,15,333.9,3.25
D09836,13,333.88,2.8
D06736,13,333.85,3.2
D07661,9,333.71999999999997,2.0
D06309,12,333.65999999999997,1.5
D05825,12,333.65999999999997,4.666666666666667
D09736,10,333.64,3.6666666666666665
D02206,10,333.6,3.0
D01689,12,333.54,2.0
D07885,10,333.49,2.0
D03306,11,333.46000000000004,4.0
D00857,12,333.45,3.5
D05867,11,333.36999999999995,2.6666666666666665
D07759,12,333.36,3.6666666666666665
D00862,13,333.33,2.75
D00441,10,333.32,1.75
D05156,10,333.32,2.6
D00020,13,333.24,2.5
D02079,11,333.19,2.5
D04895,15,333.17,2.8333333333333335
D09504,12,333.13,3.5
D02062,11,333.05,2.5
D02321,11,333.02,2.0
D06361,9,332.97,2.6666666666666665
D04421,10,332.92999999999995,3.0
D09011,10,332.92,2.3333333333333335
D05697,11,332.90000000000003,2.6666666666666665
D08156,12,332.89,2.0
D05861,8,332.88,1.5
D07794,13,332.88,3.0
D08495,12,332.84000000000003,3.25
D04719,11,332.78000000000003,2.5
D07160,8,332.70000000000005,2.5
D03455,10,332.65,2.0
D08577,11,332.54999999999995,3.5
D08007,8,332.54,3.3333333333333335
D07836,12,332.53999999999996,3.0
D01659,11,332.51,4.0
D07023,12,332.46999999999997,2.75
D02753,11,332.34000000000003,2.0
D07599,10,332.31999999999994,2.5
D00779,10,332.24,3.0
D05890,10,332.21000000000004,3.75
D00016,12,332.21,3.0
D00132,10,332.18999999999994,3.8
D00922,11,332.16,
D01096,10,332.11,4.5
D01933,12,332.04,1.5
D04461,7,332.03,3.2
D01068,10,332.02,3.25
D09256,11,331.99,3.5
D06445,10,331.93,
D07098,13,331.87,5.0
D03334,11,331.80999999999995,3.0
D07170,9,331.78999999999996,3.3333333333333335
D02203,13,331.78,3.4
D02363,11,331.77000000000004,2.3333333333333335
D03688,10,331.76,3.0
D02848,12,331.74,4.5
D08706,14,331.70000000000005,3.5
D09530,12,331.70000000000005,4.0
D04729,13,331.65,5.0
D00715,14,331.64,2.6
D02960,13,331.63,2.75
D08617,10,331.59999999999997,4.0
D02339,13,331.59000000000003,2.4
D02313,13,331.5899999999999,2.25
D09582,10,331.54,3.0
D00414,11,331.51000000000005,3.0
D03000,9,331.48,3.3333333333333335
D07314,11,331.46,3.0
D04731,13,331.43,3.0
D05008,11,331.41,2.5
D04814,14,331.39,2.75
D04418,11,331.38000000000005,2.6
D01545,10,331.33,2.6666666666666665
D07053,13,331.32,3.2
D05604,10,331.29999999999995,1.75
D00617,9,331.19999999999993,1.6
D03231,18,331.18999999999994,2.4
D06701,13,331.17,1.8
D02814,13,331.09999999999997,2.5714285714285716
D03568,10,331.03,2.8
D08138,7,331.02000000000004,3.0
D09721,11,330.97,3.4
D03473,10,330.96000000000004,3.75
D03729,12,330.9,2.5
D06855,15,330.86,3.1666666666666665
D09695,13,330.86,3.0
D03134,15,330.85999999999996,2.0
D03484,14,330.85,3.0
D00024,11,330.84,2.5
D06436,11,330.79,3.6666666666666665
D08241,9,330.72,3.3333333333333335
D00218,11,330.69000000000005,2.75
D03485,11,330.65000000000003,4.0
D07674,11,330.61,3.5
D09831,11,330.51,3.0
D05221,9,330.51,2.0
D07523,8,330.49,3.8
D03274,14,330.49,4.0
D09283,11,330.46000000000004,2.4
D07515,11,330.45000000000005,1.0
D07730,7,330.38,3.6
D07073,12,330.38,2.6
D02459,8,330.35,3.0
D02243,12,330.33,1.8
D05998,13,330.33,3.8
D00694,13,330.31000000000006,2.3333333333333335
D01533,12,330.31,2.25
D09706,12,330.31,3.0
D09877,11,330.28999999999996,3.25
D03574,11,330.24,2.0
D04558,11,330.23,3.8
D05271,15,330.21,2.0
D04615,9,330.16999999999996,3.4
D03442,11,330.04999999999995,3.0
D04888,11,330.01,2.75
D06716,11,329.96999999999997,2.3333333333333335
D09918,11,329.94,3.6
D09250,13,329.90999999999997,1.0
D01089,11,329.85999999999996,2.3333333333333335
D00786,14,329.81999999999994,3.6
D01143,14,329.8,3.0
D02705,9,329.78999999999996,5.0
D00964,11,329.73999999999995,3.0
D02528,13,329.72999999999996,2.0
D05800,10,329.71999999999997,3.6666666666666665
D07004,13,329.65000000000003,3.5
D05898,9,329.59000000000003,4.5
D04994,10,329.59,3.0
D04648,13,329.54,5.0
D07701,8,329.5,3.3333333333333335
D01871,13,329.49,1.6666666666666667
D04118,12,329.48,2.6
D04391,16,329.48,3.6666666666666665
D04588,8,329.45,2.5
D05373,13,329.44000000000005,3.1666666666666665
D06506,8,329.4,2.0
D06290,11,329.39000000000004,1.5
D02477,14,329.38,3.2
D00852,11,329.38,4.5
D00051,12,329.37999999999994,1.0
D00442,9,329.37,2.0
D03457,11,329.3,4.6
D08069,12,329.25,2.0
D02739,9,329.25,2.8
D06648,10,329.22,3.5
D08476,10,329.17999999999995,3.3333333333333335
D05739,11,329.13000000000005,2.0
D05012,8,329.13,2.0
D06615,8,329.05999999999995,3.3333333333333335
D08025,11,329.03,3.4
D09564,12,329.0,3.0
D09183,11,328.99999999999994,3.6666666666666665
D06832,12,328.97,3.5
D07091,14,328.96,3.0
D05573,9,328.91,2.75
D04256,11,328.89,4.333333333333333
D09676,9,328.88000000000005,3.5
D01458,13,328.84000000000003,2.142857142857143
D05653,11,328.82,4.75
D06714,14,328.76,4.333333333333333
D06990,13,328.63000000000005,3.0
D03066,8,328.59000000000003,2.5
D06871,12,328.58000000000004,4.0
D01898,12,328.54,3.25
D00298,10,328.47999999999996,2.6666666666666665
D09169,11,328.4699999999999,1.3333333333333333
D05314,13,328.46000000000004,2.5714285714285716
D04815,10,328.33000000000004,2.6666666666666665
D02828,12,328.33000000000004,3.25
D03861,10,328.3,2.6
D08083,10,328.29,3.5
D06474,12,328.23999999999995,4.0
D09376,12,328.19,3.0
D08411,10,328.19,3.0
D03330,9,328.1,3.4
D09876,13,328.08000000000004,2.5
D00162,8,328.06,2.25
D01917,13,328.02,1.6666666666666667
D05680,15,328.02,2.8333333333333335
D03184,9,328.02,2.25
D04611,11,327.99,2.2
D07722,13,327.98,2.3333333333333335
D04964,9,327.86,4.0
D00382,11,327.86,3.5
D01608,12,327.86,3.0
D01294,11,327.8299999999999,3.0
D01256,14,327.80999999999995,3.0
D08910,10,327.79999999999995,3.4
D00665,12,327.69999999999993,4.0
D01988,12,327.69000000000005,2.6
D05811,10,327.68,3.0
D04142,11,327.65999999999997,2.3333333333333335
D05292,10,327.61,1.0
D01515,12,327.59000000000003,2.5
D06841,13,327.59,3.0
D09551,14,327.54,5.0
D02202,9,327.52,2.5
D08604,10,327.44000000000005,3.3333333333333335
D02304,10,327.35999999999996,2.5
D04986,13,327.33000000000004,2.75
D02492,10,327.32,2.0
D05942,14,327.29,3.5
D03953,12,327.29,2.5
D05038,9,327.24,2.25
D06941,10,327.20000000000005,2.0
D07481,13,327.15000000000003,2.5
D04207,13,327.15,3.0
D00689,10,327.14,2.5
D03800,12,327.1,3.3333333333333335
D03300,10,327.1,3.0
D04804,12,327.08,4.666666666666667
D07650,9,327.05,3.6666666666666665
D08783,10,327.04,3.5
D03538,12,327.01,5.0
D08275,16,326.96999999999997,3.142857142857143
D06635,13,326.95,3.2
D01828,11,326.84,2.0
D07791,10,326.79999999999995,4.0
D08704,13,326.73,3.6666666666666665
D04521,10,326.71999999999997,2.8
D01725,11,326.69,3.0
D01371,9,326.67,4.0
D02455,15,326.63,2.0
D05826,13,326.62,2.6666666666666665
D02694,9,326.59000000000003,3.0
D09655,13,326.57,3.6666666666666665
D09590,11,326.56000000000006,2.0
D01148,9,326.39000000000004,2.6666666666666665
D08437,11,326.39,3.0
D08661,11,326.35999999999996,3.5
D07694,13,326.31,2.0
D08645,13,326.27000000000004,3.2
D00695,11,326.27,4.333333333333333
D08365,12,326.25,2.5
D01430,12,326.0999999999999,3.6666666666666665
D08560,11,326.07,3.5
D01664,12,326.0,3.0
D07655,12,325.95,3.0
D03216,12,325.84999999999997,
D07469,10,325.83,2.0
D01926,11,325.77,3.6
D04571,11,325.74,4.75
D04582,11,325.71999999999997,2.0
D05614,12,325.68000000000006,2.6666666666666665
D03033,8,325.67,2.6
D05889,8,325.61,4.5
D04390,12,325.57000000000005,3.3333333333333335
D08558,11,325.57000000000005,3.0
D07392,11,325.55,1.3333333333333333
D00985,13,325.46,2.3333333333333335
D06181,9,325.36,2.0
D01890,8,325.3,1.5
D08821,10,325.27000000000004,1.5
D01142,9,325.24,2.75
D00067,9,325.20000000000005,2.4
D01852,11,325.19000000000005,4.0
D05787,11,325.19,2.3333333333333335
D07419,10,325.19,1.0
D04016,12,325.16,2.5
D02822,12,325.15000000000003,3.0
D00390,12,325.11,3.4
D01353,12,325.04,2.75
D01249,13,325.04,4.0
D05483,9,324.9699999999999,3.0
D00996,11,324.89,2.0
D09130,10,324.87,3.25
D08471,9,324.85,3.5
D00518,12,324.84000000000003,3.5
D03452,13,324.80000000000007,2.5
D02709,10,324.76,2.25
D03583,11,324.69,2.6
D07253,11,324.67999999999995,3.25
D08681,10,324.67,3.0
D09318,11,324.64,3.4
D09197,13,324.6,2.5
D08394,13,324.56,4.0
D04734,11,324.46000000000004,3.6666666666666665
D02177,11,324.46000000000004,2.0
D05814,12,324.43,3.6666666666666665
D02559,10,324.38,3.3333333333333335
D08081,11,324.38,2.75
D09289,9,324.38,2.6666666666666665
D06962,13,324.28999999999996,3.25
D00514,11,324.26,4.0
D01135,13,324.26,3.0
D08913,10,324.22999999999996,1.0
D07295,11,324.18,3.857142857142857
D01713,10,324.14000000000004,2.2
D00941,9,324.12,1.0
D07571,10,324.09999999999997,2.0
D07407,8,324.07,5.0
D07006,9,324.03999999999996,4.0
D00264,9,324.03,3.0
D05955,9,323.94,2.0
D08250,11,323.93000000000006,4.0
D02005,8,323.88,2.6666666666666665
D07250,11,323.88,3.75
D09756,8,323.87,3.0
D02378,11,323.87,4.5
D00652,17,323.83,2.75
D02671,16,323.81,2.6666666666666665
D04448,10,323.79999999999995,2.3333333333333335
D08143,9,323.63,3.4
D06609,10,323.63,3.0
D00887,14,323.62,2.3333333333333335
D01859,12,323.57,3.8
D02401,9,323.53000000000003,3.0
D09875,11,323.53,1.6666666666666667
D08996,10,323.52,2.0
D04459,11,323.52,3.5
D06076,9,323.52,1.0
D00613,11,323.51,2.3333333333333335
D04574,12,323.46,2.0
D06690,12,323.41,2.0
D05857,12,323.37,3.5
D02244,14,323.36999999999995,1.6666666666666667
D07717,9,323.21999999999997,3.4
D01304,13,323.21000000000004,2.5
D05484,10,323.21,3.5
D05348,15,323.18,2.5
D07456,10,323.18,3.0
D03546,13,323.15,5.0
D04210,12,322.92,2.0
D05568,12,322.84000000000003,2.3333333333333335
D01862,9,322.83000000000004,4.5
D08888,10,322.82,3.3333333333333335
D03700,12,322.79999999999995,3.75
D04917,13,322.78999999999996,2.6666666666666665
D08973,11,322.78,2.5
D00811,11,322.74,3.5
D07527,11,322.68,3.0
D02684,10,322.66999999999996,3.0
D09617,8,322.65999999999997,3.4
D06027,13,322.63,3.5
D06013,14,322.57000000000005,2.3333333333333335
D06494,9,322.34999999999997,2.3333333333333335
D00454,16,322.32,1.8571428571428572
D05312,14,322.26,3.75
D08361,9,322.24,2.0
D00594,11,322.21000000000004,5.0
D00638,11,322.14,4.0
D03835,9,322.08000000000004,1.5
D05906,9,322.07,2.75
D06826,11,322.04999999999995,3.5
D09803,11,321.98,3.0
D06989,11,321.97999999999996,2.0
D05935,11,321.94000000000005,2.6
D01931,13,321.93999999999994,3.8
D03041,9,321.93999999999994,2.75
D06627,10,321.91999999999996,
D01856,12,321.89,4.5
D01222,9,321.84000000000003,2.6666666666666665
D06371,11,321.82,3.5
D07063,14,321.80999999999995,4.0
D08463,8,321.80999999999995,3.5
D04488,11,321.8,2.3333333333333335
D03690,10,321.8,2.75
D01609,11,321.79999999999995,2.0
D06643,10,321.78999999999996,2.75
D01996,12,321.76,2.3333333333333335
D01316,11,321.72999999999996,4.0
D09944,12,321.7,5.0
D08087,10,321.68,2.25
D00489,9,321.64,3.6666666666666665
D01020,9,321.57,3.0
D06930,11,321.54999999999995,3.4
D09090,9,321.41999999999996,3.2
D08099,11,321.41999999999996,3.0
D03888,14,321.41,2.6666666666666665
D02902,10,321.4,2.1666666666666665
D07096,12,321.4,3.4
D02029,12,321.36,2.6
D07065,10,321.28000000000003,4.666666666666667
D01998,11,321.26,2.6666666666666665
D06816,9,321.23,1.3333333333333333
D03209,8,321.22,3.0
D05023,10,321.19,2.7142857142857144
D00039,9,321.15000000000003,2.5
D01983,11,321.06,3.25
D07511,11,321.05,2.5
D03126,7,321.0,4.0
D07816,9,320.99,3.5
D08060,11,320.89,2.0
D06860,10,320.88000000000005,3.0
D04200,11,320.84,2.4
D07121,15,320.77,3.0
D00245,10,320.77,3.4
D00323,13,320.65999999999997,4.166666666666667
D06799,8,320.65,2.6666666666666665
D06028,13,320.62,3.25
D07220,15,320.60999999999996,3.0
D03319,8,320.58000000000004,3.2
D00788,11,320.57,2.0
D06504,12,320.57,2.0
D02098,12,320.56,2.75
D06791,9,320.53999999999996,3.0
D01234,11,320.52000000000004,2.0
D07057,10,320.50999999999993,2.0
D00855,11,320.44000000000005,3.0
D04612,6,320.43999999999994,3.6666666666666665
D08472,10,320.42999999999995,1.0
D05505,9,320.42,2.8
D06823,8,320.39,2.4
D02357,9,320.34999999999997,3.0
D07349,11,320.25,2.0
D09223,8,320.24,1.5
D06418,12,320.15999999999997,3.8
D07341,10,320.09,3.3333333333333335
D04440,12,320.02,3.1666666666666665
D06002,16,320.0,2.6666666666666665
D08575,12,319.98,1.6
D03882,12,319.97,3.0
D04018,13,319.9,3.8
D09986,14,319.86,2.75
D04535,12,319.84999999999997,3.25
D07408,13,319.83,2.7142857142857144
D06739,12,319.70000000000005,3.5
D01786,12,319.7,4.0
D08022,9,319.59999999999997,2.3333333333333335
D04446,9,319.54999999999995,2.8333333333333335
D02712,11,319.54,1.0
D06536,13,319.4800000000001,4.0
D00810,11,319.42,3.0
D09147,12,319.4,1.0
D06045,11,319.39,2.5
D07959,13,319.35,2.75
D08089,12,319.32,
D09848,12,319.32,4.0
D05161,9,319.3,3.0
D07560,11,319.24,3.0
D02141,13,319.17,4.666666666666667
D03519,10,319.16,2.0
D05104,12,319.13,2.3333333333333335
D01029,12,319.12,4.0
D03002,9,319.03000000000003,4.0
D05255,9,318.98,3.6
D00320,14,318.96999999999997,2.6
D04861,8,318.91999999999996,4.0
D05583,10,318.90999999999997,3.0
D09853,10,318.90999999999997,3.25
D08072,12,318.89,2.25
D04458,10,318.84000000000003,3.4
D00350,9,318.84,3.0
D08923,10,318.82000000000005,3.0
D04294,11,318.79,2.75
D01812,11,318.76,3.2
D09367,11,318.7,3.0
D03897,9,318.7,3.0
D09535,8,318.68000000000006,3.0
D09212,13,318.61,2.75
D06175,11,318.59,3.0
D09337,12,318.57000000000005,2.5
D03773,10,318.57,2.0
D00041,12,318.53,
D04065,8,318.52,3.25
D05091,10,318.51,4.666666666666667
D05383,9,318.49,2.75
D05914,11,318.43,3.3333333333333335
D02790,10,318.42,2.6
D04971,10,318.36,2.1666666666666665
D04025,9,318.33,4.5
D07698,10,318.32000000000005,3.2
D07453,10,318.24,3.6666666666666665
D03871,10,318.21000000000004,2.3333333333333335
D04900,9,318.15999999999997,2.25
D09708,10,318.14,3.5
D06583,10,318.13,3.25
D06512,16,318.05,2.7777777777777777
D07645,16,318.03,2.8333333333333335
D07275,15,317.98,3.0
D05936,10,317.96000000000004,2.5
D08946,10,317.93,2.3333333333333335
D02176,9,317.92999999999995,2.6666666666666665
D07286,14,317.92,2.8
D02908,12,317.9,2.6666666666666665
D05668,9,317.9,2.0
D06890,9,317.85,3.0
D02088,11,317.84000000000003,3.0
D05981,13,317.84000000000003,3.2
D06429,10,317.79999999999995,4.5
D01566,15,317.76,4.0
D06285,10,317.76,3.25
D03827,11,317.74,2.5
D07935,13,317.72999999999996,2.75
D01084,7,317.69,1.5
D02676,12,317.66999999999996,3.3333333333333335
D02720,10,317.64,4.0
D05355,10,317.64,2.6
D07889,12,317.61,2.75
D04305,11,317.6,2.6666666666666665
D08320,14,317.57000000000005,2.25
D09652,11,317.49,3.5
D06132,11,317.49,3.0
D08135,9,317.49,3.6
D09019,10,317.48999999999995,2.857142857142857
D06491,11,317.41,3.25
D00932,8,317.37,3.5
D02007,9,317.35999999999996,3.3333333333333335
D06477,11,317.34000000000003,3.25
D02952,13,317.25,2.75
D03966,10,317.25,1.6
D07005,11,317.2,3.0
D02185,11,317.19000000000005,2.25
D04263,8,317.18,2.6666666666666665
D06330,14,317.16999999999996,3.875
D08200,13,317.15,3.0
D04912,12,317.14,2.0
D01712,12,317.13999999999993,3.0
D01869,9,317.1,1.0
D07034,10,317.03999999999996,3.75
D06457,12,316.99,3.5
D01850,9,316.96999999999997,3.25
D05978,11,316.95,4.0
D06665,11,316.94000000000005,2.6666666666666665
D07941,12,316.93,1.6666666666666667
D02871,11,316.91,3.0
D03662,8,316.90999999999997,4.0
D04753,10,316.88,1.0
D05112,11,316.86,
D08386,11,316.83,2.0
D03611,9,316.83,1.5
D09902,10,316.81,2.5
D06854,15,316.79999999999995,2.5
D08616,12,316.78,2.6666666666666665
D05440,10,316.77,3.5
D08599,8,316.75,5.0
D00405,12,316.7,3.0
D01754,10,316.63,2.0
D02508,14,316.59999999999997,
D01119,10,316.59000000000003,2.5
D04871,10,316.56,2.8
D08613,11,316.55,2.6666666666666665
D03436,14,316.53,4.25
D01343,13,316.49,3.2
D05719,14,316.47999999999996,3.6666666666666665
D04622,12,316.46999999999997,3.25
D02259,9,316.46,2.75
D02099,12,316.45,3.25
D08664,9,316.41,2.5
D02138,14,316.38,2.3333333333333335
D04672,10,316.35,3.5
D06320,9,316.35,2.0
D07081,11,316.32,3.3333333333333335
D04963,8,316.31,
D02331,8,316.30000000000007,3.0
D09294,10,316.28,3.3333333333333335
D02285,10,316.22,2.5
D09789,11,316.20000000000005,2.0
D05213,10,316.18,4.333333333333333
D09133,12,316.18,2.8333333333333335
D04293,8,316.16,1.6666666666666667
D01127,13,316.11,4.5
D02904,8,316.11,2.8
D05549,11,316.07,2.6666666666666665
D06093,8,316.07,2.75
D07988,9,316.03,3.6666666666666665
D06885,11,316.0,1.0
D09531,14,315.99,2.6
D02000,14,315.96000000000004,4.5
D01344,13,315.95,3.5
D08796,12,315.94,3.5
D08491,11,315.93,4.0
D07684,13,315.9,2.8
D06378,11,315.88,3.25
D02174,11,315.87,2.3333333333333335
D01834,12,315.85,3.2
D05527,13,315.84,3.6
D00438,11,315.78999999999996,3.0
D07320,11,315.75,3.3333333333333335
D08045,12,315.63,2.3333333333333335
D04796,11,315.61,4.0
D01540,12,315.57000000000005,5.0
D01261,10,315.57,2.6666666666666665
D06660,12,315.53,2.6
D03398,13,315.49,4.0
D07635,11,315.44,3.0
D05515,9,315.43,2.3333333333333335
D06923,10,315.41,2.6666666666666665
D04178,13,315.4,1.6666666666666667
D08788,9,315.39,1.5
D02786,14,315.39,3.2222222222222223
D09773,11,315.31,3.0
D08158,10,315.27,3.0
D06867,12,315.23,3.6666666666666665
D04069,13,315.19,2.6
D08581,10,315.15000000000003,
D09110,14,315.13,2.857142857142857
D05351,9,315.12000000000006,3.0
D03628,11,315.11,2.6
D01579,12,315.09000000000003,2.0
D07054,16,315.07,2.0
D04949,10,315.05,2.25
D05264,12,315.02,4.2
D05092,9,315.02,3.25
D06065,13,314.99,3.142857142857143
D03271,13,314.95,3.3333333333333335
D06980,11,314.93,2.5
D03040,7,314.88,4.0
D02599,9,314.86,1.6666666666666667
D08545,11,314.86,3.75
D08401,11,314.85,3.0
D09629,9,314.84999999999997,
D08247,12,314.84000000000003,3.6666666666666665
D09511,15,314.83000000000004,3.0
D01693,13,314.82,3.8333333333333335
D06571,11,314.81,3.3333333333333335
D07139,10,314.8,2.75
D08282,10,314.72999999999996,3.0
D07187,10,314.64,3.6
D08538,13,314.63,3.0
D04120,13,314.61999999999995,3.0
D08949,14,314.45000000000005,3.8
D03764,11,314.41999999999996,3.0
D09360,11,314.41999999999996,3.0
D04395,10,314.41,2.5
D00339,10,314.39000000000004,2.8
D00543,11,314.38,2.8333333333333335
D09525,13,314.37,2.0
D06556,10,314.34,3.0
D05146,12,314.33,3.2
D06954,13,314.21000000000004,2.8333333333333335
D06700,9,314.2,3.6666666666666665
D08583,11,314.17,4.0
D02515,11,314.16999999999996,2.8333333333333335
D06497,10,314.12999999999994,1.5
D02625,11,314.12,3.25
D05473,12,314.12,3.2
D01016,10,314.11,2.6666666666666665
D01391,9,314.11,2.5
D05728,12,314.09,3.4
D09820,11,314.01,1.0
D04013,11,313.9699999999999,3.0
D09976,11,313.95,1.0
D04551,10,313.90999999999997,3.5
D07323,12,313.86,2.6666666666666665
D05267,12,313.83,4.0
D00899,14,313.83,3.6666666666666665
D00875,10,313.80000000000007,3.4
D05189,10,313.79999999999995,3.1666666666666665
D09013,9,313.77,2.5
D03771,12,313.74999999999994,2.75
D07161,9,313.68,1.6666666666666667
D09268,12,313.64,2.3333333333333335
D09859,11,313.62000000000006,4.0
D05287,10,313.59999999999997,1.75
D08547,13,313.59,2.8333333333333335
D06711,10,313.55,2.0
D07427,7,313.5199999999999,3.0
D05054,13,313.46999999999997,2.6666666666666665
D02144,10,313.46,1.0
D02374,10,313.44,1.0
D04429,12,313.43,3.6
D03418,10,313.40000000000003,3.0
D07409,10,313.37,3.0
D05619,12,313.37,2.0
D01966,9,313.37,3.5
D09226,15,313.33,3.5
D02708,9,313.3,2.0
D06232,10,313.28999999999996,3.75
D08592,14,313.28999999999996,2.75
D08955,11,313.26,4.0
D01724,10,313.25999999999993,5.0
D07911,11,313.21,2.0
D00649,10,313.2,3.25
D06633,11,313.14,2.4
D04923,12,313.13,2.5
D09097,9,313.06000000000006,4.0
D09762,14,313.05,4.0
D03358,9,313.04,2.3333333333333335
D07691,14,313.01,3.0
D02277,9,312.98999999999995,2.75
D04744,8,312.93000000000006,1.75
D03032,10,312.86,3.3333333333333335
D09799,9,312.79,3.0
D07198,10,312.78999999999996,3.5
D05587,10,312.78,2.8333333333333335
D01556,14,312.77,2.2
D04572,11,312.72,2.3333333333333335
D00248,9,312.72,2.0
D03500,12,312.71000000000004,2.75
D03543,9,312.71,3.0
D09548,10,312.59,2.0
D04113,9,312.58,2.0
D02394,12,312.54,3.6
D08508,8,312.53999999999996,3.5
D03855,10,312.51,2.6
D06305,12,312.48999999999995,1.3333333333333333
D04916,14,312.48,1.6666666666666667
D04550,10,312.45,1.5
D05912,11,312.39000000000004,3.3333333333333335
D03916,9,312.37,3.5
D07930,12,312.35999999999996,2.8333333333333335
D05690,13,312.35,3.2
D03461,12,312.28999999999996,2.6666666666666665
D07604,10,312.22,2.0
D06800,11,312.2,3.25
D07454,12,312.2,4.0
D01348,10,312.19,2.2
D04554,10,312.15,3.25
D05617,11,312.12,4.2
D05578,10,312.11,3.5
D07241,11,312.08,3.5
D08588,13,312.06000000000006,3.3333333333333335
D04670,8,312.0,3.75
D06821,13,311.97999999999996,1.8
D07459,12,311.95000000000005,5.0
D07142,12,311.91,2.75
D07898,11,311.89,3.25
D03312,10,311.89,2.6666666666666665
D09139,9,311.86,1.0
D03719,12,311.84,2.3333333333333335
D03381,13,311.81,3.25
D08291,10,311.77,2.7142857142857144
D03232,11,311.73999999999995,2.5
D07751,15,311.69000000000005,3.6666666666666665
D02797,11,311.67999999999995,3.25
D05117,11,311.67999999999995,
D01864,11,311.67,3.1666666666666665
D02590,9,311.65000000000003,4.0
D00745,16,311.65,3.25
D04761,10,311.59000000000003,2.6666666666666665
D01758,13,311.59000000000003,3.0
D09838,13,311.58,2.6666666666666665
D06914,12,311.55000000000007,3.0
D03726,10,311.53,3.3333333333333335
D09210,10,311.32,3.25
D05158,9,311.29999999999995,1.8
D09102,11,311.24,3.6666666666666665
D06247,8,311.23999999999995,4.0
D02377,10,311.22,4.0
D00282,13,311.21,3.3333333333333335
D01264,12,311.21,3.25
D05764,11,311.21,3.5
D01231,9,311.2,2.0
D02719,11,311.19000000000005,3.5
D01672,12,311.16,2.75
D08189,10,311.16,3.0
D04579,8,311.15999999999997,3.0
D09198,9,311.13,1.6666666666666667
D04146,10,311.08,3.3333333333333335
D03829,12,311.07,2.4
D07239,11,311.04999999999995,3.3333333333333335
D05137,11,310.95,5.0
D01048,10,310.9,3.0
D07633,9,310.88,3.0
D04973,10,310.87999999999994,2.3333333333333335
D02448,12,310.83,2.1666666666666665
D07953,12,310.81000000000006,3.6666666666666665
D06879,9,310.81,3.0
D00187,11,310.75,2.0
D04289,11,310.73,4.0
D04484,10,310.69,3.5
D05219,8,310.69,4.666666666666667
D05503,12,310.66999999999996,4.333333333333333
D01507,11,310.59000000000003,3.0
D01928,11,310.59,4.5
D02736,9,310.58,2.3333333333333335
D04564,10,310.57,2.3333333333333335
D06693,12,310.57,3.0
D01404,13,310.54,3.0
D00601,10,310.51,3.5
D02512,9,310.5,5.0
D06037,10,310.5,2.75
D04171,10,310.46,3.0
D03011,15,310.44,2.25
D00142,11,310.37999999999994,3.6
D06423,10,310.37,3.3333333333333335
D02707,13,310.36,4.0
D05682,10,310.36,4.5
D00706,9,310.3299999999999,2.8333333333333335
D00909,12,310.30000000000007,2.8333333333333335
D09992,10,310.3,2.3333333333333335
D08529,12,310.3,2.8
D07299,9,310.29,4.5
D05293,12,310.28000000000003,4.2
D09325,8,310.26,3.25
D05027,9,310.24,2.5
D05028,12,310.19,2.5
D07157,11,310.13,1.5
D07334,9,310.05,2.8
D03536,11,310.05,3.8
D00342,8,310.03,3.0
D01739,12,310.02,3.3333333333333335
D04131,8,310.0,3.0
D03252,10,310.0,2.5
D03763,11,309.96999999999997,3.5
D07176,10,309.96,2.25
D08164,13,309.88,3.6
D01182,16,309.84,2.6666666666666665
D02664,10,309.78999999999996,2.0
D09251,12,309.76,3.25
D07350,10,309.73999999999995,1.0
D02017,12,309.71000000000004,1.5
D09994,15,309.69000000000005,2.5
D01892,11,309.68,3.1666666666666665
D03165,6,309.65,3.0
D07962,13,309.64,3.1666666666666665
D06580,13,309.64,3.0
D01280,12,309.61,3.0
D05017,11,309.52,3.3333333333333335
D07785,8,309.51,3.5
D01472,14,309.5,2.142857142857143
D05475,11,309.46,3.25
D00591,10,309.41,3.6
D07805,13,309.4,2.3333333333333335
D01947,14,309.39,3.0
D02303,8,309.36999999999995,2.6666666666666665
D06530,10,309.34000000000003,3.6666666666666665
D07082,9,309.29999999999995,4.0
D00313,10,309.26,3.0
D09929,10,309.25,3.0
D04829,9,309.21999999999997,3.5
D08625,12,309.19000000000005,1.0
D08983,11,309.15999999999997,2.0
D03686,10,309.14,1.0
D06362,12,309.1,2.6666666666666665
D07601,11,309.09999999999997,3.75
D05410,14,309.08000000000004,4.333333333333333
D08183,13,309.08000000000004,3.0
D03784,11,309.05999999999995,3.5
D06893,12,308.97,3.5
D04081,9,308.96000000000004,2.0
D08757,11,308.89,2.0
D07269,11,308.86,3.5
D03795,12,308.83000000000004,2.4
D09778,10,308.83,3.5
D01534,10,308.80999999999995,3.0
D09533,12,308.78,4.0
D07179,10,308.77000000000004,4.5
D09596,8,308.75,4.0
D09583,9,308.73,3.3333333333333335
D08020,10,308.65999999999997,2.6666666666666665
D01111,12,308.65,3.25
D00792,10,308.58000000000004,3.75
D02114,9,308.56,1.0
D03516,14,308.55,3.5
D09017,9,308.52,3.6666666666666665
D06755,13,308.51,3.4
D08999,11,308.49000000000007,2.25
D02556,10,308.45,3.0
D03895,8,308.45,4.5
D06095,12,308.38,2.0
D05266,13,308.38,2.6666666666666665
D07293,10,308.37,3.6
D00920,11,308.35,2.2
D01501,8,308.34999999999997,3.75
D01874,11,308.34,2.0
D04332,8,308.33000000000004,
D02965,7,308.26,4.333333333333333
D02044,9,308.24,3.3333333333333335
D09279,14,308.23,5.0
D06242,9,308.21999999999997,2.0
D08370,10,308.17999999999995,1.6666666666666667
D04924,14,308.15999999999997,1.6666666666666667
D00858,11,308.12,3.0
D08541,11,308.04,3.0
D03255,10,308.0,2.5
D01400,9,307.99,4.0
D08485,10,307.94000000000005,4.5
D07779,9,307.93,3.3333333333333335
D04433,11,307.91,2.6666666666666665
D04800,14,307.82,3.6
D07386,10,307.75,2.6666666666666665
D06548,11,307.74,2.6
D05209,10,307.74,1.8
D03456,10,307.67,3.2
D09441,10,307.67,2.25
D02890,11,307.66999999999996,5.0
D06729,13,307.65999999999997,3.2
D05669,7,307.63000000000005,2.5
D05045,13,307.59000000000003,3.5
D05168,12,307.59,3.0
D03259,10,307.57,3.0
D09145,11,307.57,1.5
D05040,8,307.56999999999994,4.0
D04642,10,307.5,4.0
D04090,11,307.5,3.5
D02324,15,307.41999999999996,2.75
D04087,10,307.38,1.3333333333333333
D00651,11,307.35,3.0
D08554,10,307.32000000000005,3.0
D04946,9,307.31,3.3333333333333335
D02501,11,307.3,3.25
D08873,11,307.29,4.0
D07458,12,307.28,3.6666666666666665
D05511,8,307.27,2.75
D08690,13,307.26,2.4
D07193,10,307.2,1.5
D02670,11,307.2,2.0
D03391,11,307.11,4.5
D06142,10,307.1,4.0
D03038,11,307.09,3.0
D01587,10,307.08,2.5
D01395,10,307.06,2.0
D09166,11,307.05,4.0
D08668,12,307.03999999999996,3.1666666666666665
D05340,8,307.03000000000003,
D02328,12,307.03,2.5
D00219,10,306.97999999999996,2.6666666666666665
D05025,10,306.88000000000005,3.75
D05685,13,306.88000000000005,3.6666666666666665
D01103,12,306.84,2.25
D06308,10,306.78999999999996,2.5
D09621,10,306.78,3.4
D09607,10,306.77000000000004,4.0
D07148,9,306.75000000000006,2.6666666666666665
D04701,13,306.71999999999997,2.0
D08717,12,306.68,4.0
D01765,13,306.68,4.0
D09938,12,306.63000000000005,4.0
D07353,11,306.63,3.3333333333333335
D05077,13,306.61,3.0
D04058,13,306.56,3.5
D08718,12,306.49,2.5
D08950,13,306.46000000000004,3.6666666666666665
D01092,9,306.44000000000005,3.25
D06055,10,306.42999999999995,3.6666666666666665
D00312,11,306.40000000000003,3.0
D04876,10,306.39,2.6666666666666665
D03421,12,306.35,3.5
D04373,12,306.34999999999997,1.0
D08402,11,306.34999999999997,3.0
D01349,10,306.34000000000003,2.0
D07449,10,306.31,1.25
D05083,10,306.29,3.8
D07301,12,306.26,2.0
D03403,11,306.26,3.25
D06696,13,306.24,5.0
D01839,11,306.20000000000005,1.5
D09257,10,306.11000000000007,3.2
D09758,8,306.09,2.6666666666666665
D07843,11,306.07,4.0
D09399,12,305.92999999999995,3.25
D02900,14,305.90999999999997,2.25
D03571,11,305.89,2.6666666666666665
D02842,13,305.89,2.3333333333333335
D06048,10,305.85,2.8
D04014,11,305.84,3.7777777777777777
D02746,13,305.81,2.6666666666666665
D05849,13,305.79999999999995,3.5
D02496,8,305.78,3.0
D08278,9,305.76,3.0
D05310,9,305.76,1.0
D09070,11,305.73,2.75
D06570,10,305.71,1.6666666666666667
D07918,9,305.68,1.6666666666666667
D00466,12,305.62,2.6
D01248,10,305.61,4.0
D03490,10,305.55,1.6666666666666667
D07888,10,305.53999999999996,2.6666666666666665
D01171,10,305.53999999999996,2.5
D07833,12,305.53,2.5
D01815,8,305.49,3.6
D05055,17,305.42,2.5555555555555554
D01402,8,305.39,1.6666666666666667
D03968,10,305.37000000000006,3.0
D08403,14,305.37000000000006,2.3333333333333335
D00195,9,305.34,2.8
D08989,10,305.32,2.2857142857142856
D02237,8,305.32,4.0
D05982,10,305.31,2.3333333333333335
D00549,14,305.28,3.25
D04921,7,305.27000000000004,4.0
D02811,10,305.27,2.5
D04449,9,305.27,4.333333333333333
D05013,12,305.26,3.2
D01624,12,305.21,2.8
D09544,11,305.15000000000003,3.5
D01445,8,305.15,2.6666666666666665
D00467,12,305.15,2.6666666666666665
D01347,9,305.12,3.0
D06399,10,305.02,3.6
D08626,10,304.99,2.6666666666666665
D05930,9,304.93,3.0
D00635,9,304.88,3.0
D07578,9,304.83000000000004,5.0
D03164,12,304.83,3.2
D07971,12,304.75,2.5
D06117,8,304.75,2.25
D02782,10,304.74,3.5
D04122,13,304.68,2.5
D06694,9,304.67,3.0
D04617,10,304.65,2.5
D02795,8,304.64,2.6
D09172,11,304.63,2.5
D00029,12,304.6,2.25
D03946,13,304.54999999999995,3.0
D03640,10,304.53,2.0
D07384,12,304.49,3.3333333333333335
D06066,10,304.46,2.6
D08759,11,304.46,3.2
D07491,10,304.43,1.0
D03376,12,304.38,3.5
D06848,10,304.31,3.4
D04481,13,304.29,1.6666666666666667
D06481,10,304.26000000000005,2.5
D01406,10,304.26,4.333333333333333
D03176,11,304.10999999999996,2.25
D09750,13,304.07,3.3333333333333335
D03342,10,304.03,5.0
D02589,10,304.01,5.0
D09042,8,304.01,2.6666666666666665
D04732,10,303.9,3.0
D06463,9,303.85999999999996,3.2
D08819,11,303.85,2.2
D06937,11,303.84,3.25
D07731,12,303.83,3.0
D00666,9,303.79,4.333333333333333
D06203,10,303.78,3.5
D00479,11,303.69999999999993,3.0
D06624,12,303.63,2.0
D03346,10,303.62,1.0
D05068,10,303.6,2.5
D02539,11,303.59000000000003,3.3333333333333335
D09230,7,303.59,3.5
D08451,10,303.54,3.0
D02973,7,303.54,3.0
D03663,10,303.5,4.5
D08082,9,303.46,3.3333333333333335
D00682,9,303.45000000000005,4.0
D06148,11,303.44,4.0
D04234,10,303.44,1.8
D01769,11,303.38,3.0
D04246,12,303.37,2.0
D03853,8,303.32000000000005,4.0
D06836,10,303.28,4.5
D07719,13,303.27,2.75
D08637,13,303.25,3.3333333333333335
D08196,9,303.23,4.0
D05397,11,303.19,3.5
D08315,11,303.13000000000005,3.6
D05493,13,303.11,2.6666666666666665
D09694,10,302.99,2.3333333333333335
D09926,11,302.98,2.6666666666666665
D05405,12,302.96000000000004,2.6666666666666665
D05673,12,302.90999999999997,4.0
D02703,10,302.9,3.0
D08884,12,302.81,3.0
D09749,8,302.79,3.8
D02661,10,302.76,3.5
D03851,9,302.75,2.6666666666666665
D03198,9,302.74,1.0
D03677,14,302.69,3.5
D08674,11,302.64,3.8333333333333335
D05913,11,302.59,1.8333333333333333
D07642,9,302.57000000000005,3.0
D01000,10,302.49,2.0
D09638,12,302.48,2.75
D05751,8,302.47999999999996,4.333333333333333
D06853,8,302.44,3.5
D01361,13,302.41,3.6666666666666665
D00556,10,302.4,3.6
D00560,10,302.39,2.5
D06983,13,302.38000000000005,4.0
D06287,12,302.38,3.25
D00249,11,302.35,3.0
D02276,13,302.32000000000005,3.0
D02268,9,302.29999999999995,3.0
D04843,9,302.29,3.0
D04603,9,302.27,4.0
D01203,9,302.17999999999995,3.0
D00224,11,302.15000000000003,3.0
D07270,10,302.14,1.5
D02898,13,302.12000000000006,2.0
D00398,9,302.1,1.5
D00374,9,302.1,3.0
D05781,11,302.04999999999995,3.75
D08462,11,302.03000000000003,3.6
D06187,11,301.96000000000004,2.0
D07105,8,301.94,2.6666666666666665
D04708,9,301.94,4.0
D04593,14,301.90999999999997,3.3333333333333335
D04812,12,301.90000000000003,3.5
D02227,11,301.89,4.4
D05261,11,301.83,3.0
D04851,8,301.83,2.75
D03865,8,301.78999999999996,3.25
D09745,10,301.77,5.0
D04463,13,301.77,2.0
D06464,9,301.76,3.0
D02204,10,301.76,3.5
D02844,12,301.75,2.75
D04825,11,301.72999999999996,3.0
D00848,10,301.72,2.8
D02682,9,301.71999999999997,3.5
D06947,10,301.71999999999997,3.0
D03758,11,301.69000000000005,3.5
D02219,10,301.66,4.333333333333333
D09311,12,301.65,3.75
D02192,9,301.65,
D09645,11,301.53999999999996,2.4
D09651,11,301.47999999999996,4.4
D05396,11,301.46999999999997,3.0
D02651,7,301.46999999999997,1.8
D05252,10,301.41,3.6666666666666665
D07421,12,301.29999999999995,2.6666666666666665
D01178,9,301.22,3.0
D09200,11,301.2,4.5
D02163,13,301.15999999999997,3.0
D05316,9,301.13,3.0
D05128,9,301.1,3.5
D02370,8,301.07000000000005,4.0
D08172,10,301.03,3.0
D00431,7,301.00000000000006,3.5
D03211,10,301.0,3.0
D01188,10,300.9,2.4285714285714284
D05727,8,300.78,3.0
D05756,13,300.77000000000004,2.25
D08332,9,300.75,2.3333333333333335
D05628,11,300.75,4.666666666666667
D04347,8,300.74,1.0
D04205,9,300.71999999999997,3.0
D02081,10,300.7,4.0
D04477,8,300.7,2.0
D07646,8,300.69000000000005,3.0
D00021,12,300.64,2.3333333333333335
D03585,9,300.6,3.0
D05280,7,300.59000000000003,4.0
D08415,12,300.59000000000003,3.0
D02056,12,300.57,2.4
D08429,9,300.56999999999994,3.25
D08550,12,300.56,5.0
D06046,9,300.46,3.5
D00383,10,300.36,4.333333333333333
D03664,11,300.3,3.25
D04254,11,300.3,3.75
D02511,11,300.20000000000005,3.25
D03172,10,300.19000000000005,2.0
D08595,15,300.15,3.0
D01714,11,300.14,2.3333333333333335
D06752,10,300.07,3.5
D03067,10,300.06,2.5
D06862,9,300.05000000000007,1.0
D00971,12,299.96,5.0
D08086,8,299.93000000000006,4.666666666666667
D09558,10,299.91,2.6
D06351,7,299.9,1.6666666666666667
D02483,11,299.83,1.3333333333333333
D01087,11,299.76,2.8333333333333335
D01766,9,299.74999999999994,4.0
D02183,11,299.68999999999994,4.0
D09356,13,299.65,3.3333333333333335
D04919,11,299.62,4.333333333333333
D04411,12,299.59999999999997,5.0
D08245,10,299.59000000000003,3.0
D06742,9,299.54,1.0
D02533,12,299.53,3.2
D02715,13,299.49,2.5
D04607,9,299.4,1.6666666666666667
D01875,11,299.39000000000004,3.0
D08377,9,299.37999999999994,2.6666666666666665
D02329,9,299.27000000000004,3.3333333333333335
D06444,9,299.27000000000004,4.0
D02858,10,299.26,1.75
D01597,11,299.25,2.5
D02923,11,299.24,2.4
D03440,11,299.24,1.0
D07958,8,299.23999999999995,2.5
D02962,9,299.23,2.4
D08012,11,299.21000000000004,3.25
D00679,11,299.20000000000005,3.0
D01528,9,299.15999999999997,3.0
D05601,10,299.14,4.0
D02258,11,299.13,3.5
D05773,11,299.09999999999997,2.5
D06909,13,299.08000000000004,2.75
D01718,11,299.05,2.5
D02800,11,299.03999999999996,2.0
D06507,12,299.02,3.0
D03778,10,299.02,2.5
D07939,11,299.01,2.6
D01977,8,299.0,3.0
D02860,7,298.98,2.25
D00845,9,298.91999999999996,3.2
D02600,9,298.90000000000003,3.0
D05079,9,298.87,3.4
D09934,13,298.87,3.0
D00352,10,298.86,2.4
D08569,9,298.84000000000003,2.0
D03091,10,298.83,2.0
D07569,13,298.78,4.0
D03577,11,298.71999999999997,2.0
D03160,12,298.68,3.0
D05996,9,298.68,2.25
D08978,15,298.67,3.2
D01424,10,298.67,3.6
D07201,10,298.66999999999996,5.0
D05289,11,298.65000000000003,2.5
D05413,12,298.58,4.5
D06939,8,298.56,2.5
D09915,9,298.54,3.0
D04164,8,298.50000000000006,3.75
D03415,10,298.49,1.3333333333333333
D03912,11,298.47,3.0
D08749,11,298.41999999999996,3.0
D09111,12,298.35,3.3333333333333335
D02783,10,298.34999999999997,4.0
D07555,10,298.34000000000003,5.0
D06612,9,298.33000000000004,3.3333333333333335
D05674,12,298.3299999999999,3.0
D04143,8,298.29,3.0
D02070,9,298.28,4.0
D00980,10,298.26,2.0
D02509,11,298.24,3.25
D02666,6,298.22999999999996,
D03533,12,298.19,3.875
D00049,8,298.16999999999996,2.6666666666666665
D09821,8,298.13,4.0
D07926,9,298.13,2.5
D09886,10,298.13,1.3333333333333333
D02510,9,298.07,4.0
D09935,12,298.07,5.0
D08772,10,298.03,3.0
D09007,11,297.95,3.3333333333333335
D03289,7,297.95,4.0
D09510,8,297.90000000000003,2.5
D08147,10,297.89000000000004,4.666666666666667
D05159,10,297.82000000000005,2.4
D04000,11,297.81000000000006,3.2
D02941,7,297.79,3.0
D05707,11,297.77,3.75
D04167,7,297.74,
D08193,11,297.74,3.0
D02781,9,297.74,2.0
D04623,15,297.67,2.6666666666666665
D05354,8,297.56,3.5
D02390,8,297.56,3.0
D05506,11,297.51,4.5
D03385,8,297.5,2.5
D02673,12,297.46999999999997,2.75
D02105,10,297.41999999999996,3.5
D08938,10,297.41999999999996,5.0
D03254,7,297.4,3.25
D07727,11,297.38,3.2
D05311,8,297.38,4.666666666666667
D09930,14,297.34,2.0
D03674,11,297.29999999999995,3.0
D03295,9,297.24,3.2
D09545,12,297.13,2.3333333333333335
D08102,10,297.09,1.0
D01082,9,297.07000000000005,3.6666666666666665
D07333,13,297.07,2.3333333333333335
D04238,11,297.03000000000003,2.0
D09849,11,296.99,4.0
D07300,8,296.96,3.6666666666666665
D06505,13,296.96,2.0
D09568,10,296.95,3.0
D06888,10,296.92,5.0
D05069,10,296.90000000000003,3.0
D01491,10,296.9,3.2
D09463,10,296.89,2.5
D05218,13,296.87,3.6666666666666665
D04108,9,296.82,3.75
D05093,11,296.7,3.5
D01847,12,296.67,3.6666666666666665
D04532,11,296.65,3.6
D02220,9,296.62,3.6666666666666665
D02410,10,296.62,3.0
D05809,10,296.6,2.0
D08145,10,296.58,3.3333333333333335
D02215,8,296.57,4.0
D02616,7,296.5,3.6666666666666665
D09610,14,296.49,3.8
D02035,11,296.47,3.5
D03257,8,296.45,4.333333333333333
D03520,9,296.4,3.1666666666666665
D08994,9,296.38,2.0
D01373,10,296.33,1.3333333333333333
D02951,7,296.32,4.0
D03276,11,296.26,3.6666666666666665
D09149,10,296.23999999999995,4.0
D07140,11,296.23,2.75
D04179,9,296.21,1.0
D06096,11,296.2,3.0
D03793,9,296.19,2.0
D09637,9,296.16999999999996,4.5
D05887,9,296.14000000000004,3.6666666666666665
D02325,12,296.1,2.0
D03550,12,296.09,3.0
D08739,11,296.08000000000004,3.6
D07273,11,296.08,2.25
D06831,11,296.02,3.0
D06513,9,296.01,3.5
D01687,14,295.98,3.3333333333333335
D06368,7,295.96999999999997,2.3333333333333335
D07969,11,295.95000000000005,3.0
D01033,7,295.95,2.0
D04156,12,295.89,2.4
D07587,9,295.87999999999994,4.5
D08863,9,295.85,3.6
D06912,11,295.7,3.0
D07424,8,295.69,5.0
D08972,12,295.67,3.3333333333333335
D08812,10,295.64,3.5
D03267,9,295.63,1.4
D06906,10,295.61,
D01802,13,295.59999999999997,3.25
D03377,11,295.57000000000005,5.0
D05856,8,295.57,3.3333333333333335
D02480,12,295.47999999999996,2.5714285714285716
D07773,9,295.42999999999995,2.5
D03150,11,295.41999999999996,2.6666666666666665
D06178,11,295.41,3.6666666666666665
D01184,7,295.37,5.0
D08048,10,295.31000000000006,3.75
D00946,8,295.31,3.25
D04405,11,295.28000000000003,3.6666666666666665
D01865,12,295.28,3.5
D09919,11,295.18,2.5
D02916,8,295.17,2.0
D02309,10,295.08000000000004,2.0
D04283,9,295.05,3.2
D05174,10,295.02,1.5
D06919,11,294.98,3.25
D06441,11,294.96,3.3333333333333335
D09163,10,294.91,2.6666666666666665
D02526,9,294.89,4.25
D04726,7,294.89,4.0
D07305,8,294.87,2.0
D02894,10,294.87,2.25
D08053,10,294.86,4.5
D03109,12,294.78999999999996,2.0
D02706,11,294.75,1.6666666666666667
D03315,10,294.74999999999994,3.3333333333333335
D07548,10,294.70000000000005,3.4
D09584,8,294.65999999999997,3.3333333333333335
D00260,14,294.65,3.8
D00992,13,294.63,2.25
D05689,13,294.62,3.3333333333333335
D06012,12,294.61,2.6666666666666665
D04979,9,294.58,5.0
D05406,9,294.57,4.0
D09878,10,294.56,3.0
D02051,9,294.51,3.5
D08264,9,294.45,3.75
D06288,9,294.37,3.0
D03213,11,294.3500000000001,3.5
D07998,12,294.35,2.857142857142857
D06698,14,294.35,
D06737,10,294.34999999999997,3.3333333333333335
D07884,14,294.32,3.0
D06413,13,294.28,2.857142857142857
D03693,10,294.18999999999994,1.0
D08591,9,294.15999999999997,1.0
D04185,9,294.15000000000003,3.0
D05166,9,294.1,3.0
D02711,12,294.09000000000003,3.2
D09157,9,294.09,3.6
D04043,11,294.04,2.5
D01417,11,294.01000000000005,3.0
D09444,12,293.98,2.3333333333333335
D00573,6,293.97999999999996,3.0
D09932,14,293.96999999999997,3.0
D05004,7,293.92,2.5
D09026,12,293.9,4.5
D08188,12,293.88,3.0
D02737,12,293.86,4.5
D06756,9,293.80999999999995,4.5
D07109,11,293.77000000000004,1.0
D00797,14,293.76,4.25
D00820,13,293.75000000000006,2.0
D06901,10,293.63,3.0
D06534,6,293.56,5.0
D04987,10,293.53,3.1666666666666665
D07639,11,293.49,4.0
D05770,10,293.48,1.8
D08915,10,293.47999999999996,3.2
D09626,10,293.46000000000004,5.0
D00251,10,293.45,3.6
D09138,8,293.42,3.0
D06869,13,293.41999999999996,3.0
D02085,10,293.40999999999997,4.0
D00310,11,293.4,2.3333333333333335
D05297,13,293.39,4.666666666666667
D00404,10,293.39,3.0
D02775,12,293.39,2.4
D08986,10,293.38,1.5
D06617,9,293.26,3.5
D03709,12,293.25,3.0
D03522,11,293.24,2.75
D01435,11,293.19,2.6666666666666665
D08916,8,293.18000000000006,2.0
D07051,12,293.18,4.333333333333333
D09190,10,293.15999999999997,3.0
D07482,11,293.15,2.4285714285714284
D03579,8,293.14,5.0
D02195,12,293.12,4.25
D00572,10,293.07,3.0
D00126,10,292.97,3.5
D01379,13,292.9599999999999,2.0
D04485,10,292.92999999999995,2.5
D05534,10,292.91999999999996,3.0
D09625,13,292.89,3.3333333333333335
D09704,10,292.8,3.0
D02423,12,292.78999999999996,2.25
D08921,8,292.78,2.75
D08750,11,292.76,3.0
D07309,9,292.63,3.0
D08766,11,292.62,4.75
D02843,10,292.56,3.0
D09805,12,292.5,2.4285714285714284
D02876,11,292.5,3.0
D07940,11,292.47,4.0
D07840,15,292.45,2.6
D01306,13,292.41999999999996,3.6666666666666665
D06647,9,292.41999999999996,3.2
D07762,9,292.40999999999997,2.8333333333333335
D03769,10,292.38,4.333333333333333
D03095,10,292.37,3.6666666666666665
D04119,10,292.36,3.0
D03816,10,292.36,3.25
D01024,12,292.33,2.6666666666666665
D00904,9,292.32,5.0
D05695,8,292.27,2.6
D06082,11,292.26,2.25
D07841,11,292.25,2.5
D09388,14,292.25,3.0
D02373,8,292.14,2.6666666666666665
D00235,12,292.12,1.0
D04531,11,292.12,2.0
D00563,11,292.10999999999996,2.0
D07903,11,292.03000000000003,2.1666666666666665
D01833,9,291.98,3.0
D07090,7,291.95,4.0
D05837,10,291.88,3.75
D07690,10,291.81000000000006,2.5
D08542,11,291.79,5.0
D09269,10,291.78,4.0
D01652,11,291.74,3.0
D01553,11,291.72,4.0
D06278,9,291.71999999999997,3.0
D08696,10,291.69,2.25
D09415,11,291.68,2.3333333333333335
D00523,9,291.67,4.4
D02717,10,291.59999999999997,2.6666666666666665
D09795,9,291.58,3.75
D02758,8,291.57,2.5
D00025,11,291.56999999999994,2.6666666666666665
D09768,11,291.52,3.0
D02414,12,291.51,1.6
D05726,11,291.48,2.5
D00190,13,291.44,4.333333333333333
D04064,8,291.43,3.25
D09032,9,291.41999999999996,3.0
D01858,9,291.41,1.75
D06622,10,291.40000000000003,3.0
D04819,11,291.39,1.3333333333333333
D07171,10,291.36999999999995,3.3333333333333335
D05319,10,291.35,3.4
D03090,15,291.34000000000003,2.857142857142857
D01129,13,291.33000000000004,3.2
D09168,12,291.33000000000004,5.0
D09958,9,291.27,2.0
D02103,9,291.22,2.0
D06613,12,291.19,4.0
D00221,9,291.18,4.0
D04396,11,291.18,1.3333333333333333
D02605,8,291.15,5.0
D01573,10,291.13,3.25
D08779,12,291.12,3.3333333333333335
D09182,12,291.12,3.2
D01282,11,291.08,1.2
D04160,9,291.08,1.0
D08844,13,291.05,3.6666666666666665
D08636,8,291.03,
D05464,11,291.01,2.75
D05361,10,291.0,3.3333333333333335
D04540,9,290.99,3.75
D08886,13,290.96999999999997,2.3333333333333335
D07167,8,290.93,2.0
D04992,14,290.90000000000003,2.0
D00628,10,290.89,4.0
D07364,8,290.88000000000005,3.0
D08028,11,290.82,3.8
D06143,8,290.8,3.6666666666666665
D03431,11,290.79,5.0
D09917,14,290.76,2.5
D03530,11,290.71,2.0
D06411,13,290.65,3.0
D08125,9,290.62,2.6666666666666665
D09213,11,290.54999999999995,3.0
D08298,9,290.52000000000004,2.0
D01223,9,290.49,2.0
D03034,10,290.44000000000005,3.5
D01243,12,290.44000000000005,2.6666666666666665
D06561,7,290.42,3.0
D03097,11,290.40000000000003,2.0
D00829,11,290.28999999999996,1.3333333333333333
D08567,10,290.2,3.0
D04602,8,290.18,2.6666666666666665
D00204,9,290.17,4.0
D03448,9,290.15,1.5
D05553,9,290.13,
D00933,13,290.09,3.25
D08121,7,290.05,2.75
D02550,11,289.98,3.6
D02433,9,289.98,2.6666666666666665
D01138,10,289.97999999999996,4.0
D00974,9,289.94,3.3333333333333335
D04965,11,289.94,3.5
D07326,9,289.92999999999995,4.0
D07477,12,289.90999999999997,2.0
D05569,7,289.9,4.0
D07740,10,289.86999999999995,3.3333333333333335
D04859,8,289.82,2.3333333333333335
D05546,10,289.81,2.6
D01726,10,289.78999999999996,1.5
D09661,9,289.77,3.0
D05409,11,289.76,4.0
D04082,11,289.75,3.0
D03309,14,289.59,2.0
D03521,10,289.53,3.5
D00252,9,289.52,
D08563,7,289.42,
D03638,12,289.35,3.6666666666666665
D08785,9,289.35,3.0
D02530,13,289.32,
D03695,14,289.3,3.75
D00667,9,289.26,2.0
D05903,8,289.25,2.0
D09186,12,289.24,3.0
D01137,12,289.22999999999996,3.6666666666666665
D09524,11,289.2,3.0
D02485,9,289.2,2.6
D09968,9,289.19,4.5
D05154,12,289.18,4.5
D07020,11,289.14,2.3333333333333335
D05949,11,289.14,3.6666666666666665
D02494,10,289.13,3.5
D01965,13,289.13,1.4
D04803,11,289.08,2.4
D05120,11,289.08,2.75
D06839,9,289.06,3.5
D08911,10,289.04999999999995,3.0
D01912,10,289.0,3.6666666666666665
D09472,14,288.99,3.6666666666666665
D02621,10,288.95000000000005,4.0
D00008,9,288.95,4.5
D03341,10,288.9,3.0
D03893,10,288.9,2.6666666666666665
D02762,11,288.89000000000004,3.6666666666666665
D09587,12,288.87,1.6666666666666667
D04442,10,288.86,4.666666666666667
D02617,10,288.84,1.3333333333333333
D07489,12,288.75,4.0
D08594,11,288.71000000000004,2.6666666666666665
D08957,10,288.68,3.25
D09951,8,288.65999999999997,3.25
D08096,8,288.60999999999996,3.0
D00877,11,288.59,2.0
D02422,10,288.58,2.0
D04438,7,288.48,3.3333333333333335
D00924,10,288.45,1.3333333333333333
D00319,11,288.43,2.5
D04195,11,288.35,2.6
D00072,11,288.28999999999996,2.2857142857142856
D02389,9,288.28,4.5
D01800,9,288.26,2.0
D04312,8,288.26,3.5
D09622,9,288.24999999999994,3.6
D01984,9,288.24,
D02293,10,288.23,3.2
D05598,11,288.2,3.4
D05107,9,288.18,2.3333333333333335
D05237,8,288.14,2.75
D07712,8,288.13,3.25
D04762,13,288.05,2.5
D07932,11,288.03,3.8
D08277,10,288.02,3.0
D07678,13,288.01,4.666666666666667
D07720,12,288.00999999999993,2.0
D01079,10,288.00000000000006,3.3333333333333335
D03782,11,288.0,3.0
D08992,9,287.96000000000004,3.0
D04927,10,287.96,2.75
D04264,11,287.95,2.25
D00359,11,287.95,2.75
D08211,11,287.92,1.75
D05175,9,287.91,2.6666666666666665
D05277,11,287.89,2.3333333333333335
D05460,10,287.89,2.8
D04343,10,287.86,3.0
D02443,10,287.82,2.0
D05244,11,287.76,2.6666666666666665
D08265,8,287.73,2.0
D04223,8,287.72,2.0
D04991,12,287.68,2.5
D02290,10,287.67999999999995,2.0
D03653,8,287.65,
D00742,9,287.64,5.0
D07859,11,287.63,3.0
D08159,10,287.62,2.5
D00557,10,287.61,2.3333333333333335
D03857,14,287.59,3.0
D04632,9,287.55,5.0
D09253,10,287.48,1.8571428571428572
D08207,12,287.46000000000004,3.5
D08710,11,287.46,2.5
D01516,8,287.44999999999993,3.3333333333333335
D04430,9,287.38,2.5
D04092,11,287.36,4.333333333333333
D08976,10,287.34,2.3333333333333335
D01160,8,287.32,4.0
D09864,11,287.26,4.5
D01876,8,287.22,2.0
D07856,11,287.17999999999995,2.5
D00501,10,287.15999999999997,1.5
D04226,10,287.1,1.3333333333333333
D04911,10,287.08,1.0
D03862,10,287.07,3.0
D07669,7,286.9,3.5
D02976,10,286.89000000000004,4.0
D05444,15,286.88,3.25
D09115,10,286.84000000000003,1.6666666666666667
D08512,8,286.83,4.333333333333333
D07964,12,286.8,1.75
D09989,12,286.72,3.8333333333333335
D00207,9,286.7099999999999,1.0
D07307,10,286.69,3.0
D03570,10,286.67,2.2
D05446,10,286.63,3.6666666666666665
D04942,11,286.56999999999994,3.2
D02546,9,286.41,2.0
D09522,10,286.32,2.5
D07401,12,286.28000000000003,4.0
D00787,10,286.27,5.0
D06876,9,286.26,
D06943,11,286.16,3.0
D08666,8,286.12,3.5
D05371,9,286.1,2.0
D09339,8,286.07,3.0
D03670,10,286.06,5.0
D04277,12,286.0,2.6
D08926,6,285.96000000000004,3.6666666666666665
D06810,11,285.95,3.0
D03529,12,285.94,4.5
D00997,8,285.89,
D04754,11,285.87,2.0
D09129,12,285.81000000000006,3.0
D07069,9,285.8,4.0
D02335,9,285.71999999999997,2.75
D02358,8,285.7,1.6666666666666667
D02094,8,285.53999999999996,2.0
D04857,11,285.51,3.6
D09407,8,285.5,2.6
D02622,11,285.47,3.3333333333333335
D07173,9,285.46,2.5
D01803,13,285.44000000000005,2.5
D01967,11,285.39,3.3333333333333335
D02003,10,285.36,2.6666666666666665
D00271,8,285.33000000000004,4.0
D00237,13,285.3,3.0
D00205,12,285.28999999999996,3.0
D04427,9,285.21,3.0
D04104,8,285.17,2.3333333333333335
D07776,7,285.15,1.3333333333333333
D03445,8,285.1,3.6666666666666665
D09421,9,285.03999999999996,2.0
D00760,9,284.96000000000004,3.6666666666666665
D08046,8,284.93,4.0
D03240,9,284.92999999999995,3.0
D09180,11,284.89,3.0
D07330,8,284.79,2.5
D08179,9,284.78999999999996,1.0
D02540,11,284.78,3.0
D05822,7,284.77,3.0
D04083,9,284.69,4.0
D03491,9,284.65,3.75
D00078,11,284.65,2.5
D03401,11,284.62,2.0
D05624,8,284.51,3.5
D02424,9,284.51,2.5
D00522,10,284.47,3.6
D07632,10,284.46999999999997,2.3333333333333335
D03051,12,284.42,2.8333333333333335
D06208,11,284.40999999999997,2.8
D06430,11,284.40000000000003,1.3333333333333333
D09369,9,284.37,2.0
D03392,9,284.36,3.5
D08774,11,284.33000000000004,3.6666666666666665
D01265,11,284.29,2.5
D06840,12,284.27,3.6666666666666665
D06354,12,284.26,1.0
D06875,7,284.21,2.3333333333333335
D07875,12,284.11,1.0
D00510,11,284.07,1.6666666666666667
D01301,8,284.03999999999996,2.3333333333333335
D08820,10,284.0,2.0
D00381,9,283.99,3.0
D09592,11,283.97999999999996,1.0
D07331,13,283.92,2.75
D02462,11,283.88,2.5
D04105,11,283.87,2.0
D07512,12,283.8399999999999,2.0
D00503,8,283.82000000000005,2.6666666666666665
D08566,11,283.81,3.3333333333333335
D07586,11,283.8,1.6666666666666667
D01310,10,283.78999999999996,3.0
D07050,9,283.78000000000003,4.0
D09593,10,283.76,1.0
D05342,12,283.74,3.3333333333333335
D01722,10,283.73,3.6666666666666665
D05768,11,283.65,3.0
D05938,12,283.63,4.0
D03016,14,283.51,3.0
D02193,15,283.51,2.25
D00292,13,283.5,2.0
D03247,8,283.44,2.6666666666666665
D06224,8,283.43,3.75
D04993,10,283.39,3.0
D04372,7,283.39,2.25
D00614,11,283.38,4.25
D08308,11,283.36,3.6666666666666665
D02030,10,283.36,3.25
D09029,9,283.28999999999996,4.5
D07055,8,283.26,4.5
D08364,10,283.24,5.0
D01277,10,283.22999999999996,2.3333333333333335
D09181,9,283.19,4.2
D08058,10,283.19,3.0
D03734,11,283.15,3.6
D06442,12,283.06,1.0
D03878,10,283.03999999999996,1.3333333333333333
D08323,9,283.03999999999996,3.2
D06382,8,283.0,4.0
D07216,11,282.98,3.2
D02002,8,282.96000000000004,2.0
D06225,10,282.84000000000003,3.5
D09570,10,282.82,2.5
D00057,12,282.78,2.8
D02009,11,282.76,1.0
D05242,7,282.74,2.0
D06109,13,282.72,3.6666666666666665
D06949,7,282.69,5.0
D06108,11,282.68,2.5
D08376,10,282.65,3.5714285714285716
D09014,8,282.64,2.6666666666666665
D07929,10,282.59,4.5
D01439,11,282.58,1.75
D08712,10,282.58,2.0
D07761,9,282.47999999999996,2.5
D03859,9,282.47,3.6666666666666665
D04858,9,282.42999999999995,4.0
D02205,12,282.39,2.0
D00880,9,282.29999999999995,
D08778,12,282.29999999999995,3.2
D09904,12,282.26,3.75
D08639,10,282.23,2.0
D01694,8,282.22,4.0
D00143,10,282.19000000000005,
D07892,14,282.13,4.5
D01331,9,282.12,3.5
D08008,13,282.11,2.0
D03887,11,282.08,2.3333333333333335
D00403,9,282.06,2.5
D03432,12,282.03000000000003,3.6
D02971,9,282.0,5.0
D06842,8,281.98,4.5
D05908,7,281.98,3.0
D09991,10,281.96000000000004,2.0
D04015,14,281.93,4.0
D02805,13,281.90999999999997,2.6
D09004,9,281.88,4.5
D04659,9,281.86,1.75
D03148,12,281.83,4.0
D04569,16,281.71,3.6666666666666665
D07803,7,281.7,3.0
D08466,12,281.65999999999997,4.5
D05222,10,281.65,3.25
D04456,11,281.63,2.25
D00602,9,281.63,4.0
D03322,10,281.59000000000003,2.5
D08962,12,281.58,4.666666666666667
D05871,10,281.57,3.8
D02870,9,281.52,2.0
D07927,12,281.51000000000005,3.0
D02895,11,281.47999999999996,4.0
D09508,9,281.47,2.6666666666666665
D00915,9,281.42,1.0
D05605,10,281.36,3.25
D07022,10,281.34,3.25
D02747,10,281.28999999999996,2.8
D03310,9,281.25,1.75
D03682,8,281.24,2.0
D03106,8,281.21,4.0
D03105,9,281.11,3.3333333333333335
D08404,10,281.05,2.6666666666666665
D05538,12,281.01,3.2857142857142856
D06639,7,280.91999999999996,
D00866,11,280.89000000000004,3.0
D00713,11,280.88,3.25
D08894,10,280.87,2.75
D09793,10,280.79999999999995,3.0
D09015,10,280.74,3.3333333333333335
D08418,10,280.73999999999995,3.0
D00988,9,280.69,3.0
D06393,11,280.68999999999994,3.0
D03702,8,280.67999999999995,4.0
D05465,12,280.67,3.2
D01955,11,280.67,3.2
D01505,12,280.64,2.8
D04307,8,280.53000000000003,5.0
D01262,13,280.5,2.25
D04410,10,280.49,2.0
D01520,9,280.46999999999997,4.0
D07013,12,280.4,2.6666666666666665
D00038,10,280.38,3.1666666666666665
D09127,8,280.37,2.5
D05110,11,280.32,2.5
D01884,10,280.24,5.0
D08927,8,280.22999999999996,4.5
D07766,9,280.18,5.0
D04789,10,280.14,2.25
D04021,12,280.11,3.3333333333333335
D00597,11,279.96000000000004,2.6666666666666665
D06968,11,279.96000000000004,2.0
D08865,9,279.96,3.0
D08206,8,279.94,3.6666666666666665
D08465,8,279.91999999999996,3.0
D01132,9,279.9,2.8
D09920,8,279.9,3.0
D01481,12,279.85999999999996,3.2
D08080,7,279.84000000000003,3.5
D00446,10,279.81999999999994,3.75
D00114,7,279.8,1.0
D08334,12,279.71,3.2
D01801,10,279.69999999999993,2.5
D05888,10,279.68,1.0
D01854,10,279.67,1.5
D04774,10,279.64,
D04953,8,279.63,
D05049,10,279.61,2.25
D09128,11,279.60999999999996,1.6666666666666667
D08443,9,279.59,5.0
D07352,11,279.58000000000004,4.0
D04740,11,279.57000000000005,2.6666666666666665
D09897,9,279.48,2.0
D02826,10,279.47,3.5
D04821,11,279.45,1.5
D04203,9,279.3,3.4
D05613,10,279.29,2.0
D00270,9,279.24,3.2
D02558,9,279.21000000000004,2.3333333333333335
D00256,11,279.1700000000001,2.0
D02184,7,279.12,3.5
D07399,11,279.09000000000003,3.0
D09320,7,279.08,3.0
D00076,7,279.07000000000005,2.0
D03564,10,279.06,2.6666666666666665
D06955,10,279.02,2.3333333333333335
D05855,11,279.01,5.0
D09447,11,279.0,3.0
D01478,11,278.99,2.6
D05491,11,278.95,2.6666666666666665
D06684,7,278.94,1.5
D07580,8,278.94,1.0
D07693,11,278.92,3.25
D00902,10,278.90999999999997,2.3333333333333335
D02486,10,278.86,3.0
D08562,11,278.86,2.4
D08929,9,278.85,3.5
D07893,10,278.8,2.0
D07595,11,278.79,2.6666666666666665
D02032,13,278.79,3.2
D00515,10,278.76,2.75
D09191,9,278.73,3.6666666666666665
D01363,10,278.73,2.75
D01893,9,278.7,4.333333333333333
D09851,9,278.67,3.3333333333333335
D04974,8,278.66,2.6666666666666665
D00283,11,278.6,3.8333333333333335
D08229,10,278.59000000000003,1.75
D08035,8,278.58000000000004,4.0
D04890,10,278.56,3.8
D03751,8,278.53,3.1666666666666665
D05350,8,278.5,3.0
D08427,8,278.5,3.0
D02314,10,278.49,1.0
D04711,7,278.49,4.0
D04462,12,278.47,3.6666666666666665
D02761,7,278.46000000000004,1.5
D06761,9,278.40999999999997,3.0
D00623,13,278.4,2.4
D06651,10,278.37,2.5
D05647,10,278.34999999999997,3.0
D02901,11,278.34000000000003,2.8
D09705,11,278.32000000000005,2.8
D02107,8,278.32,
D02845,12,278.28,3.4
D06495,9,278.22999999999996,3.0
D04944,8,278.21000000000004,1.5
D06450,9,278.16,4.0
D03349,13,278.12999999999994,3.0
D03852,11,278.12,3.0
D04369,11,278.03999999999996,3.0
D04508,11,278.01000000000005,2.6
D04045,8,277.99,4.25
D03102,8,277.99,3.0
D00295,11,277.97,1.0
D08230,9,277.96,2.5
D06284,8,277.91999999999996,3.5
D01626,12,277.86999999999995,2.142857142857143
D02812,10,277.84000000000003,4.333333333333333
D07689,11,277.84,4.0
D01454,9,277.82,3.3333333333333335
D05478,9,277.8,4.5
D03587,12,277.77,3.8
D08882,9,277.76,1.0
D09058,10,277.75,2.25
D03117,11,277.74,4.0
D09974,10,277.7,3.5
D01697,7,277.69999999999993,2.5
D00608,12,277.67,5.0
D02260,10,277.53999999999996,2.75
D03970,12,277.5,2.5
D07452,9,277.49,5.0
D01485,10,277.48,2.75
D02421,13,277.43,3.0
D00030,8,277.37,5.0
D08257,11,277.36999999999995,3.5
D05892,9,277.35,2.0
D02991,9,277.34000000000003,2.8
D03766,8,277.32,2.0
D01247,12,277.27,2.3333333333333335
D03873,9,277.24,2.0
D05865,10,277.18,3.0
D09653,10,277.15,3.0
D02503,10,277.13,3.0
D02568,10,277.09000000000003,2.8
D07784,11,277.07000000000005,4.0
D08052,8,277.04,3.0
D04596,12,277.01,3.6
D06347,9,276.99,2.0
D04317,8,276.99,3.3333333333333335
D00059,8,276.98999999999995,2.0
D07136,16,276.96000000000004,2.6666666666666665
D03992,11,276.94,2.8333333333333335
D02241,7,276.94,2.75
D04060,11,276.84000000000003,2.75
D04831,12,276.84,4.5
D08922,12,276.84,3.5714285714285716
D01832,10,276.81,3.142857142857143
D09154,13,276.78000000000003,2.0
D03623,10,276.74,2.8
D07883,9,276.72999999999996,4.0
D07699,9,276.72,1.0
D01749,10,276.7,5.0
D03098,10,276.68,2.25
D01057,7,276.67,2.0
D09179,10,276.62,3.3333333333333335
D09505,9,276.61,3.3333333333333335
D07014,12,276.59000000000003,5.0
D09449,9,276.58,2.5
D02609,9,276.55,2.6666666666666665
D06820,13,276.55,3.0
D04383,11,276.5,3.75
D02987,9,276.47,3.75
D00529,9,276.43,1.6666666666666667
D04086,10,276.39000000000004,3.3333333333333335
D08909,10,276.26,3.6666666666666665
D01671,9,276.26,1.5
D09492,13,276.24999999999994,3.5
D08266,7,276.23,2.4
D08322,9,276.2,2.75
D09039,8,276.2,2.0
D05393,12,276.16999999999996,2.5
D05551,16,276.16999999999996,3.0
D05818,12,276.11,
D04684,10,276.11,2.8333333333333335
D01592,9,276.03999999999996,2.3333333333333335
D00175,11,276.01,3.3333333333333335
D06594,10,275.98,3.6
D08259,12,275.90999999999997,2.25
D06868,10,275.87,1.0
D01150,10,275.84,3.3333333333333335
D02958,8,275.78,5.0
D05468,11,275.71000000000004,3.3333333333333335
D01942,8,275.7,
D09234,9,275.68,3.5
D04257,7,275.63,2.0
D05774,6,275.57,3.5
D05510,8,275.57,2.5
D08243,9,275.53000000000003,2.5
D02696,11,275.53,3.0
D01475,10,275.52,2.3333333333333335
D08287,10,275.51,2.6
D03013,8,275.51,3.6666666666666665
D00746,8,275.40999999999997,3.0
D09812,8,275.40999999999997,
D01362,12,275.35,2.75
D03302,8,275.33000000000004,3.3333333333333335
D06061,10,275.31,2.5
D00081,11,275.29,3.0
D02665,10,275.28000000000003,
D07999,10,275.28,2.6
D03068,7,275.27,4.0
D03378,12,275.26,3.0
D07200,8,275.24,2.6666666666666665
D02606,13,275.16,2.3333333333333335
D04526,11,275.15999999999997,2.5
D05957,13,275.11,5.0
D01932,11,275.07,3.75
D03130,10,275.02000000000004,
D08441,9,274.97,3.0
D05173,9,274.95,1.0
D08987,10,274.91,1.5
D03854,9,274.90000000000003,5.0
D00485,10,274.89,2.6666666666666665
D04706,11,274.88,3.5
D07945,12,274.84,3.3333333333333335
D00711,10,274.78000000000003,4.0
D03949,8,274.65,
D08838,11,274.64,3.75
D02946,9,274.61999999999995,4.5
D07316,8,274.57,3.5
D02217,10,274.54,4.333333333333333
D08647,9,274.46999999999997,3.5
D03268,13,274.42,1.6666666666666667
D03818,12,274.40000000000003,3.0
D02873,10,274.38,1.3333333333333333
D04304,10,274.35,3.0
D05616,9,274.31,2.6666666666666665
D07622,10,274.31,2.0
D08816,8,274.3,2.5
D06772,14,274.21999999999997,2.8
D01392,10,274.09000000000003,2.0
D07881,9,274.08000000000004,2.5
D08875,10,274.06,3.6666666666666665
D02974,8,274.04,1.0
D06779,7,274.04,2.0
D05923,12,274.04,3.0
D00669,9,274.03,2.5
D09214,12,274.01,3.5
D04486,10,273.97,4.0
D09100,11,273.97,2.6666666666666665
D06817,10,273.95,4.666666666666667
D00299,13,273.93,2.3333333333333335
D04760,10,273.92,3.0
D06392,9,273.91,3.8
D02160,7,273.89,4.0
D09662,9,273.87,3.6666666666666665
D04875,10,273.86,4.0
D09220,8,273.79999999999995,2.0
D03642,11,273.77,2.3333333333333335
D00661,8,273.69,1.3333333333333333
D03952,8,273.65,
D01796,8,273.64,2.0
D07707,11,273.61,4.5
D00546,9,273.61,5.0
D02052,8,273.6,3.0
D00061,8,273.58000000000004,2.5
D08564,10,273.55,2.5
D01382,8,273.54,4.0
D09084,10,273.53,4.0
D01887,7,273.46000000000004,3.5
D08449,11,273.46,
D05345,8,273.42,3.0
D09006,10,273.33000000000004,1.0
D07705,14,273.3,3.3333333333333335
D09573,9,273.28000000000003,3.3333333333333335
D00808,9,273.28,5.0
D02948,11,273.25,1.0
D00767,12,273.1700000000001,2.4
D05262,8,273.17,4.0
D06973,12,273.08,2.0
D08433,9,273.07,2.0
D08924,9,273.05,
D01531,10,273.04,3.5
D05933,9,273.02,3.0
D03154,12,272.94,3.3333333333333335
D05618,11,272.93000000000006,2.8
D08225,8,272.91999999999996,2.0
D09458,8,272.90000000000003,2.0
D07343,12,272.9,2.6666666666666665
D08858,7,272.88,3.0
D06674,8,272.84,2.25
D06636,8,272.79,2.0
D03685,11,272.78000000000003,3.2
D08378,11,272.78,4.0
D03119,9,272.78,3.0
D04635,12,272.76,4.333333333333333
D07640,11,272.76,5.0
D01386,9,272.75,1.5
D00269,12,272.72999999999996,3.2
D00481,10,272.72999999999996,3.0
D07801,9,272.72,4.333333333333333
D09375,8,272.7,2.6666666666666665
D05778,9,272.68,2.0
D08833,10,272.64,3.0
D00519,9,272.62,3.0
D00819,12,272.59000000000003,4.0
D01196,12,272.48,3.0
D06972,6,272.43999999999994,4.0
D02714,9,272.43,3.5
D02988,11,272.33000000000004,1.75
D02931,10,272.32,1.3333333333333333
D03753,13,272.21999999999997,3.6666666666666665
D01401,15,272.21000000000004,2.857142857142857
D05071,7,272.21,4.0
D03217,13,272.2,3.0
D02012,7,272.2,
D09777,10,272.2,2.5
D06228,9,272.19,2.0
D01287,12,272.18,4.6
D09565,10,272.16,2.75
D04259,10,272.15999999999997,2.5
D08646,10,272.13,3.0
D04509,9,272.12,
D09167,9,272.08,3.25
D05318,8,272.04999999999995,3.6666666666666665
D06804,10,272.03,3.75
D04676,11,272.02,2.0
D00782,8,272.02,4.333333333333333
D07150,9,272.01,2.0
D07086,7,271.95,3.25
D09880,12,271.94,3.0
D06349,8,271.91,3.0
D02024,9,271.90999999999997,3.3333333333333335
D06828,9,271.9,3.0
D00965,13,271.88,3.0
D01220,8,271.86,3.0
D01370,10,271.83000000000004,1.5
D02619,9,271.82,1.0
D08344,10,271.81,3.3333333333333335
D01683,11,271.79,2.0
D08934,10,271.78000000000003,2.6
D03957,12,271.78000000000003,2.6666666666666665
D05920,10,271.78,3.0
D07264,11,271.74,3.6666666666666665
D04268,12,271.70000000000005,3.0
D09957,9,271.67,4.5
D00246,10,271.65999999999997,2.0
D00345,13,271.62,2.6666666666666665
D00730,10,271.61,1.0
D04798,10,271.49,2.5
D01109,12,271.49,4.0
D02975,13,271.49,2.8
D02498,10,271.49,2.5
D09634,9,271.49,3.5
D06679,10,271.47999999999996,2.5
D00159,10,271.46000000000004,3.0
D05895,9,271.40000000000003,3.0
D06078,10,271.4,3.5
D08311,10,271.35,2.25
D00968,10,271.32,3.5
D00090,8,271.29,2.25
D03027,11,271.28,4.25
D04506,9,271.26,4.4
D07484,7,271.24,3.0
D00836,12,271.18000000000006,3.0
D09906,13,271.17,2.4
D06683,10,271.16,4.5
D00999,10,271.11,3.0
D09785,8,271.08,2.0
D06514,9,271.08,3.6666666666666665
D01759,9,271.03000000000003,3.2
D05290,10,271.0,2.0
D06133,10,271.0,2.5
D09747,10,271.0,3.8
D07240,8,270.95,5.0
D09633,9,270.92999999999995,2.5
D01448,12,270.92,2.6
D06602,12,270.90999999999997,3.6666666666666665
D03680,9,270.85,4.0
D09753,10,270.84000000000003,5.0
D02947,8,270.74,2.0
D03020,9,270.7,2.6666666666666665
D02970,12,270.66,3.0
D08090,9,270.65000000000003,3.0
D02369,10,270.64,2.0
D03681,9,270.63,2.6666666666666665
D06808,13,270.61,1.6666666666666667
D02312,12,270.57,5.0
D06289,8,270.56,3.0
D00650,8,270.53,2.75
D00585,12,270.53,3.3333333333333335
D07168,7,270.49,3.0
D00163,9,270.42,3.5
D04406,13,270.39,1.75
D04469,9,270.35,3.0
D04938,11,270.34000000000003,2.25
D06702,11,270.33000000000004,4.0
D01773,12,270.33,2.5
D06387,7,270.24,2.5
D02835,8,270.21,2.0
D08837,12,270.2,2.0
D08969,8,270.19,2.0
D05119,9,270.17,2.0
D04229,8,270.13,4.5
D07896,8,270.1,3.0
D07015,12,270.1,4.666666666666667
D05457,7,270.09999999999997,1.8
D04746,9,270.06,5.0
D05565,7,269.98,5.0
D02291,10,269.97,3.5
D01843,9,269.96000000000004,3.7142857142857144
D00712,8,269.96,2.0
D01873,10,269.95,2.75
D06642,9,269.93,2.0
D00332,13,269.93,4.25
D00116,9,269.90999999999997,3.5
D07723,11,269.85,4.5
D02046,9,269.84000000000003,4.0
D03945,12,269.82,3.5
D09245,7,269.81,2.3333333333333335
D06942,8,269.80999999999995,3.0
D04047,12,269.8,4.5
D00751,11,269.79,2.25
D01149,13,269.79,
D00261,9,269.79,3.2
D07543,9,269.77,2.5
D01986,11,269.65,4.0
D06234,9,269.65,2.3333333333333335
D09890,8,269.63,1.6666666666666667
D02879,13,269.61,3.0
D06255,8,269.57,3.0
D01270,8,269.53999999999996,2.3333333333333335
D04500,7,269.52,1.3333333333333333
D01943,9,269.52,3.3333333333333335
D02140,10,269.5,2.0
D08432,12,269.5,2.5
D03777,11,269.5,3.6666666666666665
D06509,11,269.49,2.8333333333333335
D02223,9,269.49,3.0
D04243,9,269.46,3.5
D09997,9,269.41,3.6666666666666665
D04338,11,269.35,3.5714285714285716
D01051,6,269.34,3.5
D00001,9,269.33000000000004,2.6666666666666665
D03633,11,269.3,4.0
D05699,7,269.28999999999996,3.5
D04690,11,269.28,2.857142857142857
D07835,8,269.27000000000004,3.6
D09512,10,269.26,2.0
D02208,10,269.25,4.0
D09135,9,269.21,3.0
D08672,9,269.21,3.0
D05570,8,269.15000000000003,4.0
D09701,9,269.15,3.5
D05745,10,269.14,3.25
D04123,11,269.14,3.0
D00981,8,269.12,2.0
D02026,12,269.12,3.3333333333333335
D02779,9,269.11,3.0
D03453,7,269.11,2.6666666666666665
D02181,11,269.09000000000003,2.0
D01108,9,269.01,4.0
D07610,11,268.97,2.0
D06744,11,268.93,3.6666666666666665
D00885,11,268.93,2.0
D09586,10,268.91,2.75
D00238,11,268.85,1.5
D03291,9,268.83000000000004,4.0
D04601,8,268.82,5.0
D00757,11,268.75,3.5
D08434,11,268.63,2.6666666666666665
D04091,9,268.59,4.0
D02735,11,268.43,2.3333333333333335
D07049,8,268.43,3.5
D00668,9,268.36,
D05180,9,268.35,4.0
D04188,8,268.31,2.1666666666666665
D05085,11,268.25,4.0
D08133,12,268.25,4.2
D07869,11,268.25,2.6666666666666665
D05513,13,268.25,1.5
D03676,10,268.25,2.5
D08486,9,268.22,3.5
D05948,12,268.15999999999997,3.0
D05557,10,268.06,3.0
D06873,11,268.06,1.0
D03991,8,268.05999999999995,3.5
D04997,11,268.03999999999996,3.6666666666666665
D05420,11,267.99,3.3333333333333335
D08000,7,267.97999999999996,2.75
D08733,12,267.95,1.5
D08015,12,267.90999999999997,3.3333333333333335
D04077,9,267.9,2.8
D02333,11,267.88,1.6666666666666667
D03245,11,267.86999999999995,4.0
D06704,14,267.81,2.5
D09034,7,267.74,
D01429,9,267.72999999999996,3.3333333333333335
D06307,10,267.72,3.5
D03591,9,267.71000000000004,2.6666666666666665
D00735,7,267.69,3.0
D08961,12,267.65,3.4
D07880,10,267.64,3.25
D09381,12,267.61,3.0
D00548,8,267.61,3.3333333333333335
D09616,8,267.60999999999996,2.0
D00558,9,267.6,3.75
D01461,10,267.6,1.5
D09949,7,267.59999999999997,1.5
D01785,9,267.59000000000003,4.0
D00147,10,267.58,3.3333333333333335
D08343,12,267.57,3.0
D00181,12,267.56,3.5
D07516,11,267.54999999999995,4.0
D01670,8,267.54,3.6
D08931,10,267.53000000000003,2.75
D01201,9,267.53,
D09538,5,267.53,4.0
D07526,9,267.5,1.5
D05424,12,267.46,2.25
D07783,8,267.45,1.0
D04793,10,267.44000000000005,4.333333333333333
D08941,11,267.44,1.0
D07966,8,267.37,2.6666666666666665
D00550,10,267.37,5.0
D06546,13,267.34000000000003,2.75
D05278,10,267.34,3.4
D09759,10,267.34,3.3333333333333335
D03156,8,267.29999999999995,5.0
D01651,8,267.28000000000003,1.5
D01006,10,267.27,2.75
D00180,9,267.24,4.333333333333333
D07876,10,267.21000000000004,2.3333333333333335
D06586,10,267.2,2.8333333333333335
D02732,9,267.16,3.0
D05829,5,267.15999999999997,2.6666666666666665
D07818,11,267.08,3.6
D06254,6,267.01,1.0
D07748,10,266.99,2.0
D05648,9,266.96999999999997,4.0
D08372,8,266.96999999999997,2.5
D01255,8,266.95,2.5
D02279,8,266.90000000000003,2.5
D09141,10,266.87,4.0
D06200,13,266.78999999999996,3.75
D03580,9,266.77,2.5
D03369,11,266.76,4.2
D00692,7,266.7,5.0
D04057,7,266.65999999999997,1.0
D06913,11,266.59999999999997,3.0
D03780,9,266.59999999999997,2.8
D00241,8,266.59,4.0
D03337,7,266.55,2.0
D06566,9,266.54,1.0
D06222,8,266.51,3.6666666666666665
D04170,8,266.43,2.0
D05370,9,266.41,5.0
D03074,9,266.38,4.25
D01797,10,266.37,4.0
D08695,10,266.36,3.0
D01374,10,266.32,2.6
D02298,11,266.31,4.0
D03940,10,266.24,4.0
D07822,11,266.23,2.3333333333333335
D00504,12,266.23,2.857142857142857
D01375,9,266.20000000000005,1.3333333333333333
D00761,10,266.14,3.0
D02230,10,266.11,2.6666666666666665
D07917,9,266.09,3.0
D07529,7,266.08,4.5
D01946,12,266.06,
D07505,10,266.06,4.0
D03703,10,266.04,3.6666666666666665
D02798,9,266.03000000000003,2.8333333333333335
D04627,10,266.02,1.0
D00882,8,266.01,3.0
D05407,13,266.0,2.0
D09969,8,265.98,3.0
D06579,9,265.96,3.5
D06488,7,265.95,4.666666666666667
D03430,8,265.95,2.0
D00301,13,265.95,3.4
D05374,9,265.90999999999997,5.0
D05432,11,265.88,2.5
D02968,10,265.85,2.4
D09677,13,265.84999999999997,
D00448,8,265.81,
D09950,9,265.79999999999995,4.0
D03347,11,265.74,1.6666666666666667
D02270,12,265.72,2.5
D07575,14,265.72,4.333333333333333
D07651,14,265.72,2.6666666666666665
D09611,8,265.71000000000004,1.0
D09060,10,265.59999999999997,2.4
D01992,7,265.59000000000003,5.0
D02101,10,265.54,2.0
D00351,7,265.53,3.0
D01341,9,265.52,4.0
D02892,7,265.44,3.25
D07348,11,265.43999999999994,4.0
D07838,8,265.36999999999995,2.75
D07074,9,265.33,2.5
D02725,12,265.28999999999996,3.5
D06884,11,265.28,2.5
D06350,7,265.28,3.0
D01561,9,265.27,3.0
D05495,7,265.26000000000005,2.6
D06809,8,265.26,3.3333333333333335
D07540,9,265.26,2.5
D06948,11,265.24,2.3333333333333335
D02630,8,265.21000000000004,3.0
D06310,9,265.18,2.3333333333333335
D01909,8,265.08,4.0
D00929,7,265.03999999999996,3.0
D09722,12,264.99,2.6666666666666665
D01397,10,264.9,2.5
D08293,10,264.88,2.3333333333333335
D05554,10,264.87,5.0
D08507,9,264.84999999999997,3.0
D04109,8,264.83,3.0
D01357,9,264.81,1.6666666666666667
D09108,7,264.79999999999995,3.0
D06758,9,264.79,2.25
D03283,10,264.74,
D06550,8,264.71,3.5
D00474,9,264.71,1.5
D00656,9,264.7,3.0
D01755,13,264.65,3.3333333333333335
D06610,7,264.61,5.0
D04154,11,264.61,2.6666666666666665
D07758,11,264.6,2.75
D09628,8,264.57,4.0
D06584,10,264.55,3.1666666666666665
D05966,9,264.53,2.0
D06678,9,264.52,3.75
D01816,12,264.51,2.75
D01641,8,264.5,2.6666666666666665
D04360,9,264.46999999999997,2.3333333333333335
D03380,10,264.46,3.75
D03343,10,264.46,3.8
D00420,9,264.44000000000005,2.5
D08286,11,264.44,3.0
D08942,10,264.39,3.0
D03035,7,264.32,4.0
D06785,8,264.28000000000003,2.2
D03831,9,264.24,3.5
D05784,10,264.19,3.2
D02917,6,264.18,1.0
D09550,11,264.16999999999996,2.0
D07151,9,264.14,2.25
D00627,8,264.04999999999995,
D05182,11,264.03,2.0
D09719,7,264.01,
D06110,11,264.0,2.0
D06016,8,264.0,1.6666666666666667
D00483,12,263.99,2.5
D01197,8,263.92,3.6666666666666665
D02810,6,263.89,4.0
D00124,10,263.83,1.0
D04441,8,263.8,2.0
D01940,8,263.78,3.3333333333333335
D07242,6,263.77,3.0
D00189,13,263.71000000000004,2.4285714285714284
D05243,9,263.71,3.25
D03308,13,263.7,2.5
D04450,10,263.66,3.6
D01896,10,263.66,4.0
D03019,13,263.65,3.3333333333333335
D02436,9,263.63,1.5
D00737,9,263.59000000000003,2.6666666666666665
D02750,13,263.53,1.3333333333333333
D01548,11,263.53,3.0
D02474,10,263.47999999999996,4.333333333333333
D07460,12,263.41999999999996,3.75
D06663,10,263.41999999999996,2.5
D03911,8,263.41999999999996,2.3333333333333335
D06071,11,263.35999999999996,4.0
D05101,9,263.33000000000004,4.5
D08073,10,263.22,2.6666666666666665
D04331,7,263.21,
D01747,11,263.14,3.0
D05334,9,263.13,3.6666666666666665
D00654,10,263.09000000000003,1.0
D08897,12,263.03000000000003,2.5
D06339,7,263.02,3.5
D00568,9,263.01,2.25
D02200,10,262.96999999999997,1.5
D05746,8,262.94,2.25
D05231,8,262.86,2.2
D01686,9,262.85,2.5
D05141,11,262.84000000000003,1.3333333333333333
D09080,10,262.78,2.0
D09255,10,262.77000000000004,1.0
D06122,8,262.77,1.3333333333333333
D00340,10,262.77,2.5
D06741,7,262.73,3.0
D00675,10,262.66,3.5
D02178,11,262.64000000000004,3.0
D01748,9,262.63,2.5
D06038,8,262.61,2.0
D02897,9,262.53,4.25
D07688,9,262.52000000000004,5.0
D03578,12,262.47,3.5
D01981,7,262.44,2.5
D00391,8,262.44,3.6666666666666665
D01570,13,262.38,2.0
D01225,10,262.37,2.7142857142857144
D01951,12,262.33,2.5
D00097,9,262.33,3.0
D05162,8,262.32000000000005,3.0
D01720,12,262.31000000000006,3.0
D03646,8,262.21000000000004,3.0
D04302,9,262.2,2.0
D05425,12,262.19,2.875
D00214,9,262.15999999999997,1.5
D05419,10,262.1,1.8
D00285,10,262.09,2.75
D01703,11,262.08,3.0
D09946,9,262.03999999999996,2.5
D01980,7,262.01,
D07782,9,262.01,4.0
D05792,7,262.01,1.0
D04908,12,262.0,3.5
D09037,11,261.99,2.75
D07238,11,261.98,3.3333333333333335
D02109,9,261.97,3.0
D01396,8,261.96999999999997,2.0
D07124,11,261.95000000000005,1.6666666666666667
D03969,9,261.94,2.6666666666666665
D08593,11,261.87,3.142857142857143
D03285,7,261.86,1.0
D01542,11,261.81,1.6666666666666667
D02768,9,261.79,3.75
D05053,12,261.78,2.25
D08009,10,261.76,3.0
D07260,8,261.73999999999995,3.6666666666666665
D06944,8,261.57,3.3333333333333335
D07714,11,261.53999999999996,2.6
D05387,10,261.52,2.3333333333333335
D02041,8,261.49,1.25
D08534,10,261.45,3.0
D05411,12,261.44,2.0
D07044,9,261.42,2.0
D09277,10,261.39,1.5
D02053,12,261.31,3.3333333333333335
D08405,10,261.29,2.75
D04296,6,261.2,3.0
D07756,10,261.19,3.0
D07116,11,261.17,3.0
D00758,9,261.1,2.6666666666666665
D09697,7,261.1,4.0
D05134,11,261.06,3.6666666666666665
D00439,13,261.02,1.5
D03248,11,261.01,4.0
D04922,11,260.98,2.8
D02137,8,260.96999999999997,4.0
D03958,11,260.9599999999999,3.25
D03625,9,260.95,2.75
D09866,8,260.94,2.3333333333333335
D03825,10,260.93,2.6
D09357,10,260.93,4.5
D09249,10,260.89000000000004,3.75
D00832,11,260.88,4.0
D04282,8,260.82,1.5
D09316,8,260.78000000000003,3.25
D07853,10,260.75,3.0
D05766,11,260.7,3.0
D04795,10,260.64,3.3333333333333335
D05939,11,260.63,3.5
D06725,12,260.61,2.4
D02632,8,260.61,1.0
D00571,9,260.59,3.0
D02123,12,260.51,
D09483,8,260.49,3.0
D03947,10,260.46,4.0
D01544,8,260.43,1.3333333333333333
D05642,12,260.41999999999996,4.8
D02167,8,260.4,4.0
D05056,9,260.38,3.5
D03344,11,260.38,2.5
D09343,10,260.36,1.0
D08557,9,260.34,3.5
D08139,12,260.32,2.6
D05893,10,260.3,2.5
D09477,11,260.2,2.0
D03439,8,260.2,2.5
D04604,9,260.2,3.6666666666666665
D05782,10,260.2,3.3333333333333335
D09993,10,260.16,3.0
D08762,11,260.16,3.6666666666666665
D01258,9,260.14,3.0
D05635,12,260.12,3.5
D00952,9,260.12,2.0
D04887,9,260.07,2.75
D06334,11,259.99,2.8333333333333335
D05108,9,259.97999999999996,2.6
D06267,11,259.9,3.2
D08748,8,259.85,1.6666666666666667
D02869,12,259.77,3.6
D06952,10,259.75,4.0
D06527,10,259.74,4.5
D01078,7,259.73,3.5
D06425,12,259.70000000000005,3.2
D08032,11,259.7,3.6666666666666665
D03458,11,259.69,4.0
D09921,9,259.66,1.0
D00718,9,259.65,2.4
D00586,9,259.64,2.6666666666666665
D05946,10,259.59000000000003,2.5
D07842,9,259.57000000000005,1.3333333333333333
D09235,10,259.56,1.0
D08836,9,259.52,2.0
D02656,9,259.52,3.0
D07345,8,259.5,3.6666666666666665
D09349,12,259.38,4.0
D05928,10,259.36,3.0
D03179,8,259.33000000000004,3.75
D02118,9,259.31,3.0
D06827,11,259.28,2.2
D05681,10,259.23,2.0
D08351,6,259.2,2.0
D09243,10,259.19,3.0
D08436,11,259.14000000000004,2.75
D05687,13,259.05999999999995,3.142857142857143
D03460,11,259.01,3.0
D03586,7,259.01,2.0
D04272,9,258.94,3.0
D08279,13,258.94,3.0
D07227,9,258.91,2.25
D09371,10,258.86,3.8
D05921,9,258.86,3.5
D00907,9,258.83,2.3333333333333335
D06572,7,258.82,1.3333333333333333
D04773,9,258.8,2.3333333333333335
D06478,12,258.79,3.5
D01945,9,258.78999999999996,5.0
D09036,9,258.78,4.0
D06537,10,258.76,4.0
D01152,11,258.75,3.0
D03293,9,258.75,5.0
D07747,10,258.69,3.5
D00551,9,258.69,5.0
D04771,9,258.68,1.0
D01296,6,258.65999999999997,3.25
D00987,9,258.65,4.0
D06000,11,258.61,2.0
D09433,12,258.59999999999997,2.0
D07406,12,258.59000000000003,3.5
D00211,10,258.55,3.5
D02731,10,258.48999999999995,4.0
D01620,8,258.47999999999996,1.0
D02190,8,258.46999999999997,2.0
D08887,9,258.44,3.0
D03635,10,258.39,3.3333333333333335
D04653,11,258.38,3.0
D08974,9,258.3,2.6666666666666665
D06748,11,258.28,3.5
D03101,9,258.26,
D04244,8,258.15,3.25
D07942,7,258.14000000000004,2.5
D01441,9,258.13,1.8
D01117,10,258.12,3.3333333333333335
D04785,12,258.11,1.0
D00401,8,258.07,3.3333333333333335
D08255,11,258.05,3.5
D05256,10,258.02,3.0
D08799,7,258.01,4.0
D07030,9,257.89000000000004,3.0
D06165,11,257.89,3.25
D05273,7,257.86,3.3333333333333335
D02072,6,257.83,3.4
D07257,9,257.81,2.5
D00176,8,257.76,2.5
D06084,8,257.76,5.0
D05295,9,257.75,2.25
D08031,8,257.69,3.5
D02450,8,257.67,4.0
D06019,7,257.66999999999996,1.5
D04136,10,257.64000000000004,3.5
D01321,10,257.55,4.0
D08945,10,257.55,3.0
D06703,9,257.53999999999996,4.0
D07974,10,257.49,3.5
D01568,11,257.44,3.0
D03830,10,257.4,3.0
D04079,9,257.39,2.2
D07084,8,257.39,2.0
D03422,9,257.38,3.0
D05520,12,257.37,3.6666666666666665
D04270,12,257.35999999999996,2.25
D02306,10,257.32000000000005,5.0
D01333,8,257.29999999999995,2.5
D06024,8,257.26,3.0
D05067,11,257.25,1.4
D03085,12,257.25,2.5
D02134,9,257.19,4.666666666666667
D06728,11,257.18,3.0
D08077,10,257.09999999999997,2.3333333333333335
D02129,6,257.05,2.6666666666666665
D02776,12,257.03,3.25
D06649,9,257.01,2.5
D01958,12,257.01,3.3333333333333335
D00418,10,256.98999999999995,3.75
D08209,8,256.94,3.0
D04896,11,256.94,4.333333333333333
D09387,10,256.93,3.2
D01315,8,256.89,1.5
D06822,13,256.87,1.6666666666666667
D06124,8,256.84000000000003,3.0
D06304,8,256.79,2.5714285714285716
D06689,8,256.69000000000005,2.5
D04336,8,256.66,2.3333333333333335
D07043,11,256.65999999999997,1.75
D08166,9,256.56,3.0
D07912,10,256.55999999999995,2.75
D07163,10,256.53000000000003,3.4
D01364,8,256.53,1.0
D01083,11,256.5,2.6
D05377,8,256.47,2.5
D06164,10,256.47,2.4
D05862,12,256.46999999999997,2.0
D07029,9,256.46999999999997,3.0
D06424,9,256.43,4.0
D09730,8,256.39,
D09193,8,256.38,1.5
D02080,7,256.36,2.5
D09514,11,256.36,3.75
D06932,11,256.31,5.0
D08854,8,256.30999999999995,4.5
D06275,7,256.29,4.0
D09560,10,256.28,4.0
D06889,9,256.26,1.8
D04443,9,256.23,3.0
D04631,10,256.18,2.4
D09156,9,256.09000000000003,1.6666666666666667
D05086,8,256.07,5.0
D09983,9,255.97,1.75
D00475,14,255.96,3.4
D05360,8,255.94000000000003,4.0
D07302,8,255.91000000000003,1.0
D08450,7,255.91,4.0
D00170,9,255.91,2.0
D00599,8,255.9,4.0
D03936,10,255.89,3.0
D07394,11,255.85,2.6
D07621,10,255.82,5.0
D02497,11,255.79999999999998,3.0
D05593,8,255.76,3.0
D02611,8,255.70999999999998,3.0
D01731,13,255.58,2.7142857142857144
D09574,11,255.56,4.0
D02295,9,255.50999999999996,3.4
D05786,9,255.43999999999997,3.25
D00953,10,255.41000000000003,1.0
D01730,9,255.41,3.5
D07315,7,255.39999999999998,2.5
D02500,8,255.39000000000001,4.333333333333333
D06685,8,255.36,3.3333333333333335
D06336,8,255.35999999999999,
D05063,11,255.34000000000003,3.0
D01952,11,255.34,3.6
D01994,8,255.26,2.3333333333333335
D01588,9,255.24,1.5
D05844,11,255.24,2.0
D00316,9,255.05,3.25
D00433,10,255.01000000000002,
D08057,11,254.98000000000002,2.0
D00209,9,254.96999999999997,2.6666666666666665
D05060,10,254.92000000000002,2.2
D07862,9,254.76999999999998,1.0
D05470,12,254.68,3.5
D06715,7,254.66999999999996,4.0
D04352,9,254.64999999999998,1.75
D06338,9,254.62999999999997,1.25
D00731,11,254.62000000000003,2.5
D06938,9,254.55999999999997,3.0
D04594,11,254.53999999999996,3.4
D05838,8,254.48,1.0
D06707,9,254.42000000000002,3.0
D01490,7,254.41000000000003,2.0
D03619,7,254.37000000000003,3.5
D07994,11,254.35000000000002,3.5
D04752,9,254.32999999999998,4.75
D01595,6,254.26,2.8
D04299,10,254.24,3.75
D09790,12,254.23999999999998,1.0
D04671,9,254.22000000000003,5.0
D07131,11,254.2,3.2
D08756,10,254.14999999999998,4.0
D08095,11,254.14,3.0
D09767,8,254.13,3.8
D08473,9,254.11,3.25
D01141,8,254.06,1.5
D05644,6,254.04,4.0
D09059,12,254.01,3.0
D08559,13,254.0,2.2
D09137,10,253.96000000000004,2.0
D04075,10,253.81000000000006,3.0
D03304,10,253.79999999999998,4.5
D03492,8,253.78,3.5
D06995,8,253.76,3.0
D09281,8,253.75000000000003,3.0
D09532,10,253.73000000000002,3.3333333333333335
D01564,9,253.72000000000003,5.0
D01550,10,253.71999999999997,4.0
D05415,7,253.71,3.0
D06099,9,253.7,3.4
D01760,9,253.69,3.0
D09402,7,253.68,3.5
D06475,8,253.67999999999998,2.0
D02756,8,253.57,2.3333333333333335
D06903,11,253.54999999999998,2.6666666666666665
D09604,13,253.53999999999996,1.75
D01040,9,253.52,3.0
D08831,9,253.50000000000003,3.5
D06760,12,253.48000000000002,3.3333333333333335
D09456,9,253.46,4.0
D06306,7,253.4,3.5
D01235,8,253.23999999999998,4.0
D04214,10,253.23,3.5
D02741,8,253.22000000000003,3.0
D02569,6,253.22,2.0
D01322,10,253.21000000000004,4.0
D06882,11,253.16,2.8
D07080,10,253.11,3.3333333333333335
D08515,7,253.10999999999999,2.0
D00027,6,253.07999999999998,4.0
D01292,9,253.04000000000002,2.4
D01486,11,253.01999999999998,
D02816,7,252.99,4.0
D05198,11,252.92000000000002,4.0
D06403,10,252.85,3.6666666666666665
D05235,9,252.82,1.6666666666666667
D03055,7,252.78,2.0
D05121,9,252.78,3.75
D07272,12,252.74,1.75
D03286,8,252.62,2.5
D08716,11,252.59,3.3333333333333335
D07808,9,252.57999999999998,2.8
D06878,13,252.57999999999998,2.8
D08301,10,252.56000000000003,2.3333333333333335
D04327,7,252.56,2.0
D00202,13,252.55,3.0
D07089,7,252.54,4.0
D01003,8,252.52,2.3333333333333335
D01502,10,252.51,3.6
D02841,8,252.45,3.3333333333333335
D04145,10,252.42000000000002,3.0
D06191,7,252.35999999999999,2.5
D05433,8,252.33999999999997,4.0
D09445,9,252.32,3.0
D01298,10,252.27,2.4
D02765,9,252.24,2.0
D06620,7,252.23000000000002,3.0
D09542,10,252.15999999999997,4.0
D05805,9,252.09,4.0
D07983,10,252.05,2.75
D02353,8,252.02,5.0
D02025,13,252.01,3.0
D09344,7,251.99,3.3333333333333335
D03738,8,251.98000000000002,1.0
D07317,13,251.9,4.666666666666667
D03447,10,251.89,1.6666666666666667
D00015,9,251.85,3.3333333333333335
D00331,11,251.82000000000002,3.5
D04184,7,251.8,1.0
D03774,12,251.78,2.6666666666666665
D04546,8,251.64,4.333333333333333
D06279,12,251.63,3.5
D04913,9,251.51000000000002,3.6666666666666665
D03867,8,251.51000000000002,2.3333333333333335
D01025,10,251.48000000000002,1.0
D06179,9,251.45,4.142857142857143
D08281,7,251.45,5.0
D03368,8,251.40999999999997,2.3333333333333335
D04073,13,251.40000000000003,3.25
D08117,9,251.39999999999998,3.0
D08731,7,251.38,3.3333333333333335
D02667,11,251.34,3.6666666666666665
D01506,8,251.32,4.25
D03715,11,251.31,3.5
D00511,7,251.31,2.5
D08685,10,251.2,3.25
D02059,7,251.16000000000003,3.0
D07513,10,251.13,4.0
D05136,11,251.03000000000003,3.0
D02547,10,251.01000000000002,1.0
D05808,8,250.89,4.0
D01207,8,250.88,3.2
D08830,10,250.88,3.0
D08878,11,250.82,2.6
D03120,9,250.82,4.0
D09987,11,250.77999999999997,2.4
D06398,11,250.69000000000003,3.0
D09613,6,250.65,4.75
D05431,7,250.64000000000001,3.0
D01180,12,250.64,2.6666666666666665
D04480,12,250.56,3.6666666666666665
D06618,8,250.55999999999997,4.0
D02489,10,250.54000000000002,3.3333333333333335
D09908,7,250.48,3.25
D06992,7,250.46,3.6666666666666665
D08781,11,250.45,3.0
D08388,9,250.38,4.0
D00700,11,250.29999999999998,3.6666666666666665
D07368,13,250.27,3.25
D03606,10,250.26000000000002,2.0
D01756,10,250.23000000000002,2.5
D07916,6,250.17000000000002,5.0
D05245,8,250.16000000000003,3.0
D05900,11,250.16,2.75
D07658,12,250.16,3.6666666666666665
D06385,8,250.14,1.0
D05438,8,250.14,1.0
D03005,10,250.13,1.0
D01634,7,250.11,4.0
D05547,7,250.11,2.4285714285714284
D01916,8,250.09,3.3333333333333335
D02018,11,250.07999999999998,3.0
D08392,10,250.07,2.5
D01097,8,250.07,2.0
D07271,8,249.98000000000002,3.6666666666666665
D06803,8,249.95999999999998,2.5
D00309,7,249.93,2.3333333333333335
D01007,10,249.93,1.0
D09881,10,249.91,3.5
D03466,13,249.89,4.0
D06797,8,249.85,2.0
D02127,9,249.76000000000002,2.0
D06535,12,249.72,3.6666666666666665
D00389,10,249.7,2.3333333333333335
D07095,9,249.69,3.0
D03405,13,249.66999999999996,3.3333333333333335
D09835,8,249.59000000000003,2.6666666666666665
D03048,6,249.57999999999998,3.0
D08552,10,249.56999999999996,3.25
D06753,8,249.53000000000003,3.6666666666666665
D04742,10,249.45999999999998,4.333333333333333
D03029,8,249.45999999999998,3.5
D01366,10,249.41000000000003,4.0
D07101,11,249.36999999999998,3.5
D05283,9,249.24,1.0
D05010,7,249.23999999999998,1.5
D02116,10,249.23999999999998,2.0
D00567,9,249.17,3.0
D05455,10,249.15,2.5
D01440,7,249.14000000000001,3.5
D09811,10,249.13,
D09882,11,249.12,4.0
D03375,9,249.11,2.3333333333333335
D06359,7,249.11,3.5
D09826,9,249.08999999999997,5.0
D04436,11,249.08000000000004,3.0
D07857,8,249.07,3.25
D05582,8,248.99,3.6666666666666665
D07673,7,248.98000000000002,4.0
D05941,8,248.97000000000003,2.0
D05216,10,248.92000000000002,3.5
D06150,14,248.81,1.4
D05630,8,248.79000000000002,3.0
D02232,7,248.78,3.3333333333333335
D09488,7,248.73,2.5
D00480,8,248.72,1.0
D09361,11,248.7,2.0
D09702,12,248.7,1.0
D05501,11,248.66,3.0
D07915,11,248.64000000000001,3.0
D04797,8,248.63,3.0
D03340,8,248.61,3.0
D00198,11,248.60999999999999,3.3333333333333335
D02058,9,248.55999999999997,3.6
D09739,9,248.55,2.5
D04862,10,248.53,2.75
D00918,7,248.48000000000002,4.0
D05382,7,248.47,2.6666666666666665
D01015,9,248.45000000000002,2.5
D05492,8,248.43,
D09023,10,248.42000000000002,2.6
D04620,9,248.41000000000003,3.6666666666666665
D08932,7,248.4,4.0
D03555,7,248.38,2.4
D00970,8,248.38,4.0
D06039,11,248.37,2.8
D07777,10,248.36,3.3333333333333335
D04891,11,248.31999999999996,3.5
D00762,8,248.31,2.0
D05990,8,248.29,5.0
D06510,11,248.27999999999997,1.5
D07982,12,248.26000000000002,4.0
D02553,10,248.26,3.0
D06184,11,248.22,3.25
D01728,10,248.2,
D02846,12,248.15,4.166666666666667
D02549,7,248.12999999999997,5.0
D08271,12,248.12,2.6
D09954,9,248.10000000000002,4.0
D06835,8,248.07,2.3333333333333335
D02413,9,248.04000000000002,3.0
D06067,5,248.01000000000002,5.0
D07113,12,247.94000000000003,4.5
D08640,9,247.89,2.0
D08106,9,247.87,3.3333333333333335
D07204,10,247.8,2.25
D02411,10,247.72000000000003,2.5
D09478,10,247.70000000000002,3.0
D00796,9,247.68999999999997,4.0
D03478,8,247.62,4.0
D08501,5,247.59,4.0
D07997,8,247.58,4.0
D06088,11,247.57,2.3333333333333335
D09824,9,247.57,3.5
D06857,10,247.55,3.0
D04951,11,247.49,2.6666666666666665
D01433,10,247.48000000000002,1.0
D01523,11,247.45999999999998,2.3333333333333335
D05404,10,247.45,4.0
D03275,9,247.44,3.3333333333333335
D07322,11,247.42000000000002,2.75
D05528,10,247.37,2.5
D03892,8,247.35999999999999,2.6666666666666665
D06480,8,247.29,3.5
D08642,8,247.20000000000002,3.6666666666666665
D07619,11,247.11,3.0
D06713,8,247.10999999999999,3.5
D05029,8,247.07000000000002,3.0
D08374,9,247.04000000000002,2.0
D06525,10,247.01000000000005,2.75
D09863,11,247.01,1.75
D01982,8,247.0,2.5
D08186,7,246.99,
D09305,8,246.99,3.0
D02348,10,246.98,3.5
D04464,10,246.96999999999997,1.5
D08752,10,246.92999999999998,2.5
D07060,7,246.89999999999998,4.333333333333333
D07510,9,246.88,3.0
D07852,10,246.88,2.0
D06069,8,246.82000000000002,3.0
D03962,9,246.78,2.75
D02642,9,246.77,2.6666666666666665
D00720,9,246.76,3.0
D05765,7,246.75,
D04680,10,246.68,2.5
D09040,7,246.65,4.333333333333333
D00569,7,246.64000000000001,5.0
D04764,8,246.63000000000002,3.0
D07611,8,246.61000000000004,4.0
D07104,10,246.60999999999999,
D05047,8,246.58,1.75
D02690,9,246.57,1.0
D03938,10,246.51000000000002,5.0
D00728,8,246.5,1.6666666666666667
D01555,10,246.45,4.0
D04311,10,246.41,
D00734,8,246.39999999999998,2.3333333333333335
D04003,9,246.37,1.0
D05596,8,246.37,3.4
D01776,10,246.3,2.0
D02013,12,246.26999999999998,3.1666666666666665
D04932,8,246.24,2.6666666666666665
D00642,11,246.20999999999998,3.0
D06422,10,246.20000000000002,2.0
D01742,10,246.14000000000001,2.3333333333333335
D02262,11,246.13,3.0
D07576,9,246.10999999999999,3.6666666666666665
D04633,9,246.1,4.0
D08503,13,245.98999999999998,2.0
D01704,10,245.98000000000002,3.25
D09802,10,245.98000000000002,3.75
D06764,8,245.95999999999998,3.5
D04869,7,245.88,2.5
D02872,10,245.85000000000002,2.0
D06210,8,245.83,3.0
D09506,9,245.82000000000005,2.0
D07230,10,245.81,1.5
D04303,10,245.8,3.25
D09136,6,245.76,4.5
D05864,8,245.75000000000003,3.3333333333333335
D01014,9,245.74,2.5
D01056,9,245.73000000000002,2.75
D05886,10,245.65999999999997,1.8
D00721,9,245.63,2.0
D09083,10,245.59000000000003,3.0
D04300,12,245.59,3.0
D07550,9,245.56,4.0
D06218,9,245.53,3.0
D00042,9,245.52,2.5
D10000,8,245.51999999999998,3.5
D04209,8,245.50999999999996,2.0
D07724,6,245.5,3.3333333333333335
D07457,8,245.48999999999998,
D00223,9,245.48000000000002,2.6
D00083,11,245.47999999999996,2.6666666666666665
D00600,9,245.47000000000003,2.5
D03745,7,245.46,3.0
D01792,11,245.45,2.6666666666666665
D09822,9,245.4,3.0
D01565,8,245.35000000000002,3.0
D01602,10,245.35,2.25
D09845,11,245.33999999999997,3.3333333333333335
D04580,11,245.3,2.0
D09462,8,245.3,1.0
D04943,8,245.23,3.5
D06771,9,245.2,4.0
D09659,8,245.19,1.5
D09363,10,245.18999999999997,4.25
D05988,5,245.18,2.3333333333333335
D03783,7,245.17999999999998,
D05437,9,245.15999999999997,3.0
D06777,10,245.04999999999998,3.0
D02964,10,245.04000000000002,
D09916,9,245.04000000000002,3.0
D01009,11,245.04,4.0
D07465,13,245.03999999999996,3.2
D02188,9,245.01000000000002,4.0
D03837,9,245.01,3.5
D00790,11,244.94,2.0
D04629,9,244.93999999999997,3.25
D05776,10,244.92000000000002,3.4
D06740,8,244.88,1.0
D06977,9,244.85000000000002,2.0
D07462,13,244.81000000000003,3.25
D07318,8,244.81,
D05537,10,244.8,3.0
D01013,10,244.76999999999998,3.0
D03731,7,244.75999999999996,1.3333333333333333
D09737,8,244.74,3.5
D06891,11,244.7,2.6666666666666665
D07304,10,244.68,2.6666666666666665
D04036,12,244.61999999999998,3.5
D02179,10,244.55,2.3333333333333335
D08104,9,244.54000000000002,1.8
D01190,8,244.44000000000003,2.0
D06417,9,244.43,2.3333333333333335
D05181,10,244.43,2.6
D08285,8,244.39,3.1666666666666665
D01403,10,244.36,2.0
D08964,8,244.32,1.6
D00859,9,244.3,3.5
D01081,8,244.29,2.8333333333333335
D04394,7,244.28999999999996,2.0
D06953,9,244.23000000000002,3.0
D04453,13,244.2,4.0
D06196,7,244.2,1.0
D04022,10,244.17000000000002,3.6666666666666665
D04536,10,244.13,3.5
D03898,8,244.13,3.5
D02993,10,244.13,1.0
D02837,12,244.09000000000003,2.5
D04836,8,244.09,1.0
D04583,8,244.06,2.0
D09400,10,244.02,4.0
D09233,6,244.01999999999998,
D02083,7,243.96,2.75
D08936,9,243.96,2.0
D01699,9,243.95,2.25
D07411,10,243.85999999999999,3.5
D00817,11,243.84,2.75
D02161,8,243.74,3.6666666666666665
D03842,6,243.66000000000003,5.0
D08902,11,243.66,4.0
D02398,11,243.63000000000002,3.3333333333333335
D00168,8,243.63,1.5
D00709,13,243.55999999999997,2.8333333333333335
D06866,9,243.54999999999998,2.0
D06604,8,243.40999999999997,3.5
D01477,12,243.39,3.0
D01660,11,243.37,3.2
D05810,8,243.34999999999997,3.75
D01961,10,243.31,2.6666666666666665
D04222,9,243.24,4.333333333333333
D04416,8,243.24,3.3333333333333335
D05967,8,243.24,2.0
D02145,11,243.17000000000002,2.3333333333333335
D08040,9,243.17000000000002,3.5
D06621,12,243.17000000000002,4.5
D09246,13,243.14999999999998,2.6666666666666665
D08651,7,243.14,3.2
D08338,9,243.13,1.5
D04348,11,243.13,3.0
D05160,8,243.13,4.333333333333333
D06126,8,243.12,2.5
D07388,9,243.08,1.0
D02727,12,243.07999999999998,2.75
D05211,7,243.07000000000002,3.5
D07685,7,242.98,2.0
D01427,7,242.97,1.75
D09870,9,242.93,2.2
D09086,15,242.91000000000003,3.0
D06524,9,242.87,3.2
D05129,8,242.85999999999999,2.6666666666666665
D01779,10,242.85000000000002,3.0
D02165,10,242.8,2.0
D03931,10,242.79000000000002,2.0
D08187,7,242.79000000000002,3.0
D07075,8,242.77,3.8
D00542,13,242.71,3.0
D07509,9,242.7,3.0
D09501,10,242.62,3.75
D00194,9,242.60999999999999,3.5
D08068,12,242.58999999999997,2.5
D04530,10,242.57000000000002,2.0
D03982,7,242.54000000000002,2.0
D07398,10,242.54,3.5
D03849,9,242.53,3.3333333333333335
D04002,8,242.47000000000003,1.0
D04158,6,242.45999999999998,
D07630,10,242.42000000000002,3.2
D00849,10,242.41,3.0
D08340,9,242.39000000000001,2.0
D07894,9,242.38000000000002,4.0
D02155,8,242.37,3.25
D05783,8,242.35,4.0
D06239,9,242.33,2.3333333333333335
D07920,8,242.29000000000002,3.0
D05801,7,242.27,
D06337,6,242.25,1.5
D05057,8,242.25,3.3333333333333335
D02275,11,242.24,4.0
D04287,12,242.2,3.0
D08862,12,242.18,2.6
D04324,8,242.15999999999997,3.0
D00865,7,242.13000000000002,4.666666666666667
D04001,8,242.02999999999997,3.0
D00555,11,241.99,3.5
D06985,7,241.97000000000003,5.0
D07100,10,241.96000000000004,2.6666666666666665
D06453,6,241.95999999999998,3.0
D07492,10,241.91000000000003,4.0
D09819,14,241.89999999999998,2.2
D03118,11,241.89999999999998,3.0
D05730,8,241.85000000000002,3.0
D02133,9,241.82,2.3333333333333335
D04169,9,241.76999999999998,4.0
D09048,13,241.76999999999998,2.6
D04968,11,241.70999999999998,4.0
D06115,7,241.64999999999998,2.0
D04743,8,241.64999999999998,3.0
D06483,7,241.62,4.0
D04619,7,241.58,5.0
D09480,7,241.55,3.25
D07436,12,241.51999999999998,5.0
D03155,10,241.51000000000005,2.3333333333333335
D01218,8,241.51,1.0
D02019,9,241.5,2.6666666666666665
D00338,10,241.48999999999995,2.6666666666666665
D02915,7,241.44,
D05299,7,241.44,4.5
D04733,9,241.42000000000002,3.6666666666666665
D09288,8,241.36,2.0
D00208,9,241.35999999999999,2.3333333333333335
D01286,8,241.32999999999998,3.0
D08288,13,241.3,4.0
D07395,12,241.28000000000003,1.0
D00233,10,241.27,3.0
D01028,8,241.24000000000004,2.0
D03760,8,241.13,1.5
D00346,11,241.11,3.6
D00521,8,241.11,3.0
D09003,8,241.11,
D07246,8,241.02999999999997,4.333333333333333
D02038,8,241.00000000000003,3.6666666666666665
D00891,12,240.97000000000003,2.3333333333333335
D03504,13,240.97,2.5
D06473,9,240.93000000000004,3.0
D06433,10,240.87,3.3333333333333335
D03026,7,240.82999999999998,2.5
D01212,8,240.81,1.6666666666666667
D03647,11,240.78000000000003,4.0
D08825,11,240.77999999999997,3.0
D07296,8,240.75,2.6666666666666665
D08352,12,240.74,3.6666666666666665
D01245,7,240.71,4.0
D08523,7,240.7,3.0
D05790,12,240.67000000000002,2.75
D08791,10,240.63,1.75
D03336,9,240.61999999999998,3.6666666666666665
D07115,5,240.5,1.0
D02961,11,240.45000000000002,3.5
D00565,8,240.45,2.75
D06813,10,240.39,4.0
D01019,8,240.32999999999998,3.0
D07771,9,240.28000000000003,2.75
D01423,8,240.24,4.5
D05733,9,240.20999999999998,1.0
D02226,9,240.13,1.75
D02672,8,240.10999999999999,3.3333333333333335
D03839,12,240.1,4.0
D08920,9,240.1,3.0
D09666,11,240.09000000000003,3.6666666666666665
D06190,7,240.07999999999998,4.0
D02591,7,240.02000000000004,1.75
D05041,7,240.01999999999998,3.3333333333333335
D01567,9,240.00000000000003,3.0
D07206,8,239.99,5.0
D02614,9,239.91,2.0
D05986,8,239.87,2.5
D08470,9,239.85000000000002,3.3333333333333335
D06886,12,239.81000000000003,2.2
D06897,9,239.76,3.0
D02043,8,239.72000000000003,3.5
D09326,9,239.68999999999997,1.0
D06216,6,239.62,3.0
D08153,9,239.60999999999999,3.0
D05840,11,239.56,3.4285714285714284
D04651,9,239.53,3.0
D07247,9,239.43,3.5
D03366,7,239.42000000000002,2.75
D02978,10,239.41,3.0
D03028,9,239.4,3.6666666666666665
D07552,8,239.39000000000001,3.75
D03406,7,239.39000000000001,4.0
D06145,8,239.36,5.0
D00826,11,239.34000000000003,2.6666666666666665
D09715,8,239.29000000000002,2.0
D04228,10,239.26999999999998,3.0
D04650,8,239.23000000000002,4.0
D02320,10,239.22999999999996,3.6666666666666665
D04052,10,239.18,2.5
D06373,7,239.17000000000002,2.6666666666666665
D08727,6,239.16,2.0
D06770,10,239.08999999999997,3.5
D08109,7,239.07000000000002,
D02726,8,239.05,2.0
D00464,11,238.96,2.25
D04039,7,238.94,2.5
D01954,8,238.90999999999997,4.0
D05588,8,238.89,2.5
D05995,10,238.88,4.333333333333333
D05149,10,238.85,1.8
D09717,12,238.8,2.8333333333333335
D07303,11,238.79,3.4
D02199,12,238.77999999999997,4.333333333333333
D01922,9,238.77999999999997,3.25
D02267,9,238.77,3.0
D07952,8,238.76999999999998,2.3333333333333335
D00445,7,238.74,3.5
D02875,10,238.69,3.6666666666666665
D05263,11,238.68,2.0
D06405,7,238.66000000000003,2.5
D07733,12,238.65,3.0
D06226,9,238.57,2.6
D02840,8,238.56,
D04813,7,238.54,3.0
D05544,7,238.53,1.0
D08800,8,238.45000000000002,2.5
D03258,6,238.44,2.0
D02985,7,238.42999999999998,2.25
D06837,11,238.35,2.3333333333333335
D07422,11,238.32999999999998,3.0
D03223,9,238.31,4.5
D05608,10,238.28999999999996,1.5
D03569,9,238.27,3.6666666666666665
D03428,11,238.25,1.5
D09117,9,238.23000000000002,2.3333333333333335
D09623,9,238.22999999999996,2.5
D00228,7,238.17000000000002,2.5
D09087,9,238.15,2.25
D04388,10,238.03,1.0
D07800,8,237.97,1.3333333333333333
D08806,11,237.95999999999998,2.0
D02855,7,237.94,2.4
D04190,9,237.92,4.5
D00378,8,237.9,2.3333333333333335
D02734,12,237.89,2.5
D06211,6,237.87,3.0
D03526,10,237.86999999999998,3.0
D05335,9,237.80999999999995,3.5
D04024,11,237.79000000000002,1.0
D00010,6,237.76,2.0
D03776,9,237.74,4.333333333333333
D06410,7,237.73,4.5
D08440,5,237.70999999999998,5.0
D01623,9,237.69,1.0
D01934,10,237.69,3.0
D02578,10,237.69,1.5
D08056,15,237.67000000000002,3.75
D00055,10,237.61,1.5
D01493,8,237.60000000000002,3.0
D07780,6,237.57,1.0
D07209,9,237.55,1.5
D00080,7,237.45999999999998,3.0
D09324,8,237.45000000000002,4.0
D06516,11,237.31,
D03073,8,237.23999999999998,5.0
D04306,10,237.21999999999997,3.6
D01684,9,237.2,3.4
D04613,6,237.2,1.3333333333333333
D03511,9,237.09999999999997,3.6666666666666665
D00512,11,237.03999999999996,1.5
D05403,7,236.99,4.5
D01910,8,236.98000000000002,1.6666666666666667
D01518,11,236.97000000000003,3.0
D07855,8,236.97,2.5
D03618,12,236.95,3.0
D08002,9,236.92000000000002,4.0
D02874,11,236.91,3.3333333333333335
D06447,8,236.89,1.0
D01807,7,236.86,5.0
D08960,9,236.81,2.3333333333333335
D01698,8,236.8,3.0
D03944,7,236.79,4.5
D00640,9,236.77,2.6
D01688,8,236.76000000000002,3.5
D02388,7,236.76,
D03001,9,236.73,2.0
D08998,8,236.70999999999998,4.5
D04452,9,236.70000000000002,2.6666666666666665
D09828,9,236.70000000000002,2.75
D03910,8,236.7,4.0
D05722,11,236.67000000000002,3.6
D08299,8,236.67,4.0
D00136,6,236.64999999999998,4.0
D01976,7,236.62000000000003,2.5
D04354,10,236.61,2.6666666666666665
D02427,7,236.57,3.6666666666666665
D08901,10,236.55999999999997,2.5
D07986,8,236.5,3.2
D00727,8,236.49000000000004,5.0
D04835,10,236.46999999999997,2.5
D05298,8,236.46,3.3333333333333335
D01473,7,236.44,4.0
D05664,8,236.44,3.0
D01175,10,236.41000000000003,3.0
D03918,6,236.4,
D07207,12,236.38000000000002,3.3333333333333335
D00524,8,236.36,3.0
D03215,15,236.28000000000003,2.4
D05779,11,236.27999999999997,4.0
D09827,9,236.27,1.75
D03995,9,236.25,3.3333333333333335
D02594,11,236.19,4.0
D08422,10,236.19,3.5
D02466,6,236.18,
D08667,8,236.17999999999998,2.0
D02495,6,236.16,2.3333333333333335
D01868,11,236.11,4.0
D08064,10,236.07,3.6666666666666665
D04297,9,236.04,2.0
D00794,10,236.01999999999998,3.0
D01168,11,236.01000000000002,3.5
D09033,7,236.01,
D05817,9,235.98,2.3333333333333335
D01905,10,235.97,4.333333333333333
D07559,9,235.90999999999997,3.2
D00809,9,235.9,3.75
D09813,7,235.87999999999997,3.6666666666666665
D08487,8,235.87,3.0
D07430,8,235.86,3.5
D02420,11,235.86,3.25
D09588,7,235.8,3.75
D09160,10,235.76000000000002,2.3333333333333335
D01303,8,235.76000000000002,4.0
D07196,7,235.70999999999998,3.0
D09707,9,235.7,3.3333333333333335
D00879,6,235.67,3.0
D08743,10,235.58999999999997,4.0
D00073,7,235.56,2.5
D09788,9,235.54,1.0
D01187,7,235.46999999999997,2.0
D02789,10,235.44,3.3333333333333335
D07924,6,235.44,2.0
D03621,7,235.41,2.0
D04434,7,235.34,3.5
D08579,8,235.33,1.6666666666666667
D00575,10,235.32,5.0
D05152,6,235.28,4.25
D02861,11,235.24,2.6666666666666665
D08732,10,235.12000000000003,2.0
D02231,13,235.12,2.0
D03199,8,235.12,3.0
D08829,8,235.12,1.3333333333333333
D07224,11,235.1,2.0
D08412,13,235.09,2.5
D00128,9,235.07000000000002,2.0
D04538,10,235.07,3.5
D00250,11,235.04000000000002,3.25
D01877,11,235.03,2.0
D08041,9,234.92,3.0
D00499,8,234.9,3.0
D03961,9,234.86,2.0
D03372,7,234.83999999999997,1.0
D03756,10,234.82000000000002,4.0
D04905,9,234.79,2.0
D03806,6,234.78999999999996,
D06391,7,234.76,4.0
D07882,9,234.73000000000002,2.75
D07042,10,234.66,2.6666666666666665
D01915,10,234.65,1.0
D07910,11,234.64,3.5
D08103,7,234.60999999999999,3.5
D01169,8,234.56,3.0
D09194,12,234.53,2.3333333333333335
D00620,8,234.52,4.0
D02999,11,234.41999999999996,3.5
D06670,13,234.38,3.6
D00843,8,234.37999999999997,4.0
D04930,10,234.31,3.75
D01648,9,234.31,5.0
D01215,10,234.31,3.0
D02412,11,234.26,3.3333333333333335
D09860,11,234.25,3.25
D06592,10,234.11,2.1666666666666665
D07613,10,234.07,4.0
D08423,8,234.06,2.0
D07749,10,234.02,1.0
D04251,11,234.02,3.6666666666666665
D05082,7,233.98000000000002,4.5
D09965,8,233.97,3.0
D06691,8,233.95,3.0
D00733,7,233.89999999999998,4.333333333333333
D00991,7,233.89,4.666666666666667
D00150,10,233.88,2.0
D04220,8,233.86,5.0
D05248,7,233.85,3.5
D04898,9,233.84,2.5
D00307,10,233.82000000000002,3.0
D09975,8,233.81,4.0
D09278,11,233.78999999999996,2.75
D06812,8,233.73000000000002,2.6666666666666665
D01589,8,233.70000000000002,4.666666666666667
D00960,7,233.66,1.0
D05532,9,233.65,2.5
D03443,9,233.59999999999997,
D05874,10,233.58999999999997,5.0
D07591,6,233.57999999999998,1.0
D09595,8,233.57,3.3333333333333335
D03558,10,233.55,2.3333333333333335
D00478,11,233.52,4.0
D04700,7,233.51999999999998,2.0
D06922,10,233.43,2.3333333333333335
D03331,11,233.42,3.0
D01413,10,233.4,3.0
D04692,9,233.32,
D06519,6,233.29000000000002,2.0
D09018,7,233.27,3.0
D05103,8,233.21999999999997,3.0
D01860,8,233.18,2.0
D05740,9,233.1,3.6666666666666665
D07032,10,233.03,3.0
D04658,8,232.97,5.0
D00240,8,232.96,2.5
D05943,9,232.95,2.6666666666666665
D04840,12,232.93,1.75
D05422,9,232.90000000000003,3.0
D02194,10,232.9,
D09106,6,232.89999999999998,3.0
D08643,12,232.89,3.3333333333333335
D00535,6,232.89,2.3333333333333335
D01300,12,232.84,1.6666666666666667
D08775,8,232.83,3.0
D00766,7,232.8,3.0
D04873,6,232.76999999999998,4.5
D02361,9,232.72000000000003,2.0
D08397,8,232.72,5.0
D09731,9,232.70999999999998,4.0
D02008,6,232.65999999999997,1.5
D07931,9,232.63000000000002,3.75
D08722,8,232.61,1.6666666666666667
D09901,8,232.58,4.5
D03138,8,232.57999999999998,2.3333333333333335
D00678,9,232.57000000000002,2.8333333333333335
D05684,10,232.56,4.5
D09000,11,232.55,2.0
D04431,10,232.55,2.25
D05767,10,232.51999999999998,2.0
D01530,12,232.5,2.5
D01853,9,232.48999999999998,2.0
D05853,7,232.47,2.8333333333333335
D02514,10,232.44000000000003,4.25
D06830,11,232.43,3.0
D09740,9,232.43,2.6666666666666665
D06829,10,232.42,2.6666666666666665
D04183,7,232.42,2.0
D09660,10,232.41,4.0
D08526,12,232.33,2.75
D09688,10,232.30999999999997,2.25
D04567,8,232.29999999999998,3.5
D06026,9,232.26999999999998,3.0
D02505,8,232.22000000000003,2.6666666666666665
D01021,11,232.21,2.0
D07538,6,232.2,2.0
D00553,8,232.15,3.25
D01133,7,232.15,4.0
D06091,10,232.14,3.6666666666666665
D01115,8,232.1,4.5
D09792,8,232.02999999999997,2.6666666666666665
D04652,10,232.0,3.0
D03311,7,231.89,3.0
D08223,7,231.87,4.5
D08951,8,231.86,3.6666666666666665
D07901,12,231.81,5.0
D06574,8,231.81,4.0
D04665,9,231.79999999999998,3.6666666666666665
D07706,9,231.79,2.0
D01023,8,231.78000000000003,5.0
D08406,7,231.77999999999997,3.5
D05276,11,231.67000000000002,2.0
D02132,11,231.67,2.5
D04879,10,231.48,1.0
D09012,7,231.47,
D04279,10,231.47,3.75
D06269,8,231.42000000000002,3.75
D07709,10,231.42,3.0
D09347,12,231.4,2.5
D09984,7,231.29000000000002,3.0
D01488,12,231.29,4.0
D07152,9,231.26000000000002,3.0
D05559,10,231.20000000000002,1.0
D01611,8,231.2,3.3333333333333335
D07703,7,231.14000000000001,3.25
D00759,7,231.11,3.0
D04788,7,231.1,3.5
D00284,7,231.07000000000002,3.0
D06910,8,231.06,2.5
D09290,9,231.06,3.6666666666666665
D03524,8,231.05,1.5
D05564,8,231.04,3.5
D06092,6,231.01999999999998,5.0
D05066,9,230.96,4.5
D07235,7,230.93,2.8
D00279,11,230.92000000000002,2.75
D00268,9,230.9,3.0
D03697,8,230.82,
D06482,9,230.76999999999998,2.8
D04124,7,230.75,3.0
D01405,8,230.60000000000002,2.75
D07827,12,230.53000000000003,3.5
D00402,10,230.51,3.0
D06502,5,230.49999999999997,3.0
D08859,10,230.47000000000003,3.0
D05813,8,230.44,2.5
D03472,11,230.43,1.0
D07644,10,230.43,2.5714285714285716
D02728,8,230.39000000000004,2.3333333333333335
D08701,12,230.39,2.0
D01636,6,230.36,
D08093,9,230.35999999999999,2.0
D07217,8,230.31,3.0
D09345,7,230.25,4.666666666666667
D00225,7,230.24,1.0
D08811,8,230.20000000000005,4.5
D09712,9,230.17,3.3333333333333335
D04177,8,230.13,3.5
D08530,7,230.09000000000003,1.0
D02265,8,230.07,
D06662,10,230.05,1.75
D04350,9,230.03,4.0
D04147,10,230.02,2.3333333333333335
D09355,11,230.01999999999998,2.25
D02631,7,229.97000000000003,1.0
D01393,6,229.92000000000002,3.0
D04076,7,229.91000000000003,3.0
D02687,12,229.86,2.5
D05497,11,229.85999999999999,2.75
D08122,12,229.83999999999997,2.3333333333333335
D04492,8,229.83,4.0
D07682,9,229.81,2.25
D08003,6,229.77,2.5
D01419,9,229.75,3.25
D05002,9,229.74,3.75
D04219,9,229.67,3.2
D08154,9,229.67,3.25
D03251,7,229.64000000000001,3.0
D07588,9,229.64,2.0
D07310,8,229.54,3.6
D00846,8,229.53000000000003,3.0
D07628,13,229.5,1.0
D02927,9,229.42000000000002,3.0
D09232,6,229.41,3.5
D01605,6,229.41,1.0
D01941,6,229.34,4.0
D05379,8,229.29999999999995,3.5
D05793,8,229.29000000000002,3.6666666666666665
D04425,7,229.26000000000002,
D09856,11,229.26,2.0
D03673,7,229.18,4.333333333333333
D03727,8,229.16,2.6666666666666665
D03072,7,229.13,2.5
D05246,6,229.12,2.0
D09744,8,229.11,2.6666666666666665
D04739,6,229.11,1.0
D00913,8,229.10999999999999,3.25
D09217,8,229.1,3.0
D05589,9,229.06,3.0
D02119,8,229.05999999999997,2.8
D00028,8,229.05000000000004,3.3333333333333335
D04341,9,229.0,3.0
D08556,7,228.88,4.333333333333333
D00324,10,228.82999999999998,5.0
D08475,6,228.78,2.3333333333333335
D05416,9,228.73999999999998,2.5
D08074,8,228.73999999999995,5.0
D05167,14,228.67,4.0
D08918,9,228.58,3.5
D03932,10,228.57999999999998,2.0
D05514,9,228.55,3.3333333333333335
D08383,9,228.54999999999998,2.5
D05701,9,228.54,2.3333333333333335
D03866,7,228.54,5.0
D05881,8,228.53,4.0
D06197,6,228.49,4.0
D02218,8,228.45000000000002,4.333333333333333
D01053,7,228.42000000000002,4.0
D00655,8,228.34,3.3333333333333335
D09306,10,228.32,4.25
D08111,10,228.32,2.0
D01011,8,228.31,1.6666666666666667
D08292,11,228.2,2.5
D04682,6,228.19,3.0
D05543,9,228.17000000000002,3.0
D06672,9,228.17,2.75
D08314,8,228.14,3.3333333333333335
D06493,6,228.13,3.3333333333333335
D02173,10,228.12,1.0
D09830,10,228.08999999999997,3.0
D05466,8,228.07999999999998,3.3333333333333335
D06009,7,228.04,2.6666666666666665
D05123,9,227.95999999999998,
D00888,14,227.94,3.6666666666666665
D01365,10,227.94,2.0
D08155,7,227.94,3.3333333333333335
D00134,12,227.82999999999998,2.5
D01257,8,227.8,3.25
D02172,7,227.79999999999998,2.0
D06780,8,227.77,3.0
D02380,7,227.74,2.3333333333333335
D08477,7,227.73999999999998,2.25
D06059,7,227.7,2.0
D01305,10,227.69,3.6666666666666665
D05763,9,227.64000000000001,2.5
D04595,7,227.64000000000001,1.5
D02740,8,227.63000000000002,2.75
D07754,8,227.62,2.6666666666666665
D06276,10,227.55999999999997,
D00947,13,227.5,3.0
D07654,9,227.48,4.0
D06080,6,227.45000000000002,4.0
D00082,7,227.41999999999996,2.25
D00476,7,227.35,2.8
D07792,9,227.34,1.5
D01238,10,227.34,4.0
D06400,8,227.26,2.3333333333333335
D03595,11,227.25,5.0
D09746,11,227.20000000000002,3.3333333333333335
D01284,9,227.19000000000003,3.0
D05500,8,227.17,3.0
D03012,10,227.11,3.0
D04499,10,227.07000000000002,3.5
D02273,11,227.07000000000002,3.0
D01937,10,227.04000000000002,2.75
D04528,9,227.01,3.5
D05163,6,226.87,
D01711,9,226.83,3.0
D02261,6,226.78,1.5
D07282,7,226.77,2.25
D04323,9,226.73,3.6666666666666665
D04290,11,226.72000000000003,4.0
D02580,13,226.68,3.0
D00812,9,226.67999999999998,3.5
D01226,8,226.66000000000003,4.666666666666667
D03840,10,226.66,3.3333333333333335
D04308,8,226.65999999999997,
D05270,8,226.62,4.0
D08698,6,226.56,5.0
D03178,9,226.54999999999998,3.5
D00140,11,226.48000000000002,2.5
D05657,8,226.48,1.5
D05036,5,226.42000000000002,5.0
D09801,6,226.39,4.0
D06553,9,226.35999999999999,4.0
D02441,8,226.34999999999997,3.0
D06291,5,226.31,1.0
D00876,8,226.30999999999995,3.25
D07288,8,226.3,1.6666666666666667
D02384,9,226.26999999999998,1.3333333333333333
D08438,6,226.26999999999998,2.0
D08574,10,226.23000000000002,1.6666666666666667
D07968,7,226.22,2.0
D00045,7,226.18,3.0
D08010,7,226.14999999999998,3.0
D06185,12,226.13,
D03191,7,226.11,4.0
D08309,10,226.08999999999997,3.3333333333333335
D06844,9,226.04,3.0
D09755,10,225.98000000000002,4.0
D09591,10,225.88,4.0
D01823,9,225.84000000000003,3.5
D04278,7,225.82,3.5
D09765,7,225.81,2.6666666666666665
D00386,8,225.81,3.25
D06023,8,225.81,4.5
D02425,7,225.77,3.5
D02152,7,225.77,2.5
D01706,7,225.75000000000003,1.0
D04780,11,225.68,4.0
D00552,9,225.57,2.6
D05713,8,225.56,2.3333333333333335
D04816,10,225.56,3.0
D03441,10,225.54000000000002,1.0
D06265,8,225.41,1.0
D07416,7,225.40999999999997,2.5
D05344,7,225.39000000000001,2.6666666666666665
D08011,6,225.38,3.0
D04638,9,225.32999999999998,3.5
D02028,8,225.32,4.0
D09314,8,225.23000000000002,2.0
D05650,10,225.22,4.666666666666667
D07192,5,225.21,1.5
D04496,7,225.17999999999998,5.0
D07377,9,225.13,4.0
D00447,5,225.1,3.0
D00247,9,225.09,3.6666666666666665
D01831,9,225.09,3.3333333333333335
D08533,9,225.08999999999997,3.0
D05523,7,225.02999999999997,3.0
D01032,9,225.02,2.6666666666666665
D01521,9,225.0,2.75
D08447,9,224.99,2.6666666666666665
D06209,12,224.95000000000002,2.0
D04591,10,224.94,3.2
D02675,10,224.87,5.0
D08037,9,224.87,2.5
D04504,9,224.85000000000002,2.5
D01224,8,224.82,
D06440,10,224.76999999999998,4.5
D05391,8,224.76999999999998,3.0
D05794,7,224.76999999999998,3.0
D09386,10,224.76,1.0
D08948,9,224.76,4.0
D09495,9,224.71,4.666666666666667
D04365,9,224.7,4.0
D03314,6,224.67000000000002,2.3333333333333335
D09898,6,224.60999999999999,
D08662,7,224.60999999999999,3.0
D07849,8,224.57999999999998,2.75
D04157,9,224.55,3.0
D07568,9,224.52999999999997,3.0
D02864,7,224.47000000000003,2.0
D00306,10,224.45000000000002,3.25
D07558,10,224.37,3.5
D08905,10,224.37,5.0
D05577,8,224.28,3.0
D01183,7,224.25,2.5
D04432,10,224.23999999999998,3.0
D03386,10,224.22000000000003,3.0
D01065,11,224.22,2.1666666666666665
D08379,6,224.20000000000002,3.0
D07544,9,224.19,5.0
D06034,8,224.16000000000003,3.6666666666666665
D08410,8,224.15000000000003,5.0
D00069,7,224.15,2.3333333333333335
D07660,10,224.12,3.0
D06585,7,224.10999999999999,3.0
D06656,10,224.05,4.4
D09589,8,224.04000000000002,3.0
D04172,7,224.03,2.6
D07541,9,224.02000000000004,3.0
D04981,8,224.01999999999998,4.0
D06734,8,224.01999999999998,3.5
D07103,11,224.0,3.0
D08832,7,223.98999999999998,3.3333333333333335
D06653,10,223.97,2.75
D09865,10,223.97,2.5
D04934,7,223.95,3.0
D09806,5,223.94,2.5
D03153,10,223.91999999999996,2.0
D00462,8,223.9,2.5
D08611,9,223.88000000000002,3.0
D02432,9,223.87,3.0
D01715,8,223.85000000000002,2.3333333333333335
D08782,9,223.85,3.25
D02490,8,223.80999999999997,2.5
D05711,8,223.79000000000002,3.2
D07636,8,223.74,3.0
D09903,8,223.73,2.5
D03770,8,223.72,3.0
D01471,9,223.62,3.0
D07643,6,223.62,2.3333333333333335
D03797,8,223.61,1.0
D09839,9,223.6,3.0
D03121,6,223.58,3.0
D03321,7,223.51000000000002,2.0
D08619,8,223.48999999999998,4.0
D07110,8,223.47000000000003,1.5
D03194,10,223.45999999999998,3.5
D07768,8,223.43,5.0
D06402,7,223.35999999999999,3.3333333333333335
D00717,11,223.31,4.5
D00101,8,223.29999999999998,
D02469,5,223.27,4.0
D02689,9,223.25,3.5
D00609,8,223.23999999999998,2.0
D03989,11,223.21,3.5
D09338,8,223.17999999999998,3.5
D06057,8,223.13,2.25
D00004,10,223.12,3.0
D01719,11,223.07999999999998,2.0
D02189,9,223.07000000000002,3.3333333333333335
D08555,12,223.07,4.0
D07306,10,223.05,3.0
D08917,9,223.05,3.0
D01476,8,223.03999999999996,1.0
D01907,9,223.02999999999997,5.0
D00118,6,222.96999999999997,2.0
D09518,9,222.93,3.2
D07955,18,222.88000000000002,2.2
D06064,5,222.88,3.0
D01674,7,222.88,2.0
D01163,11,222.86,3.5
D07742,7,222.81,
D09675,12,222.8,1.5
D04751,6,222.75,4.0
D08517,6,222.73,2.0
D04138,6,222.71,2.0
D00192,10,222.70999999999998,3.6666666666666665
D04248,10,222.67,3.0
D08054,9,222.65000000000003,2.5
D05535,10,222.62,3.0
D09609,8,222.61999999999998,4.0
D00822,12,222.61,2.5
D03324,9,222.58,2.75
D03357,11,222.56000000000003,4.0
D06127,8,222.56,5.0
D08070,8,222.53,2.0
D04474,9,222.52,1.0
D02859,10,222.51,3.25
D02992,7,222.5,4.666666666666667
D05240,6,222.49999999999997,3.0
D00227,6,222.47,2.5
D01407,8,222.43,2.6666666666666665
D02586,8,222.29999999999998,2.5
D05852,9,222.29,2.0
D07793,7,222.28,3.0
D05385,11,222.24,2.75
D09016,7,222.20999999999998,3.5
D02334,9,222.18,3.0
D06029,10,222.15,2.0
D05555,8,222.13,2.6666666666666665
D04970,7,222.10999999999999,3.75
D01463,9,222.09999999999997,2.0
D04721,8,222.03,2.6666666666666665
D03180,9,222.02000000000004,2.0
D06966,8,222.01999999999998,2.0
D04982,8,221.98000000000002,2.0
D08580,11,221.98,4.5
D05959,7,221.94,3.0
D01723,8,221.91000000000003,5.0
D01467,9,221.91,2.0
D02117,8,221.90000000000003,4.0
D03226,9,221.84,2.25
D06877,8,221.80999999999997,3.3333333333333335
D04903,7,221.78999999999996,5.0
D06718,8,221.77,1.5
D09509,9,221.74000000000004,2.5
D03412,7,221.70999999999998,3.3333333333333335
D07549,9,221.7,1.8
D02677,9,221.67,3.25
D03705,9,221.61,3.0
D06898,7,221.58,3.0
D01071,10,221.42000000000002,4.5
D06372,7,221.39,1.0
D07508,11,221.39,1.6
D01290,8,221.38,1.0
D01236,10,221.36999999999998,2.0
D04094,7,221.34999999999997,
D00698,10,221.32999999999998,3.5
D04070,8,221.32,2.0
D09452,6,221.28,3.5
D05105,9,221.18,2.4
D09021,10,221.17999999999998,3.0
D06014,8,221.17,2.0
D03713,9,221.14999999999998,3.5
D05288,11,221.14000000000001,4.0
D02343,8,221.1,2.0
D00243,9,221.07999999999998,2.25
D02504,6,221.05,5.0
D04357,8,221.04999999999998,1.75
D06116,10,221.0,5.0
D00379,7,220.98,1.0
D08284,6,220.95000000000002,2.0
D05139,10,220.95,2.5
D01418,7,220.89,
D05655,8,220.82999999999998,2.0
D04776,10,220.81,3.5
D06661,7,220.79,2.75
D06681,9,220.78000000000003,3.4
D08014,6,220.76,3.0
D08349,9,220.76,3.0
D08615,8,220.73000000000002,2.0
D03759,8,220.72000000000003,2.0
D04608,10,220.69,3.6666666666666665
D04570,9,220.68,3.0
D02939,9,220.64,
D06077,9,220.61,2.5
D00239,7,220.59000000000003,2.6666666666666665
D00356,6,220.58,3.0
D09554,7,220.56,3.0
D08262,12,220.55,3.0
D02281,11,220.55,3.0
D07781,8,220.51,1.0
D03914,10,220.47,1.5
D04420,6,220.46,2.0
D00266,6,220.4,3.0
D09970,10,220.34,3.5
D05548,9,220.32999999999998,2.6666666666666665
D00254,8,220.29,3.6666666666666665
D09122,9,220.26,3.5
D08118,7,220.23,2.3333333333333335
D06183,8,220.20999999999998,4.0
D01848,7,220.13,2.0
D00212,8,220.10000000000002,3.0
D03181,10,220.08,4.0
D07263,7,220.04,3.25
D09302,7,220.02,3.0
D03792,6,219.99,2.5
D04584,14,219.98000000000002,2.3333333333333335
D01106,10,219.97999999999996,2.5
D02407,6,219.96,1.5
D03413,7,219.95,2.3333333333333335
D01042,9,219.87,3.6666666666666665
D09263,6,219.86,4.0
D01246,9,219.85999999999999,2.5
D04276,11,219.83999999999997,3.5
D01888,6,219.83000000000004,3.5
D08306,7,219.70000000000005,3.0
D09657,10,219.68,4.25
D04376,10,219.65,1.5
D01979,10,219.65,3.6666666666666665
D04846,7,219.6,
D00951,9,219.57999999999998,5.0
D00564,8,219.54000000000002,1.0
D02833,7,219.52,
D01819,9,219.51,3.4
D09781,9,219.48,3.25
D01806,8,219.48,1.6666666666666667
D05193,9,219.46999999999997,3.8
D02636,8,219.45000000000002,1.3333333333333333
D00093,8,219.42000000000002,2.25
D05847,8,219.36999999999998,4.0
D06589,8,219.34,3.0
D05517,8,219.27999999999997,2.3333333333333335
D02233,9,219.22,2.6666666666666665
D03846,5,219.20000000000002,4.0
D02597,6,219.18,3.0
D00363,6,219.16000000000003,3.0
D08954,9,219.1,2.5
D02857,10,219.07999999999998,4.0
D07858,9,219.01000000000002,4.0
D03318,9,219.01,3.25
D00278,8,218.98000000000002,3.0
D06315,9,218.97000000000003,2.8
D06763,9,218.97,3.25
D03218,7,218.96,3.5
D01782,9,218.86,1.5
D08051,10,218.84,3.0
D02271,5,218.82999999999998,5.0
D07346,7,218.82,1.0
D07506,8,218.81000000000003,2.6666666666666665
D04041,9,218.75000000000003,3.5
D00624,13,218.65,3.0
D00427,11,218.64,3.25
D08327,7,218.63000000000002,4.25
D00740,9,218.57,2.0
D05590,10,218.52,3.6666666666666665
D05279,8,218.45000000000002,2.3333333333333335
D00660,7,218.43,3.3333333333333335
D08773,6,218.37,1.6666666666666667
D08452,10,218.34,3.75
D06859,8,218.34,2.0
D07949,10,218.29000000000002,3.5
D06503,8,218.27999999999997,3.0
D01416,9,218.21,3.0
D01415,9,218.14,3.0
D03527,8,218.11,2.25
D08160,8,218.09000000000003,3.5
D07795,9,218.07999999999998,3.3333333333333335
D06370,7,218.06,2.6666666666666665
D07357,6,218.03,2.3333333333333335
D06162,5,217.99,2.5
D05526,10,217.98000000000002,2.4285714285714284
D02187,6,217.92,2.5
D05747,7,217.87,4.0
D05183,6,217.82,3.0
D02581,10,217.78000000000003,2.6
D02467,9,217.75,2.25
D02095,6,217.74,1.5
D05836,7,217.74,2.6666666666666665
D07908,8,217.72,3.0
D07887,7,217.70000000000002,1.5
D04063,7,217.70000000000002,2.0
D04722,9,217.65,3.4
D02121,7,217.62,2.6666666666666665
D07045,9,217.61999999999998,3.0
D08456,9,217.61,3.5
D06087,6,217.60999999999999,4.333333333333333
D04727,7,217.48,4.0
D08835,5,217.46,3.0
D03170,7,217.46,1.0
D05594,8,217.44000000000003,3.3333333333333335
D04641,8,217.35,4.5
D09942,7,217.28,2.5
D08198,8,217.26000000000002,2.6
D03397,7,217.22,1.0
D01455,8,217.17,3.0
D05282,10,217.14,
D09419,6,217.13000000000002,2.5
D07475,8,217.13,4.333333333333333
D00664,9,216.98999999999998,3.0
D00696,7,216.95000000000002,2.0
D07011,8,216.95000000000002,4.0
D07641,7,216.93,2.0
D03909,9,216.92000000000002,3.0
D07007,10,216.85,3.5
D03730,8,216.83,2.3333333333333335
D04519,11,216.81,3.2
D00263,10,216.72,2.0
D06588,10,216.72,2.75
D03477,9,216.67,2.5
D00002,8,216.66,3.0
D04693,8,216.61,1.5
D08460,6,216.60999999999999,3.25
D03922,6,216.48,2.0
D07596,10,216.41000000000003,1.6666666666666667
D08839,9,216.38,2.6666666666666665
D00305,11,216.37,1.6666666666666667
D05111,10,216.36999999999998,4.0
D03875,8,216.29000000000002,5.0
D06332,8,216.22,
D07589,7,216.19,
D02049,9,216.18,2.5
D00847,8,216.17,2.5
D04573,10,216.16999999999996,2.6666666666666665
D00399,11,216.16,3.5
D08360,8,216.14000000000001,3.5
D08150,11,216.09000000000003,2.4
D08016,10,216.08,5.0
D01399,6,216.07,3.0
D07767,8,216.05999999999997,2.2
D02888,8,216.04999999999998,2.5
D09460,9,216.04000000000002,3.3333333333333335
D07990,8,216.01,1.6
D05875,5,215.98999999999998,2.0
D01650,7,215.95999999999998,2.0
D06573,8,215.88,4.0
D09481,8,215.85999999999999,2.5
D04059,8,215.82,2.0
D08676,10,215.78,3.3333333333333335
D01767,9,215.75999999999996,1.5
D00426,6,215.64,2.0
D04747,9,215.62000000000003,3.5
D07500,10,215.62,2.4
D04621,9,215.60999999999996,2.5
D04841,9,215.59,2.6
D00958,11,215.58,3.6666666666666665
D00579,9,215.46999999999997,4.75
D08173,7,215.46,2.0
D05463,10,215.43,2.25
D09791,10,215.34000000000003,2.3333333333333335
D08267,11,215.25,2.0
D07831,7,215.19,4.333333333333333
D04980,10,215.18999999999997,1.0
D06686,6,215.18,3.0
D08185,11,215.17999999999998,3.0
D05214,9,215.16000000000003,
D00837,10,215.14999999999998,4.0
D02186,11,215.13,3.6666666666666665
D03742,8,215.05,1.0
D02773,6,215.01999999999998,
D09466,9,214.96,3.0
D06102,9,214.94000000000003,4.333333333333333
D08525,9,214.94,1.0
D04874,9,214.91,3.0
D09030,7,214.87,4.0
D07009,13,214.82999999999998,3.2
D00461,10,214.8,2.3333333333333335
D03307,6,214.79,4.0
D02092,10,214.77999999999997,4.0
D09332,8,214.73000000000002,1.0
D01638,9,214.72,1.0
D06581,11,214.7,3.6
D00408,9,214.7,1.5
D09043,8,214.68,4.666666666666667
D06052,11,214.62,3.0
D06658,8,214.57999999999998,2.25
D09448,7,214.55,
D02911,9,214.5,2.6666666666666665
D00434,8,214.45,2.25
D00905,9,214.41000000000003,2.25
D06331,7,214.25,2.5
D08933,7,214.25,3.75
D06070,12,214.22,2.0
D02216,11,214.19,2.5
D01208,9,214.18,2.5
D02829,6,214.17000000000002,5.0
D03870,6,214.16,2.0
D07787,6,214.13,1.6666666666666667
D07626,8,214.11,3.3333333333333335
D02769,8,214.11,4.0
D01062,11,213.98999999999998,3.0
D05796,11,213.98999999999995,1.6666666666666667
D00199,8,213.95,3.0
D09936,11,213.82,2.25
D02681,8,213.8,3.0
D02050,7,213.76,5.0
D03059,9,213.74,3.6666666666666665
D05807,11,213.73999999999998,4.0
D04947,11,213.73000000000002,2.0
D08907,10,213.73,2.6666666666666665
D00892,8,213.7,4.5
D09092,8,213.7,3.5
D04855,6,213.69,3.0
D09985,8,213.63,5.0
D02256,8,213.62000000000003,3.75
D01919,9,213.57,4.333333333333333
D08467,10,213.54,3.0
D08528,10,213.5,4.0
D07423,9,213.48000000000002,1.0
D05329,8,213.43999999999997,3.0
D05580,10,213.4,2.25
D02657,10,213.31,5.0
D05595,6,213.14,2.0
D07461,11,213.12,3.5
D07572,8,213.07000000000005,3.0
D04291,9,213.01999999999998,3.3333333333333335
D03582,8,213.01,4.25
D06563,9,213.01,1.0
D03475,7,212.9,1.0
D09239,5,212.89,3.5
D00006,6,212.86999999999998,2.5
D00693,7,212.69,4.0
D01340,8,212.67,4.0
D01285,10,212.65,3.25
D09787,6,212.65,2.3333333333333335
D02120,11,212.60999999999999,2.0
D01738,9,212.59,1.3333333333333333
D00409,10,212.57999999999998,2.0
D08713,8,212.57,3.75
D00781,6,212.53,4.0
D02096,7,212.48000000000002,4.0
D07729,5,212.41,5.0
D09146,7,212.39999999999998,2.0
D02832,7,212.39000000000001,1.0
D00133,9,212.37,3.0
D09499,6,212.36,1.5
D07696,7,212.29999999999998,4.5
D09995,9,212.26999999999998,4.0
D07675,9,212.23,2.3333333333333335
D04196,9,212.19,3.6
D06135,4,212.19,2.0
D03667,5,212.16000000000003,2.0
D06669,10,212.07000000000002,4.0
D09414,6,212.05,4.0
D09027,6,211.91000000000003,1.0
D04853,8,211.88,5.0
D00795,11,211.83,3.25
D08874,8,211.82,4.0
D03404,9,211.79,2.75
D04066,7,211.77999999999997,3.0
D05686,9,211.77,1.6666666666666667
D04686,7,211.73999999999998,2.0
D01112,7,211.72,5.0
D03360,9,211.7,3.5
D00019,8,211.69,1.0
D08430,7,211.67,
D05039,11,211.66,2.75
D00490,9,211.63,3.0
D04050,12,211.63,3.5
D02382,9,211.62,1.5
D05873,9,211.57999999999998,2.0
D09549,8,211.56,4.0
D03807,9,211.53,2.0
D05224,7,211.52,1.0
D09384,8,211.5,2.5
D07677,8,211.45,3.0
D04321,10,211.44,2.25
D02764,8,211.39999999999998,2.75
D02668,6,211.34,3.0
D09061,12,211.32999999999998,4.0
D09857,7,211.32,5.0
D05610,8,211.31,2.75
D08813,9,211.3,2.5
D02945,10,211.29999999999998,3.75
D02491,6,211.27,3.0
D07308,5,211.16000000000003,3.3333333333333335
D05048,7,211.15,2.5
D05683,10,211.13,3.0
D04165,7,211.11,3.0
D07070,11,211.10000000000002,2.5
D02635,8,211.09,2.5
D08140,9,211.06,2.0
D02143,9,211.0,4.0
D02813,9,210.97,2.0
D07764,8,210.96999999999997,3.3333333333333335
D06485,8,210.92999999999998,5.0
D07844,6,210.92000000000002,
D07514,6,210.90999999999997,4.0
D06924,9,210.86,4.0
D03994,7,210.85999999999999,2.6666666666666665
D04541,8,210.84,3.5
D06623,10,210.82000000000002,2.6
D03576,6,210.76000000000002,5.0
D08621,9,210.75,3.0
D00492,8,210.73,2.0
D00009,9,210.72000000000003,2.5
D03058,8,210.69,4.0
D07119,8,210.68,1.5
D03469,7,210.65000000000003,2.3333333333333335
D07442,8,210.64999999999998,
D06487,13,210.63,3.25
D01206,8,210.61,3.0
D07018,10,210.60000000000002,2.3333333333333335
D07114,9,210.55999999999997,3.0
D06311,6,210.54,3.3333333333333335
D09258,9,210.49,4.0
D07532,6,210.38,3.6666666666666665
D01047,9,210.38,3.0
D07289,7,210.36999999999998,2.0
D05731,7,210.35,3.25
D01428,8,210.34,2.6666666666666665
D03658,9,210.33999999999997,3.5
D01123,7,210.31,2.0
D08004,8,210.3,1.5
D09783,8,210.3,2.0
D06746,8,210.15000000000003,2.2
D01151,8,210.14999999999998,1.5
D03549,6,210.14,4.5
D03659,12,210.13,2.75
D04828,9,210.11999999999998,2.75
D00495,8,210.09000000000003,1.5
D07194,8,210.09,2.6666666666666665
D07077,8,210.09,2.3333333333333335
D07383,9,210.04000000000002,4.5
D06274,14,210.04,2.6
D06233,8,210.03,2.25
D03649,7,210.01000000000002,3.0
D00014,7,210.0,3.6666666666666665
D00883,9,209.97,2.0
D07725,10,209.96999999999997,2.6666666666666665
D00703,9,209.93,1.0
D01584,9,209.86,2.75
D03775,7,209.85999999999999,
D03925,9,209.82999999999998,1.0
D01063,7,209.76,4.0
D02342,8,209.76,3.5
D04770,9,209.74999999999997,2.5
D03235,4,209.74,3.0
D08336,9,209.71999999999997,3.0
D09328,8,209.68,1.5
D01451,9,209.64,3.6666666666666665
D09909,5,209.56,2.5
D04326,8,209.56,
D03984,11,209.46,2.0
D09873,9,209.39000000000001,3.0
D06522,9,209.38,4.5
D02287,9,209.36,2.0
D08165,9,209.27999999999997,1.0
D05757,10,209.23000000000002,3.0
D06523,11,209.22,2.6666666666666665
D03070,8,209.16,5.0
D07713,6,209.13000000000002,1.0
D01323,8,209.13,5.0
D02806,7,209.12,2.0
D02516,8,209.10999999999999,2.0
D04310,8,209.10999999999999,2.0
D08584,9,209.06,5.0
D07360,8,209.05,4.0
D04381,9,208.99,2.6666666666666665
D03438,6,208.98999999999995,1.0
D00005,6,208.98,3.0
D06426,7,208.95,2.5
D00856,8,208.94,2.5
D03400,9,208.92,1.6
D08798,10,208.91,2.6666666666666665
D00184,13,208.87,1.5
D04750,8,208.87,2.5
D04883,8,208.85999999999999,1.0
D01768,7,208.83,3.0
D09718,8,208.78,1.5
D04295,10,208.75,3.0
D01094,9,208.74,3.0
D05116,9,208.73000000000002,2.6666666666666665
D00458,7,208.72000000000003,
D06449,6,208.66,2.5
D07356,7,208.64,2.6666666666666665
D01228,11,208.58,2.2
D04407,8,208.57999999999998,2.6
D00315,5,208.57,2.0
D05712,6,208.55,4.0
D01729,9,208.52,3.5
D00559,8,208.51,3.0
D04907,6,208.5,1.0
D06887,8,208.43,3.0
D00304,6,208.41000000000003,2.5
D02110,9,208.38,2.0
D06508,9,208.35000000000002,2.5
D07746,8,208.34999999999997,3.5
D00486,10,208.32999999999998,2.4
D09199,7,208.32,2.0
D03926,9,208.31,3.5
D00275,8,208.31,3.3333333333333335
D02940,8,208.28000000000003,1.0
D03205,9,208.22,3.8
D06383,10,208.21000000000004,2.25
D07041,8,208.20999999999998,
D09366,9,208.19,5.0
D05896,7,208.19,3.25
D04366,7,208.17000000000002,5.0
D02977,7,208.12,3.3333333333333335
D07490,5,208.04,2.3333333333333335
D09796,7,208.00000000000003,3.0
D03894,9,208.0,1.25
D05622,9,207.98,2.0
D09077,12,207.93999999999997,3.3333333333333335
D05026,10,207.87,4.0
D05230,8,207.83,
D03801,8,207.77000000000004,2.6666666666666665
D07497,10,207.74,3.3333333333333335
D09808,10,207.73999999999998,2.6666666666666665
D01745,6,207.72,2.6666666666666665
D09485,5,207.7,2.0
D07036,9,207.65,2.0
D09383,10,207.63999999999996,5.0
D02147,7,207.63,5.0
D00258,8,207.62,2.5
D03508,12,207.62,4.5
D00833,7,207.57,3.0
D00273,8,207.53,2.4
D07821,12,207.49,3.3333333333333335
D02567,6,207.47000000000003,2.6666666666666665
D04758,10,207.39000000000001,4.0
D06058,6,207.39,3.0
D00314,9,207.32999999999998,3.5
D05191,9,207.25,3.0
D07332,8,207.23000000000002,1.0
D02396,6,207.23000000000002,
D03078,8,207.2,3.75
D08168,5,207.17000000000002,4.5
D05869,8,207.16999999999996,5.0
D09847,9,207.14,3.5
D06935,8,207.13,3.3333333333333335
D08036,6,207.12,
D00927,9,207.08,3.5
D03265,6,207.05999999999997,
D04637,9,207.03,2.0
D04847,7,206.97,4.0
D00470,6,206.96,2.0
D08233,7,206.93,1.3333333333333333
D05330,7,206.91,3.0
D04099,9,206.88,3.4
D01276,9,206.84,1.5
D00452,7,206.79000000000002,2.3333333333333335
D06917,9,206.78,1.5
D01630,9,206.75999999999996,2.4
D05891,9,206.70000000000005,
D07267,8,206.67,2.5
D02131,6,206.58,1.0
D05481,5,206.48000000000002,2.5
D09267,9,206.41000000000003,2.0
D03615,8,206.41,2.75
D00395,6,206.38000000000002,1.6666666666666667
D08893,9,206.38,4.5
D01193,9,206.3,2.0
D09408,6,206.29000000000002,3.0
D08514,9,206.20000000000002,2.25
D05169,6,206.17000000000002,1.5
D04402,7,206.17,3.75
D02529,7,206.12,2.3333333333333335
D04466,10,206.08,1.0
D08614,7,206.07,4.5
D03355,8,205.99,3.0
D07972,6,205.97,1.6666666666666667
D08208,6,205.95,3.0
D04935,8,205.93,3.1666666666666665
D06559,8,205.87,4.25
D00537,8,205.86,2.5
D08890,7,205.85999999999999,3.3333333333333335
D09403,8,205.81,3.6666666666666665
D09612,8,205.8,4.5
D07165,6,205.8,2.0
D00052,9,205.77,
D02637,8,205.73,3.0
D01317,8,205.65,3.0
D02322,7,205.57,3.0
D06577,8,205.56,4.0
D09209,7,205.52,3.5
D08573,11,205.50999999999996,3.0
D02548,8,205.5,3.0
D02115,6,205.49,4.0
D08654,7,205.49,2.5
D02643,7,205.46999999999997,5.0
D01174,8,205.44,3.5
D07147,9,205.40999999999997,1.6666666666666667
D09121,8,205.38,1.0
D06987,10,205.35000000000002,3.0
D06194,10,205.32,3.25
D03409,10,205.31,
D08596,7,205.28,2.0
D02932,10,205.26000000000002,5.0
D08319,9,205.23,2.0
D08152,9,205.19,2.3333333333333335
D03592,8,205.16000000000003,5.0
D02434,6,205.16,1.5
D07434,9,205.10000000000002,5.0
D07367,8,205.02,2.5
D04062,8,205.01,2.0
D02602,6,204.94,2.0
D01408,8,204.93,5.0
D01512,7,204.89,3.8
D02809,11,204.88000000000002,3.0
D05715,10,204.87,4.0
D06121,9,204.83,3.0
D04654,9,204.68999999999997,
D01229,11,204.63,2.25
D01093,7,204.57,1.3333333333333333
D08387,8,204.56,1.5
D02903,7,204.54999999999998,2.5
D00527,7,204.53,1.6666666666666667
D07418,8,204.5,4.333333333333333
D02493,8,204.49999999999997,3.2
D02213,8,204.48000000000002,2.3333333333333335
D03335,7,204.45999999999998,2.0
D08896,8,204.41000000000003,2.0
D03588,6,204.39999999999998,2.5
D02749,9,204.37,2.5
D06499,12,204.33,2.3333333333333335
D07108,8,204.32999999999998,3.0
D01504,9,204.29000000000002,4.4
D06381,8,204.29,4.0
D03999,11,204.21,2.5
D03798,6,204.17000000000002,5.0
D00287,9,204.14000000000001,3.0
D04581,8,204.13,1.0
D03060,8,204.12,3.6666666666666665
D00662,11,204.09000000000003,2.0
D08971,11,204.05999999999997,3.3333333333333335
D09840,10,204.04999999999998,2.6
D00161,6,204.04000000000002,4.0
D03493,11,204.04,2.0
D08606,9,204.02999999999997,1.5
D05795,5,203.97000000000003,5.0
D03838,7,203.95999999999998,2.0
D05429,7,203.95999999999998,3.0
D09341,8,203.92000000000002,3.3333333333333335
D05976,7,203.82999999999998,2.0
D01841,7,203.79,1.0
D06600,6,203.79,2.5
D09453,9,203.75,4.0
D07311,7,203.73,2.5
D01705,7,203.64,
D02371,9,203.57999999999998,2.6666666666666665
D09397,7,203.51999999999998,3.0
D03660,10,203.49000000000004,3.0
D06201,8,203.44,3.75
D00385,7,203.43999999999997,3.6666666666666665
D01569,8,203.39999999999998,2.5
D01857,6,203.31,4.0
D03696,9,203.26,1.75
D04345,8,203.25,4.0
D00671,6,203.25,3.6666666666666665
D02148,7,203.24,2.5
D04116,9,203.17000000000002,2.0
D09377,8,203.15,2.3333333333333335
D05509,7,203.14999999999998,4.0
D02042,9,203.09,2.0
D07413,10,203.08,1.0
D06667,4,203.04999999999998,1.0
D07606,8,202.95999999999998,2.2
D02284,9,202.94,4.0
D04539,9,202.92,2.2
D03965,8,202.9,4.0
D03327,6,202.82,3.5
D00294,8,202.79000000000002,2.3333333333333335
D03486,7,202.77,4.0
D01074,7,202.76000000000002,1.0
D03790,8,202.76,3.0
D07943,6,202.75000000000003,
D08184,8,202.7,3.0
D02695,7,202.68000000000004,3.5
D00592,7,202.68,1.6666666666666667
D03044,7,202.62,4.333333333333333
D08845,10,202.57999999999998,3.75
D02440,8,202.51000000000002,3.5
D08042,11,202.48000000000002,4.0
D03010,10,202.48,3.0
D06819,9,202.45999999999998,2.6666666666666665
D08362,6,202.45,3.3333333333333335
D05122,8,202.4,3.0
D09335,8,202.38,5.0
D02252,8,202.35,2.6666666666666665
D02863,9,202.34999999999997,2.5
D02408,8,202.32999999999998,4.0
D00596,7,202.3,5.0
D00798,9,202.23,3.25
D00424,8,202.20000000000002,2.0
D06569,6,202.2,3.0
D04839,7,202.10999999999999,2.0
D06388,10,202.1,4.0
D07845,10,202.09,3.0
D09262,7,202.09,5.0
D09176,9,202.08999999999997,
D04288,9,202.08999999999997,3.0
D05490,7,202.08,4.0
D03979,7,202.06,4.0
D09428,8,202.03000000000003,4.666666666666667
D02330,5,201.97,1.0
D08391,7,201.89999999999998,4.333333333333333
D09390,9,201.88,3.0
D04408,10,201.82,1.0
D06986,8,201.79999999999998,2.5
D05486,8,201.72000000000003,2.0
D05488,9,201.71,2.0
D01678,5,201.69,3.5
D02307,8,201.64999999999998,1.6666666666666667
D06705,9,201.61999999999998,1.6666666666666667
D05233,7,201.39000000000001,3.5
D04084,7,201.39,2.6666666666666665
D02639,9,201.29000000000002,2.0
D09829,8,201.28999999999996,2.5
D01460,8,201.21000000000004,1.5
D09260,8,201.20999999999998,2.0
D04422,7,201.11,
D03810,7,201.03,2.0
D02966,7,201.01,3.25
D07546,9,201.0,3.0
D03974,9,200.98,2.6
D03632,6,200.93,2.0
D00321,8,200.89,3.3333333333333335
D00037,7,200.85999999999999,2.75
D04575,10,200.85000000000002,4.0
D07593,8,200.8,3.25
D03167,9,200.78,3.3333333333333335
D01329,7,200.75,2.6666666666666665
D03941,8,200.70000000000002,3.0
D01920,10,200.63,3.3333333333333335
D09907,7,200.63,3.0
D09446,10,200.61,4.5
D03809,6,200.60999999999999,3.5
D05140,7,200.59,5.0
D05884,6,200.56,2.5
D00917,10,200.51999999999998,2.0
D03977,7,200.5,3.5
D00935,9,200.45999999999998,3.25
D06324,6,200.45000000000002,3.5
D07581,7,200.42,4.5
D05272,11,200.40999999999997,1.75
D00850,6,200.34000000000003,3.25
D05812,5,200.33999999999997,4.0
D09810,8,200.23999999999998,2.0
D08236,7,200.16,1.5
D02197,10,200.15,2.3333333333333335
D02159,9,200.11,2.6666666666666665
D05363,6,200.03,2.0
D05901,9,200.01999999999998,2.0
D07211,6,199.99,3.6666666666666665
D05179,7,199.98000000000002,
D00185,8,199.98,1.0
D02802,6,199.96999999999997,4.0
D08521,8,199.91,1.0
D02866,9,199.88,1.5
D08078,10,199.83,3.0
D01733,8,199.82,3.5
D06098,12,199.77,4.0
D09331,9,199.74000000000004,3.0
D04920,8,199.69000000000003,3.8333333333333335
D09125,6,199.67000000000002,1.5
D02166,7,199.67000000000002,2.6666666666666665
D04735,8,199.65,2.5
D04085,8,199.62,3.0
D06712,8,199.51,2.5
D09817,5,199.47000000000003,3.3333333333333335
D03444,9,199.45999999999998,2.0
D00791,9,199.42,2.75
D08635,7,199.42,1.0
D08097,8,199.39000000000001,3.5
D05545,5,199.37000000000003,4.0
D02953,6,199.3,3.0
D07672,6,199.29000000000002,2.0
D05741,7,199.28,3.0
D00366,8,199.23,3.5
D08347,8,199.2,2.5
D03437,5,199.13000000000002,1.0
D04161,6,199.09,5.0
D06675,9,199.07000000000002,2.6666666666666665
D00459,8,199.02,2.25
D04247,6,198.99,1.0
D08598,9,198.88,2.0
D07847,7,198.86,1.5
D04342,7,198.82999999999998,2.3333333333333335
D02445,10,198.81,3.3333333333333335
D06894,7,198.70999999999998,4.0
D02972,11,198.66,3.0
D03292,7,198.60000000000002,4.0
D07483,6,198.59,5.0
D09098,11,198.58,3.2
D03847,8,198.57999999999998,2.0
D01335,7,198.56,2.5
D03675,8,198.54999999999998,
D00022,7,198.53,2.0
D04114,8,198.52999999999997,3.3333333333333335
D07443,5,198.46,4.0
D04972,8,198.35000000000002,4.0
D08511,11,198.32999999999998,4.0
D01131,9,198.31,2.6
D07072,11,198.26999999999998,2.5
D08967,9,198.26000000000002,3.5
D04782,9,198.26,5.0
D05327,10,198.24,3.6666666666666665
D09732,6,198.22,4.5
D01159,7,198.08999999999997,3.0
D05640,5,198.07000000000002,
D08246,10,198.01999999999998,2.8
D06004,8,197.86,5.0
D07405,10,197.82,2.5
D04864,7,197.82,1.0
D01591,9,197.82,3.0
D00699,9,197.71,4.0
D01734,10,197.65,3.25
D00377,9,197.65,2.5
D03990,6,197.64000000000001,3.0
D06460,7,197.63,
D08671,9,197.60999999999999,1.3333333333333333
D05018,9,197.57999999999998,2.5
D09423,11,197.55999999999997,1.0
D00423,9,197.48000000000002,3.0
D02122,6,197.43,3.5
D03132,9,197.41,4.0
D00603,9,197.39,3.25
D03197,6,197.27000000000004,5.0
D07806,5,197.24,3.0
D03666,10,197.20999999999998,3.3333333333333335
D04135,8,197.14000000000001,4.0
D01558,9,197.05,2.8333333333333335
D03993,7,196.89,2.0
D07120,11,196.84,2.25
D09641,8,196.83,2.5
D00945,7,196.77999999999997,1.6666666666666667
D09682,8,196.76999999999998,2.5
D00165,7,196.76000000000002,1.0
D04260,8,196.76,1.5
D07890,7,196.76,1.75
D05202,8,196.74,3.5
D03950,7,196.7,1.0
D02716,9,196.67999999999998,4.0
D02154,12,196.59,2.0
D03228,8,196.58999999999997,3.5
D00334,7,196.57999999999998,3.0
D04199,8,196.56000000000003,3.5
D06907,9,196.54999999999998,3.0
D08178,9,196.53,3.5
D00919,7,196.4,3.0
D09031,8,196.39,4.0
D09536,8,196.35000000000002,2.5
D09887,6,196.35000000000002,2.5
D00768,7,196.31,5.0
D05819,7,196.29,2.0
D09354,10,196.25,2.4
D02698,6,196.20999999999998,2.6666666666666665
D01583,9,196.18,3.0
D06964,7,196.16,2.5
D09434,8,196.16,2.3333333333333335
D09109,10,196.10000000000002,1.0
D06186,6,196.08999999999997,3.0
D05977,10,196.07,1.6
D09192,5,195.98000000000002,5.0
D02211,9,195.9,4.666666666666667
D01319,8,195.85999999999999,2.5
D06356,9,195.85999999999999,2.0
D07321,7,195.79,3.0
D02807,9,195.75,3.0
D00930,8,195.71999999999997,2.5
D06706,8,195.71,1.75
D09412,6,195.71,2.0
D03279,9,195.71,5.0
D02454,9,195.70999999999998,4.25
D03542,9,195.70000000000002,4.0
D07169,6,195.69,3.5
D05821,7,195.6,3.0
D04204,8,195.59,1.0
D05454,8,195.57999999999998,5.0
D09620,7,195.56,1.0
D01974,7,195.55,5.0
D03261,10,195.54999999999998,2.0
D03388,10,195.41000000000003,2.5
D02481,11,195.41000000000003,3.25
D09303,9,195.4,2.6
D07393,6,195.37,1.5
D08510,8,195.36,3.0
D08982,10,195.33999999999997,1.5
D03561,8,195.32999999999998,3.0
D07099,8,195.3,2.75
D05962,7,195.27,3.0
D08638,9,195.26999999999998,3.0
D05753,6,195.26,1.0
D02240,6,195.25,
D07256,8,195.24999999999997,3.3333333333333335
D05597,11,195.23,3.0
D09300,9,195.2,4.0
D09669,7,195.19,2.0
D00961,9,195.18,
D02234,9,195.13,4.0
D06407,5,195.13,3.0
D03317,6,195.08999999999997,3.0
D07223,8,195.0,2.5
D09119,7,194.97,3.0
D08492,7,194.9,2.5
D03270,7,194.76999999999998,1.5
D08721,8,194.75999999999996,3.0
D00630,7,194.74,3.5
D04618,7,194.74,4.0
D06596,9,194.7,2.5
D09476,8,194.59,3.5
D00121,7,194.57,4.0
D05609,6,194.51000000000002,
D02282,9,194.51,3.0
D00901,6,194.48,1.5
D01410,6,194.45,2.0
D08252,6,194.4,3.0
D02633,8,194.39999999999998,2.6666666666666665
D00770,8,194.34999999999997,1.6666666666666667
D00473,7,194.21,4.0
D01665,8,194.12,2.5
D08331,8,194.12,2.5
D04382,5,194.1,2.0
D05752,6,194.08999999999997,4.5
D04100,6,194.07,2.0
D03498,10,194.04999999999998,3.0
D00803,7,193.9,2.0
D04842,8,193.9,2.8
D01470,12,193.89,2.5
D05831,7,193.86,2.5
D00117,8,193.85999999999996,2.0
D01484,8,193.81,1.0
D02560,6,193.7,4.0
D05144,5,193.65,4.0
D07112,7,193.62,1.0
D06006,9,193.6,3.5
D05257,8,193.56,3.3333333333333335
D03641,7,193.51999999999998,4.666666666666667
D00375,5,193.48000000000002,2.75
D04860,8,193.48000000000002,1.5
D09429,9,193.47000000000003,3.3333333333333335
D02257,5,193.45000000000002,2.0
D08928,9,193.44,4.666666666666667
D06957,7,193.43999999999997,4.0
D04865,7,193.35999999999999,1.6666666666666667
D09868,7,193.29,4.0
D07788,6,193.26000000000002,3.25
D01414,6,193.25,4.0
D05138,5,193.2,3.5
D07600,8,193.14000000000001,4.0
D06896,7,193.12,2.5
D03614,12,193.01000000000002,1.75
D05637,9,192.98000000000002,1.5
D01045,9,192.94,3.0
D06259,11,192.92000000000002,2.0
D09674,8,192.91,3.2
D03384,10,192.91,5.0
D07819,8,192.89000000000001,3.75
D01483,8,192.87000000000003,1.0
D05467,8,192.85999999999999,2.8
D03575,7,192.74,2.6666666666666665
D05694,7,192.63000000000002,4.0
D03362,8,192.60999999999999,2.6666666666666665
D00818,6,192.53,1.0
D01526,8,192.51,2.0
D06899,6,192.47,3.3333333333333335
D08420,9,192.42000000000002,2.4
D00327,7,192.42,4.0
D09484,8,192.40999999999997,2.75
D08497,5,192.38000000000002,
D04482,8,192.34999999999997,4.5
D06389,8,192.3,2.5
D08686,5,192.29000000000002,1.5
D04954,7,192.29,3.6666666666666665
D07594,9,192.27999999999997,
D04397,9,192.23,2.4
D07183,8,192.22000000000003,2.0
D03284,9,192.2,2.6666666666666665
D05835,6,192.2,2.5
D03474,6,192.17999999999998,4.5
D04749,7,192.17,2.0
D05145,10,192.16,3.5
D04698,6,192.08,2.0
D03553,7,192.04999999999998,1.75
D06128,8,192.03000000000003,1.6666666666666667
D04197,6,192.02999999999997,3.3333333333333335
D00738,7,191.98000000000002,1.0
D09081,9,191.93,3.5
D06260,8,191.87,
D09534,8,191.83999999999997,3.3333333333333335
D06438,8,191.81,2.3333333333333335
D04362,8,191.79999999999998,1.5
D01822,6,191.69000000000003,4.0
D09395,8,191.60999999999999,2.1666666666666665
D02393,10,191.6,3.5
D07905,8,191.52999999999997,3.0
D06981,12,191.51,3.25
D01644,8,191.45999999999998,2.5
D04561,10,191.44,3.6666666666666665
D06883,10,191.43,2.8
D05724,7,191.43,
D06926,7,191.42,2.0
D00372,8,191.31,1.75
D01610,8,191.3,5.0
D01886,8,191.3,2.5
D09689,7,191.28000000000003,4.0
D09894,6,191.26999999999998,4.0
D06053,7,191.26999999999998,1.75
D06437,7,191.26,2.6
D02853,8,191.24,2.25
D02355,11,191.14,3.0
D02323,6,191.06,3.3333333333333335
D04894,9,191.06,3.0
D07851,6,191.01000000000002,4.5
D06151,8,191.01,2.3333333333333335
D06608,8,191.0,3.0
D06090,8,190.97,3.0
D02057,5,190.95,5.0
D03661,7,190.94,2.5
D06193,7,190.92000000000002,
D02628,7,190.89,4.0
D01091,8,190.88,4.25
D05285,8,190.87,2.0
D05303,8,190.85000000000002,3.0
D06352,8,190.84000000000003,4.5
D02326,7,190.82,3.0
D09052,9,190.8,2.0
D04565,8,190.78999999999996,3.6666666666666665
D01116,7,190.70999999999998,2.5
D05148,7,190.70000000000002,4.0
D09815,8,190.64,3.5
D02235,11,190.62,3.4
D06397,8,190.54999999999998,2.0
D00468,6,190.54000000000002,3.3333333333333335
D00873,9,190.53000000000003,1.5
D04125,6,190.52,4.0
D08176,8,190.42,5.0
D07871,12,190.4,5.0
D01173,8,190.4,3.0
D05973,10,190.39,3.25
D07728,7,190.35999999999999,2.0
D03913,7,190.33999999999997,4.0
D00167,10,190.32,
D05969,10,190.3,3.25
D04192,10,190.3,3.0
D09770,6,190.26,3.0
D07039,7,190.23000000000002,2.6666666666666665
D00821,7,190.17,3.0
D06967,6,190.15,4.5
D09782,8,190.15,1.6666666666666667
D09401,6,190.1,3.6666666666666665
D06783,6,190.09000000000003,2.0
D06634,7,190.04999999999998,5.0
D09686,8,189.96,
D07397,9,189.91,4.166666666666667
D07612,8,189.9,2.6666666666666665
D01291,10,189.89000000000001,2.5
D05398,7,189.89,1.5
D01601,8,189.86,3.5
D08582,7,189.82,2.0
D02697,8,189.81,4.0
D04262,9,189.76,3.0
D00232,8,189.74999999999997,4.5
D04967,10,189.72,2.5
D08191,6,189.72,5.0
D07867,10,189.68999999999997,4.25
D02087,9,189.63,3.5
D09606,10,189.62000000000003,2.0
D00800,11,189.62,5.0
D07518,8,189.62,3.6666666666666665
D02723,10,189.57,3.6666666666666665
D00086,7,189.57,1.5
D07287,7,189.53,1.5
D03056,8,189.51,2.0
D05127,8,189.5,2.6
D02527,9,189.43,3.0
D03711,9,189.42000000000002,2.0
D00064,5,189.41000000000003,3.3333333333333335
D04520,8,189.3,2.0
D00115,7,189.28,3.6666666666666665
D03785,7,189.22,4.0
D05542,7,189.22,4.0
D02699,6,189.21,3.0
D06253,5,189.19,3.0
D03146,8,189.16,2.3333333333333335
D04020,6,189.1,
D02808,7,189.06,2.0
D08691,7,189.05,2.0
D06492,7,189.04000000000002,2.0
D04707,6,188.84000000000003,1.0
D01863,6,188.82999999999998,1.0
D09227,6,188.76,2.0
D09378,6,188.73000000000002,3.0
D01761,9,188.67999999999998,3.0
D09794,7,188.63,5.0
D03023,7,188.61999999999998,3.0
D08834,5,188.60999999999999,
D03814,9,188.58999999999997,2.0
D08212,8,188.51999999999998,4.5
D08527,11,188.51,3.75
D05581,6,188.47,5.0
D00897,8,188.47,3.3333333333333335
D07373,6,188.45999999999998,3.0
D04502,8,188.44,2.0
D00673,6,188.42000000000002,4.0
D06533,9,188.38,2.2
D00164,9,188.31,2.0
D09998,8,188.29000000000002,2.5
D05061,6,188.28999999999996,2.0
D08496,5,188.25,3.5
D08381,11,188.20000000000002,3.6666666666666665
D06149,8,188.18,3.6666666666666665
D05075,7,188.14,3.0
D03136,9,188.14,5.0
D03811,9,188.11,3.25
D06212,8,188.10000000000002,
D04969,8,188.1,2.0
D07470,8,188.09,3.3333333333333335
D01657,6,188.07000000000002,4.0
D02001,5,188.07,1.5
D07225,10,188.06,4.5
D06295,6,188.06,2.6666666666666665
D02126,9,188.04000000000002,3.3333333333333335
D02222,8,187.93,3.5
D06963,6,187.91,
D01995,8,187.76999999999998,4.0
D03030,7,187.72,2.25
D03374,7,187.72,3.0
D07839,9,187.71,4.666666666666667
D09417,7,187.69,3.0
D03426,10,187.59,2.5
D04640,7,187.56,3.0
D06646,7,187.56,2.6666666666666665
D09825,7,187.5,2.6666666666666665
D00982,9,187.49,4.0
D02624,6,187.45000000000002,3.0
D00943,9,187.44,3.0
D03076,9,187.4,2.8
D04181,7,187.39000000000001,4.5
D08868,8,187.33,3.6666666666666665
D09451,10,187.31,4.5
D05132,7,187.31,4.0
D07991,10,187.26999999999998,1.3333333333333333
D03187,8,187.25,3.0
D03495,8,187.15,2.0
D09928,8,187.13,5.0
D07414,7,187.12,2.0
D02854,10,187.07,3.6666666666666665
D03112,7,187.06,1.5
D09642,11,187.01,2.0
D07948,6,187.0,2.5
D06321,7,186.97000000000003,2.6666666666666665
D02658,6,186.97,2.0
D00183,7,186.95999999999998,5.0
D02067,5,186.93,5.0
D07663,9,186.92000000000002,3.0
D03305,6,186.91000000000003,4.0
D05907,7,186.85999999999999,3.0
D08632,8,186.83999999999997,1.6666666666666667
D06204,8,186.8,1.0
D05693,6,186.74,5.0
D01459,7,186.70999999999998,2.0
D05313,6,186.7,2.5
D03149,5,186.64999999999998,5.0
D02910,8,186.63,2.6
D07040,9,186.57,2.6666666666666665
D04978,9,186.57,3.0
D01104,6,186.54000000000002,2.6666666666666665
D07026,10,186.49,2.75
D04061,4,186.48,3.0
D08680,7,186.45000000000002,2.25
D08328,7,186.31,3.0
D05009,5,186.27999999999997,2.0
D00369,12,186.23,2.8333333333333335
D05868,11,186.13,4.5
D03668,8,186.06,2.6666666666666665
D04881,9,186.05999999999997,5.0
D00710,8,186.01,3.25
D06406,10,185.98000000000002,5.0
D03987,11,185.95,3.0
D04524,7,185.85,5.0
D06160,6,185.77,3.0
D08023,7,185.73000000000002,
D04011,9,185.70000000000002,3.3333333333333335
D05088,5,185.70000000000002,3.5
D01962,8,185.68,3.0
D00411,8,185.68,3.5
D08389,6,185.64999999999998,4.0
D01153,7,185.61,3.0
D00784,9,185.59000000000003,3.6
D08641,8,185.53000000000003,4.0
D02780,5,185.51999999999998,5.0
D05927,5,185.50000000000003,2.6666666666666665
D04152,7,185.46,3.0
D00482,9,185.43,2.0
D07466,7,185.39999999999998,
D00690,7,185.39000000000001,4.0
D09996,9,185.38,1.0
D01750,4,185.31,
D00743,10,185.22,2.2
D04832,8,185.18,3.5
D06558,7,185.16,1.5
D06229,7,185.15999999999997,3.0
D02316,8,185.13,
D05806,7,185.1,4.0
D05846,8,185.1,1.5
D08644,5,185.08,
D08709,9,185.05,3.0
D01328,4,185.03,3.0
D07189,6,185.00000000000003,3.0
D08519,7,184.97,4.5
D09914,5,184.87,1.0
D04699,8,184.8,2.6666666666666665
D02340,5,184.79,4.5
D03767,9,184.77,
D02168,8,184.58,3.0
D06999,6,184.56,2.25
D01784,6,184.51999999999998,2.3333333333333335
D01177,9,184.47,3.5
D01969,7,184.45000000000002,3.6666666666666665
D07947,9,184.44000000000003,4.0
D07048,8,184.41,5.0
D09494,8,184.36,4.0
D04447,6,184.22000000000003,2.3333333333333335
D06353,10,184.09,4.0
D08101,7,184.05,4.0
D03129,7,184.02,4.5
D01676,6,184.01999999999998,3.5
D01054,7,183.94,3.5
D03804,12,183.88,2.0
D03294,7,183.85999999999999,3.3333333333333335
D08321,8,183.85,2.0
D05956,7,183.8,
D08786,7,183.77,2.0
D05043,7,183.75000000000003,5.0
D05284,7,183.73,2.0
D08787,6,183.71,2.0
D09764,7,183.70999999999998,3.5
D06991,7,183.67000000000002,1.5
D04437,9,183.67000000000002,2.0
D00017,7,183.64999999999998,3.5
D06833,8,183.57999999999998,1.0
D05443,11,183.53000000000003,3.0
D07313,6,183.5,3.0
D04378,7,183.47000000000003,5.0
D08981,5,183.43,5.0
D07335,4,183.43,
D02351,8,183.42000000000002,2.6666666666666665
D01612,8,183.41,2.2
D06614,6,183.41,5.0
D08120,6,183.25,2.3333333333333335
D09219,7,183.24,2.75
D00750,8,183.2,4.0
D04301,10,183.14999999999998,3.75
D05177,8,183.14,3.5
D08977,8,183.10000000000002,1.0
D05042,8,183.09000000000003,4.333333333333333
D05241,8,183.03,
D08326,9,183.01000000000002,4.0
D03069,8,182.96,3.75
D07697,10,182.94,3.3333333333333335
D08346,5,182.93,5.0
D03630,7,182.93,3.0
D08767,7,182.89,3.0
D00925,6,182.89,3.5
D00253,6,182.86999999999998,
D02266,7,182.82000000000002,2.0
D04007,8,182.79,4.0
D05651,9,182.73999999999998,
D02922,8,182.73000000000002,4.0
D01606,8,182.71999999999997,4.0
D08474,6,182.67000000000002,3.0
D07582,9,182.66,3.5
D09266,7,182.66,5.0
D03009,5,182.54000000000002,2.25
D04517,8,182.53,3.0
D07400,7,182.52,1.5
D04035,9,182.51999999999998,3.0
D08421,8,182.47000000000003,4.25
D03856,6,182.39999999999998,1.3333333333333333
D00636,8,182.38,3.0
D05376,5,182.37,2.0
D00621,6,182.36,2.0
D05321,5,182.26,4.0
D02919,9,182.23000000000002,2.75
D03499,5,182.22,1.0
D05530,10,182.21,3.0
D00201,8,182.2,4.666666666666667
D00828,9,182.19,
D09832,7,182.18,3.0
D07977,6,182.17,3.0
D07056,7,182.07,1.0
D00160,8,182.07,2.0
D03639,8,181.99,2.6666666666666665
D03087,7,181.88,1.5
D06021,9,181.87,3.6666666666666665
D07391,6,181.82,5.0
D07563,8,181.77,2.5
D07637,7,181.69,2.0
D09899,8,181.61,2.0
D06750,7,181.59,3.0
D01260,6,181.58,2.6666666666666665
D01136,6,181.49,5.0
D09435,8,181.48000000000002,3.0
D03573,7,181.47,3.0
D06198,8,181.44,3.5
D02896,9,181.43,3.5
D07796,7,181.38,2.3333333333333335
D05972,9,181.35000000000002,4.0
D09334,11,181.33999999999997,2.5
D09222,8,181.32,4.0
D05212,6,181.31,2.0
D07219,6,181.28000000000003,3.0
D03036,10,181.26,3.0
D03819,6,181.25,
D03880,10,181.20000000000002,4.0
D09999,6,181.18,1.25
D02224,8,181.1,3.6666666666666665
D07486,7,181.1,
D08407,4,181.07999999999998,3.0
D09913,6,180.96,4.0
D03691,7,180.76999999999998,4.333333333333333
D04095,10,180.76000000000002,2.0
D04893,6,180.76,
D05575,7,180.75,3.5
D06161,8,180.70999999999998,2.0
D09603,7,180.65,4.0
D07789,7,180.64999999999998,3.6666666666666665
D06451,9,180.52999999999997,
D05118,10,180.51,2.8
D03899,6,180.48000000000002,1.0
D08930,8,180.46,1.5
D02104,7,180.43,3.5
D07557,6,180.20000000000002,5.0
D03424,6,180.17000000000002,3.3333333333333335
D09164,7,180.13,4.0
D09195,7,180.10000000000002,1.0
D04355,7,180.09,
D08363,8,180.08,2.8333333333333335
D08269,7,180.06,
D00874,7,180.04,
D08224,8,179.92000000000002,3.0
D05932,5,179.91999999999996,2.75
D09459,6,179.91,3.0
D03869,10,179.89,4.25
D06376,8,179.89,4.5
D08024,7,179.79000000000002,2.5
D03128,8,179.7,1.5
D00626,9,179.62,2.6666666666666665
D06465,6,179.61,2.4
D06984,7,179.53,3.5
D09735,9,179.39999999999998,3.5
D03712,7,179.38,3.0
D00840,6,179.35999999999999,4.5
D05421,10,179.33999999999997,1.0
D04265,5,179.25,
D02317,4,179.25,2.6666666666666665
D08952,7,179.22,4.333333333333333
D08659,7,179.20999999999998,2.3333333333333335
D06805,8,179.20000000000002,1.6666666666666667
D04527,11,179.2,2.0
D06961,8,179.19,3.0
D09643,4,179.15,1.5
D04515,6,179.14999999999998,1.0
D09605,7,179.14000000000001,2.0
D01085,9,179.13,1.75
D08513,9,178.99,3.0
D00525,5,178.93,3.5
D09658,9,178.89,4.0
D09405,5,178.88,
D07162,6,178.87,3.0
D00674,9,178.8,2.0
D04563,9,178.70000000000002,4.0
D03410,12,178.68,3.0
D08414,5,178.67000000000002,3.0
D00804,4,178.67,3.0
D04784,6,178.57999999999998,4.0
D04316,9,178.55,1.6666666666666667
D05760,8,178.51999999999998,2.5
D05322,11,178.5,3.25
D08904,6,178.49,4.0
D02956,9,178.47,2.6666666666666665
D02074,7,178.46999999999997,3.0
D04042,9,178.43999999999997,3.0
D03152,10,178.42000000000002,4.5
D00634,9,178.39,3.0
D08431,7,178.39,2.3333333333333335
D05666,7,178.38,5.0
D06188,5,178.35,3.5
D03762,6,178.32999999999998,2.3333333333333335
D09096,7,178.32000000000002,3.0
D05755,7,178.23,5.0
D08238,11,178.18,1.6666666666666667
D05143,7,178.12,2.3333333333333335
D06576,8,178.04999999999998,3.6666666666666665
D05562,11,178.0,3.2
D01495,6,177.98999999999998,3.0
D09956,9,177.91000000000003,4.5
D01037,7,177.88000000000002,5.0
D04666,7,177.88,4.0
D01662,5,177.77,3.5
D04029,7,177.71,3.3333333333333335
D04882,6,177.58,3.0
D01269,6,177.56,4.0
D08570,8,177.53,3.0
D09410,7,177.5,3.3333333333333335
D08984,6,177.48,5.0
D07676,7,177.46999999999997,3.25
D04647,7,177.46999999999997,1.0
D02020,7,177.41,2.0
D07252,10,177.37,4.0
D00906,8,177.35,1.6666666666666667
D09038,8,177.29,1.3333333333333333
D03998,8,177.21999999999997,2.0
D09952,7,177.21999999999997,2.3333333333333335
D08235,9,177.18,2.0
D04600,7,177.18,1.0
D04320,6,177.17000000000002,4.0
D05021,7,177.14,5.0
D05268,7,177.13,4.333333333333333
D05985,7,176.99,2.75
D07138,9,176.94,3.0
D06141,7,176.88,1.5
D03050,7,176.84,5.0
D00807,8,176.79,3.0
D01991,5,176.74,3.6666666666666665
D06341,9,176.73,2.0
D05656,8,176.69,1.5
D04643,7,176.63,1.0
D02437,8,176.62,3.5
D07381,8,176.62,2.5
D04375,5,176.51999999999998,
D05232,6,176.47,1.5
D07255,8,176.47,3.6666666666666665
D02579,11,176.41,3.3333333333333335
D01253,8,176.39000000000001,3.0
D07087,11,176.33,
D00536,6,176.32999999999998,
D02730,8,176.29,4.0
D00619,9,176.27,2.6666666666666665
D00031,8,176.2,2.0
D08005,8,176.19000000000003,3.0
D00123,8,176.17000000000002,3.5
D05750,7,176.01,2.5
D06169,8,175.98,
D04361,6,175.95999999999998,2.0
D03353,10,175.8,3.0
D04863,9,175.8,3.0
D07342,7,175.79999999999998,3.6
D04525,8,175.72,5.0
D05150,6,175.71000000000004,
D02647,9,175.67,3.25
D09491,5,175.57,
D08509,8,175.56,5.0
D04038,7,175.55000000000004,3.5
D02680,8,175.54,3.2
D00148,7,175.51999999999998,3.0
D07813,8,175.49,4.333333333333333
D04741,7,175.43,4.0
D09107,10,175.42000000000002,3.0
D06155,6,175.39999999999998,2.0
D03140,9,175.37,4.25
D07732,6,175.34,3.0
D08091,11,175.29,3.5
D05114,10,175.28,2.3333333333333335
D03943,8,175.26000000000002,3.25
D02169,4,175.26,5.0
D00773,6,175.25,3.0
D03145,9,175.24999999999997,1.8
D05937,8,175.17000000000002,4.333333333333333
D05384,9,175.11999999999998,2.8
D04669,6,175.11,4.0
D04772,6,175.05,
D06743,6,175.05,4.0
D08076,7,175.01999999999998,3.6666666666666665
D00387,7,175.01,2.6666666666666665
D01691,7,175.00000000000003,4.0
D09392,7,174.95999999999998,3.5
D06153,8,174.89,3.5
D03234,8,174.77,2.75
D06564,8,174.69,2.5
D06017,6,174.67000000000002,3.5
D04253,8,174.62,
D02392,6,174.62,4.0
D05059,6,174.62,4.0
D02289,7,174.61,3.0
D04134,5,174.58999999999997,3.5
D06138,6,174.57999999999998,4.0
D02004,8,174.57,2.0
D08333,6,174.51000000000002,3.0
D04501,6,174.51000000000002,3.5
D00528,7,174.46,3.0
D09342,8,174.39,2.75
D04713,4,174.37,1.5
D02362,3,174.34,3.0
D09580,7,174.32,1.75
D04989,7,174.28,
D02299,9,174.24,3.6666666666666665
D08956,8,174.14,3.25
D04356,8,174.11,1.5
D00406,7,174.09,4.0
D02880,7,174.04,3.6666666666666665
D07025,9,174.02,3.0
D04049,9,173.96,1.3333333333333333
D03706,9,173.96,2.0
D09698,8,173.90000000000003,3.5
D06346,4,173.89,
D09104,8,173.76000000000002,1.0
D04884,8,173.75,2.5
D02752,6,173.74,5.0
D05317,7,173.73,1.0
D00625,6,173.72,1.0
D06404,8,173.68,2.0
D09101,7,173.64,1.0
D02818,8,173.62,5.0
D03434,7,173.55,5.0
D09041,7,173.53,
D08784,7,173.47000000000003,2.0
D08801,6,173.47,5.0
D02763,10,173.42000000000002,2.6666666666666665
D02518,7,173.41,2.75
D01788,8,173.39,3.0
D05274,6,173.38,2.0
D07829,6,173.29999999999998,4.0
D02250,6,173.27,2.5
D01716,7,173.12,
D04845,9,173.1,5.0
D04334,8,172.90000000000003,2.0
D03328,5,172.9,3.0
D05823,6,172.9,4.0
D07093,9,172.89000000000001,2.75
D02583,7,172.85000000000002,2.6666666666666665
D07519,5,172.85,3.5
D06394,7,172.82,3.5
D05259,7,172.79,
D01219,8,172.75,4.666666666666667
D03169,6,172.72,
D07233,5,172.72,2.5
D01572,7,172.69,3.0
D09312,7,172.68,4.333333333333333
D03089,9,172.58999999999997,4.0
D00755,9,172.5,3.3333333333333335
D08553,10,172.46,5.0
D03906,10,172.45,2.0
D04852,5,172.43,
D07203,10,172.32,3.25
D09581,8,172.2,
D06904,6,172.13,2.0
D06666,7,172.10000000000002,
D00716,5,172.10000000000002,3.5
D04139,7,172.08,4.0
D03787,6,172.07999999999998,2.0
D03963,10,172.06,3.0
D05210,9,171.99000000000004,4.0
D08535,6,171.99,2.3333333333333335
D00112,5,171.95,4.0
D05576,10,171.93,3.5
D07895,6,171.89999999999998,
D03046,4,171.79999999999998,5.0
D04398,8,171.77999999999997,1.0
D03850,5,171.73000000000002,1.0
D06668,9,171.61,3.5
D09438,7,171.60000000000002,4.333333333333333
D03263,8,171.45000000000002,5.0
D00182,9,171.39999999999998,2.6666666666666665
D00598,7,171.37,2.0
D02774,8,171.35,3.0
D09757,6,171.28,3.0
D09598,5,171.16,2.0
D02817,7,171.14999999999998,4.0
D05269,7,171.1,4.0
D01509,7,171.09,2.0
D03737,8,171.07999999999998,4.0
D09152,10,171.04,5.0
D07671,5,170.99,
D05631,6,170.97,1.6666666666666667
D00949,8,170.96000000000004,3.6666666666666665
D09436,5,170.89,3.0
D03420,7,170.88,3.5
D07122,7,170.88,2.0
D03003,9,170.86,3.6666666666666665
D02520,6,170.82999999999998,4.0
D08724,10,170.8,5.0
D01632,7,170.8,1.0
D00825,9,170.65,4.333333333333333
D02744,8,170.6,3.0
D01582,7,170.6,4.0
D09069,6,170.59,3.5
D05671,7,170.55,4.666666666666667
D08098,8,170.54,3.6666666666666665
D00686,7,170.52999999999997,1.0
D02360,6,170.51000000000002,2.0
D09523,5,170.51,1.0
D09619,7,170.48,5.0
D01949,9,170.44,1.3333333333333333
D07755,9,170.38000000000002,2.0
D08092,6,170.38,2.5
D09953,9,170.35999999999999,3.0
D07214,8,170.32999999999998,4.0
D02563,8,170.32000000000002,
D07426,8,170.26999999999998,4.0
D06220,11,170.18,2.0
D00435,7,170.1,4.0
D06167,5,170.01,3.3333333333333335
D03195,5,169.93,
D06721,7,169.85,2.0
D01266,8,169.83,5.0
D00365,7,169.8,4.333333333333333
D06796,5,169.75,4.0
D04267,9,169.57999999999998,3.3333333333333335
D07244,4,169.43999999999997,2.0
D04026,7,169.41,3.5
D06749,7,169.35,2.0
D09427,8,169.27999999999997,4.0
D09165,8,169.27,2.0
D04280,6,169.16000000000003,3.0
D00500,6,169.12,1.0
D00726,6,169.10000000000002,4.0
D03864,6,169.07999999999998,3.0
D09709,8,169.07,2.0
D06881,8,169.06,3.6666666666666665
D09185,8,169.06,2.5
D03476,9,168.99,3.5
D01452,8,168.84,3.0
D05585,6,168.76999999999998,4.0
D04266,6,168.76999999999998,3.0
D02577,5,168.74,
D04817,7,168.72,3.0
D07877,6,168.72,2.25
D07775,5,168.70999999999998,1.0
D00612,8,168.70000000000002,3.0
D00509,6,168.60000000000002,3.0
D01044,8,168.6,2.3333333333333335
D08561,7,168.57999999999998,2.6666666666666665
D09519,7,168.53,3.5
D01639,8,168.51000000000002,3.5
D07319,6,168.5,2.0
D07144,5,168.47000000000003,
D00203,8,168.36999999999998,3.0
D09990,7,168.35999999999999,4.0
D02584,7,168.34,
D08809,7,168.34,3.0
D01099,5,168.31,5.0
D08325,7,168.27,4.0
D04799,7,168.22000000000003,2.0
D02274,10,168.19,3.0
D01162,7,168.11,2.5
D06025,8,168.10000000000002,4.5
D07433,8,168.06,3.4
D08059,9,168.06,2.5
D03828,5,168.0,
D06277,5,168.0,2.0
D05113,9,167.98,4.0
D02891,7,167.88,4.0
D01615,8,167.87,2.0
D04111,6,167.86,3.5
D05789,8,167.84,5.0
D08682,8,167.83,
D04102,7,167.70999999999998,
D04292,8,167.70000000000002,2.0
D07848,5,167.66000000000003,3.0
D01444,7,167.64,1.0
D03929,6,167.60999999999999,3.0
D09685,6,167.57,3.75
D04241,8,167.52,4.0
D04006,10,167.51,4.0
D01166,5,167.5,2.6666666666666665
D08194,6,167.42000000000002,2.0
D06111,9,167.37,3.0
D01474,7,167.31000000000003,3.0
D04628,7,167.31,
D08912,9,167.28,2.6666666666666665
D06189,8,167.25,1.3333333333333333
D00540,6,167.19,1.0
D08985,7,167.18,3.0
D06542,6,167.17000000000002,
D09430,7,167.04999999999998,2.0
D06177,8,166.92000000000002,2.0
D06975,7,166.91000000000003,2.5
D04409,6,166.91,4.0
D09350,6,166.89,2.0
D02151,5,166.86,5.0
D09681,7,166.84,
D07496,6,166.79000000000002,4.0
D08697,6,166.74,2.0
D04412,7,166.74,2.0
D02995,6,166.72,1.3333333333333333
D02852,11,166.66,3.25
D03229,10,166.40000000000003,2.0
D05828,10,166.35999999999999,3.5
D06252,7,166.26000000000002,1.0
D07617,8,166.24999999999997,2.3333333333333335
D00349,6,166.22,3.5
D08294,7,166.21999999999997,2.5
D04274,5,166.17000000000002,3.3333333333333335
D08385,7,166.15,2.6666666666666665
D05258,8,166.07999999999998,3.0
D04559,6,165.89,5.0
D03364,8,165.88000000000002,2.3333333333333335
D09309,5,165.78,
D02395,6,165.76,2.0
D07564,6,165.71,4.0
D05558,5,165.68,
D09202,6,165.66,2.0
D04576,4,165.60000000000002,
D07937,5,165.57000000000002,3.25
D00722,7,165.55999999999997,4.0
D02565,6,165.53000000000003,5.0
D04674,8,165.51000000000002,5.0
D09559,9,165.4,1.2
D08764,5,165.39,3.3333333333333335
D07440,8,165.36,2.5
D00824,7,165.29000000000002,4.0
D05754,7,165.24,3.0
D03014,6,165.20000000000002,2.5
D05720,8,165.18,2.3333333333333335
D02452,7,165.14,3.5
D02449,8,165.07000000000002,2.3333333333333335
D03883,11,165.04,3.0
D07215,4,165.01999999999998,5.0
D04689,5,164.96,2.3333333333333335
D01334,7,164.93,2.0
D06619,6,164.83,
D00645,7,164.73,4.5
D00707,9,164.60000000000002,3.6666666666666665
D05381,8,164.53000000000003,2.5
D07897,7,164.52,3.0
D09528,6,164.26,2.25
D08590,8,164.18,3.0
D02164,7,164.18,1.6666666666666667
D02607,9,164.10999999999999,5.0
D02158,5,164.09,3.0
D06606,9,164.08,2.3333333333333335
D08468,7,164.03000000000003,1.0
D06293,8,163.99,3.75
D01790,7,163.95,4.0
D07545,6,163.94,4.666666666666667
D01539,8,163.92,2.0
D05634,9,163.83,3.5
D01519,6,163.82999999999998,2.0
D01500,8,163.82,
D06113,6,163.82,3.3333333333333335
D03648,5,163.77999999999997,2.6666666666666665
D01537,6,163.75,2.6666666666666665
D06431,6,163.62,1.0
D05678,7,163.59,3.0
D08620,8,163.57,3.0
D02014,7,163.57,4.0
D07432,6,163.47,2.3333333333333335
D03547,6,163.41,1.5
D06261,7,163.35000000000002,3.0
D06040,7,163.29,3.4
D02039,8,163.24,4.0
D00544,8,163.20999999999998,2.3333333333333335
D07153,5,163.20000000000002,3.25
D04115,6,163.18,
D06182,5,163.17,4.0
D06603,6,163.04000000000002,
D01376,9,162.94,3.8
D00145,9,162.93,3.0
D05788,6,162.79,3.5
D09063,6,162.76999999999998,
D05918,6,162.7,
D02552,5,162.67000000000002,3.6666666666666665
D07799,9,162.65,1.5
D02027,4,162.64000000000001,2.5
D00867,7,162.64000000000001,3.0
D08369,7,162.63,
D01963,7,162.51999999999998,1.0
D03874,6,162.51,3.6666666666666665
D08251,8,162.38,5.0
D03935,8,162.21999999999997,2.5
D08458,7,162.07,3.5
D04309,6,162.03,3.0
D00748,9,161.84,
D01339,6,161.81,3.0
D04897,7,161.72,3.5
D02075,9,161.68,3.25
D00098,5,161.61999999999998,4.0
D01156,10,161.48000000000002,3.5
D00206,6,161.34,3.0
D05417,7,161.29,3.0
D08253,7,161.29,3.3333333333333335
D08532,8,161.29,2.5
D02212,7,161.26,3.0
D03137,5,161.17000000000002,3.0
D05992,6,161.10999999999999,2.3333333333333335
D07567,9,161.10999999999996,3.25
D03815,5,161.1,2.0
D08500,6,161.07999999999998,1.5
D03796,7,161.02999999999997,4.25
D02571,7,161.0,3.3333333333333335
D02415,8,160.95,2.5
D05521,7,160.9,
D06118,6,160.86,3.0
D07963,7,160.82999999999998,3.3333333333333335
D09291,11,160.81,4.4
D05196,5,160.73000000000002,4.0
D04148,8,160.71,1.0
D04566,8,160.7,4.666666666666667
D01627,5,160.66999999999996,1.0
D06086,6,160.58,2.75
D03710,7,160.51,2.75
D05953,6,160.44,3.5
D09418,9,160.42000000000002,3.0
D04071,6,160.39999999999998,1.0
D07700,6,160.35,1.0
D06192,4,160.34,
D08400,7,160.32999999999998,3.0
D07899,7,160.32,3.0
D06601,5,160.29,5.0
D01279,5,160.28,3.0
D01267,7,160.24,3.0
D09833,4,160.21,1.0
D04193,8,160.19,3.0
D09126,4,160.10000000000002,
D04202,5,160.08,2.5
D08137,8,160.01999999999998,2.0
D04801,6,159.95,
D00886,5,159.69,2.0
D09153,6,159.64999999999998,2.6666666666666665
D03971,8,159.63,1.0
D07809,7,159.63,3.3333333333333335
D05592,6,159.51,3.75
D09088,8,159.46,4.75
D06650,5,159.44,2.3333333333333335
D01412,11,159.39,2.75
D04806,9,159.32999999999998,3.0
D06872,8,159.29,3.75
D09409,8,159.29,3.0
D02403,9,159.27,3.5
D04034,6,159.25,3.5
D09962,6,159.21,1.5
D09150,5,159.18,3.0
D07648,9,159.15,2.0
D01690,8,159.12,1.0
D01496,9,159.01,3.3333333333333335
D02957,9,158.98999999999998,2.25
D03594,10,158.89,4.333333333333333
D04198,6,158.87,3.0
D01090,7,158.77,3.5
D06994,7,158.74,3.75
D09295,7,158.70000000000002,4.75
D06301,7,158.7,3.0
D07145,8,158.64,3.3333333333333335
D05660,6,158.62,1.0
D03515,8,158.38,4.0
D07376,7,158.35000000000002,2.0
D08013,6,158.32999999999998,3.0
D04393,7,158.29999999999998,3.6666666666666665
D07358,6,158.29000000000002,3.5
D06982,5,158.19,4.5
D07828,9,158.14999999999998,4.0
D09557,6,158.07999999999998,2.0
D00520,7,158.07,3.4
D06171,7,158.05,2.3333333333333335
D09113,6,158.05,2.6666666666666665
D04236,5,158.04000000000002,4.0
D06798,7,157.95,3.0
D04494,5,157.88,5.0
D01170,6,157.87,3.0
D01973,7,157.77,4.5
D08115,7,157.69,2.0
D06575,5,157.56,4.0
D09912,6,157.55,4.0
D05950,8,157.54,2.5
D09716,10,157.49,2.5
D07222,4,157.49,
D01080,6,157.46,3.3333333333333335
D09010,7,157.36,3.0
D03464,6,157.36,4.0
D04344,6,157.33,3.5
D08995,5,157.31,3.0
D00303,6,157.31,3.0
D07195,8,157.28000000000003,4.5
D03351,6,157.24,3.3333333333333335
D02884,9,157.21999999999997,3.25
D04673,7,157.03,3.0
D05507,5,157.01,
D03363,7,156.97,3.0
D00957,6,156.87,4.0
D07536,9,156.85,4.0
D09818,7,156.74,4.0
D03876,4,156.64999999999998,3.0
D07556,7,156.57,4.666666666666667
D03722,5,156.51000000000002,4.0
D04678,6,156.49,3.0
D07933,6,156.47,1.0
D03480,9,156.44,3.0
D08842,8,156.4,4.0
D07297,8,156.39,4.0
D04683,8,156.21,
D01181,8,156.19000000000003,3.0
D03047,8,156.16,2.0
D02150,4,156.14999999999998,
D06268,7,156.14,1.0
D09252,5,156.12,3.0
D03616,11,156.11,
D08803,6,156.10999999999999,3.5
D01297,6,156.09,3.5
D01837,10,156.01,3.0
D02142,6,155.97,3.0
D01645,7,155.96,3.0
D00708,4,155.93,4.0
D05804,6,155.87,2.0
D04906,8,155.84,2.5
D04194,7,155.83,3.0
D07261,4,155.8,5.0
D09431,5,155.66,3.0
D02162,6,155.56,2.0
D04730,6,155.55,3.3333333333333335
D02525,7,155.53,3.0
D05698,6,155.26000000000002,4.0
D07530,5,155.26,2.0
D06033,7,155.22,5.0
D01070,6,155.17000000000002,4.0
D05372,8,155.16,3.5
D09236,6,155.13000000000002,4.5
D05485,7,155.10000000000002,1.3333333333333333
D09049,8,155.1,2.3333333333333335
D08482,5,155.09,3.0
D06163,9,155.04,2.3333333333333335
D04370,9,155.03,1.5
D04483,6,154.95000000000002,5.0
D00838,6,154.93,
D03144,6,154.89,3.0
D00071,4,154.88,
D06802,8,154.86,5.0
D03127,8,154.84,3.0
D01100,7,154.81,3.0
D08851,9,154.81,2.0
D02404,9,154.76999999999998,4.0
D09543,5,154.76,2.75
D05402,5,154.57,5.0
D02587,7,154.54999999999998,4.0
D02182,6,154.54,2.5
D06123,9,154.52,2.6666666666666665
D05014,7,154.47000000000003,2.5
D08459,5,154.46,2.0
D08747,7,154.43,1.0
D00060,8,154.43,5.0
D04455,9,154.26,2.5
D05412,8,154.20999999999998,5.0
D07615,9,154.08999999999997,5.0
D09988,7,154.07999999999998,
D01466,8,154.07,2.5
D07993,6,153.92000000000002,3.3333333333333335
D07517,6,153.83999999999997,4.0
D09099,6,153.78000000000003,3.0
D00923,8,153.76,1.0
D03651,6,153.73,3.5
D08307,9,153.72,4.0
D09215,6,153.69000000000003,3.3333333333333335
D02674,8,153.68,2.3333333333333335
D05704,6,153.62,2.0
D02399,5,153.57,
D08571,5,153.57,4.0
D02688,6,153.54,1.3333333333333333
D09020,7,153.53,4.0
D04187,5,153.53,3.0
D08396,10,153.5,5.0
D09679,5,153.48,3.6666666666666665
D02918,6,153.48,4.0
D08919,5,153.45,1.0
D07716,5,153.41,3.5
D01497,6,153.39,4.0
D07752,9,153.37,3.0
D03382,8,153.37,1.3333333333333333
D09955,8,153.35000000000002,2.3333333333333335
D01960,6,153.33999999999997,3.0
D06428,6,153.24,2.0
D00903,7,153.22000000000003,1.0
D00769,5,153.22,1.5
D05759,9,153.2,1.0
D08730,7,153.18,2.75
D09562,6,153.17000000000002,2.0
D05732,7,153.16,
D06818,7,153.16,4.0
D02634,5,153.12,4.0
D07102,6,153.1,2.6666666666666665
D04645,8,153.1,4.5
D02613,7,153.08,5.0
D05843,6,152.95,3.0
D07361,6,152.88,3.0
D01844,6,152.88,3.0
D01879,9,152.87,2.0
D00744,6,152.84,3.75
D09304,8,152.75,2.5
D00870,8,152.70999999999998,2.0
D03877,5,152.67000000000002,4.0
D03354,7,152.66,
D06846,5,152.57,1.0
D06484,6,152.51000000000002,2.0
D02352,6,152.51,5.0
D07551,5,152.45,3.0
D06044,6,152.43,1.6666666666666667
D05498,9,152.41,
D04606,9,152.39000000000001,2.0
D01251,5,152.39,3.0
D00129,8,152.32999999999998,3.25
D04976,7,152.29,2.0
D00443,6,152.26,4.0
D01845,6,152.24999999999997,3.5
D08033,7,152.16,4.0
D04364,7,152.12,3.8
D01746,5,152.04,5.0
D03889,5,151.98,1.5
D06766,7,151.94000000000003,
D06238,8,151.94,4.0
D09228,10,151.85999999999999,1.0
D01717,9,151.85000000000002,4.0
D09439,6,151.53,
D04230,6,151.51999999999998,4.0
D00584,6,151.39000000000001,
D00963,5,151.35999999999999,5.0
D04769,7,151.3,1.0
D00094,8,151.11,3.0
D02429,6,151.07,3.25
D04380,7,151.07,4.5
D05367,10,151.01,3.8333333333333335
D04110,7,151.01,2.5
D05480,10,151.0,3.5
D09242,8,151.0,4.0
D02210,5,150.88,2.3333333333333335
D02311,7,150.71,5.0
D04902,6,150.67000000000002,4.666666666666667
D06950,7,150.60999999999999,4.0
D03951,7,150.57999999999998,3.0
D04319,5,150.5,5.0
D05147,8,150.47,5.0
D08043,5,150.46,3.0
D05034,11,150.43,2.6
D00993,6,150.37,1.5
D07182,5,150.33,3.5
D03356,7,150.3,3.3333333333333335
D03900,8,150.23000000000002,3.6666666666666665
D02701,5,150.22,
D05194,8,150.21,3.3333333333333335
D02397,5,150.18,
D06333,7,150.01,2.5
D06018,6,150.0,3.5
D07878,7,149.95,4.0
D07340,8,149.94,2.3333333333333335
D07378,6,149.92,2.0
D02785,7,149.89999999999998,2.6666666666666665
D07415,5,149.78,2.5
D03407,7,149.72,4.0
D01576,3,149.7,
D04173,6,149.64000000000001,3.25
D01959,7,149.57,1.6666666666666667
D05910,6,149.52999999999997,1.0
D07741,8,149.39000000000001,4.0
D00361,7,149.38,2.0
D08993,7,149.33,
D02327,5,149.31,3.0
D09422,6,149.21,4.5
D05560,7,149.18,3.0
D00502,7,149.01000000000002,4.333333333333333
D02751,7,149.01,3.5
D08408,5,148.96,
D02914,7,148.95000000000002,2.75
D02921,7,148.82999999999998,3.0
D08355,5,148.82,2.0
D03024,10,148.81,3.5
D07412,5,148.8,2.0
D00026,5,148.79,2.0
D04377,8,148.76,2.0
D09526,8,148.75,
D05238,6,148.67000000000002,3.0
D01677,4,148.63,
D05536,4,148.58999999999997,1.0
D01764,8,148.57,3.0
D05176,8,148.54,3.0
D09333,6,148.51,3.0
D06680,6,148.43,2.0
D08744,7,148.37,3.6666666666666665
D01453,9,148.25,
D02451,7,148.23999999999998,3.0
D07798,6,148.2,3.0
D05024,6,148.2,3.0
D08760,6,148.16,1.0
D01673,9,148.06,1.5
D01780,8,148.04,3.0
D03551,6,148.01000000000002,1.6666666666666667
D04624,8,148.0,2.0
D04909,8,147.89000000000001,5.0
D02905,8,147.79,
D01525,6,147.79,3.0
D08367,7,147.78,3.0
D02338,5,147.74,1.5
D08044,6,147.67,5.0
D02472,5,147.59,2.5
D07634,4,147.51,4.0
D08958,6,147.51,2.0
D07965,5,147.4,3.0
D02406,7,147.39,4.0
D03716,6,147.32,
D07976,6,147.3,
D06641,5,147.19,3.5
D04330,7,147.10000000000002,5.0
D01511,8,147.07000000000002,2.1666666666666665
D02575,6,147.07,1.5
D09308,5,146.99999999999997,3.0
D07623,6,146.92000000000002,5.0
D09972,6,146.91,2.5
D03817,6,146.82,4.0
D06147,8,146.75,2.0
D01125,7,146.67,4.5
D01318,8,146.64,2.75
D02678,7,146.64,3.5
D02460,7,146.54,2.6666666666666665
D03062,7,146.5,3.6666666666666665
D09284,10,146.49,2.2
D01210,5,146.47,2.5
D01387,5,146.45000000000002,5.0
D05095,7,146.35000000000002,3.0
D08940,7,146.31,3.5
D06908,4,146.28,2.5
D05552,6,146.28,5.0
D01820,6,146.26999999999998,2.6666666666666665
D04808,6,146.23000000000002,1.0
D06176,8,146.22,3.75
D08256,10,146.20000000000002,2.5
D01647,6,146.1,2.0
D05729,9,145.97,1.5
D05452,7,145.85,2.3333333333333335
D02868,5,145.76999999999998,2.0
D08018,6,145.76,3.0
D02368,4,145.74,2.0
D09624,7,145.73000000000002,3.3333333333333335
D08979,8,145.68,1.6666666666666667
D02543,6,145.64,2.3333333333333335
D09733,7,145.55,1.0
D00333,8,145.45,3.0
D02825,8,145.24,2.0
D04755,8,145.15,2.0
D06452,7,145.05,3.5
D04646,6,145.04000000000002,4.0
D07327,8,145.02,2.3333333333333335
D06629,9,145.01999999999998,3.0
D05165,6,145.01,3.0
D02416,5,144.95999999999998,4.0
D02379,5,144.93,
D08726,4,144.92000000000002,2.0
D04630,4,144.92000000000002,2.0
D08027,4,144.78,4.333333333333333
D03188,7,144.73000000000002,4.0
D05672,6,144.60999999999999,2.6666666666666665
D00033,7,144.59,5.0
D00911,9,144.58,3.2
D08708,6,144.53,2.5
D03708,6,144.41,2.5
D06030,6,144.33999999999997,1.0
D01901,5,144.23,
D08990,8,144.2,2.25
D01900,7,144.18,4.5
D04030,11,144.1,2.5
D06774,6,143.95999999999998,1.5
D07865,6,143.95,1.0
D03451,9,143.89000000000001,1.3333333333333333
D06256,5,143.88,3.25
D05097,12,143.86,5.0
D05200,4,143.84,4.5
D06375,5,143.75,5.0
D01978,8,143.71,2.0
D05225,5,143.70999999999998,3.0
D04702,3,143.54,2.0
D04208,6,143.51999999999998,
D08660,8,143.51,
D08368,8,143.42000000000002,3.5
D06625,5,143.35,3.0
D03581,6,143.32999999999998,3.0
D09673,8,143.31,1.5
D07804,6,143.31,5.0
D02834,7,143.29,3.0
D02523,4,143.26999999999998,4.0
D04849,4,143.21,2.6666666666666665
D07598,5,143.18,5.0
D09922,4,142.99,1.5
D03365,10,142.98000000000002,5.0
D02506,8,142.97000000000003,4.5
D06781,7,142.92000000000002,4.666666666666667
D06723,6,142.92,4.25
D03367,7,142.79,2.5
D05665,5,142.76999999999998,3.6666666666666665
D01209,6,142.74,3.0
D01675,6,142.71,4.0
D06401,6,142.64000000000001,3.0
D09563,9,142.59,2.6666666666666665
D06626,4,142.59,
D08524,7,142.52999999999997,3.0
D03832,9,142.47,3.0
D01795,9,142.46,3.3333333333333335
D01369,6,142.41,4.5
D09327,7,141.93,
D07850,7,141.82,2.75
D04121,7,141.79999999999998,2.5
D04004,6,141.63,
D00610,8,141.52,4.5
D02135,9,141.48,2.0
D03241,5,141.31,5.0
D07444,8,141.18,
D02283,6,141.14,2.75
D00633,6,141.12,2.0
D06815,5,141.12,3.3333333333333335
D03093,9,141.07,5.0
D04716,9,140.93,2.0
D06918,9,140.79,1.5
D09911,7,140.76,3.5
D04457,6,140.74,5.0
D05423,4,140.71,2.0
D04106,6,140.7,3.0
D02794,7,140.7,3.0
D02521,6,140.7,2.6666666666666665
D04493,7,140.67999999999998,2.0
D00526,6,140.6,
D01640,6,140.56,5.0
D05623,4,140.55,3.0
D03006,5,140.49,3.0
D08132,5,140.47000000000003,2.0
D08655,8,140.35,3.0
D02023,4,140.32,2.0
D02847,5,140.19,2.6666666666666665
D01425,6,140.17,1.0
D05187,6,140.16000000000003,2.0
D01944,7,140.07999999999998,3.0
D07118,5,140.0,2.3333333333333335
D00785,7,139.97000000000003,3.8
D06900,4,139.97,3.0
D09442,8,139.89000000000001,3.3333333333333335
D01972,9,139.85000000000002,2.0
D00079,7,139.82000000000002,2.3333333333333335
D07870,6,139.8,4.5
D09368,4,139.66,
D00659,8,139.63,3.0
D07553,6,139.62,4.5
D07067,5,139.60999999999999,4.0
D03654,8,139.57,5.0
D04962,7,139.52,3.0
D09879,6,139.29,4.0
D03985,6,139.26999999999998,5.0
D07625,7,139.26,2.0
D08814,6,139.21,
D01586,5,139.18,5.0
D05003,4,139.15,2.0
D05556,7,139.13,4.0
D03872,5,139.10000000000002,1.0
D01872,7,139.05,4.5
D09056,8,138.9,4.0
D01793,7,138.82999999999998,2.3333333333333335
D06414,6,138.82,1.5
D06130,7,138.79000000000002,5.0
D00484,8,138.76000000000002,4.0
D00841,7,138.73000000000002,2.0
D09380,9,138.68,3.0
D08454,8,138.55,1.0
D05989,5,138.54,2.0
D00950,5,138.42000000000002,4.0
D06107,5,138.37,2.0
D06213,4,138.32999999999998,
D01825,7,138.20999999999998,5.0
D03200,6,138.17000000000002,4.0
D06738,6,138.16,4.0
D07479,7,138.1,
D08586,6,138.07999999999998,2.0
D06834,7,137.91,5.0
D02078,6,137.89000000000001,2.0
D08021,10,137.8,2.5
D02641,8,137.77,2.5
D02156,5,137.73,4.0
D05388,8,137.67000000000002,1.5
D02803,6,137.58,4.0
D01563,7,137.57000000000002,4.0
D05916,5,137.54,2.6666666666666665
D03532,6,137.49,4.0
D03514,6,137.39,3.6666666666666665
D02778,6,137.38,2.5
D04697,7,137.34,5.0
D03755,5,137.29,3.0
D00955,7,137.28,2.0
D02679,5,137.26,3.0
D05339,4,137.12,
D08505,4,137.03,3.0
D01721,9,137.03,4.0
D00137,8,136.97,3.5
D08504,9,136.91,2.0
D01736,6,136.88,3.6666666666666665
D02777,5,136.88,3.0
D03239,7,136.81,3.0
D04130,4,136.74,
D08790,6,136.71,4.5
D07734,6,136.52,5.0
D02264,6,136.48,
D08268,5,136.45,2.75
D07202,5,136.26999999999998,1.0
D00063,6,136.22,2.0
D02073,8,136.15,1.0
D02576,7,136.14,1.0
D07078,4,135.82,3.0
D07528,7,135.79000000000002,4.0
D05204,7,135.75,2.0
D00196,6,135.74,2.6666666666666665
D01751,6,135.73000000000002,3.0
D05445,5,135.61,2.0
D09161,7,135.57,3.0
D08218,7,135.51,2.0
D04999,7,135.47,3.5
D09905,6,135.47,2.0
D02499,8,135.42,3.6666666666666665
D06172,3,135.41000000000003,1.0
D00178,9,135.40999999999997,4.75
D04128,7,135.32999999999998,2.0
D07797,5,135.24,
D05922,4,135.2,2.5
D01743,6,135.07,2.6
D00262,5,135.05,1.5
D02899,7,135.04000000000002,2.3333333333333335
D06630,5,135.02999999999997,1.5
D08131,6,134.85,3.75
D08205,6,134.81,1.0
D06271,9,134.74,2.25
D00153,4,134.71,5.0
D08128,5,134.6,
D04101,7,134.57,4.5
D03986,8,134.57,3.0
D08847,6,134.49,3.0
D02242,5,134.49,5.0
D02305,10,134.45,1.75
D04235,5,134.42000000000002,2.6666666666666665
D07891,5,134.33,5.0
D04715,8,134.32,2.0
D00778,7,134.31,4.0
D04329,7,134.29,2.5
D09553,6,134.24,4.0
D00505,6,134.12,5.0
D01073,7,134.07000000000002,5.0
D01113,8,134.03,4.0
D05667,5,133.95,2.0
D09079,5,133.95,5.0
D03077,4,133.82,2.0
D02648,5,133.8,3.6666666666666665
D01105,9,133.74,4.0
D06032,6,133.72,4.0
D09298,4,133.64,
D06022,5,133.63,3.0
D04833,5,133.54,2.0
D04286,7,133.37,5.0
D01052,7,133.18,3.5
D03131,8,133.16,3.6666666666666665
D04144,3,133.07,
D07987,7,133.06,2.25
D09647,5,132.93,5.0
D02601,6,132.72,
D03416,8,132.63,5.0
D08633,4,132.56,1.0
D03622,8,132.54,4.333333333333333
D05799,7,132.34,
D08745,5,132.32,2.3333333333333335
D02748,6,132.32,3.6666666666666665
D04392,9,132.2,1.0
D07995,8,132.12,3.5
D07279,5,132.11,
D01394,8,132.07,
D02561,7,132.04,3.0
D00200,7,132.01999999999998,1.0
D09632,9,131.95,4.0
D03537,7,131.85,
D05863,5,131.76,2.0
D07909,6,131.75,3.0
D01744,5,131.75,3.0
D00371,6,131.74,2.5
D05980,6,131.64,4.0
D08144,5,131.59,3.5
D02928,8,131.55,1.0
D05309,6,131.46,1.0
D04096,5,131.45,3.0
D09221,5,131.41,5.0
D06971,4,131.26999999999998,
D02364,6,131.2,2.0
D03714,6,131.06,5.0
D09714,8,131.02,3.0
D06978,7,131.01,3.5
D08970,6,130.95,4.0
D06720,8,130.84,4.0
D09420,6,130.58,
D09696,6,130.56,1.8
D06432,5,130.52,2.5
D03339,6,130.41,3.0
D06638,4,130.34,2.0
D05749,7,130.33999999999997,3.3333333333333335
D00236,8,130.12,3.5
D04137,5,130.01,4.0
D08707,7,129.82999999999998,3.5
D01355,8,129.67,2.75
D08944,6,129.57,3.0
D01970,6,129.52,3.5
D04977,8,129.51999999999998,1.5
D08578,6,129.48000000000002,4.0
D04019,4,129.46,1.0
D05663,4,129.45,5.0
D05080,6,129.26000000000002,4.0
D09493,7,129.25,4.0
D04878,6,129.19,4.0
D04048,5,129.11,4.5
D03390,8,129.01999999999998,
D09977,5,129.01,5.0
D03822,7,129.0,5.0
D07629,6,128.91,1.0
D09699,5,128.89999999999998,2.5
D05769,5,128.84,3.0
D04490,6,128.74,2.0
D09503,5,128.73000000000002,3.5
D01543,6,128.7,3.0
D04112,5,128.69,
D07185,6,128.67000000000002,3.0
D07208,6,128.57,2.6666666666666665
D02588,8,128.53,3.0
D03967,5,128.53,2.5
D07485,6,128.5,5.0
D01066,6,128.48,1.6666666666666667
D06060,6,128.46,1.0
D02887,7,128.43,4.5
D09597,6,128.3,
D09287,4,128.25,
D04586,6,128.21,2.0
D05453,7,128.12,1.0
D02683,3,128.10000000000002,2.0
D09024,8,127.91,1.0
D06286,4,127.91,3.5
D01465,4,127.81,4.0
D04695,6,127.8,3.5
D06521,5,127.75999999999999,3.5
D00606,6,127.62,2.0
D01482,8,127.44000000000001,3.75
D08988,6,127.36000000000001,1.0
D00085,3,127.24000000000001,4.0
D00658,4,127.13,2.0
D09025,4,127.01,1.0
D05035,11,126.9,2.5
D08797,3,126.87,2.5
D07046,6,126.85000000000001,2.0
D07864,10,126.84,
D05197,4,126.75999999999999,3.0
D05461,4,126.75,3.0
D05401,7,126.74,4.333333333333333
D05378,7,126.72,3.0
D05571,6,126.41,4.666666666666667
D09406,7,126.41,3.25
D03303,5,126.41,4.0
D02402,7,126.25999999999999,4.0
D04768,6,126.18,2.0
D02692,5,126.03999999999999,2.0
D08425,4,126.03,4.0
D03288,5,125.67,
D00998,5,125.64000000000001,
D01263,6,125.54,2.0
D09939,5,125.5,3.0
D09047,3,125.5,3.0
D06068,5,125.46000000000001,2.6666666666666665
D00776,6,125.44,3.0
D06958,4,125.34,5.0
D05661,6,125.21000000000001,2.5
D06314,8,125.14999999999998,4.5
D05999,4,124.83000000000001,1.0
D00816,7,124.81,4.0
D08215,4,124.78,2.0
D06103,5,124.78,5.0
D00632,4,124.74000000000001,4.0
D02332,6,124.69,4.0
D03345,5,124.57,1.0
D03489,4,124.56,3.0
D02125,4,124.49000000000001,
D08815,6,124.38,4.0
D01904,7,124.28,3.0
D09546,7,124.26,4.5
D06745,3,124.19,
D06710,6,124.12,
D07003,6,123.82,3.0
D03370,8,123.66999999999999,2.2857142857142856
D03065,6,123.64000000000001,3.0
D00291,6,123.57,2.5
D05228,5,123.56,4.5
D03896,5,123.53,5.0
D05476,8,123.38,3.0
D05109,4,123.33000000000001,2.5
D09307,5,123.27,3.0
D03567,5,123.25999999999999,
D07873,7,123.12,3.5
D02418,8,122.8,4.0
D02936,6,122.79,3.0
D09723,9,122.74000000000001,
D05096,7,122.61,4.0
D04150,5,122.53,5.0
D05525,7,122.47999999999999,3.3333333333333335
D00280,5,122.38999999999999,4.0
D03604,5,122.28,2.5
D09540,4,122.25999999999999,1.0
D02772,5,122.24,5.0
D09187,6,122.22,4.0
D00869,7,122.15,4.0
D07404,7,122.10999999999999,4.0
D01372,7,121.87,
D02108,4,121.75999999999999,3.0
D01442,5,121.74,3.6666666666666665
D08134,6,121.69,3.3333333333333335
D02566,6,121.67999999999999,2.5
D01654,4,121.65,3.5
D08324,5,121.65,3.5
D04756,7,121.64999999999999,5.0
D04675,5,121.42,3.0
D01447,6,121.41,4.0
D09370,6,121.39,5.0
D08694,5,121.38,4.5
D03505,7,121.35000000000001,4.0
D09204,4,121.33,3.0
D03746,10,121.32000000000001,2.4
D06794,4,121.32000000000001,5.0
D02354,7,121.13,4.5
D04512,8,120.94,2.0
D08398,7,120.9,3.5
D07068,6,120.76,2.75
D01464,4,120.74,3.5
D02878,5,120.72,
D07951,5,120.39,3.0
D01557,4,120.32000000000001,2.0
D00663,9,120.26,
D06323,4,120.24000000000001,3.75
D02984,7,120.21000000000001,2.75
D08631,5,120.16,
D06895,6,120.1,3.5
D08881,9,120.03,
D05860,4,119.94,3.3333333333333335
D07950,6,119.92,
D07814,5,119.88,5.0
D04926,5,119.8,4.0
D06664,6,119.78999999999999,2.0
D05427,6,119.78,4.0
D00088,6,119.61,3.5
D03860,6,119.54,2.0
D08167,5,119.46,2.0
D00413,5,119.35000000000002,
D07312,6,119.27,
D09663,6,119.05999999999999,4.333333333333333
D00777,6,118.95,3.5
D00937,4,118.89000000000001,1.0
D01692,6,118.85000000000001,2.0
D09889,5,118.73,3.0
D04423,6,118.7,
D09120,7,118.67999999999999,3.0
D05902,3,118.62,2.0
D04009,6,118.62,4.0
D08843,5,118.46000000000001,5.0
D03698,4,118.28,4.0
D04687,7,118.25999999999999,2.6666666666666665
D07616,7,118.23,
D06270,4,118.19999999999999,2.0
D01154,3,118.17,
D05451,8,118.13,3.0
D00191,6,117.92,2.3333333333333335
D01325,4,117.91999999999999,
D02229,7,117.84,3.75
D06062,4,117.69999999999999,2.5
D05188,7,117.66,2.5
D00215,6,117.66,2.0
D04725,6,117.63,3.3333333333333335
D06486,5,117.54999999999998,1.0
D06386,7,117.32000000000001,4.0
D06732,4,117.19,4.0
D02836,7,117.1,3.5
D07584,3,117.1,
D00940,4,116.92000000000002,2.0
D03560,4,116.89,1.0
D04489,6,116.78,1.0
D06195,6,116.72000000000001,1.5
D01390,5,116.69000000000001,5.0
D08850,5,116.66999999999999,1.0
D04054,6,116.66,1.0
D05965,6,116.60000000000001,1.0
D00277,3,116.47,
D06993,4,116.43,4.0
D00075,6,116.39,2.0
D01614,4,116.26,5.0
D09843,5,116.11999999999999,4.5
D02015,5,115.88,5.0
D08548,7,115.84,2.0
D09600,5,115.52,3.5
D09728,4,115.21000000000001,5.0
D04322,4,115.07,4.0
D05315,3,115.05000000000001,
D00109,6,115.03999999999999,4.333333333333333
D03450,7,115.02000000000001,3.0
D08494,7,114.88,3.0
D02759,5,114.88,4.5
D08483,6,114.8,3.3333333333333335
D05207,5,114.75,3.0
D05947,6,114.69000000000001,3.6666666666666665
D00056,8,114.66999999999999,3.5
D08860,5,114.5,1.0
D00830,8,114.37,3.5
D01039,7,114.35999999999999,3.0
D01076,5,114.27000000000001,3.0
D09900,7,114.12,2.0
D01753,5,114.05000000000001,
D00774,5,114.04,2.3333333333333335
D08607,5,113.77,3.5
D01964,4,113.69999999999999,
D05155,4,113.68,1.6666666666666667
D08776,5,113.67,4.333333333333333
D02831,4,113.60000000000001,1.0
D08303,5,113.59,1.0
D01770,4,113.48,3.0
D08903,6,113.43,4.0
D01775,8,113.35000000000001,2.0
D02713,8,113.15,1.0
D05333,6,112.85000000000001,
D00440,7,112.56,
D01956,7,112.55999999999999,4.0
D02033,4,112.11,3.0
D02426,4,112.08,
D01358,7,111.97000000000001,2.5
D01204,8,111.95,5.0
D02453,6,111.86,4.0
D00469,5,111.8,5.0
D00753,6,111.77,3.6666666666666665
D03224,6,111.76,
D03124,6,111.73,4.0
D03250,4,111.7,4.0
D04714,4,111.69999999999999,
D01254,5,111.68,2.5
D03671,6,111.29,2.25
D09809,6,111.22999999999999,5.0
D01925,5,111.14,2.0
D03765,3,110.96,2.0
D06767,3,110.92000000000002,5.0
D08201,6,110.92,3.3333333333333335
D09837,9,110.86999999999999,2.6666666666666665
D06299,7,110.78,3.6666666666666665
D05803,7,110.77,2.5
D04728,5,110.74,5.0
D06313,4,110.70000000000002,1.0
D09678,7,110.60999999999999,2.5
D02655,6,110.4,2.3333333333333335
D06722,9,110.38999999999999,1.5
D00893,8,110.31,5.0
D06490,4,110.16,2.0
D07542,7,110.09,2.6666666666666665
D04012,4,110.08,5.0
D00871,8,110.03999999999999,4.333333333333333
D08589,6,109.99999999999999,1.0
D00534,6,109.95,
D02821,5,109.94,5.0
D04552,4,109.79,4.0
D02366,4,109.75,
D02534,9,109.72,3.0
D01571,4,109.59,4.5
D00416,5,109.55,2.5
D07243,5,109.45,3.6666666666666665
D07624,7,109.44999999999999,2.0
D01989,4,109.44,4.0
D05364,5,109.25999999999999,
D05499,5,109.16,3.0
D07620,4,108.93,1.0
D06146,5,108.92,3.0
D06199,3,108.9,4.0
D05386,6,108.84,
D05850,6,108.83999999999999,4.0
D07811,6,108.81,4.0
D03602,7,108.66999999999999,3.0
D03166,6,108.52,3.5
D00193,6,108.47999999999999,5.0
D07027,4,108.44,3.0
D06035,7,108.34,4.0
D08822,3,108.22,2.5
D09966,3,108.17,4.0
D00896,5,108.07000000000001,4.5
D07164,4,107.82,2.75
D00507,5,107.29,1.0
D06874,5,107.26000000000002,2.0
D03907,4,107.24000000000001,1.5
D07521,3,107.08,
D08795,4,107.03999999999999,3.0
D08067,4,107.03,2.0
D03139,6,106.94999999999999,1.0
D00677,6,106.94,5.0
D01389,6,106.84,
D09724,4,106.81,1.0
D07683,3,106.24999999999999,
D01031,4,106.24,
D03497,6,106.17999999999999,2.0
D01165,6,106.10000000000001,3.0
D02823,6,106.06,2.0
D08802,7,105.97999999999999,5.0
D00368,7,105.78,3.5
D07478,7,105.73,3.0
D05170,7,105.69,3.0
D04790,4,105.59,3.0
D06925,4,105.5,4.0
D04249,6,105.48,2.0
D05970,4,105.46000000000001,
D00428,4,105.41,
D02048,4,105.35,
D08551,4,105.33,2.0
D06106,5,105.3,3.0
D09340,5,105.28999999999999,3.0
D07665,8,105.24999999999999,2.0
D08823,4,105.17999999999999,2.0
D01669,5,105.14,2.6666666666666665
D09062,5,104.84,3.0
D02444,4,104.63,3.0
D07002,5,104.53999999999999,2.0
D03960,3,104.32,1.0
D07907,6,104.31,1.0
D00995,5,104.07,1.0
D01095,8,103.99,2.6666666666666665
D00179,5,103.97,2.5
D01144,8,103.92,2.0
D06325,6,103.68,4.0
D04522,6,103.61000000000001,
D00487,3,103.60999999999999,4.0
D07365,5,103.44,3.0
D09700,8,103.21000000000001,2.0
D06892,6,103.19,4.333333333333333
D01999,5,103.17,1.5
D04616,5,103.17,3.0
D01055,4,103.06,3.0
D02889,4,103.05,2.0
D09771,6,102.74000000000001,3.5
D02830,4,102.69999999999999,
D08029,7,102.67,1.5
D07574,7,102.67,3.0
D01072,6,102.32,3.0
D08826,5,102.09,3.0
D09475,7,102.06,2.0
D01437,5,102.01,
D06511,9,101.87,4.25
D02091,5,101.86,5.0
D02442,6,101.71,2.6666666666666665
D08105,5,101.59,2.5
D02047,4,101.49000000000001,4.0
D07265,5,101.47,2.0
D03562,5,101.45,
D03934,3,101.37,4.0
D05854,5,101.34,3.6666666666666665
D03189,4,101.16000000000001,
D00354,5,101.04,2.0
D03393,3,100.91,2.5
D06074,6,100.68,4.0
D06539,7,100.49,3.0
D07325,6,100.41,3.5
D06769,5,100.21000000000001,3.3333333333333335
D04255,4,100.17,2.0
D02969,6,100.14000000000001,1.5
D01903,3,99.78,
D01462,4,99.77000000000001,
D09175,6,99.77000000000001,
D07037,5,99.69999999999999,
D09691,4,99.58000000000001,4.5
D01667,8,99.57000000000001,4.0
D00539,3,99.5,2.0
D00149,6,99.39,2.5
D00491,6,99.31,
D08703,5,99.28999999999999,5.0
D01737,5,98.91,4.5
D00267,4,98.68,2.0
D00107,8,98.63,3.5
D03122,9,98.55999999999999,2.0
D08898,5,98.55,1.0
D01552,8,98.38,1.0
D00104,6,98.37,4.0
D09008,3,98.3,2.0
D07817,4,98.1,3.0
D05872,3,98.07,4.0
D00044,7,97.96000000000001,3.0
D08149,10,97.38000000000001,3.3333333333333335
D07692,5,97.27000000000001,2.6666666666666665
D05574,5,97.27,1.0
D09050,7,97.21000000000001,
D04359,4,97.04,2.5
D03610,5,97.02000000000001,1.0
D08737,4,97.0,2.3333333333333335
D09602,7,96.8,1.5
D00977,5,96.69,3.0
D07609,7,96.39,1.0
D05824,5,96.33999999999999,5.0
D06063,5,96.19,
D09293,5,96.09,2.5
D09274,8,95.92000000000002,1.5
D05963,6,95.79999999999998,2.0
D08841,8,95.74000000000001,4.0
D05643,2,95.71000000000001,
D08204,5,95.63000000000001,1.0
D07524,8,95.52000000000001,2.5
D08600,6,95.49000000000001,5.0
D03761,5,95.35,
D08516,4,95.2,1.0
D07106,5,95.11,4.0
D06174,5,94.95,3.3333333333333335
D00108,6,94.82,4.0
D02269,6,94.78,3.0
D02319,4,94.62,
D04787,6,94.6,4.0
D04826,3,94.42,
D06757,4,94.35,1.0
D08805,4,94.14,
D03253,6,94.11,4.5
D01633,6,93.44,2.3333333333333335
D02934,9,93.17,2.5
D04691,4,92.94,
D05325,6,92.93,3.4
D08055,4,92.82999999999998,2.5
D06843,5,92.73,1.0
D07210,5,92.61,3.0
D00151,6,92.55,4.0
D07495,3,92.23,5.0
D01237,5,92.21000000000001,
D00370,4,92.05000000000001,4.0
D01155,6,92.0,2.0
D05482,6,91.81,5.0
D02799,5,91.81,3.3333333333333335
D01107,6,91.76,3.0
D05705,5,91.75,4.0
D06366,8,91.27,4.0
D04237,5,91.26,3.0
D06100,3,91.05000000000001,
D04435,5,91.03,3.0
D08335,4,90.89000000000001,2.5
D08313,6,90.88,5.0
D08608,4,90.82000000000001,5.0
D07772,2,90.77000000000001,2.0
D04807,7,90.6,4.0
D04610,5,90.55000000000001,3.0
D03933,4,90.50999999999999,4.0
D07001,5,90.46,
D00881,7,90.43,2.3333333333333335
D09981,7,90.28,
D06551,6,89.93,
D02627,6,89.77,3.3333333333333335
D04140,3,89.09,1.5
D07554,3,89.05000000000001,1.0
D00576,4,89.02,1.0
D08937,5,89.02,
D02246,5,88.71,1.0
D04478,4,88.7,
D06003,4,88.51,3.5
D03125,5,88.21000000000001,
D04950,5,88.05,
D05220,4,88.05,
D09964,7,88.03000000000002,4.0
D04988,3,87.84,
D03389,6,87.71,2.5
D02225,4,87.27000000000001,1.0
D00122,3,87.00999999999999,
D07774,3,86.96000000000001,5.0
D09035,3,86.91,1.6666666666666667
D00095,4,86.65,1.0
D04174,5,86.47999999999999,3.0
D00969,3,86.4,2.0
D07281,3,86.34,3.0
D06500,3,86.32,3.0
D06047,4,86.28,3.0
D05504,3,86.23,4.0
D07769,5,86.19,3.0
D03394,4,86.07,
D03325,2,85.95,3.5
D02542,3,85.84,
D05758,6,85.42,
D09271,4,85.25,
D07656,5,85.0,5.0
D04705,6,84.94,5.0
D00494,5,84.7,1.0
D08273,5,84.46000000000001,3.0
D07197,7,84.16,5.0
D05304,4,83.83,1.5
D05399,5,83.58,3.0
D08356,4,83.46,5.0
D08181,5,83.43,1.0
D05917,4,83.32,1.0
D03402,5,83.27000000000001,
D00802,4,83.27,
D02882,5,83.12,3.6666666666666665
D04577,3,82.72,4.5
D08872,5,82.71000000000001,1.0
D04023,6,82.63999999999999,1.0
D09118,5,82.50999999999999,4.5
D00330,3,82.47999999999999,5.0
D02838,5,82.03,2.5
D05958,5,82.02999999999999,
D03064,4,81.63,3.3333333333333335
D00894,7,81.56,
D01889,4,81.4,1.0
D09299,3,81.24000000000001,1.5
D06782,4,80.91000000000001,1.5
D05477,5,80.63,1.5
D03361,4,80.55000000000001,
D09923,3,80.53999999999999,4.5
D03652,4,79.94999999999999,
D02986,4,79.85000000000001,
D04712,5,79.82000000000001,
D08162,4,79.78,5.0
D05658,4,79.52000000000001,4.0
D09075,5,79.41,5.0
D07520,5,79.21000000000001,3.6666666666666665
D06134,7,79.15,2.0
D09751,3,78.72,5.0
D01971,6,78.69,
D02471,5,78.68,2.6666666666666665
D03269,5,78.58,3.5
D09265,6,78.58,1.0
D08539,4,78.53999999999999,2.0
D01130,5,78.47,3.0
D01050,4,78.46,
D03541,4,78.42,3.0
D09743,6,78.27,4.0
D09203,5,78.24000000000001,4.0
D00300,5,77.99999999999999,1.0
D01164,3,77.4,3.0
D03487,5,77.14999999999999,
D08141,3,76.92,3.0
D09529,4,76.81,
D00939,4,76.00999999999999,2.0
D03113,7,75.8,2.0
D03510,5,75.62,4.0
D00914,3,75.61,3.0
D05392,4,75.17999999999999,2.5
D00783,3,74.87,1.0
D03281,4,74.86999999999999,
D02341,3,74.67,3.5
D08203,5,74.55,3.0
D00457,3,74.41,
D05518,3,74.36,
D03332,7,74.33,4.0
D05044,4,74.28,
D01489,5,73.99,4.0
D04215,2,73.84,
D05954,4,73.69,
D02372,5,73.47,
D05366,4,73.31,2.0
D01732,4,73.02,1.0
D06795,4,73.00999999999999,
D03203,5,72.93,5.0
D04667,5,72.74,3.0
D06051,6,72.6,
D05725,3,72.28,
D06965,2,71.82,
D01619,4,71.75,4.5
D00415,5,71.66,2.0
D04333,3,71.17,
D06230,4,71.06,4.5
D03657,3,70.95,1.0
D02626,3,70.77,
D00157,3,70.42999999999999,3.0
D09874,3,70.23,
D00451,4,69.55,1.5
D00336,3,69.49000000000001,3.0
D04159,5,69.13000000000001,
D05426,5,68.32,2.5
D09513,3,68.24,2.0
D05827,3,67.77,2.0
D03720,6,67.64,3.0
D07914,3,67.54,1.0
D03908,2,67.44,5.0
D06838,5,67.23,2.3333333333333335
D07522,4,66.79,3.0
D04589,3,66.72,
D05994,4,66.39,
D03262,9,65.35,
D09841,4,65.28,1.5
D06688,2,65.13,
D00685,3,64.94,
D07359,4,64.80000000000001,3.5
D05229,4,64.71,1.0
D04426,5,64.66,
D00058,3,63.870000000000005,
D05439,4,62.07,
D02738,3,62.010000000000005,
D02409,3,61.39,
D01685,7,61.28,5.0
D09116,4,61.28,3.0
D06448,7,60.599999999999994,3.0
D01110,4,60.34,
D01529,4,59.64,
D08889,3,58.42,5.0
D05015,4,56.91,2.5
D05866,4,56.74,
D06997,4,56.53,
D09520,3,56.14,1.0
D03645,2,55.32,3.5
D09071,2,54.22,
D02949,5,53.18,
D00684,5,52.690000000000005,4.0
D09468,2,51.19,
D02729,5,51.17999999999999,5.0
D03163,4,51.06,2.0
D05131,4,50.57,4.0
D06244,5,50.56,
D09205,1,49.56,
D09171,3,49.51,5.0
D08263,2,49.019999999999996,
D09365,6,47.959999999999994,2.0
D08305,2,47.3,
D09687,4,46.18000000000001,2.0
D00450,5,44.65,
D02582,4,43.629999999999995,
D02710,2,43.349999999999994,4.0
D03905,4,41.879999999999995,
D05816,4,41.64,
D01061,4,41.58,3.0
D01227,3,40.04,1.0
D02644,3,39.11,3.0
D03843,2,38.61,
D09631,4,38.28,4.0
D06364,3,36.13,1.0
D04168,5,34.620000000000005,
D04910,2,33.07,
D02881,2,32.379999999999995,1.0
D09571,3,29.99,5.0
D00653,2,28.94,
D09416,2,27.89,
D03607,1,26.96,
D06243,5,25.990000000000002,
D03717,2,25.87,1.0
D05076,2,23.47,
D05700,5,21.29,
D00272,1,19.41,
D03042,4,19.13,1.0
D02743,3,17.78,
D01140,4,13.56,
D02359,1,12.95,
D05064,4,10.82,5.0
