driver_id,driver_name,vehicle_type,city,rating,status
D00001,Jacqueline Coleman,Sedan,Singapore,4.33,Active
D00002,Justin Lane,Sedan,Toa Payoh,4.15,Active
D00003,Steven Hamilton PhD,Suv,Jurong,4.95,Active
D00004,Jason Robinson,Sedan,Tampines,3.74,Active
D00005,Natasha Anderson,Premium,Jurong,4.79,Active
D00006,Wayne Miller Jr.,Premium,Bishan,4.09,Active
D00007,Adam King,Mpv,Bedok,4.81,Active
D00008,Leslie Dennis,Sedan,Punggol,4.28,Active
D00009,Ronald Ellis,Suv,Bishan,3.94,Active
D00010,Tyler Johnston,Electric,Tampines,4.9,Active
D00011,Mark Mitchell,Suv,Woodlands,3.8,Active
D00012,Mark Larson,Suv,Bedok,4.75,Suspended
D00013,Lisa White,Premium,Yishun,3.93,Active
D00014,Arthur Brown,Premium,Woodlands,4.75,Active
D00015,Melanie Warner,Premium,Bishan,4.48,Inactive
D00016,Mr. Marcus Cook,Suv,Punggol,3.74,Inactive
D00017,Anthony Branch,Mpv,Bedok,4.26,Inactive
D00018,Austin Lee,Premium,Yishun,4.7,Active
D00019,Daniel Miller,Hatchback,Woodlands,3.68,Active
D00020,Lisa Johnson,Hatchback,Jurong,4.34,Active
D00021,Brenda Bowen,Premium,Punggol,4.64,Active
D00022,Daniel Wright,Premium,Jurong,3.97,Inactive
D00023,Michele Mitchell,Electric,Toa Payoh,4.94,Active
D00024,Christopher Barry,Suv,Toa Payoh,3.78,Active
D00025,Krista Boyd,Suv,Woodlands,3.52,Active
D00026,David Williams,Hatchback,Jurong,4.07,Inactive
D00027,Anna Chang,Premium,Singapore,4.92,Active
D00028,Dorothy Wood,Sedan,Jurong,4.68,Active
D00029,Erin Newman,Electric,Punggol,4.63,Active
D00030,Laura Murphy,Electric,Woodlands,4.53,Active
D00031,Cindy Carson,Hatchback,Bishan,4.91,Inactive
D00032,Matthew Brooks,Sedan,Bedok,3.64,Active
D00033,Katherine Barajas,Hatchback,Bishan,4.4,Active
D00034,Andrew Rivera,Suv,Tampines,4.01,Active
D00035,Eric Kelly,Hatchback,Woodlands,3.77,Inactive
D00036,Mr. Jeffrey Martin,Hatchback,Yishun,3.93,Active
D00037,Kevin Fox,Electric,Jurong,4.91,Inactive
D00038,Mrs. Janet Baker,Electric,Yishun,4.76,Active
D00039,Amber Cochran,Hatchback,Bedok,4.14,Active
D00040,Heather Brown,Electric,Toa Payoh,3.76,Active
D00041,Nicholas Cooke,Mpv,Yishun,4.42,Active
D00042,Ashley Pearson,Hatchback,Jurong,4.94,Active
D00043,Kelly Kim,Mpv,Toa Payoh,4.65,Active
D00044,Jack Kane,Hatchback,Woodlands,4.76,Active
D00045,Lisa Rodgers,Hatchback,Yishun,4.9,Active
D00046,Donna Barnes,Electric,Ang Mo Kio,3.53,Active
D00047,Jacqueline Mayo,Sedan,Woodlands,4.28,Active
D00048,Jennifer Pollard,Sedan,Tampines,4.09,Active
D00049,Donald Brady,Hatchback,Woodlands,4.25,Active
D00050,David Ryan,Premium,Tampines,4.41,Active
D00051,Phillip Watson,Hatchback,Bedok,4.57,Active
D00052,Daniel Cunningham,Suv,Punggol,4.1,Active
D00053,Donald Scott,Premium,Woodlands,4.3,Active
D00054,Joshua Gonzalez,Sedan,Yishun,4.13,Active
D00055,Charles Brown,Electric,Ang Mo Kio,3.66,Active
D00056,Kyle Hester,Premium,Tampines,3.81,Active
D00057,Kelly Combs,Electric,Toa Payoh,4.51,Active
D00058,George Mitchell,Mpv,Ang Mo Kio,4.95,Active
D00059,Steven Nguyen,Sedan,Tampines,4.24,Active
D00060,Beth Watts,Hatchback,Toa Payoh,4.11,Inactive
D00061,Michele Strickland,Electric,Punggol,4.56,Active
D00062,Jorge Powers,Sedan,Tampines,4.92,Active
D00063,Katelyn Farmer,Mpv,Tampines,4.1,Inactive
D00064,David Stewart,Hatchback,Punggol,4.83,Active
D00065,Jerry Pitts,Sedan,Jurong,4.46,Active
D00066,Caitlin Gordon,Premium,Ang Mo Kio,3.53,Active
D00067,Shelly Sullivan,Hatchback,Tampines,4.08,Active
D00068,Ashley Armstrong,Hatchback,Punggol,3.5,Active
D00069,Christopher Evans,Mpv,Woodlands,4.24,Active
D00070,Rebecca Roy,Suv,Toa Payoh,4.92,Active
D00071,Sarah Buck,Hatchback,Yishun,3.63,Active
D00072,Jerry Martin,Mpv,Bishan,4.92,Inactive
D00073,Gary Delgado,Electric,Bedok,4.48,Active
D00074,James Ross,Premium,Yishun,3.82,Active
D00075,Robert Martin,Electric,Woodlands,3.73,Active
D00076,Martin Russo,Sedan,Singapore,4.49,Active
D00077,Sharon Hudson,Mpv,Ang Mo Kio,4.18,Active
D00078,Justin Garcia,Suv,Bishan,4.79,Active
D00079,David Cooper,Sedan,Bishan,4.45,Active
D00080,Isabel Johnson,Mpv,Ang Mo Kio,3.51,Active
D00081,Cassandra Hill,Electric,Tampines,3.99,Active
D00082,Matthew Romero,Sedan,Singapore,3.86,Active
D00083,Adam Schroeder,Electric,Tampines,4.53,Active
D00084,Stephanie Cox,Sedan,Bedok,4.65,Active
D00085,Carol Morse,Sedan,Singapore,3.65,Active
D00086,Jessica Harper,Mpv,Jurong,4.72,Active
D00087,Matthew Allen,Sedan,Woodlands,4.65,Active
D00088,Tim Phillips,Mpv,Jurong,4.56,Active
D00089,Don Moran,Mpv,Ang Mo Kio,4.59,Active
D00090,Austin Robinson,Hatchback,Punggol,4.06,Active
D00091,Stephanie Caldwell,Premium,Yishun,4.79,Active
D00092,Marcus Anderson,Mpv,Yishun,3.53,Active
D00093,Tracy Mercado,Suv,Ang Mo Kio,4.59,Active
D00094,Bryan Smith,Suv,Yishun,4.37,Active
D00095,Michael Cameron,Hatchback,Jurong,4.72,Active
D00096,Jessica Garcia,Hatchback,Punggol,4.21,Suspended
D00097,Mark Wilson,Sedan,Bedok,3.53,Active
D00098,Mrs. Becky Martin,Suv,Singapore,4.34,Active
D00099,Timothy Armstrong,Mpv,Tampines,4.92,Active
D00100,Adam Gonzalez,Hatchback,Toa Payoh,3.88,Active
D00101,David Reed,Electric,Bishan,4.28,Active
D00102,Bobby Perez,Premium,Yishun,4.24,Active
D00103,Jesse Melton,Mpv,Punggol,3.87,Active
D00104,Cory Cantrell,Mpv,Bishan,4.89,Active
D00105,Phyllis Pittman,Sedan,Toa Payoh,3.85,Active
D00106,Kirk Davis,Sedan,Jurong,4.26,Active
D00107,Stephanie Mills,Hatchback,Ang Mo Kio,4.07,Active
D00108,Danny Bridges,Sedan,Jurong,4.7,Active
D00109,Marie Knight,Sedan,Ang Mo Kio,3.51,Active
D00110,Gregory Lynch,Sedan,Bishan,3.75,Active
D00111,Ryan Washington,Sedan,Toa Payoh,4.89,Active
D00112,Yvette Peck,Electric,Jurong,3.51,Active
D00113,Samuel Pierce,Hatchback,Bedok,4.08,Active
D00114,Bryan Thompson,Mpv,Ang Mo Kio,3.83,Active
D00115,William Wilson,Mpv,Yishun,4.73,Inactive
D00116,Meghan Griffin,Electric,Bedok,3.88,Active
D00117,Elizabeth Cole,Electric,Punggol,3.99,Active
D00118,Laura Willis,Mpv,Ang Mo Kio,3.72,Active
D00119,Tiffany Mcguire,Mpv,Singapore,4.35,Active
D00120,Sandra Fleming,Premium,Bishan,3.98,Active
D00121,Elizabeth Lewis,Mpv,Jurong,4.72,Active
D00122,Robert Thomas Jr.,Premium,Ang Mo Kio,3.6,Active
D00123,David Wolf,Sedan,Tampines,4.62,Inactive
D00124,Kathleen Miller,Suv,Singapore,4.26,Active
D00125,Cassie Davis DDS,Sedan,Woodlands,4.24,Active
D00126,Amanda Stout,Electric,Toa Payoh,4.75,Inactive
D00127,Patricia Taylor,Sedan,Ang Mo Kio,4.67,Active
D00128,Caitlin Cook,Suv,Jurong,4.1,Active
D00129,Vanessa Rivera,Suv,Bishan,4.24,Active
D00130,Jeffrey Galvan,Sedan,Punggol,4.47,Active
D00131,Amanda Jackson,Premium,Yishun,3.54,Active
D00132,Peggy Shaw,Mpv,Woodlands,4.88,Active
D00133,Nicole Fields,Sedan,Yishun,4.71,Active
D00134,Meghan Aguilar,Electric,Punggol,4.58,Active
D00135,Kevin Bradford,Electric,Tampines,4.03,Active
D00136,Mallory Hebert MD,Electric,Jurong,3.65,Active
D00137,Kristin Young,Premium,Singapore,4.55,Active
D00138,Kimberly King,Electric,Toa Payoh,4.66,Active
D00139,Elizabeth Mata,Premium,Jurong,3.61,Active
D00140,Joseph Benton,Mpv,Woodlands,3.81,Active
D00141,Kevin Gibbs,Electric,Bedok,4.5,Active
D00142,Jessica Kennedy,Suv,Singapore,4.87,Active
D00143,Lisa Potts,Sedan,Bishan,4.61,Active
D00144,Jason Saunders,Suv,Toa Payoh,3.73,Active
D00145,Yesenia Sullivan,Hatchback,Yishun,4.85,Active
D00146,Christopher Payne,Mpv,Bishan,4.72,Active
D00147,Martha Carter,Electric,Toa Payoh,3.63,Active
D00148,Steven Townsend,Mpv,Ang Mo Kio,4.79,Active
D00149,Karen Smith,Sedan,Ang Mo Kio,4.48,Active
D00150,Renee Reynolds,Electric,Ang Mo Kio,4.16,Active
D00151,Daniel Mclean,Mpv,Woodlands,3.7,Active
D00152,Brandon Roach,Electric,Bedok,3.94,Active
D00153,Betty Baldwin,Electric,Ang Mo Kio,4.74,Active
D00154,Wendy Reed,Premium,Jurong,3.9,Active
D00155,Lisa Morris,Electric,Bedok,3.59,Active
D00156,Matthew Parks,Hatchback,Punggol,4.79,Active
D00157,Daniel Vazquez,Sedan,Jurong,4.06,Active
D00158,Sara Dickson,Mpv,Singapore,3.99,Inactive
D00159,Michelle Moore,Electric,Woodlands,3.65,Active
D00160,Dr. Alex Martin,Hatchback,Woodlands,4.44,Active
D00161,Angelica Mckenzie,Sedan,Singapore,4.1,Active
D00162,Cindy Sanders,Suv,Yishun,4.72,Active
D00163,Jared Joseph,Electric,Tampines,4.18,Active
D00164,Cameron Newman,Sedan,Punggol,4.16,Active
D00165,Mitchell Garner,Premium,Jurong,4.42,Active
D00166,Joseph Martinez,Mpv,Singapore,4.47,Active
D00167,Jessica Decker,Electric,Woodlands,3.92,Active
D00168,Teresa Kennedy,Premium,Bedok,3.82,Active
D00169,Crystal Hammond,Sedan,Yishun,4.92,Active
D00170,Jimmy Graves,Mpv,Jurong,4.19,Active
D00171,Frank Armstrong,Hatchback,Tampines,3.96,Active
D00172,Maria Silva,Suv,Ang Mo Kio,3.73,Active
D00173,Jeff Phillips,Suv,Bishan,4.55,Active
D00174,Scott Bryant,Premium,Bishan,3.59,Active
D00175,Daniel Sparks,Hatchback,Bedok,4.87,Active
D00176,Christina Mckenzie MD,Suv,Punggol,4.94,Inactive
D00177,Erika Henderson,Mpv,Jurong,4.36,Active
D00178,Luis Mills,Sedan,Ang Mo Kio,4.76,Active
D00179,Susan Armstrong,Electric,Toa Payoh,4.05,Active
D00180,Timothy Sims,Sedan,Woodlands,4.25,Active
D00181,Tamara Pitts,Premium,Woodlands,4.55,Active
D00182,Daniel Davis,Premium,Ang Mo Kio,3.9,Active
D00183,James Woods,Hatchback,Tampines,3.87,Active
D00184,Richard Booker,Mpv,Tampines,4.88,Active
D00185,Sandra Gross,Electric,Punggol,4.87,Active
D00186,Sherry Wheeler,Mpv,Jurong,4.11,Active
D00187,Jacob Kim,Premium,Bedok,4.89,Active
D00188,William Silva,Premium,Singapore,4.16,Active
D00189,Valerie Vasquez,Sedan,Woodlands,4.88,Active
D00190,Kelly Clark,Sedan,Bishan,4.84,Active
D00191,Joseph Mckenzie,Electric,Yishun,3.88,Active
D00192,William Calhoun,Sedan,Bedok,4.68,Active
D00193,Connor Ayers,Hatchback,Bishan,3.63,Active
D00194,Michelle Figueroa,Premium,Bishan,4.29,Active
D00195,Jaime Boyd,Premium,Bishan,4.18,Active
D00196,Jeremy Garrett,Hatchback,Yishun,3.8,Active
D00197,Karen Gates,Suv,Singapore,4.6,Active
D00198,Tony Lloyd,Premium,Bedok,4.41,Active
D00199,Nichole Conner,Hatchback,Bishan,4.19,Active
D00200,Tonya Jackson,Mpv,Singapore,4.06,Active
D00201,Eric Kirby,Premium,Woodlands,4.68,Active
D00202,Monica Summers,Suv,Punggol,4.12,Active
D00203,Gregory Elliott,Suv,Singapore,4.49,Active
D00204,Connor Odom,Sedan,Punggol,3.56,Active
D00205,Ronald Thompson,Premium,Bishan,4.6,Suspended
D00206,Patrick Bush,Premium,Bedok,3.66,Active
D00207,Andrew Thompson,Premium,Singapore,4.29,Active
D00208,Gina Nguyen,Mpv,Tampines,3.68,Active
D00209,Mary Walton,Hatchback,Jurong,5.0,Active
D00210,Craig Burnett,Sedan,Jurong,4.77,Active
D00211,Richard Barry,Hatchback,Yishun,3.96,Active
D00212,Samantha Glass,Premium,Tampines,4.68,Active
D00213,Erin Adkins,Hatchback,Ang Mo Kio,4.61,Active
D00214,Troy Caldwell,Premium,Jurong,4.82,Active
D00215,Jennifer Thomas,Sedan,Jurong,3.53,Active
D00216,Hannah Johnson,Suv,Bedok,4.61,Active
D00217,Michael Cox,Sedan,Jurong,4.15,Active
D00218,Dr. David Abbott DVM,Hatchback,Tampines,4.57,Active
D00219,Anthony Thomas,Suv,Punggol,4.23,Inactive
D00220,Patrick Brown,Mpv,Woodlands,3.78,Active
D00221,Matthew Carr,Suv,Bedok,4.59,Active
D00222,Andrew Jacobs,Mpv,Tampines,4.82,Active
D00223,Manuel Long,Premium,Toa Payoh,4.01,Active
D00224,Mallory Lewis,Electric,Tampines,4.6,Active
D00225,Nathan Nguyen,Suv,Ang Mo Kio,3.85,Inactive
D00226,Aaron White,Electric,Punggol,4.55,Active
D00227,John Baker,Hatchback,Bishan,4.96,Active
D00228,Marisa Wallace,Mpv,Ang Mo Kio,3.59,Active
D00229,Philip Edwards,Electric,Bedok,3.78,Active
D00230,Tiffany Graham,Electric,Woodlands,3.91,Active
D00231,Ryan Fletcher,Suv,Punggol,4.86,Active
D00232,Martin Hernandez,Mpv,Woodlands,3.71,Active
D00233,James Leon,Suv,Bishan,3.61,Active
D00234,Vincent Mahoney,Sedan,Bishan,4.57,Active
D00235,Vincent Rogers,Electric,Punggol,4.33,Active
D00236,Stacy Holmes,Sedan,Bedok,4.96,Active
D00237,Courtney Morris,Suv,Ang Mo Kio,4.51,Active
D00238,Christopher Duncan,Sedan,Ang Mo Kio,4.27,Active
D00239,Stacey Powell,Sedan,Yishun,4.5,Active
D00240,Mr. John Williams,Premium,Punggol,4.53,Active
D00241,Jamie Hill,Hatchback,Jurong,4.59,Active
D00242,Michael Norris,Electric,Jurong,4.34,Active
D00243,Melissa Sparks,Hatchback,Yishun,4.72,Active
D00244,Ernest Cox,Suv,Jurong,3.79,Active
D00245,Stacy Cruz,Premium,Toa Payoh,4.79,Active
D00246,Jessica Palmer,Mpv,Ang Mo Kio,4.41,Active
D00247,Philip Short,Suv,Ang Mo Kio,4.84,Inactive
D00248,John Brown,Hatchback,Tampines,3.83,Active
D00249,Christopher Curtis,Hatchback,Bedok,4.54,Active
D00250,Herbert Potts,Electric,Punggol,3.66,Active
D00251,Laura Logan,Mpv,Toa Payoh,4.84,Active
D00252,Heather Marsh,Suv,Yishun,3.91,Active
D00253,Johnathan Pace,Suv,Singapore,4.79,Active
D00254,Mary Lopez,Hatchback,Toa Payoh,4.38,Active
D00255,Bethany Vazquez,Premium,Yishun,4.11,Active
D00256,Kimberly Oneill,Premium,Yishun,3.7,Active
D00257,Elizabeth Mcdonald,Suv,Bishan,4.57,Active
D00258,Joan Rios MD,Electric,Woodlands,4.57,Active
D00259,Paula Luna,Suv,Toa Payoh,4.82,Active
D00260,Laura Fitzpatrick,Sedan,Toa Payoh,4.24,Active
D00261,Alejandro Peterson,Premium,Tampines,4.42,Active
D00262,Lisa Thompson,Premium,Ang Mo Kio,4.63,Active
D00263,Jessica Mason,Premium,Tampines,4.13,Active
D00264,Daniel Butler,Hatchback,Tampines,4.13,Active
D00265,William Stewart,Mpv,Singapore,4.68,Active
D00266,Jon Garcia,Hatchback,Ang Mo Kio,3.81,Active
D00267,Kelly Boyer MD,Mpv,Bishan,4.86,Active
D00268,Julian Turner,Sedan,Toa Payoh,4.49,Active
D00269,Stephanie Rodriguez,Hatchback,Tampines,4.01,Active
D00270,Elizabeth Reynolds,Suv,Yishun,3.97,Active
D00271,Wendy Mccarthy,Sedan,Woodlands,4.24,Active
D00272,Christopher Whitaker,Premium,Woodlands,3.65,Active
D00273,Steven Holland,Mpv,Yishun,4.96,Active
D00274,Rachel Reyes,Hatchback,Ang Mo Kio,4.37,Active
D00275,Sandra Tucker,Sedan,Woodlands,3.61,Active
D00276,Leslie Mclaughlin,Hatchback,Toa Payoh,4.94,Active
D00277,Steven Stewart,Electric,Ang Mo Kio,3.87,Active
D00278,Kevin Davis,Premium,Bedok,4.32,Active
D00279,Katherine Soto,Premium,Ang Mo Kio,4.05,Active
D00280,Olivia Friedman,Electric,Bishan,3.99,Active
D00281,Thomas Porter,Hatchback,Punggol,3.94,Active
D00282,Brandon Lopez,Mpv,Tampines,4.73,Active
D00283,Barbara Alvarez,Premium,Woodlands,4.69,Active
D00284,Ricky Alvarado,Suv,Toa Payoh,4.85,Active
D00285,Ryan Ho,Sedan,Woodlands,4.42,Active
D00286,Sandra Riddle,Suv,Tampines,3.69,Suspended
D00287,David Wilson,Sedan,Bishan,4.24,Active
D00288,Michael Leonard,Suv,Bedok,3.54,Active
D00289,Paul Williams,Hatchback,Jurong,4.6,Active
D00290,Rachel Dillon,Suv,Toa Payoh,4.94,Active
D00291,Michelle Hawkins,Mpv,Singapore,4.12,Active
D00292,Amy Collins,Suv,Ang Mo Kio,4.26,Active
D00293,Robert Hernandez,Suv,Singapore,4.69,Active
D00294,Thomas Smith,Electric,Ang Mo Kio,4.6,Active
D00295,Marcus Thomas,Suv,Jurong,4.91,Active
D00296,Gregory Warren,Suv,Yishun,3.97,Active
D00297,Ricky Wallace DDS,Mpv,Singapore,4.37,Suspended
D00298,Lindsay Shields,Electric,Tampines,4.32,Active
D00299,Kimberly Scott,Sedan,Punggol,3.88,Active
D00300,John Wilson,Sedan,Bishan,4.98,Active
D00301,Susan Riley,Electric,Toa Payoh,4.08,Active
D00302,Ronald Brown,Electric,Punggol,4.97,Active
D00303,Richard Peterson,Premium,Punggol,4.35,Active
D00304,Cody Spence,Suv,Punggol,3.64,Active
D00305,Timothy Harrell,Mpv,Woodlands,4.97,Active
D00306,Travis Duran,Mpv,Toa Payoh,4.65,Active
D00307,Mariah Mcgee,Suv,Toa Payoh,4.91,Active
D00308,Heather Morris,Sedan,Punggol,4.39,Active
D00309,Rebecca Decker,Premium,Woodlands,4.97,Inactive
D00310,Victoria Alexander,Sedan,Bedok,3.99,Active
D00311,Aaron Collins,Premium,Bishan,4.71,Active
D00312,Christopher Hernandez,Electric,Woodlands,4.33,Active
D00313,Steven Pitts,Mpv,Bedok,3.56,Active
D00314,Paul Tate,Premium,Yishun,4.1,Inactive
D00315,Lauren Dominguez,Sedan,Woodlands,4.74,Active
D00316,Erica Sosa,Suv,Toa Payoh,4.29,Inactive
D00317,Austin Evans Jr.,Premium,Ang Mo Kio,4.34,Active
D00318,Mark Wheeler,Hatchback,Jurong,4.05,Active
D00319,Andre Coleman,Hatchback,Yishun,3.75,Active
D00320,Dean Perry,Premium,Yishun,3.71,Active
D00321,Xavier Malone,Hatchback,Woodlands,3.97,Active
D00322,James Cunningham,Suv,Punggol,4.44,Active
D00323,Victor Silva,Premium,Woodlands,3.6,Active
D00324,Lynn Jackson,Suv,Bedok,4.63,Active
D00325,Sandra Hall,Premium,Punggol,3.83,Active
D00326,Tammy Johnson,Premium,Woodlands,4.32,Active
D00327,Jeffery Cooper,Mpv,Woodlands,3.83,Active
D00328,Lynn Gray,Mpv,Singapore,4.35,Active
D00329,Tara Weaver,Mpv,Ang Mo Kio,4.48,Active
D00330,Heather Mills,Mpv,Singapore,3.89,Active
D00331,Sarah Grimes,Electric,Bedok,4.19,Active
D00332,Stephanie Thomas,Electric,Punggol,3.51,Active
D00333,Mitchell James,Premium,Toa Payoh,3.92,Inactive
D00334,Alexis Jordan,Premium,Bedok,4.35,Active
D00335,Michael Young,Mpv,Bishan,4.82,Active
D00336,Dominique Harris,Electric,Tampines,4.84,Active
D00337,Frank Miller,Suv,Toa Payoh,3.6,Inactive
D00338,Timothy Cooper,Electric,Ang Mo Kio,3.93,Active
D00339,Ashley Harvey,Premium,Bedok,4.73,Active
D00340,Calvin Estrada,Mpv,Singapore,3.58,Active
D00341,Jeffrey Gibson,Mpv,Bedok,4.16,Active
D00342,Steven Ruiz,Hatchback,Jurong,3.73,Active
D00343,Nicholas Mathews,Mpv,Woodlands,3.52,Active
D00344,Daniel Lee,Sedan,Punggol,4.68,Active
D00345,Elaine Sampson,Hatchback,Jurong,3.58,Active
D00346,Paige Roberts,Mpv,Singapore,4.58,Active
D00347,Michael Young,Sedan,Ang Mo Kio,4.91,Active
D00348,Jonathan Palmer,Electric,Bishan,4.86,Active
D00349,John Gillespie,Suv,Yishun,4.4,Active
D00350,Larry Solis,Suv,Ang Mo Kio,3.65,Active
D00351,Morgan Reese,Sedan,Jurong,4.58,Active
D00352,James Haynes,Mpv,Ang Mo Kio,4.29,Active
D00353,Mary Thompson,Electric,Punggol,3.94,Inactive
D00354,Heather Brennan DVM,Sedan,Ang Mo Kio,4.73,Active
D00355,Kimberly Torres,Hatchback,Ang Mo Kio,4.83,Active
D00356,Lucas Griffith,Suv,Punggol,3.63,Active
D00357,Barry Young,Suv,Singapore,4.4,Suspended
D00358,Philip Ross,Premium,Bishan,4.12,Active
D00359,Angela Nguyen DVM,Electric,Singapore,3.53,Active
D00360,Sarah Hall,Sedan,Bedok,4.49,Active
D00361,Pamela Roman,Sedan,Jurong,4.99,Active
D00362,Colin Barr,Electric,Punggol,3.74,Active
D00363,Ryan Ramsey,Electric,Woodlands,4.63,Inactive
D00364,Kristie Jones,Suv,Singapore,4.43,Inactive
D00365,Tyler Rodriguez,Hatchback,Ang Mo Kio,3.53,Active
D00366,Natalie Green,Mpv,Tampines,4.37,Active
D00367,Justin Elliott,Premium,Singapore,4.86,Active
D00368,Jessica Levy,Premium,Yishun,4.71,Active
D00369,Yesenia Coleman,Mpv,Toa Payoh,3.71,Active
D00370,Stephen Brown,Premium,Jurong,4.67,Active
D00371,Crystal King,Sedan,Toa Payoh,3.73,Active
D00372,Cody Smith,Hatchback,Toa Payoh,3.81,Active
D00373,Christine King,Premium,Bedok,3.58,Suspended
D00374,Julia Johnson,Premium,Bishan,4.01,Active
D00375,Richard Andersen,Hatchback,Punggol,4.29,Active
D00376,Charles Russell,Hatchback,Woodlands,4.4,Active
D00377,Michael Nguyen,Suv,Tampines,4.93,Active
D00378,Shelby Garcia,Hatchback,Ang Mo Kio,4.73,Active
D00379,James Bryant,Suv,Punggol,4.57,Active
D00380,Donna Anderson,Premium,Punggol,4.27,Active
D00381,Paige Perez,Electric,Bishan,4.38,Active
D00382,Chelsea Flores,Hatchback,Toa Payoh,3.73,Active
D00383,Debra Schmitt,Mpv,Toa Payoh,4.83,Inactive
D00384,Carol Beasley,Sedan,Yishun,3.64,Active
D00385,Christopher Schmidt DDS,Suv,Yishun,4.99,Active
D00386,Melanie Garcia,Sedan,Singapore,3.62,Active
D00387,Aaron Leonard,Mpv,Punggol,4.44,Active
D00388,Ian Mayo,Mpv,Tampines,3.86,Active
D00389,Heather Monroe,Premium,Woodlands,3.7,Active
D00390,Jordan Drake DDS,Premium,Woodlands,3.88,Active
D00391,James Brandt,Hatchback,Toa Payoh,4.65,Active
D00392,Daniel Riley,Electric,Punggol,4.83,Active
D00393,Louis Joseph,Premium,Bishan,4.19,Active
D00394,Tanya Orozco,Suv,Woodlands,3.52,Active
D00395,Nichole Schmidt,Sedan,Toa Payoh,4.44,Inactive
D00396,Melissa Cordova,Mpv,Jurong,4.27,Active
D00397,Courtney Hogan,Sedan,Toa Payoh,4.51,Active
D00398,Mrs. Victoria Johnston,Suv,Bedok,3.8,Active
D00399,Autumn Webb,Sedan,Bishan,4.8,Active
D00400,Derek Mckinney,Mpv,Ang Mo Kio,4.41,Active
D00401,Carl Barnes,Electric,Bishan,4.26,Inactive
D00402,Leonard Roberson,Mpv,Woodlands,4.88,Active
D00403,Cesar Davis,Premium,Yishun,4.53,Active
D00404,Xavier Kirby,Sedan,Jurong,3.7,Active
D00405,Timothy Hayes,Premium,Toa Payoh,4.6,Active
D00406,Daniel West,Suv,Ang Mo Kio,4.08,Active
D00407,Destiny Bryant,Hatchback,Tampines,3.99,Active
D00408,Christina Cook,Hatchback,Woodlands,4.75,Active
D00409,Meghan Walker,Suv,Toa Payoh,4.98,Active
D00410,Corey Lawrence,Electric,Punggol,3.66,Inactive
D00411,Miss Diamond Fitzpatrick,Mpv,Tampines,4.11,Active
D00412,Ashley Johnson,Mpv,Yishun,3.6,Active
D00413,Rebecca Brown,Suv,Punggol,4.38,Active
D00414,Brenda Duke,Premium,Tampines,4.15,Active
D00415,Tina Smith,Suv,Singapore,4.33,Active
D00416,Jordan Holt,Sedan,Toa Payoh,4.25,Active
D00417,Robert King,Sedan,Bishan,4.7,Active
D00418,Alexander Castillo,Mpv,Woodlands,4.51,Active
D00419,Nancy Martin,Premium,Jurong,4.09,Inactive
D00420,Jacob Munoz,Sedan,Bishan,4.86,Active
D00421,Brittany Mullins,Electric,Punggol,4.88,Active
D00422,Robert Kelley,Suv,Woodlands,4.92,Active
D00423,Lauren Cook,Electric,Toa Payoh,3.6,Active
D00424,Robert Gallegos,Electric,Punggol,3.72,Active
D00425,Jesse Pierce,Sedan,Bedok,3.74,Active
D00426,Christopher Dawson,Sedan,Yishun,3.79,Active
D00427,Wanda Mcgrath,Mpv,Ang Mo Kio,4.48,Active
D00428,Russell Garcia,Mpv,Ang Mo Kio,4.27,Active
D00429,Alexandra Johnson,Sedan,Yishun,3.67,Active
D00430,Ricardo Kelly,Mpv,Ang Mo Kio,4.8,Active
D00431,Matthew Mckinney,Electric,Tampines,3.67,Active
D00432,Pam Freeman,Hatchback,Bishan,4.79,Active
D00433,Dylan Carr,Mpv,Woodlands,3.96,Active
D00434,Kimberly Castillo,Mpv,Yishun,3.96,Active
D00435,Terri Patrick,Mpv,Yishun,3.91,Active
D00436,Heather Banks,Mpv,Jurong,4.34,Active
D00437,Mr. Michael Malone PhD,Hatchback,Toa Payoh,4.04,Active
D00438,Joseph Mccormick,Suv,Bishan,4.62,Inactive
D00439,William Barton,Sedan,Woodlands,4.93,Active
D00440,Sean Bush,Sedan,Punggol,4.81,Active
D00441,Thomas Webster,Mpv,Yishun,3.75,Active
D00442,Joe Hayes,Premium,Bedok,4.54,Active
D00443,Heather Morse,Sedan,Tampines,4.06,Active
D00444,Jeff Walton,Hatchback,Toa Payoh,3.87,Active
D00445,Kevin Callahan,Mpv,Jurong,4.74,Active
D00446,Curtis Ward,Hatchback,Jurong,4.43,Inactive
D00447,Kristi Bernard,Electric,Singapore,4.38,Active
D00448,Steven Knight,Premium,Toa Payoh,4.44,Active
D00449,Rebecca Johnson,Electric,Tampines,4.33,Active
D00450,Melissa Humphrey,Hatchback,Bedok,4.23,Active
D00451,Shelley Wood,Mpv,Punggol,4.06,Active
D00452,Caitlin Hess,Mpv,Ang Mo Kio,3.58,Active
D00453,Jill Hernandez,Suv,Bishan,4.74,Active
D00454,Donald Acevedo,Sedan,Singapore,4.17,Active
D00455,Debbie Allison,Mpv,Toa Payoh,4.66,Active
D00456,Kayla Fowler,Mpv,Bishan,3.87,Active
D00457,Cheryl Harvey,Mpv,Ang Mo Kio,4.94,Active
D00458,Joshua Brown,Suv,Toa Payoh,4.16,Active
D00459,Tonya Jones,Hatchback,Ang Mo Kio,3.71,Active
D00460,Brenda Martinez,Mpv,Tampines,4.93,Active
D00461,Emily Wells,Premium,Bedok,4.17,Active
D00462,Ryan Bailey Jr.,Hatchback,Yishun,4.6,Active
D00463,Robert Greene,Mpv,Yishun,4.94,Active
D00464,Christine Chavez,Hatchback,Singapore,4.42,Active
D00465,Stacey Fitzgerald,Hatchback,Bishan,4.82,Active
D00466,Nathaniel Stone,Electric,Punggol,4.48,Active
D00467,Diana Rangel,Sedan,Tampines,3.96,Active
D00468,Brenda Flynn,Premium,Jurong,3.97,Active
D00469,Mark Holland,Premium,Yishun,4.22,Active
D00470,Nicole Hammond,Mpv,Bedok,3.56,Active
D00471,Dakota Brown,Sedan,Punggol,3.5,Active
D00472,Zachary Mclean,Electric,Woodlands,3.57,Active
D00473,Christopher Martin,Suv,Jurong,4.83,Active
D00474,Krystal Walker,Premium,Yishun,4.76,Inactive
D00475,Sandra Salazar,Hatchback,Punggol,4.09,Inactive
D00476,Christine Mora,Suv,Yishun,4.84,Active
D00477,Linda Obrien,Electric,Ang Mo Kio,4.37,Active
D00478,Madeline Foster,Hatchback,Toa Payoh,4.5,Active
D00479,Eric Rodriguez,Suv,Ang Mo Kio,4.7,Active
D00480,Jessica Knox,Mpv,Yishun,3.83,Active
D00481,Corey Oconnor,Electric,Yishun,3.88,Active
D00482,Bradley Davidson,Electric,Bedok,4.97,Active
D00483,Dana Black,Premium,Punggol,4.7,Active
D00484,Mike Crane,Premium,Punggol,4.71,Active
D00485,Matthew Mills,Mpv,Bedok,3.77,Active
D00486,Tyler Krause,Suv,Punggol,4.16,Active
D00487,Kenneth Walsh,Mpv,Tampines,4.11,Suspended
D00488,Joseph Phillips,Suv,Singapore,4.91,Active
D00489,Brendan Ware,Premium,Toa Payoh,4.57,Inactive
D00490,Steven Carey,Premium,Yishun,4.46,Active
D00491,Kimberly Salinas,Sedan,Jurong,4.25,Inactive
D00492,Brendan Johnston,Hatchback,Bishan,4.25,Active
D00493,Jose Carlson,Suv,Woodlands,4.15,Active
D00494,Chris Lara,Hatchback,Woodlands,3.61,Active
D00495,Tiffany Welch,Mpv,Toa Payoh,4.38,Active
D00496,Tina Gamble,Sedan,Singapore,3.81,Inactive
D00497,Jamie Robbins,Mpv,Singapore,4.48,Inactive
D00498,Michelle Burton,Sedan,Punggol,4.58,Inactive
D00499,Erin Lambert,Mpv,Jurong,4.86,Active
D00500,Justin Brown,Sedan,Yishun,4.13,Inactive
D00501,Lisa Lewis,Mpv,Singapore,4.93,Inactive
D00502,Katelyn Jensen,Mpv,Woodlands,4.67,Active
D00503,Hunter Mendez,Hatchback,Woodlands,4.7,Active
D00504,Elizabeth Gould,Electric,Toa Payoh,3.64,Active
D00505,Jamie Farley,Sedan,Ang Mo Kio,4.07,Active
D00506,Erika Fletcher,Hatchback,Yishun,3.93,Active
D00507,Dawn Arnold,Hatchback,Tampines,3.9,Inactive
D00508,Aaron Morales,Mpv,Woodlands,4.19,Active
D00509,Daniel Serrano,Sedan,Toa Payoh,4.65,Active
D00510,Dominique Rowland,Sedan,Woodlands,4.02,Inactive
D00511,Christopher Johnson,Electric,Punggol,4.15,Active
D00512,Alyssa Peterson,Electric,Punggol,4.99,Active
D00513,Jill Hickman,Electric,Ang Mo Kio,3.61,Active
D00514,Lauren Jimenez,Mpv,Bedok,4.98,Active
D00515,Stephen Hart,Suv,Bishan,3.86,Active
D00516,Latoya Moore,Premium,Yishun,3.56,Active
D00517,Daniel Gonzales,Premium,Bishan,4.85,Active
D00518,Gary Carr,Mpv,Yishun,3.7,Active
D00519,Sean Rollins,Sedan,Ang Mo Kio,4.19,Active
D00520,Charlotte Rogers,Sedan,Yishun,3.5,Active
D00521,Hannah Thompson,Premium,Bishan,3.68,Active
D00522,Douglas Carlson,Suv,Yishun,3.85,Active
D00523,Joseph Jackson,Sedan,Woodlands,3.58,Active
D00524,Kevin Diaz,Premium,Ang Mo Kio,3.81,Active
D00525,Chelsea Diaz,Mpv,Woodlands,3.76,Active
D00526,Steven Thomas,Suv,Bishan,3.54,Active
D00527,Laura Mckee,Premium,Toa Payoh,4.18,Active
D00528,Marisa Allen,Suv,Yishun,4.03,Active
D00529,Lori English,Suv,Tampines,4.38,Active
D00530,Nicholas Glenn,Hatchback,Punggol,3.79,Active
D00531,Laura Olson,Hatchback,Woodlands,3.82,Active
D00532,Jennifer Arnold,Electric,Bedok,4.75,Active
D00533,Maria Wilson,Suv,Singapore,3.55,Active
D00534,Laura Jones,Sedan,Bedok,3.56,Active
D00535,Joseph Vasquez,Sedan,Toa Payoh,4.63,Active
D00536,Christopher Reese,Suv,Toa Payoh,4.85,Inactive
D00537,Diana Graham,Premium,Singapore,3.73,Active
D00538,Emily Nicholson,Hatchback,Bedok,4.87,Active
D00539,Andrea Moore,Premium,Bishan,4.27,Active
D00540,Joan Payne,Premium,Jurong,3.85,Active
D00541,John Trujillo,Mpv,Jurong,4.66,Active
D00542,Brett Acosta,Hatchback,Yishun,4.73,Active
D00543,John Marsh DDS,Electric,Singapore,3.64,Active
D00544,Brian Fox MD,Suv,Tampines,4.64,Inactive
D00545,Jennifer Sullivan,Mpv,Tampines,4.31,Active
D00546,Olivia Hughes,Mpv,Punggol,3.87,Active
D00547,Ronald Bentley,Sedan,Bishan,4.27,Active
D00548,Timothy Benjamin,Suv,Toa Payoh,4.29,Active
D00549,Marilyn Ward,Mpv,Toa Payoh,3.63,Active
D00550,Kathleen Reyes,Electric,Jurong,4.87,Active
D00551,Laura Miranda,Hatchback,Punggol,3.91,Active
D00552,Rachel Foster,Premium,Bishan,4.57,Active
D00553,Robert Brown,Sedan,Bishan,3.51,Active
D00554,Kelly Pace,Suv,Singapore,3.63,Inactive
D00555,Cathy Farrell,Premium,Tampines,4.61,Active
D00556,Trevor Allen,Electric,Ang Mo Kio,3.63,Active
D00557,Antonio Simmons,Suv,Woodlands,4.04,Active
D00558,Debra King,Hatchback,Singapore,4.32,Active
D00559,Mary Nash,Electric,Jurong,4.99,Active
D00560,Robert Conley,Sedan,Bedok,3.87,Active
D00561,James Guerrero,Suv,Tampines,3.88,Active
D00562,Eric Foster,Premium,Ang Mo Kio,4.21,Active
D00563,Nancy Acevedo,Suv,Singapore,4.61,Inactive
D00564,Jason Lee,Sedan,Jurong,4.42,Active
D00565,Vickie Hendricks,Sedan,Ang Mo Kio,4.38,Active
D00566,Michael James,Premium,Bedok,4.34,Active
D00567,Sandra Williams,Suv,Ang Mo Kio,4.53,Active
D00568,Stephanie Hughes,Mpv,Jurong,4.17,Active
D00569,Katie Deleon,Hatchback,Jurong,4.93,Active
D00570,Cynthia George,Hatchback,Bedok,4.06,Active
D00571,John Peterson,Sedan,Tampines,4.84,Active
D00572,Vanessa Sanders,Sedan,Bishan,4.31,Active
D00573,Tonya Booth,Premium,Yishun,4.9,Suspended
D00574,Christina Estrada,Hatchback,Ang Mo Kio,4.69,Active
D00575,Douglas Sharp,Sedan,Tampines,4.13,Active
D00576,Tonya Gibson,Suv,Yishun,3.82,Inactive
D00577,Anthony Rodriguez,Mpv,Tampines,3.54,Active
D00578,Michael Morrison,Suv,Jurong,4.11,Active
D00579,Mr. Nathaniel Robertson,Premium,Bedok,3.59,Active
D00580,Victor Hughes,Mpv,Bishan,4.08,Active
D00581,Matthew Hall,Sedan,Bedok,4.28,Inactive
D00582,Pamela Floyd,Mpv,Bishan,4.42,Active
D00583,Jonathan Le,Electric,Ang Mo Kio,4.78,Active
D00584,Colin Lee,Electric,Woodlands,4.38,Active
D00585,Scott King,Electric,Jurong,4.19,Active
D00586,Frederick Finley,Hatchback,Yishun,4.77,Active
D00587,Andrew Frederick,Hatchback,Ang Mo Kio,4.07,Active
D00588,Nicholas Zuniga,Hatchback,Toa Payoh,3.75,Inactive
D00589,Amanda Smith,Premium,Jurong,3.74,Active
D00590,Jessica Thompson,Premium,Singapore,4.39,Active
D00591,Anthony Lewis,Mpv,Punggol,3.94,Active
D00592,Robyn Garrett,Hatchback,Bishan,3.8,Active
D00593,Thomas Stewart,Electric,Tampines,3.88,Active
D00594,Jessica Day,Hatchback,Woodlands,4.3,Active
D00595,Jennifer Sherman,Mpv,Bishan,4.14,Active
D00596,Grant Wilson,Electric,Bedok,4.7,Active
D00597,David George,Electric,Tampines,3.84,Active
D00598,Sonya Miller,Hatchback,Tampines,3.72,Active
D00599,Erika Vasquez,Suv,Tampines,3.65,Active
D00600,Molly Thompson,Premium,Punggol,4.48,Active
D00601,Larry Fleming,Suv,Ang Mo Kio,3.74,Active
D00602,Morgan Flores,Mpv,Jurong,3.56,Active
D00603,Lawrence Martin,Electric,Yishun,4.55,Active
D00604,Tonya Duran,Electric,Jurong,4.41,Active
D00605,Kyle Perez,Premium,Punggol,3.56,Active
D00606,Cindy Ibarra,Electric,Punggol,4.95,Active
D00607,John Lee,Electric,Bedok,4.26,Active
D00608,Christopher Valdez,Hatchback,Yishun,4.32,Active
D00609,Andrea Davis,Sedan,Toa Payoh,3.62,Active
D00610,David Griffin,Hatchback,Bishan,4.08,Active
D00611,Lindsey Diaz,Premium,Ang Mo Kio,4.4,Active
D00612,Charles Bell,Sedan,Singapore,3.84,Active
D00613,Chad Flores,Suv,Punggol,3.9,Active
D00614,Stacey Carpenter,Mpv,Singapore,3.92,Active
D00615,Russell Garcia,Sedan,Woodlands,4.36,Active
D00616,Elizabeth Wilson,Premium,Yishun,4.12,Active
D00617,William Miranda,Suv,Singapore,4.79,Active
D00618,William Williams,Electric,Yishun,4.46,Active
D00619,Nancy Grant,Premium,Bishan,4.71,Active
D00620,Felicia Smith,Electric,Jurong,3.89,Active
D00621,Michael Riley,Hatchback,Bedok,4.72,Active
D00622,David Shepherd,Mpv,Singapore,4.93,Active
D00623,Lori Munoz MD,Sedan,Toa Payoh,3.62,Active
D00624,Brittany Christian,Electric,Bishan,4.55,Active
D00625,Christian Bray,Suv,Woodlands,3.82,Active
D00626,Michael Brady,Electric,Yishun,4.29,Active
D00627,Stacy Ross MD,Hatchback,Woodlands,4.65,Active
D00628,Caleb Taylor,Suv,Woodlands,3.96,Active
D00629,Ronald Coleman,Sedan,Bishan,4.38,Active
D00630,John Flores,Sedan,Yishun,4.9,Active
D00631,Ronald Gutierrez,Hatchback,Yishun,4.25,Active
D00632,Jamie Underwood,Premium,Punggol,4.91,Active
D00633,Norma Fox,Premium,Woodlands,4.03,Active
D00634,Cole Arnold,Electric,Tampines,4.39,Active
D00635,Andrea Clark,Mpv,Toa Payoh,4.33,Active
D00636,Christopher Brown,Suv,Bedok,4.81,Suspended
D00637,James Norman,Electric,Ang Mo Kio,3.74,Active
D00638,Ann Valenzuela,Electric,Toa Payoh,4.6,Active
D00639,Amy Woods,Mpv,Bishan,3.83,Active
D00640,William Chambers,Suv,Ang Mo Kio,4.19,Active
D00641,Frank Munoz,Mpv,Tampines,4.32,Active
D00642,Alicia Mathews,Mpv,Yishun,4.36,Active
D00643,Amanda Anderson,Premium,Ang Mo Kio,4.71,Active
D00644,Jacqueline Deleon,Mpv,Bishan,3.99,Active
D00645,Gregory Hodge,Mpv,Toa Payoh,4.33,Active
D00646,Lindsay Mccoy,Premium,Bedok,3.74,Active
D00647,Jennifer Wright,Hatchback,Tampines,4.6,Active
D00648,Adam Jones,Suv,Jurong,4.56,Active
D00649,Linda Vargas,Suv,Singapore,3.74,Active
D00650,Emily Ferguson,Electric,Singapore,3.95,Active
D00651,Luis Obrien,Premium,Woodlands,3.66,Active
D00652,Rebecca May,Suv,Yishun,3.9,Active
D00653,Amber Hicks,Hatchback,Ang Mo Kio,3.88,Active
D00654,Karen Hill,Mpv,Jurong,3.63,Active
D00655,Daniel Stephens,Premium,Ang Mo Kio,4.9,Active
D00656,Jacob Lee,Electric,Toa Payoh,4.11,Active
D00657,Benjamin Chang,Mpv,Ang Mo Kio,3.79,Active
D00658,James Sweeney,Electric,Singapore,4.55,Active
D00659,Joseph Mcclain,Hatchback,Jurong,3.66,Active
D00660,Fernando Johnson,Hatchback,Singapore,4.98,Active
D00661,Kevin Cook,Sedan,Bishan,4.91,Active
D00662,Steven Mcmillan,Premium,Tampines,3.61,Active
D00663,Felicia Williams,Electric,Woodlands,4.08,Active
D00664,Eric Mathis,Sedan,Bedok,3.65,Suspended
D00665,Gary Murphy,Electric,Singapore,4.89,Active
D00666,Michael Lopez,Mpv,Woodlands,4.83,Active
D00667,Heather Vaughan,Hatchback,Punggol,3.79,Active
D00668,Linda Fry,Sedan,Punggol,4.69,Active
D00669,Scott Costa,Premium,Bishan,4.3,Active
D00670,Christina Tran,Premium,Tampines,3.7,Active
D00671,Stephanie Henderson,Suv,Jurong,4.11,Active
D00672,Terry Moreno,Sedan,Yishun,3.7,Active
D00673,Lori Johnson,Sedan,Bedok,3.73,Active
D00674,Ryan Henderson,Hatchback,Singapore,3.72,Inactive
D00675,Pamela Smith,Mpv,Yishun,4.31,Inactive
D00676,Mrs. Mary Morris,Electric,Ang Mo Kio,4.6,Active
D00677,Mary Salinas,Sedan,Toa Payoh,3.83,Active
D00678,Megan Goodman,Premium,Punggol,3.99,Active
D00679,Garrett Hernandez,Mpv,Yishun,3.67,Active
D00680,Ariel Shelton,Suv,Tampines,3.51,Active
D00681,Jeffrey Diaz,Sedan,Yishun,3.63,Active
D00682,Amanda Brooks,Electric,Punggol,4.27,Active
D00683,Zachary Curtis,Hatchback,Punggol,3.85,Active
D00684,Catherine Goodman,Mpv,Tampines,4.7,Active
D00685,Patricia Duran,Sedan,Singapore,3.7,Inactive
D00686,Travis Boyd,Premium,Ang Mo Kio,4.26,Inactive
D00687,Jeanne Morales,Sedan,Bedok,3.94,Active
D00688,Lisa Harper,Hatchback,Woodlands,3.61,Active
D00689,Jennifer Blake,Hatchback,Bishan,4.91,Active
D00690,Kenneth Miller,Premium,Bedok,4.77,Active
D00691,Justin Bush,Mpv,Bishan,4.61,Active
D00692,Pamela Greer,Mpv,Bedok,4.24,Active
D00693,Jason Holden,Hatchback,Punggol,4.07,Active
D00694,Katherine Cameron,Sedan,Jurong,4.1,Active
D00695,Beth Johnson,Electric,Ang Mo Kio,3.86,Active
D00696,Michael Hicks,Mpv,Tampines,4.44,Active
D00697,Warren Bryan,Sedan,Punggol,4.56,Active
D00698,Darren Weaver,Electric,Woodlands,4.44,Active
D00699,Matthew Carson,Mpv,Jurong,4.74,Active
D00700,Cynthia Davis,Suv,Jurong,4.49,Active
D00701,April Miller,Premium,Toa Payoh,3.83,Active
D00702,William Nelson,Hatchback,Yishun,3.71,Suspended
D00703,Tyler Castro,Sedan,Singapore,3.83,Active
D00704,Vanessa Roman,Suv,Bishan,4.12,Active
D00705,Cindy Smith,Hatchback,Bishan,4.41,Active
D00706,Jacob Fuller,Mpv,Yishun,4.7,Active
D00707,Isabel Reyes,Premium,Tampines,3.64,Active
D00708,Maurice Williams,Premium,Yishun,3.74,Inactive
D00709,Michael Gentry,Hatchback,Jurong,4.16,Active
D00710,Jon Le,Sedan,Jurong,4.76,Active
D00711,Sarah Miranda,Premium,Bishan,4.14,Active
D00712,Eric Delgado,Sedan,Punggol,4.46,Active
D00713,Erin Mendez,Suv,Tampines,3.85,Active
D00714,Cheyenne White,Electric,Woodlands,4.02,Active
D00715,Marc Smith,Mpv,Ang Mo Kio,4.04,Active
D00716,David Rosales,Hatchback,Bishan,4.73,Active
D00717,Gary Porter,Electric,Yishun,3.9,Active
D00718,Bridget Murillo,Electric,Yishun,3.73,Active
D00719,Debra Phillips,Suv,Bedok,4.72,Active
D00720,Leslie Grimes,Electric,Yishun,4.83,Active
D00721,Oscar Marsh,Mpv,Jurong,4.56,Active
D00722,Catherine Jenkins,Mpv,Bishan,3.99,Active
D00723,Amanda Brock,Electric,Jurong,4.98,Active
D00724,Kathryn Kennedy,Premium,Yishun,3.66,Active
D00725,Mary Ewing,Mpv,Woodlands,4.97,Active
D00726,Megan Hernandez,Hatchback,Bedok,4.52,Suspended
D00727,Jermaine Thornton,Hatchback,Punggol,3.88,Active
D00728,Nathan Mitchell,Electric,Woodlands,3.73,Active
D00729,Michael Kelly,Electric,Ang Mo Kio,4.16,Active
D00730,Krista Fox,Suv,Ang Mo Kio,3.52,Active
D00731,Ryan Foster,Mpv,Punggol,4.66,Active
D00732,Michael Brown,Premium,Tampines,4.98,Active
D00733,Molly Hawkins,Electric,Bishan,4.13,Active
D00734,Lori Hernandez,Electric,Toa Payoh,3.58,Active
D00735,Melody Brown,Suv,Woodlands,5.0,Active
D00736,Antonio Nguyen,Mpv,Tampines,4.2,Active
D00737,Tiffany Clark,Hatchback,Tampines,3.5,Active
D00738,Jennifer Payne,Sedan,Woodlands,4.19,Active
D00739,Mark Kelly,Suv,Bedok,3.78,Active
D00740,Katie Ware,Sedan,Tampines,4.71,Active
D00741,Alex Simpson,Electric,Toa Payoh,3.59,Active
D00742,Amanda Martinez,Mpv,Singapore,4.9,Active
D00743,Joseph Davis,Electric,Punggol,4.4,Active
D00744,Julia Nelson,Mpv,Ang Mo Kio,4.57,Active
D00745,Alicia Freeman,Suv,Yishun,4.54,Active
D00746,Thomas Crosby,Sedan,Ang Mo Kio,4.68,Active
D00747,Lynn Smith,Hatchback,Woodlands,4.23,Active
D00748,Penny Goodwin,Hatchback,Yishun,4.17,Active
D00749,Sean Foster,Hatchback,Jurong,4.24,Active
D00750,Rachel Price,Suv,Jurong,3.78,Active
D00751,Scott Ellis,Hatchback,Tampines,4.25,Active
D00752,Barbara Ramos,Electric,Bedok,4.65,Active
D00753,Keith Farley,Suv,Yishun,4.63,Active
D00754,Ann Hicks,Mpv,Bedok,4.87,Active
D00755,William Ellis,Mpv,Bedok,4.71,Active
D00756,Robert Burns,Suv,Bedok,4.47,Active
D00757,Jennifer Gordon,Electric,Singapore,4.27,Suspended
D00758,Robin Sanders,Premium,Jurong,3.56,Active
D00759,Diana Thompson,Hatchback,Ang Mo Kio,4.54,Active
D00760,Stephanie Durham,Sedan,Singapore,3.76,Active
D00761,Ashlee Rose,Premium,Ang Mo Kio,4.24,Active
D00762,Jordan Ramirez,Hatchback,Tampines,3.86,Active
D00763,Bryan Dixon,Mpv,Yishun,3.74,Active
D00764,Tiffany Bryant,Mpv,Ang Mo Kio,4.77,Suspended
D00765,Brandi Day,Electric,Yishun,4.24,Active
D00766,Dawn Fields,Mpv,Jurong,4.99,Active
D00767,Robert Andrews,Hatchback,Bedok,3.98,Active
D00768,Phillip Brown,Electric,Toa Payoh,3.68,Active
D00769,Paul Burnett,Hatchback,Yishun,4.83,Active
D00770,Zachary Beard,Hatchback,Woodlands,4.92,Active
D00771,Evan Gonzalez,Suv,Bishan,3.61,Active
D00772,Amanda Perry,Suv,Tampines,4.54,Active
D00773,Michael Munoz,Premium,Woodlands,4.82,Active
D00774,Ms. Stacey Rodriguez MD,Suv,Woodlands,4.13,Active
D00775,Jessica Warren,Electric,Jurong,4.54,Active
D00776,Eric Bartlett,Electric,Jurong,3.7,Active
D00777,Stephanie Mcgee,Mpv,Toa Payoh,4.57,Active
D00778,Matthew Brown,Hatchback,Tampines,4.92,Active
D00779,Dawn Montgomery,Premium,Punggol,4.62,Active
D00780,Wendy Hicks,Premium,Jurong,4.49,Active
D00781,Megan Garcia,Sedan,Bishan,4.29,Active
D00782,Robert Thomas,Mpv,Tampines,4.2,Active
D00783,Shannon Vincent,Mpv,Singapore,4.53,Active
D00784,John Garcia,Sedan,Bishan,3.66,Suspended
D00785,Teresa Fowler,Sedan,Singapore,4.46,Active
D00786,David Walker,Mpv,Bishan,4.08,Active
D00787,Mr. Donald Robertson,Sedan,Bishan,4.15,Active
D00788,Katie Jackson,Electric,Yishun,3.77,Active
D00789,Gloria Wallace,Sedan,Tampines,4.61,Active
D00790,Melissa Bishop DVM,Premium,Yishun,4.19,Active
D00791,Crystal Davis,Mpv,Toa Payoh,4.55,Active
D00792,Janet Delgado,Suv,Bedok,4.5,Active
D00793,Meghan Larson,Mpv,Tampines,4.77,Active
D00794,Amy Soto,Electric,Punggol,3.53,Active
D00795,Michael Rowland,Suv,Bedok,4.49,Active
D00796,Ashley Powell,Suv,Yishun,4.74,Active
D00797,Richard Rowe,Mpv,Singapore,4.28,Active
D00798,Christopher Gonzalez II,Electric,Ang Mo Kio,4.65,Inactive
D00799,Julie Navarro,Electric,Yishun,3.56,Active
D00800,Emily Harvey,Hatchback,Yishun,3.77,Active
D00801,Vicki Brown,Hatchback,Bishan,4.99,Active
D00802,Melvin Taylor,Premium,Bishan,4.51,Active
D00803,Mrs. Ann Klein,Hatchback,Ang Mo Kio,4.65,Active
D00804,Jennifer Hughes,Hatchback,Punggol,3.56,Active
D00805,Amy Taylor,Sedan,Ang Mo Kio,4.48,Inactive
D00806,Steven Chapman,Mpv,Singapore,4.25,Active
D00807,Mark Harvey,Electric,Bedok,4.0,Active
D00808,Latoya Schultz,Suv,Bedok,4.2,Active
D00809,James Banks,Mpv,Bishan,4.12,Active
D00810,William Doyle,Premium,Singapore,4.86,Active
D00811,Wanda Bradford,Electric,Singapore,3.56,Active
D00812,Tiffany Nelson,Premium,Jurong,4.94,Active
D00813,Teresa Simmons,Suv,Punggol,4.83,Active
D00814,Christina Gaines,Mpv,Ang Mo Kio,4.28,Active
D00815,Kristy Collins,Mpv,Bishan,4.55,Active
D00816,Lisa Simon,Premium,Jurong,4.78,Active
D00817,Mary Douglas,Suv,Woodlands,4.59,Active
D00818,Lauren Harris,Suv,Ang Mo Kio,3.57,Active
D00819,Michelle Stafford,Electric,Bedok,4.69,Active
D00820,Brittany Jones,Premium,Jurong,4.0,Active
D00821,David Krause,Suv,Tampines,4.2,Active
D00822,Joshua Summers,Suv,Bedok,3.93,Active
D00823,Kevin Wilkinson Jr.,Suv,Singapore,3.91,Active
D00824,Hannah Hampton,Suv,Jurong,4.16,Active
D00825,Joshua Tyler,Sedan,Ang Mo Kio,4.86,Active
D00826,Heather Olsen,Electric,Punggol,3.85,Active
D00827,Michael Joyce,Suv,Yishun,3.51,Active
D00828,Jason Lopez,Electric,Toa Payoh,4.82,Active
D00829,Kimberly Wright,Electric,Ang Mo Kio,4.43,Active
D00830,Douglas Snyder,Electric,Woodlands,4.89,Active
D00831,Alexandra Doyle,Hatchback,Toa Payoh,3.98,Active
D00832,Jon Jacobs,Mpv,Toa Payoh,4.21,Active
D00833,Oscar Thomas,Sedan,Jurong,4.52,Active
D00834,Jake Brown,Hatchback,Yishun,4.83,Inactive
D00835,Morgan Woods,Premium,Bedok,3.52,Active
D00836,Michael Avila,Suv,Bedok,4.31,Active
D00837,Bradley Brown,Premium,Singapore,4.25,Active
D00838,Victoria Goodwin,Premium,Punggol,3.67,Active
D00839,Cindy Perez,Mpv,Ang Mo Kio,3.81,Active
D00840,Allison Thompson,Electric,Ang Mo Kio,3.85,Active
D00841,Patrick Lee,Hatchback,Yishun,4.56,Inactive
D00842,Aaron Brown,Hatchback,Ang Mo Kio,4.37,Active
D00843,David Rowland,Hatchback,Yishun,4.08,Active
D00844,Cathy Norris,Mpv,Bishan,4.06,Active
D00845,Alexander Wilson,Electric,Ang Mo Kio,3.65,Active
D00846,George Alexander,Electric,Ang Mo Kio,4.68,Active
D00847,Hannah Johnson MD,Premium,Bishan,3.55,Active
D00848,Joshua Gordon,Sedan,Toa Payoh,3.57,Active
D00849,Amy Shields,Suv,Ang Mo Kio,3.57,Active
D00850,Ryan Chambers,Mpv,Yishun,4.77,Active
D00851,Kristin Lewis,Premium,Toa Payoh,4.7,Active
D00852,Dr. Jordan Hughes,Electric,Bishan,4.4,Active
D00853,Jessica Smith,Electric,Jurong,3.87,Active
D00854,Samuel Cantu,Electric,Woodlands,4.86,Active
D00855,Calvin Sims,Hatchback,Woodlands,4.02,Inactive
D00856,David Cunningham,Hatchback,Toa Payoh,4.47,Active
D00857,Kristina Franco,Electric,Tampines,4.61,Active
D00858,Gary Martinez,Mpv,Singapore,3.66,Active
D00859,Jodi Russell,Premium,Bedok,4.86,Active
D00860,Derek Anderson,Suv,Yishun,3.83,Active
D00861,Erin Taylor,Mpv,Jurong,4.93,Active
D00862,Kristina Daugherty,Hatchback,Woodlands,3.84,Active
D00863,Alyssa Henderson,Electric,Woodlands,4.47,Inactive
D00864,Michael Clay,Suv,Punggol,4.81,Active
D00865,Justin Wood,Sedan,Bedok,3.77,Active
D00866,Shelley Brown,Suv,Jurong,4.09,Active
D00867,Kevin Ross,Suv,Singapore,3.9,Active
D00868,Kenneth Lee,Mpv,Tampines,4.99,Active
D00869,Suzanne Powell,Mpv,Woodlands,4.23,Active
D00870,Rose Vasquez,Sedan,Woodlands,4.11,Active
D00871,Jill Schneider,Hatchback,Yishun,3.58,Active
D00872,Jason Thompson,Suv,Yishun,3.74,Active
D00873,Tanner Harris,Electric,Bedok,4.38,Active
D00874,Ashlee Perez,Electric,Jurong,4.52,Active
D00875,Andrea Spence,Premium,Jurong,4.9,Inactive
D00876,Cynthia Ramirez,Premium,Tampines,3.83,Active
D00877,Joann Stevens,Electric,Singapore,3.85,Active
D00878,Christopher Hill,Mpv,Yishun,4.84,Active
D00879,Theresa Miller,Sedan,Singapore,4.02,Inactive
D00880,Lisa Zhang,Sedan,Yishun,3.55,Active
D00881,Belinda Johnson,Hatchback,Jurong,4.58,Active
D00882,Andrew Smith,Mpv,Toa Payoh,4.08,Active
D00883,Monique Miller,Hatchback,Tampines,4.67,Active
D00884,Gary Park,Sedan,Woodlands,3.97,Active
D00885,Samantha Chambers,Hatchback,Jurong,4.64,Active
D00886,Brett Miller DDS,Mpv,Ang Mo Kio,4.9,Active
D00887,Stacie Taylor,Mpv,Bedok,4.65,Inactive
D00888,Rebecca Banks,Mpv,Yishun,3.7,Active
D00889,Joseph Clark,Suv,Tampines,4.64,Active
D00890,Aaron Allen,Hatchback,Bedok,4.76,Active
D00891,Jesse Suarez,Sedan,Singapore,3.89,Active
D00892,Sheryl Mcdonald,Hatchback,Singapore,4.3,Active
D00893,Richard Garcia,Electric,Bedok,3.74,Active
D00894,Brittany Rios,Mpv,Singapore,4.33,Active
D00895,Guy Richards,Electric,Yishun,4.81,Inactive
D00896,Brooke Burgess,Suv,Tampines,4.37,Active
D00897,Shane Henderson,Hatchback,Ang Mo Kio,4.94,Active
D00898,Charles Monroe,Mpv,Tampines,4.86,Active
D00899,Lawrence Villa,Mpv,Ang Mo Kio,3.78,Active
D00900,Kelly Grimes,Sedan,Bishan,4.02,Active
D00901,David Smith,Premium,Punggol,4.62,Active
D00902,Daniel Roberts,Sedan,Bedok,3.94,Active
D00903,Carrie Banks,Sedan,Bedok,4.95,Active
D00904,Robert Andrews,Sedan,Jurong,4.82,Active
D00905,Joseph Young,Mpv,Bedok,3.72,Active
D00906,Cody Salazar,Mpv,Tampines,4.23,Active
D00907,Craig Harris,Electric,Toa Payoh,4.75,Active
D00908,Julie Hooper,Suv,Yishun,4.37,Active
D00909,Cameron Wolfe,Suv,Tampines,4.41,Active
D00910,Heather Mclean,Premium,Bishan,3.66,Inactive
D00911,Connie Johnson,Mpv,Bishan,4.96,Active
D00912,Jackie Rodriguez,Electric,Bedok,3.79,Active
D00913,Melissa Martin,Sedan,Bedok,3.53,Active
D00914,Tyler Brooks,Electric,Yishun,4.16,Inactive
D00915,Ana Lane,Premium,Toa Payoh,3.87,Active
D00916,Brandon Buckley,Premium,Woodlands,4.38,Active
D00917,Christopher Ross,Electric,Toa Payoh,4.27,Active
D00918,Terry Day,Sedan,Ang Mo Kio,4.49,Active
D00919,Kevin Dean,Hatchback,Ang Mo Kio,4.53,Active
D00920,Kayla Singleton,Electric,Bishan,3.69,Suspended
D00921,Sandra Mills,Mpv,Toa Payoh,3.52,Active
D00922,Emily Richardson,Sedan,Jurong,4.63,Active
D00923,Dave Stein,Sedan,Jurong,4.37,Active
D00924,Alyssa Lozano,Premium,Singapore,4.38,Active
D00925,Victor Burton,Hatchback,Bishan,4.12,Inactive
D00926,Angela Gonzalez,Premium,Bishan,4.26,Suspended
D00927,Susan Cuevas,Hatchback,Bishan,4.8,Active
D00928,Elijah Beck,Suv,Singapore,4.47,Active
D00929,Joanne Kelly,Mpv,Ang Mo Kio,4.67,Active
D00930,Jacob Joseph,Hatchback,Punggol,3.85,Active
D00931,Juan Duran,Mpv,Bedok,4.47,Active
D00932,Chloe Cox,Hatchback,Bishan,4.11,Active
D00933,Jordan White,Suv,Singapore,4.72,Active
D00934,Gerald Campos,Suv,Toa Payoh,4.51,Active
D00935,Jacqueline Jensen,Sedan,Yishun,4.72,Active
D00936,Robert Ross,Electric,Yishun,4.78,Active
D00937,James Bullock,Suv,Singapore,4.94,Active
D00938,Michael Graham,Premium,Bishan,4.15,Active
D00939,Sharon Simmons,Mpv,Singapore,3.83,Active
D00940,Veronica Coleman,Electric,Punggol,4.8,Active
D00941,Janice Maxwell,Sedan,Woodlands,4.32,Active
D00942,Rebecca Wood,Hatchback,Woodlands,4.85,Active
D00943,Monica Erickson,Sedan,Singapore,4.17,Inactive
D00944,Randall Lam,Sedan,Jurong,3.83,Active
D00945,Todd Parker,Premium,Punggol,4.48,Active
D00946,Kim Cameron,Electric,Singapore,4.98,Active
D00947,Nicole Harris,Hatchback,Jurong,4.03,Active
D00948,Tamara Young,Mpv,Tampines,3.74,Active
D00949,James Cooper,Mpv,Singapore,4.91,Active
D00950,Brenda Choi,Mpv,Bishan,4.82,Inactive
D00951,William Harper,Hatchback,Singapore,3.77,Active
D00952,Brian Roach,Sedan,Bedok,4.47,Suspended
D00953,Richard Brown,Premium,Punggol,3.56,Active
D00954,Nancy Tran,Hatchback,Woodlands,3.94,Active
D00955,Daniel Goodwin,Mpv,Toa Payoh,4.29,Active
D00956,Lisa Mcmillan,Hatchback,Ang Mo Kio,4.04,Active
D00957,Valerie Ellison,Mpv,Woodlands,4.37,Active
D00958,Jordan Pham,Sedan,Ang Mo Kio,4.22,Active
D00959,Jordan Moss,Hatchback,Bedok,4.55,Inactive
D00960,Tammy Smith,Mpv,Tampines,4.39,Active
D00961,Julie Griffin,Electric,Woodlands,4.85,Active
D00962,Gina Cannon,Electric,Bishan,4.49,Active
D00963,Steve Davidson,Premium,Bishan,4.05,Active
D00964,Kevin Fuller,Electric,Tampines,4.87,Active
D00965,Micheal Young,Suv,Toa Payoh,3.65,Active
D00966,Tyler Smith,Suv,Toa Payoh,4.84,Active
D00967,Michael Butler,Electric,Ang Mo Kio,3.74,Active
D00968,Tracy Booker MD,Hatchback,Woodlands,3.69,Active
D00969,Carl Payne,Mpv,Toa Payoh,3.72,Inactive
D00970,Darryl Navarro MD,Mpv,Punggol,4.21,Active
D00971,Ryan Abbott,Sedan,Punggol,4.51,Inactive
D00972,Dawn Chen,Suv,Woodlands,4.28,Active
D00973,Alan Liu,Suv,Singapore,3.74,Active
D00974,Victor Cantrell,Sedan,Toa Payoh,4.55,Active
D00975,Kenneth Castro,Suv,Punggol,4.1,Active
D00976,Nicole Maddox,Suv,Tampines,3.57,Active
D00977,Tamara Fischer,Sedan,Bedok,4.08,Active
D00978,Anthony Duffy,Premium,Jurong,4.5,Active
D00979,Adam Shields,Suv,Singapore,3.99,Active
D00980,Kyle Nguyen,Electric,Toa Payoh,4.22,Active
D00981,Debra Warren,Sedan,Singapore,4.72,Inactive
D00982,Charles Greene,Premium,Tampines,3.57,Active
D00983,Brandon Riley,Suv,Tampines,3.94,Inactive
D00984,Louis Brown,Mpv,Singapore,4.09,Inactive
D00985,James Stewart,Premium,Bishan,3.56,Active
D00986,Jason Hunter,Suv,Bishan,4.09,Active
D00987,Stephanie Patel,Premium,Toa Payoh,4.23,Active
D00988,Ryan Taylor,Hatchback,Woodlands,3.79,Active
D00989,Dawn Scott,Hatchback,Toa Payoh,4.24,Active
D00990,Kimberly Colon,Sedan,Bishan,4.83,Active
D00991,Thomas Christian,Electric,Toa Payoh,3.65,Active
D00992,Amber Mooney,Mpv,Punggol,4.57,Active
D00993,Emily Lawrence,Electric,Bedok,4.31,Active
D00994,Jessica Juarez,Hatchback,Ang Mo Kio,4.95,Active
D00995,Paul Williams,Hatchback,Ang Mo Kio,3.95,Active
D00996,Andrea Crane,Hatchback,Tampines,4.33,Active
D00997,Ryan Glover,Sedan,Bishan,4.13,Active
D00998,Michael Gallagher,Hatchback,Yishun,4.98,Active
D00999,Jessica Rogers,Electric,Punggol,4.4,Active
D01000,Thomas Duarte,Suv,Punggol,4.33,Active
D01001,James Banks,Suv,Yishun,4.89,Active
D01002,Melissa Cortez,Mpv,Jurong,4.76,Active
D01003,Tina Williams,Premium,Tampines,3.8,Active
D01004,Jacob Brown,Suv,Tampines,4.53,Active
D01005,Lindsey Meza,Electric,Woodlands,4.41,Active
D01006,Anna Jenkins,Suv,Tampines,4.05,Active
D01007,Alan Harper,Premium,Ang Mo Kio,4.14,Active
D01008,Kimberly Evans,Sedan,Ang Mo Kio,4.37,Active
D01009,Nathan Valenzuela,Premium,Punggol,4.92,Active
D01010,Troy Flores,Premium,Punggol,4.58,Active
D01011,Jacqueline Rowe,Premium,Woodlands,4.18,Active
D01012,Stephen Knapp,Suv,Bedok,3.87,Inactive
D01013,Stephen Gross,Premium,Yishun,3.6,Active
D01014,Amanda Greene,Suv,Ang Mo Kio,4.01,Active
D01015,Jeffrey Grant,Sedan,Jurong,3.94,Active
D01016,John Price,Hatchback,Singapore,4.22,Active
D01017,Kevin Wilson,Hatchback,Tampines,4.67,Active
D01018,Tina Ruiz,Mpv,Singapore,4.53,Active
D01019,Joshua Cole,Premium,Toa Payoh,4.97,Active
D01020,Heather Hanson,Hatchback,Bishan,3.92,Active
D01021,Teresa Duncan,Suv,Toa Payoh,3.71,Active
D01022,Shane Mann,Sedan,Toa Payoh,4.73,Active
D01023,Heather Pope,Sedan,Jurong,4.39,Active
D01024,Ethan Salinas,Hatchback,Woodlands,3.66,Active
D01025,Katherine Munoz,Hatchback,Ang Mo Kio,4.32,Inactive
D01026,Alicia Hess,Suv,Ang Mo Kio,4.21,Active
D01027,Jessica Baker,Hatchback,Punggol,4.09,Active
D01028,Andrew Hoover,Hatchback,Ang Mo Kio,4.37,Inactive
D01029,Suzanne Swanson,Suv,Jurong,4.67,Active
D01030,Mr. Micheal Jones MD,Hatchback,Punggol,4.23,Suspended
D01031,Victor Conrad,Electric,Jurong,4.15,Inactive
D01032,Patricia Williams,Mpv,Jurong,4.87,Active
D01033,Adrian Adams,Hatchback,Bedok,4.47,Inactive
D01034,Michael Johnson,Electric,Yishun,4.43,Active
D01035,Dwayne Matthews,Hatchback,Singapore,3.98,Active
D01036,Courtney Watson,Premium,Woodlands,4.55,Inactive
D01037,Robert Moon,Hatchback,Yishun,4.71,Active
D01038,Anthony Sellers,Sedan,Jurong,4.57,Active
D01039,Kimberly Le,Suv,Bishan,4.89,Active
D01040,Lynn Washington,Electric,Punggol,3.98,Active
D01041,Jodi Carson,Hatchback,Jurong,4.69,Active
D01042,Nancy Baxter,Electric,Bedok,4.66,Inactive
D01043,Ashley Hernandez,Electric,Punggol,3.81,Active
D01044,Alex Johnson,Hatchback,Toa Payoh,4.76,Active
D01045,Ann Lee,Sedan,Bedok,4.56,Active
D01046,Abigail Miller,Sedan,Woodlands,4.39,Active
D01047,Jon Zuniga,Electric,Singapore,4.37,Active
D01048,Diane Johnson,Sedan,Bedok,4.38,Active
D01049,Larry Hill,Premium,Tampines,3.51,Active
D01050,Timothy Howard,Sedan,Yishun,4.11,Active
D01051,Megan Kelly,Mpv,Toa Payoh,4.04,Active
D01052,Stephanie Lopez,Hatchback,Toa Payoh,3.53,Active
D01053,Andrew Hayes,Hatchback,Bishan,4.22,Active
D01054,Kathleen Baxter,Mpv,Yishun,4.62,Active
D01055,John Williams,Electric,Toa Payoh,3.81,Active
D01056,Jeremy Pope,Suv,Singapore,4.38,Active
D01057,Louis Wang,Electric,Jurong,4.28,Active
D01058,Gregory Wilcox,Premium,Bedok,4.53,Active
D01059,Stacey Ellis,Mpv,Bishan,4.06,Active
D01060,Christopher Buchanan,Electric,Punggol,4.27,Active
D01061,Laura Marquez,Mpv,Toa Payoh,3.85,Inactive
D01062,David Perkins,Hatchback,Woodlands,3.55,Active
D01063,Jackson Cervantes,Premium,Singapore,4.06,Active
D01064,Keith Salas,Mpv,Jurong,3.57,Active
D01065,Laura Hernandez,Premium,Singapore,4.46,Active
D01066,Marie Simpson,Electric,Tampines,3.82,Active
D01067,Joshua Bates,Mpv,Woodlands,3.96,Active
D01068,Elizabeth Kelley,Mpv,Tampines,3.84,Active
D01069,Kristen Sanchez,Mpv,Tampines,3.97,Active
D01070,James Brown,Electric,Tampines,4.56,Active
D01071,Linda Edwards,Premium,Woodlands,4.26,Active
D01072,Stacey Neal,Electric,Yishun,3.7,Active
D01073,Justin Taylor,Electric,Yishun,3.61,Active
D01074,Elizabeth Wright,Hatchback,Singapore,4.15,Active
D01075,Kevin Rosales,Hatchback,Singapore,4.24,Active
D01076,Samantha Wilson,Sedan,Bishan,4.58,Active
D01077,Jacob Burke,Sedan,Tampines,4.36,Active
D01078,Beth Roach,Suv,Yishun,3.74,Active
D01079,Ryan Taylor,Mpv,Bishan,4.14,Active
D01080,Amy Hobbs,Premium,Yishun,4.48,Active
D01081,Stephen Jensen,Hatchback,Yishun,4.62,Active
D01082,Jennifer Moses,Premium,Bedok,3.75,Active
D01083,Wendy Wade,Premium,Tampines,4.72,Active
D01084,Ryan Morales,Suv,Singapore,4.96,Active
D01085,Kristy Stewart,Suv,Tampines,3.94,Active
D01086,Gregory Lopez,Suv,Punggol,4.72,Active
D01087,Alexandria Rivera,Suv,Tampines,3.69,Active
D01088,Angela Benson,Sedan,Jurong,4.68,Active
D01089,Barbara Campos,Sedan,Jurong,4.82,Active
D01090,Juan Stewart,Electric,Toa Payoh,3.79,Active
D01091,John Garrett,Electric,Tampines,4.31,Active
D01092,Walter Ellis,Electric,Ang Mo Kio,4.48,Active
D01093,Peter Diaz,Premium,Yishun,4.06,Suspended
D01094,Tammy Brown,Premium,Punggol,4.27,Suspended
D01095,Keith Rose,Hatchback,Tampines,4.49,Active
D01096,Debra Wagner,Electric,Singapore,4.45,Active
D01097,Elizabeth Campos,Mpv,Tampines,4.41,Active
D01098,Jeffrey Taylor,Sedan,Bedok,4.86,Inactive
D01099,Suzanne Marks,Sedan,Punggol,4.48,Active
D01100,Ivan Flowers,Electric,Singapore,3.9,Active
D01101,Sarah Douglas,Mpv,Yishun,3.71,Active
D01102,Ryan Powers,Hatchback,Ang Mo Kio,3.71,Active
D01103,William Saunders,Sedan,Jurong,4.11,Active
D01104,Randall Walker,Hatchback,Jurong,4.78,Active
D01105,Dale Gibson,Premium,Woodlands,4.15,Active
D01106,Joan Espinoza,Suv,Tampines,3.63,Active
D01107,Alicia Butler,Mpv,Toa Payoh,4.14,Active
D01108,Kimberly Velazquez,Hatchback,Jurong,4.69,Active
D01109,Ricardo Armstrong,Sedan,Tampines,4.53,Active
D01110,Benjamin Rodriguez,Sedan,Yishun,4.8,Active
D01111,Frederick Martin,Premium,Singapore,3.51,Active
D01112,Amanda Davis,Suv,Woodlands,4.58,Active
D01113,Charles Ramirez,Premium,Toa Payoh,4.02,Active
D01114,Brian Nielsen,Suv,Bedok,4.6,Active
D01115,Mr. Patrick Smith DDS,Suv,Bedok,4.63,Active
D01116,Steven Fisher,Sedan,Jurong,4.5,Active
D01117,Jill Bailey,Hatchback,Jurong,4.44,Active
D01118,Jennifer Alvarez,Suv,Yishun,3.84,Active
D01119,Joe Peters,Suv,Woodlands,3.67,Active
D01120,Adam Meyer,Hatchback,Bedok,4.36,Active
D01121,Richard James,Suv,Toa Payoh,4.92,Active
D01122,Alexandra Colon,Premium,Bedok,4.81,Active
D01123,Robert Hendrix,Premium,Yishun,4.0,Active
D01124,David Ortega,Sedan,Woodlands,4.62,Active
D01125,Evan Delacruz,Premium,Bedok,4.97,Active
D01126,Jason Jones,Mpv,Bishan,3.8,Active
D01127,Thomas Wilson,Electric,Woodlands,4.68,Active
D01128,Nicole Salinas,Hatchback,Woodlands,4.7,Active
D01129,Lisa Palmer,Hatchback,Yishun,4.27,Active
D01130,Jeffery Gray,Suv,Tampines,3.63,Active
D01131,Becky Blair,Premium,Singapore,4.8,Active
D01132,Jose Gamble,Suv,Singapore,3.55,Inactive
D01133,Johnny Gonzales,Premium,Punggol,3.64,Active
D01134,William Gentry,Suv,Bishan,4.93,Inactive
D01135,Dr. Russell Zuniga,Mpv,Bishan,4.55,Active
D01136,Lauren Harmon,Hatchback,Jurong,4.6,Active
D01137,Michael Moody,Suv,Ang Mo Kio,3.74,Active
D01138,Daniel Brown,Electric,Bishan,4.43,Inactive
D01139,Amber Hamilton,Hatchback,Woodlands,4.79,Inactive
D01140,Ralph Jennings,Hatchback,Ang Mo Kio,4.86,Active
D01141,Andrew Daniels,Premium,Singapore,4.34,Active
D01142,Cynthia Garza,Hatchback,Singapore,4.03,Active
D01143,Nancy Reese,Electric,Bedok,4.18,Active
D01144,Christina Moore,Hatchback,Toa Payoh,4.31,Active
D01145,Stacy Dunn,Mpv,Toa Payoh,3.57,Active
D01146,Christian Garcia,Suv,Bedok,4.46,Active
D01147,Jonathan Solis,Mpv,Bedok,3.91,Active
D01148,Mark Mathews,Electric,Tampines,4.21,Active
D01149,Maria Davidson,Premium,Yishun,4.71,Active
D01150,Brandi Robertson,Hatchback,Jurong,3.68,Suspended
D01151,Robert Morales,Electric,Ang Mo Kio,3.73,Inactive
D01152,Kathleen Garza,Mpv,Toa Payoh,3.88,Active
D01153,Thomas Garcia,Electric,Tampines,4.8,Active
D01154,Melanie Gomez,Suv,Bishan,3.87,Active
D01155,Melissa Nichols,Sedan,Ang Mo Kio,4.56,Active
D01156,Michael Adams,Suv,Singapore,4.62,Active
D01157,Melissa Kelley,Hatchback,Punggol,3.84,Active
D01158,Alexander Anderson,Premium,Singapore,4.22,Inactive
D01159,Dawn Henry,Mpv,Punggol,3.86,Active
D01160,Annette Hunter,Electric,Yishun,4.31,Active
D01161,Sarah Gonzales,Hatchback,Singapore,4.63,Active
D01162,Brooke Young,Hatchback,Punggol,3.94,Active
D01163,James Delgado,Premium,Toa Payoh,4.57,Active
D01164,Morgan Lawson,Premium,Punggol,3.93,Active
D01165,Michael Mendoza,Sedan,Jurong,3.87,Inactive
D01166,Tina Liu,Hatchback,Jurong,4.02,Active
D01167,Annette Barr,Premium,Tampines,4.11,Active
D01168,Teresa Gordon,Electric,Ang Mo Kio,4.85,Active
D01169,Stacey Olson,Sedan,Punggol,4.84,Active
D01170,Gabriella Carter,Hatchback,Tampines,4.88,Active
D01171,Nicole Murphy,Mpv,Singapore,3.93,Active
D01172,Laura Gibson,Hatchback,Ang Mo Kio,3.58,Inactive
D01173,Lauren Miller,Sedan,Bedok,3.75,Active
D01174,Bradley Nelson,Premium,Jurong,4.77,Active
D01175,Linda Johnson,Mpv,Tampines,3.89,Active
D01176,Matthew Vaughn,Sedan,Punggol,4.78,Active
D01177,Carmen Ferrell,Suv,Yishun,4.72,Active
D01178,Eric Nichols,Mpv,Tampines,4.58,Active
D01179,Rachel Mora,Sedan,Jurong,3.85,Active
D01180,Brenda Stevenson,Mpv,Toa Payoh,4.75,Active
D01181,Michael Anderson,Sedan,Bedok,4.27,Active
D01182,Brandon Tyler,Sedan,Ang Mo Kio,4.66,Active
D01183,Latoya Rodriguez,Suv,Yishun,4.12,Active
D01184,Janice Todd,Electric,Punggol,4.55,Active
D01185,Keith Diaz,Mpv,Bedok,3.83,Suspended
D01186,Deborah Parker DDS,Electric,Bishan,4.82,Active
D01187,Jonathan Flores,Suv,Singapore,4.63,Active
D01188,Danielle Lowery,Hatchback,Woodlands,4.4,Inactive
D01189,Glenda Mckenzie,Electric,Bishan,3.7,Active
D01190,Christopher Ray,Suv,Woodlands,4.89,Active
D01191,Christopher Smith,Suv,Bedok,4.73,Active
D01192,Randall Patton,Electric,Woodlands,4.18,Active
D01193,Cynthia Cochran,Mpv,Jurong,3.55,Active
D01194,Adam Scott,Mpv,Toa Payoh,4.88,Inactive
D01195,Robin Duke,Suv,Bishan,4.19,Active
D01196,Ryan Potter,Sedan,Ang Mo Kio,4.96,Active
D01197,Carlos Reilly,Hatchback,Toa Payoh,4.1,Active
D01198,Katrina Porter,Mpv,Bedok,4.56,Active
D01199,Matthew Day,Mpv,Singapore,4.36,Active
D01200,Brittany Steele,Hatchback,Ang Mo Kio,4.78,Active
D01201,Joshua Snyder,Mpv,Bedok,4.13,Active
D01202,Misty Reid,Hatchback,Jurong,4.31,Active
D01203,Matthew Haynes,Electric,Ang Mo Kio,4.67,Active
D01204,Andrea White,Premium,Yishun,3.78,Active
D01205,Christine Gonzalez,Sedan,Toa Payoh,4.97,Active
D01206,Kristin Scott,Suv,Woodlands,4.21,Active
D01207,Wendy Smith,Hatchback,Punggol,3.97,Active
D01208,Sandra Serrano,Premium,Singapore,4.76,Active
D01209,Matthew Smith,Premium,Toa Payoh,3.79,Active
D01210,Dr. Pamela Stevens,Electric,Toa Payoh,4.13,Active
D01211,Daniel Gonzales,Mpv,Punggol,4.25,Active
D01212,Jorge Wilcox,Hatchback,Punggol,4.58,Active
D01213,Justin Clements,Suv,Singapore,4.63,Active
D01214,Nicole Smith,Electric,Yishun,4.06,Inactive
D01215,Randy Nguyen,Hatchback,Tampines,4.88,Active
D01216,Sarah Shaw,Suv,Yishun,3.92,Active
D01217,Todd Henry,Premium,Bedok,3.61,Active
D01218,Cory Butler,Premium,Punggol,4.97,Active
D01219,Francis Huang,Hatchback,Toa Payoh,4.29,Active
D01220,Mariah Diaz,Premium,Punggol,3.74,Active
D01221,Ms. Linda Schmidt,Premium,Bedok,4.04,Active
D01222,Joseph Keith,Electric,Bishan,4.86,Active
D01223,Emily Robinson,Electric,Woodlands,4.67,Active
D01224,Michael Morgan,Hatchback,Bishan,3.98,Active
D01225,Tamara Evans,Suv,Jurong,3.9,Active
D01226,Elijah Casey,Mpv,Toa Payoh,4.7,Active
D01227,James Bell,Electric,Bedok,4.87,Active
D01228,Melissa Hobbs,Premium,Woodlands,4.63,Active
D01229,Donna White,Mpv,Yishun,4.11,Active
D01230,Melissa Parker,Hatchback,Tampines,4.27,Active
D01231,Jay Harrison,Suv,Yishun,4.08,Active
D01232,Jeffrey Miranda,Mpv,Jurong,3.56,Inactive
D01233,Peter Hurley,Mpv,Bishan,3.65,Active
D01234,Justin Blake,Sedan,Yishun,3.89,Active
D01235,Brian Willis,Sedan,Bedok,3.97,Active
D01236,Sarah Brooks,Suv,Woodlands,4.49,Active
D01237,Michael Barr,Sedan,Punggol,4.85,Suspended
D01238,Sally Barker,Electric,Punggol,3.83,Active
D01239,Tammy Johnson,Electric,Jurong,3.67,Active
D01240,Jason Ramirez,Sedan,Yishun,3.53,Inactive
D01241,Mary Wilson DVM,Suv,Bedok,3.84,Active
D01242,George Murphy,Sedan,Jurong,4.3,Active
D01243,John Jimenez,Suv,Tampines,4.05,Active
D01244,Ryan Gardner,Electric,Bishan,3.77,Active
D01245,Logan Walls IV,Premium,Woodlands,4.89,Active
D01246,Alvin Foley,Suv,Punggol,3.98,Active
D01247,Antonio Harvey,Hatchback,Toa Payoh,3.86,Active
D01248,Michele Bryant,Mpv,Bedok,4.98,Active
D01249,Sabrina Stone,Electric,Ang Mo Kio,3.55,Active
D01250,Nancy Nelson,Mpv,Bedok,4.81,Active
D01251,Michael King,Suv,Jurong,3.57,Active
D01252,Brenda Andrews,Sedan,Woodlands,3.74,Active
D01253,Dr. Mike Gonzalez,Suv,Jurong,3.93,Active
D01254,Kendra Krause,Sedan,Woodlands,4.85,Inactive
D01255,Marie Barker,Electric,Woodlands,4.5,Active
D01256,Nicholas Jensen,Sedan,Ang Mo Kio,4.17,Active
D01257,Victoria Brown,Hatchback,Tampines,4.07,Active
D01258,Teresa Lambert,Sedan,Punggol,3.78,Active
D01259,Dr. Michele Morales,Premium,Bedok,4.65,Active
D01260,Dale Lee,Mpv,Singapore,3.79,Active
D01261,Alexa Thompson,Electric,Punggol,3.65,Active
D01262,Linda Campbell,Electric,Toa Payoh,4.18,Active
D01263,Sheri Mcdonald,Electric,Yishun,4.9,Inactive
D01264,Michelle Mcintyre,Suv,Ang Mo Kio,4.6,Active
D01265,Amber Williams,Suv,Toa Payoh,4.47,Active
D01266,Katie Weaver,Suv,Bishan,3.95,Active
D01267,Robin Morse,Premium,Toa Payoh,4.68,Active
D01268,Aaron Hayes,Mpv,Singapore,4.1,Active
D01269,Sandra Smith,Hatchback,Punggol,3.76,Active
D01270,Victor Clark,Suv,Tampines,3.94,Inactive
D01271,Lauren Mcclure,Electric,Yishun,4.7,Active
D01272,Anthony Phillips,Hatchback,Bedok,4.46,Active
D01273,Keith Smith,Suv,Woodlands,4.45,Active
D01274,Sarah Villanueva,Electric,Punggol,4.83,Active
D01275,Christopher Christensen,Mpv,Yishun,3.78,Active
D01276,Caroline Cruz,Suv,Yishun,3.54,Active
D01277,Teresa Yates,Suv,Punggol,3.92,Active
D01278,Yolanda Sheppard,Electric,Singapore,4.85,Active
D01279,Steven Parrish,Sedan,Tampines,4.2,Active
D01280,Kimberly Cruz,Premium,Punggol,4.0,Active
D01281,Darius Whitney,Hatchback,Ang Mo Kio,4.21,Active
D01282,Barbara Hicks,Hatchback,Bishan,4.28,Active
D01283,Christian Pugh DVM,Electric,Punggol,4.32,Active
D01284,Jacqueline Pratt,Electric,Bedok,4.63,Inactive
D01285,Patrick Young,Electric,Jurong,4.48,Active
D01286,Leslie Michael,Mpv,Punggol,4.76,Active
D01287,Erica Smith,Mpv,Toa Payoh,4.34,Active
D01288,Charles Garza,Premium,Punggol,3.71,Active
D01289,Tara Garcia,Mpv,Toa Payoh,4.33,Active
D01290,Alexander Murphy,Sedan,Woodlands,4.9,Active
D01291,Michael Stewart,Sedan,Yishun,3.8,Active
D01292,Thomas Lucas DVM,Electric,Tampines,4.11,Inactive
D01293,Vanessa Heath,Premium,Toa Payoh,3.93,Inactive
D01294,Erin Ramirez,Hatchback,Punggol,4.86,Active
D01295,Samantha Morris,Mpv,Tampines,4.74,Active
D01296,John Schneider,Premium,Ang Mo Kio,4.54,Active
D01297,Kevin Cannon,Sedan,Punggol,3.82,Active
D01298,Albert Hudson,Suv,Ang Mo Kio,4.74,Active
D01299,Bridget Perez,Hatchback,Woodlands,4.29,Active
D01300,Steven Cook,Suv,Jurong,3.59,Inactive
D01301,Richard Ochoa,Premium,Tampines,3.88,Active
D01302,Eric Drake,Mpv,Bedok,4.85,Active
D01303,Amber Suarez,Premium,Bedok,4.83,Active
D01304,Jose Williams,Premium,Bishan,4.17,Active
D01305,Michelle Roman,Sedan,Punggol,4.64,Active
D01306,Dr. Kimberly Mills DDS,Premium,Yishun,4.83,Active
D01307,William Taylor,Suv,Yishun,4.19,Active
D01308,Mr. Jacob Landry,Suv,Jurong,4.95,Active
D01309,Samuel Navarro,Premium,Tampines,4.13,Active
D01310,Heather Myers,Electric,Woodlands,4.86,Suspended
D01311,Jesse Holloway,Suv,Punggol,3.63,Active
D01312,Jacqueline Lynch,Mpv,Singapore,3.63,Active
D01313,Charles Nelson,Sedan,Tampines,3.9,Active
D01314,Charles Case,Electric,Jurong,4.19,Suspended
D01315,Sherry Levine,Suv,Bishan,4.95,Active
D01316,Amy Davis,Premium,Yishun,3.81,Active
D01317,Robert Booker,Hatchback,Singapore,4.77,Active
D01318,Jennifer Pierce,Suv,Woodlands,3.64,Active
D01319,John Thompson,Suv,Woodlands,4.85,Inactive
D01320,Julie Roberts,Hatchback,Bishan,4.69,Active
D01321,Audrey Jackson,Suv,Yishun,3.63,Suspended
D01322,Laura Garrison,Suv,Bishan,4.42,Active
D01323,Eileen White,Suv,Bishan,4.96,Active
D01324,Tami Jimenez,Hatchback,Woodlands,3.93,Active
D01325,Melissa Perez,Hatchback,Bedok,4.35,Active
D01326,Lisa Vaughn,Mpv,Bedok,3.63,Active
D01327,Fernando Mills,Premium,Bishan,4.58,Active
D01328,Michael Harris,Suv,Toa Payoh,4.38,Suspended
D01329,Justin Kelly,Mpv,Toa Payoh,3.51,Active
D01330,Jacob Mccoy,Mpv,Bishan,4.46,Active
D01331,Kelly Murphy,Suv,Yishun,4.14,Active
D01332,Bradley Massey,Premium,Bishan,4.71,Active
D01333,Alisha Matthews,Suv,Singapore,4.67,Active
D01334,Pamela Gardner,Suv,Ang Mo Kio,4.32,Active
D01335,Brett Wells,Hatchback,Jurong,4.13,Active
D01336,Kimberly Tanner,Sedan,Jurong,4.33,Active
D01337,Katherine Thomas,Sedan,Punggol,4.75,Active
D01338,Jennifer Turner,Electric,Punggol,4.87,Active
D01339,Dr. Joseph Cox,Suv,Tampines,4.64,Active
D01340,Christy Floyd,Electric,Yishun,3.52,Active
D01341,Sarah Ramirez,Suv,Yishun,4.38,Active
D01342,Ronald Mcintyre,Suv,Bedok,4.66,Inactive
D01343,Christopher Daniel,Premium,Woodlands,4.61,Active
D01344,Brandon Nichols,Mpv,Punggol,4.84,Active
D01345,William Price,Suv,Tampines,4.38,Active
D01346,Keith Yates,Suv,Singapore,4.88,Active
D01347,James Nelson,Hatchback,Bishan,3.9,Active
D01348,Susan Ross,Suv,Bishan,4.31,Active
D01349,John Ellison,Hatchback,Tampines,4.42,Active
D01350,Natasha Rodriguez,Electric,Singapore,4.02,Active
D01351,Nathaniel Berg,Hatchback,Toa Payoh,3.7,Active
D01352,Kimberly Barnett,Hatchback,Tampines,4.65,Active
D01353,Kendra Garcia,Hatchback,Ang Mo Kio,3.73,Active
D01354,Sylvia Lozano,Hatchback,Punggol,4.72,Active
D01355,Lydia Rodriguez,Sedan,Yishun,3.83,Active
D01356,Anthony Miller,Sedan,Punggol,4.97,Active
D01357,Julie Pace,Premium,Punggol,4.37,Active
D01358,Terry Morris,Premium,Jurong,4.9,Active
D01359,Emma Perry,Premium,Bedok,4.56,Active
D01360,Justin Martinez,Sedan,Tampines,4.67,Active
D01361,Sharon Johnson,Electric,Tampines,3.67,Active
D01362,Jason Nguyen,Hatchback,Punggol,3.77,Active
D01363,Jason Harper,Sedan,Woodlands,3.87,Active
D01364,Cody Simmons,Hatchback,Yishun,3.75,Active
D01365,Zachary Barnes,Electric,Bedok,4.71,Active
D01366,Michael Miller,Electric,Bedok,3.55,Active
D01367,Catherine Clark,Mpv,Yishun,3.83,Active
D01368,Katherine Hunter,Premium,Bedok,4.04,Inactive
D01369,Nathaniel Anderson,Mpv,Tampines,3.86,Active
D01370,Valerie Jordan,Suv,Jurong,4.31,Active
D01371,Richard Cunningham,Electric,Tampines,4.2,Active
D01372,Victoria Ramirez,Premium,Ang Mo Kio,4.33,Active
D01373,William Watkins,Sedan,Woodlands,3.74,Active
D01374,Brandon Rivas,Suv,Woodlands,3.61,Active
D01375,Sally Munoz,Sedan,Jurong,4.27,Active
D01376,Thomas Lopez,Sedan,Woodlands,3.79,Active
D01377,Martin Aguilar,Mpv,Yishun,3.85,Active
D01378,Christopher Peters,Premium,Tampines,3.92,Active
D01379,Jason Alexander,Mpv,Woodlands,3.9,Active
D01380,Maria Melton,Mpv,Yishun,3.87,Active
D01381,Destiny Wong,Sedan,Singapore,4.14,Inactive
D01382,Russell Burns,Suv,Singapore,4.51,Active
D01383,Connie Campbell,Mpv,Bedok,4.95,Active
D01384,Paul Smith,Electric,Woodlands,3.91,Active
D01385,Michael Decker,Electric,Woodlands,3.65,Active
D01386,Jennifer Williams,Hatchback,Toa Payoh,4.69,Active
D01387,Patrick Gordon,Premium,Jurong,4.75,Inactive
D01388,Kyle Goodman,Sedan,Bedok,4.72,Active
D01389,Natasha Shelton,Sedan,Toa Payoh,4.94,Active
D01390,Marcus Taylor,Hatchback,Ang Mo Kio,4.94,Active
D01391,Kerri Mcbride,Mpv,Toa Payoh,4.56,Active
D01392,Donna Murphy,Mpv,Jurong,4.38,Active
D01393,Katrina Allen,Sedan,Jurong,4.85,Active
D01394,Travis Foster,Electric,Singapore,4.08,Active
D01395,Karen Peck,Mpv,Yishun,3.94,Active
D01396,Ariana Dillon,Sedan,Bishan,3.69,Inactive
D01397,Bryan Roman,Suv,Tampines,4.32,Active
D01398,Heather Bradley,Mpv,Bishan,3.83,Active
D01399,Jeffrey Williams,Hatchback,Jurong,3.93,Active
D01400,Matthew Cole,Electric,Toa Payoh,4.4,Active
D01401,Chad James,Sedan,Jurong,3.91,Active
D01402,Veronica Quinn,Sedan,Tampines,4.34,Active
D01403,Robert Schneider,Electric,Bedok,4.14,Suspended
D01404,Susan Parker,Suv,Woodlands,4.38,Active
D01405,Joseph Mccarthy,Suv,Singapore,4.58,Active
D01406,Michael Reilly,Hatchback,Toa Payoh,4.45,Inactive
D01407,Andrew Robinson,Sedan,Woodlands,4.64,Active
D01408,Tony Green,Mpv,Bedok,3.92,Active
D01409,Daniel Freeman,Premium,Punggol,4.01,Active
D01410,Christine Perez,Electric,Toa Payoh,3.64,Active
D01411,Yvonne Lara,Hatchback,Jurong,4.29,Active
D01412,Cody Gill,Mpv,Jurong,3.77,Active
D01413,Morgan Taylor,Suv,Punggol,4.73,Active
D01414,Cody Ho,Suv,Singapore,4.06,Active
D01415,Ray Goodman,Electric,Yishun,4.43,Active
D01416,Tiffany Hayes,Hatchback,Yishun,4.99,Active
D01417,Johnathan Rodriguez,Mpv,Woodlands,4.03,Active
D01418,Jennifer Martinez,Sedan,Bedok,4.58,Inactive
D01419,Jennifer Gallagher,Electric,Bedok,3.95,Active
D01420,Sara Pena,Suv,Toa Payoh,4.61,Active
D01421,Timothy Goodwin,Premium,Punggol,3.92,Active
D01422,Michael Phillips,Suv,Bishan,4.23,Active
D01423,Jose Moore,Mpv,Bishan,4.13,Active
D01424,Cindy Daniels,Sedan,Toa Payoh,4.25,Active
D01425,Craig Smith,Premium,Bedok,4.76,Active
D01426,Carlos Gardner,Mpv,Tampines,4.9,Active
D01427,Carrie Mitchell,Hatchback,Bedok,3.7,Active
D01428,Dylan Hubbard,Mpv,Punggol,4.39,Active
D01429,Becky Hansen,Suv,Yishun,3.62,Inactive
D01430,Trevor Rodriguez,Premium,Toa Payoh,3.61,Active
D01431,Dustin Robinson,Suv,Bedok,3.52,Active
D01432,Mary Gonzales,Sedan,Punggol,4.06,Active
D01433,Christina Miller,Electric,Ang Mo Kio,4.37,Active
D01434,Jerry Morris,Hatchback,Toa Payoh,3.65,Active
D01435,Douglas Johnson MD,Sedan,Toa Payoh,4.62,Inactive
D01436,Christy Ruiz,Hatchback,Bedok,3.57,Active
D01437,Jaime Hamilton,Sedan,Punggol,3.85,Active
D01438,Andrea Tucker,Suv,Ang Mo Kio,4.69,Active
D01439,Taylor Johnson,Sedan,Tampines,3.92,Active
D01440,Mario Schwartz,Premium,Punggol,3.58,Inactive
D01441,Terry Preston,Suv,Bishan,4.7,Inactive
D01442,Jonathan Perez,Hatchback,Jurong,4.45,Active
D01443,Jessica Mack,Premium,Singapore,4.47,Active
D01444,Christine Ward,Electric,Punggol,3.59,Active
D01445,Brian Allen,Hatchback,Bishan,4.8,Active
D01446,Robert Ellis,Mpv,Punggol,4.66,Suspended
D01447,Kimberly Torres,Suv,Toa Payoh,3.89,Active
D01448,Steve Wolfe,Electric,Yishun,4.61,Active
D01449,Hunter Valdez,Hatchback,Woodlands,4.52,Active
D01450,Michelle Galloway,Suv,Singapore,4.16,Active
D01451,Barbara Valencia,Electric,Ang Mo Kio,4.34,Active
D01452,Deborah Waters,Premium,Jurong,4.71,Active
D01453,Adam Phillips,Mpv,Bishan,4.31,Active
D01454,Joshua King,Electric,Woodlands,4.92,Active
D01455,David Brown,Suv,Jurong,3.71,Active
D01456,Kelli Robinson,Mpv,Singapore,4.92,Active
D01457,Susan Cooke,Mpv,Ang Mo Kio,4.97,Active
D01458,Kevin Diaz,Electric,Singapore,3.65,Active
D01459,Rebecca Everett,Sedan,Toa Payoh,4.56,Inactive
D01460,Shelly Reeves,Suv,Bishan,3.8,Active
D01461,Richard Cook,Electric,Jurong,3.5,Active
D01462,Nicholas Davis,Mpv,Singapore,4.77,Active
D01463,Thomas Torres,Premium,Tampines,4.37,Active
D01464,Curtis Velazquez,Electric,Bedok,4.72,Active
D01465,Dr. Debra Fitzgerald,Hatchback,Bedok,3.93,Active
D01466,David Hill,Premium,Tampines,4.1,Active
D01467,James Lee,Hatchback,Toa Payoh,4.41,Active
D01468,Stephanie Baker,Suv,Jurong,3.86,Active
D01469,Monica Mann,Premium,Ang Mo Kio,3.9,Active
D01470,Mariah James,Hatchback,Yishun,4.4,Active
D01471,Crystal Sanders,Hatchback,Bishan,3.69,Active
D01472,Christian White,Premium,Singapore,4.51,Active
D01473,Tracy Caldwell,Sedan,Singapore,4.49,Active
D01474,Emily Farmer,Sedan,Toa Payoh,4.6,Active
D01475,Kelsey Cooke,Hatchback,Bishan,3.89,Active
D01476,Angel Armstrong,Hatchback,Toa Payoh,3.96,Active
D01477,Joseph Lowe,Electric,Woodlands,4.85,Active
D01478,Natalie Stewart,Premium,Tampines,3.69,Active
D01479,Danielle Phillips,Electric,Woodlands,4.7,Active
D01480,Dana Jones,Hatchback,Bedok,4.26,Active
D01481,Lisa Dean,Sedan,Jurong,4.98,Active
D01482,Carla Washington,Electric,Bishan,4.99,Active
D01483,Kevin Robertson,Suv,Toa Payoh,3.99,Active
D01484,Brandon Roth,Premium,Yishun,4.38,Inactive
D01485,Elizabeth Jones,Suv,Woodlands,4.76,Active
D01486,Julia Mann,Mpv,Bedok,3.51,Active
D01487,Rachel Summers,Sedan,Tampines,3.59,Suspended
D01488,Megan Mccarthy,Mpv,Punggol,3.77,Active
D01489,Renee Dalton,Mpv,Ang Mo Kio,4.63,Active
D01490,Melinda Ellis,Suv,Yishun,3.95,Active
D01491,James Palmer,Mpv,Toa Payoh,4.08,Active
D01492,Laura Green,Premium,Punggol,3.98,Active
D01493,Jill Perez,Suv,Toa Payoh,4.28,Active
D01494,William Hughes,Mpv,Punggol,3.73,Active
D01495,Carla Tucker,Hatchback,Bedok,4.56,Active
D01496,Scott Boyer,Premium,Toa Payoh,3.65,Active
D01497,David Miller,Sedan,Yishun,4.39,Active
D01498,Felicia Buchanan,Electric,Bishan,4.82,Active
D01499,Cassandra Owens,Sedan,Yishun,4.83,Active
D01500,Alyssa Ponce,Suv,Tampines,4.02,Active
D01501,John Bennett,Hatchback,Tampines,4.11,Active
D01502,Roger Nelson,Suv,Toa Payoh,4.11,Active
D01503,Melissa Cook,Hatchback,Singapore,3.68,Active
D01504,David Garcia,Hatchback,Tampines,3.84,Active
D01505,Aaron Mack,Hatchback,Bedok,4.01,Active
D01506,Mrs. Molly Mcpherson,Hatchback,Jurong,3.94,Active
D01507,William Hanson,Mpv,Bedok,4.76,Active
D01508,Lisa Ramos,Hatchback,Jurong,3.58,Inactive
D01509,Justin Garcia,Mpv,Ang Mo Kio,4.11,Active
D01510,Erika Jackson,Premium,Woodlands,4.35,Active
D01511,Jeffrey Newton,Mpv,Jurong,4.43,Active
D01512,Victor Carpenter,Sedan,Punggol,3.51,Active
D01513,Robert Anderson,Electric,Toa Payoh,4.0,Active
D01514,Lori Rojas,Electric,Tampines,4.96,Active
D01515,Marie Ortega,Sedan,Ang Mo Kio,3.97,Inactive
D01516,Heather Alexander,Mpv,Singapore,3.68,Active
D01517,Carlos Gutierrez,Mpv,Toa Payoh,3.78,Active
D01518,Nathan Joyce,Premium,Yishun,4.68,Active
D01519,Daniel Lowe,Mpv,Yishun,3.76,Active
D01520,Rebekah Edwards,Suv,Bedok,4.46,Active
D01521,Jeffrey Morales,Hatchback,Jurong,3.5,Active
D01522,Scott Mitchell,Premium,Woodlands,4.57,Active
D01523,Johnny Patton,Sedan,Woodlands,4.75,Active
D01524,Alicia Walker,Mpv,Singapore,4.09,Active
D01525,Julie Holmes,Premium,Ang Mo Kio,3.96,Active
D01526,Benjamin Wang,Hatchback,Toa Payoh,4.97,Active
D01527,Alan Hernandez,Suv,Bedok,4.57,Active
D01528,Kelly Hernandez,Sedan,Ang Mo Kio,4.27,Active
D01529,Carrie Frank,Sedan,Singapore,3.82,Active
D01530,Jennifer Thomas,Hatchback,Singapore,4.13,Inactive
D01531,William Jimenez,Sedan,Toa Payoh,4.12,Active
D01532,Francisco Miranda,Electric,Toa Payoh,3.67,Active
D01533,Michael Dennis,Electric,Woodlands,4.0,Active
D01534,Susan Wilson,Hatchback,Ang Mo Kio,3.7,Active
D01535,Andrea Lambert,Mpv,Bedok,4.53,Active
D01536,Robert Campbell MD,Suv,Ang Mo Kio,4.88,Inactive
D01537,Heather Johnson,Mpv,Bedok,4.73,Active
D01538,Thomas Chandler,Sedan,Yishun,3.76,Suspended
D01539,Charles Miller,Suv,Ang Mo Kio,4.27,Active
D01540,Jessica Jimenez,Sedan,Bishan,4.84,Active
D01541,Jennifer Brooks,Mpv,Woodlands,4.87,Active
D01542,Steven Sullivan,Hatchback,Tampines,3.7,Active
D01543,Christopher Soto,Mpv,Punggol,4.9,Active
D01544,Pamela Arnold,Mpv,Yishun,4.7,Active
D01545,Stacy Preston,Mpv,Bishan,3.77,Active
D01546,Desiree Richards,Premium,Tampines,4.1,Active
D01547,Debra Williams,Suv,Bishan,3.97,Active
D01548,Carl Johnson,Hatchback,Punggol,4.88,Active
D01549,Angela Fleming,Premium,Yishun,4.37,Active
D01550,Jessica Nelson,Premium,Bishan,3.54,Active
D01551,Nicole Rodriguez,Electric,Toa Payoh,3.8,Active
D01552,Aaron Lynn,Sedan,Punggol,4.53,Active
D01553,Larry Brown,Hatchback,Punggol,4.63,Inactive
D01554,Taylor Jenkins,Mpv,Toa Payoh,4.08,Active
D01555,Lisa Miller,Mpv,Bishan,3.57,Active
D01556,Nicholas Kelly,Premium,Yishun,4.91,Active
D01557,Christopher Robertson,Hatchback,Tampines,3.76,Active
D01558,David Francis,Suv,Singapore,4.23,Active
D01559,Michael Watson,Hatchback,Bedok,3.53,Active
D01560,Tracey Herring,Suv,Bishan,4.78,Active
D01561,Thomas Burgess,Premium,Yishun,4.77,Active
D01562,Richard Anderson,Premium,Toa Payoh,4.2,Active
D01563,Jenna Simmons,Electric,Bedok,4.43,Active
D01564,Richard Newman,Mpv,Bishan,3.76,Active
D01565,Stephen Donovan,Electric,Bedok,4.69,Active
D01566,Erin Pena,Premium,Singapore,4.15,Active
D01567,Rebecca Ferguson,Electric,Woodlands,3.93,Active
D01568,Susan Brewer,Suv,Woodlands,3.51,Active
D01569,Lisa Galloway,Sedan,Bishan,4.24,Active
D01570,Dr. Jeffrey Valenzuela,Suv,Bedok,3.74,Inactive
D01571,Vincent Larson,Mpv,Toa Payoh,4.04,Active
D01572,Michael Clarke,Mpv,Punggol,3.58,Active
D01573,Mrs. Jennifer Cooper,Mpv,Bedok,4.76,Active
D01574,Randy Carroll,Sedan,Toa Payoh,4.23,Active
D01575,Lori Robinson,Premium,Tampines,4.73,Active
D01576,Anthony Webster,Premium,Bishan,4.19,Active
D01577,Kenneth Mason,Mpv,Jurong,4.97,Active
D01578,Jessica Hawkins,Sedan,Jurong,4.22,Active
D01579,Rachel Walker,Electric,Bedok,4.47,Active
D01580,Rebecca Gonzales,Hatchback,Singapore,4.89,Active
D01581,Jeffrey Terrell,Suv,Yishun,3.66,Active
D01582,Andrea Roberson,Electric,Bedok,4.81,Active
D01583,Adam Evans,Mpv,Jurong,4.3,Active
D01584,Monica Mccoy,Hatchback,Jurong,3.72,Active
D01585,Lisa Schneider,Mpv,Punggol,4.0,Active
D01586,Alexander Daniels,Mpv,Yishun,4.65,Active
D01587,Sean Kemp,Hatchback,Toa Payoh,4.01,Active
D01588,Isaiah Howard,Mpv,Toa Payoh,4.57,Active
D01589,Sarah Brown,Electric,Bedok,4.51,Active
D01590,James Wood,Premium,Jurong,3.73,Active
D01591,Shannon Taylor,Hatchback,Yishun,4.66,Active
D01592,Margaret Adams,Electric,Jurong,4.23,Active
D01593,David Williams,Hatchback,Jurong,3.87,Active
D01594,Anthony Miller,Hatchback,Punggol,3.97,Active
D01595,Antonio Reed,Hatchback,Bedok,4.01,Active
D01596,David Morgan,Electric,Tampines,4.28,Active
D01597,Robert Castillo,Mpv,Bedok,3.97,Active
D01598,Christine Ward,Premium,Punggol,4.8,Active
D01599,Julie Savage,Mpv,Jurong,3.79,Active
D01600,Michael Callahan,Hatchback,Ang Mo Kio,4.38,Active
D01601,Stacy Roman,Premium,Bishan,4.22,Active
D01602,Elizabeth Harris,Electric,Jurong,4.9,Active
D01603,Brittany Larson,Hatchback,Singapore,4.42,Active
D01604,Kevin Bradshaw,Sedan,Tampines,4.42,Active
D01605,Patrick Kelly,Hatchback,Yishun,4.81,Active
D01606,Mark Miller,Suv,Toa Payoh,4.5,Active
D01607,Bradley Williams,Suv,Yishun,4.87,Active
D01608,David Chapman,Hatchback,Bedok,4.66,Inactive
D01609,Julie Miller,Suv,Ang Mo Kio,3.6,Active
D01610,Jason Beasley,Mpv,Ang Mo Kio,3.93,Active
D01611,Linda Brown,Mpv,Bishan,3.61,Active
D01612,Steven Gonzalez,Electric,Ang Mo Kio,3.81,Active
D01613,Steven Meyer,Suv,Punggol,3.55,Active
D01614,Phillip Gardner,Suv,Tampines,3.84,Active
D01615,Steven Moran,Premium,Yishun,3.97,Inactive
D01616,Marcus Perry,Electric,Singapore,3.88,Active
D01617,Kathryn Nelson,Sedan,Jurong,4.27,Active
D01618,Stephanie Wilson,Premium,Yishun,4.16,Active
D01619,Tami Rhodes,Mpv,Bedok,4.69,Active
D01620,Briana Sherman,Suv,Punggol,4.48,Active
D01621,Victor Baker,Mpv,Ang Mo Kio,3.97,Active
D01622,Patricia Thomas,Hatchback,Singapore,4.72,Active
D01623,Douglas White,Premium,Bishan,4.52,Active
D01624,Madison Mullins,Mpv,Bishan,4.32,Active
D01625,Kenneth Price,Electric,Toa Payoh,3.6,Active
D01626,Shane Ross,Electric,Singapore,4.47,Inactive
D01627,Anthony King,Mpv,Ang Mo Kio,4.71,Active
D01628,Brad Hahn,Premium,Bedok,3.79,Active
D01629,Brandon Mitchell,Hatchback,Ang Mo Kio,4.29,Active
D01630,Mark Pope,Electric,Yishun,3.58,Active
D01631,Alec Jackson,Electric,Toa Payoh,4.32,Active
D01632,Scott White,Hatchback,Bedok,4.59,Active
D01633,Krista Arias DDS,Premium,Punggol,4.95,Active
D01634,Andrew Oliver,Mpv,Tampines,3.54,Active
D01635,Brittney Stewart,Suv,Singapore,4.21,Active
D01636,Mikayla Yates,Hatchback,Woodlands,3.86,Active
D01637,John Nolan,Hatchback,Yishun,4.17,Active
D01638,Daniel Roth,Sedan,Woodlands,3.79,Suspended
D01639,James Johnston,Sedan,Jurong,3.5,Active
D01640,Sara Patel,Suv,Jurong,4.12,Active
D01641,Jesse Guerra,Hatchback,Yishun,4.46,Active
D01642,Jeanette Williams,Mpv,Woodlands,3.56,Inactive
D01643,Shawn Hubbard,Hatchback,Ang Mo Kio,4.69,Active
D01644,Diane Pratt,Hatchback,Bedok,4.37,Active
D01645,Christine Rogers,Mpv,Woodlands,4.72,Active
D01646,Erin Torres,Suv,Tampines,4.91,Active
D01647,Kathryn Friedman,Sedan,Bedok,4.61,Inactive
D01648,Alyssa Rivera,Sedan,Jurong,4.22,Active
D01649,Bobby Brown,Suv,Singapore,4.46,Active
D01650,Michelle Massey,Premium,Woodlands,3.66,Active
D01651,Steven Bean,Suv,Tampines,4.05,Suspended
D01652,Deborah Jones,Mpv,Singapore,4.18,Active
D01653,Shannon Walls,Premium,Jurong,4.4,Active
D01654,Rhonda Hayes,Mpv,Yishun,4.67,Active
D01655,Nathan Nelson,Premium,Woodlands,4.51,Active
D01656,Levi Jenkins,Premium,Bishan,3.73,Active
D01657,Brianna Reed,Electric,Singapore,4.5,Active
D01658,Andres Peterson,Sedan,Ang Mo Kio,3.74,Active
D01659,James Thomas,Hatchback,Jurong,3.89,Active
D01660,Emily Mueller,Sedan,Ang Mo Kio,4.46,Active
D01661,Sherry Fleming,Premium,Punggol,4.37,Inactive
D01662,Christine Bush,Mpv,Singapore,3.89,Active
D01663,Mallory Williams,Premium,Bedok,4.65,Active
D01664,Erin Dennis,Mpv,Singapore,3.95,Active
D01665,Daniel Brown,Sedan,Tampines,4.83,Active
D01666,Anthony Burke,Premium,Ang Mo Kio,4.58,Active
D01667,Cole Murray,Sedan,Singapore,4.84,Active
D01668,Ruth Guzman,Premium,Bishan,4.03,Active
D01669,Sherry Rivera,Premium,Yishun,3.6,Active
D01670,Kathleen Lopez,Premium,Tampines,3.75,Active
D01671,James Watson,Suv,Punggol,4.73,Active
D01672,James Young,Premium,Bedok,4.31,Active
D01673,John Mcdonald,Suv,Woodlands,3.76,Active
D01674,Madeline Benitez,Premium,Toa Payoh,4.53,Active
D01675,Karen Newman,Premium,Bishan,3.64,Active
D01676,Carl Ballard,Sedan,Bedok,4.55,Active
D01677,Geoffrey Moran,Sedan,Punggol,3.84,Active
D01678,Amanda Davis,Hatchback,Jurong,4.37,Active
D01679,Audrey Cooke,Electric,Ang Mo Kio,4.53,Active
D01680,Diana Boone,Suv,Singapore,4.09,Active
D01681,Christine Wilson,Premium,Singapore,4.75,Active
D01682,Joel Davis,Premium,Bedok,3.57,Active
D01683,George Silva,Hatchback,Yishun,4.01,Active
D01684,Pam Vargas,Premium,Woodlands,4.2,Active
D01685,David Young,Electric,Tampines,4.88,Active
D01686,Virginia Wagner,Electric,Singapore,4.85,Active
D01687,Holly Webster,Suv,Bedok,4.17,Active
D01688,Mrs. Alicia Cox,Hatchback,Tampines,3.9,Inactive
D01689,Jessica Jones,Hatchback,Punggol,4.39,Active
D01690,Mitchell Cox,Electric,Tampines,4.9,Active
D01691,Suzanne Swanson,Electric,Punggol,4.45,Active
D01692,Ms. Morgan Poole,Electric,Ang Mo Kio,4.61,Active
D01693,Breanna Williams,Sedan,Jurong,4.52,Active
D01694,Beth Nelson,Premium,Woodlands,4.19,Active
D01695,Loretta Clark,Suv,Woodlands,3.65,Active
D01696,Mark Patel,Sedan,Tampines,4.23,Active
D01697,Bridget Hatfield,Sedan,Woodlands,4.44,Active
D01698,Thomas Young,Mpv,Toa Payoh,4.36,Active
D01699,Jay Crawford,Mpv,Singapore,4.52,Active
D01700,Brenda Morse,Hatchback,Singapore,4.21,Active
D01701,Richard Johnson,Sedan,Singapore,3.51,Inactive
D01702,Wanda Durham,Hatchback,Jurong,4.62,Inactive
D01703,Jennifer Young,Suv,Singapore,4.02,Active
D01704,Samuel Cantu,Electric,Yishun,3.77,Active
D01705,Matthew Gardner,Hatchback,Yishun,4.62,Active
D01706,Amanda Atkinson,Mpv,Tampines,4.86,Active
D01707,Lauren Flowers,Mpv,Bedok,4.77,Active
D01708,Barbara Clark,Hatchback,Singapore,4.8,Active
D01709,Jennifer Kennedy,Hatchback,Singapore,3.97,Active
D01710,Justin Carroll DDS,Premium,Tampines,3.8,Active
D01711,Nancy Macdonald,Suv,Bedok,3.64,Active
D01712,David Mullen,Mpv,Bedok,4.64,Active
D01713,Karen Allen,Suv,Jurong,3.77,Active
D01714,Walter Fox,Suv,Yishun,4.67,Active
D01715,Jessica Hoffman,Hatchback,Yishun,3.98,Active
D01716,Rebecca Martinez,Mpv,Ang Mo Kio,4.49,Active
D01717,Kim Warner,Mpv,Punggol,4.26,Active
D01718,Daniel Lang,Electric,Tampines,4.97,Active
D01719,James Shah,Sedan,Singapore,3.7,Active
D01720,Alexis Navarro,Electric,Punggol,4.24,Active
D01721,Jeremy Boyd,Premium,Woodlands,3.75,Active
D01722,Alisha Liu,Suv,Ang Mo Kio,4.48,Active
D01723,James Thompson,Hatchback,Tampines,4.86,Active
D01724,Jackie Wagner,Mpv,Yishun,4.67,Active
D01725,Ashley Gilbert,Sedan,Singapore,4.87,Active
D01726,Joel Wilson,Hatchback,Ang Mo Kio,4.42,Active
D01727,Adam Burgess,Suv,Tampines,4.85,Active
D01728,Judith Lara,Mpv,Jurong,4.44,Active
D01729,Christopher Waters,Premium,Bishan,4.47,Active
D01730,Jennifer Thomas,Hatchback,Yishun,4.85,Active
D01731,Alex Nolan,Premium,Singapore,4.11,Active
D01732,Steven Johnson,Sedan,Singapore,3.92,Active
D01733,Joe Garcia,Sedan,Bedok,4.91,Active
D01734,David Rice,Hatchback,Woodlands,3.81,Active
D01735,Melissa Gilmore,Sedan,Jurong,4.17,Active
D01736,Lisa Schroeder,Mpv,Bishan,3.89,Active
D01737,Jacob Hayes,Hatchback,Punggol,4.21,Active
D01738,Suzanne Cohen,Electric,Bedok,3.8,Active
D01739,Stephanie Watts,Hatchback,Ang Mo Kio,3.87,Active
D01740,Alan Rose,Suv,Punggol,3.86,Active
D01741,Kathryn Todd,Sedan,Woodlands,3.88,Active
D01742,Daniel Rhodes,Hatchback,Yishun,4.66,Active
D01743,Samuel Moore,Premium,Woodlands,4.1,Active
D01744,Meghan Jones,Sedan,Singapore,4.62,Active
D01745,Brent Johnson,Hatchback,Bedok,4.93,Active
D01746,Cameron Cruz,Mpv,Jurong,3.6,Active
D01747,Erica Cook,Hatchback,Yishun,3.87,Active
D01748,Gary Brown,Sedan,Bedok,4.46,Active
D01749,Wanda Alexander,Electric,Bishan,4.44,Active
D01750,Erin Zimmerman,Mpv,Jurong,3.52,Active
D01751,Abigail Baker DVM,Suv,Woodlands,4.87,Active
D01752,John Rush,Mpv,Tampines,3.67,Active
D01753,Robert Anderson,Suv,Toa Payoh,3.97,Active
D01754,Mr. Luis Haynes,Hatchback,Woodlands,4.57,Active
D01755,Timothy Parker,Premium,Toa Payoh,4.91,Active
D01756,Douglas Carter,Sedan,Yishun,4.75,Active
D01757,Ms. Mariah Fischer,Electric,Bedok,4.84,Active
D01758,Billy Murphy,Hatchback,Jurong,4.89,Active
D01759,Justin Mcneil,Sedan,Yishun,4.44,Active
D01760,Katie Rivers,Sedan,Jurong,4.38,Active
D01761,Robert Morgan,Electric,Punggol,4.14,Active
D01762,Nathaniel Silva,Suv,Toa Payoh,4.49,Active
D01763,Casey Thompson,Suv,Ang Mo Kio,3.85,Active
D01764,Jordan Meyers,Hatchback,Bishan,3.58,Active
D01765,Edward Campbell,Suv,Toa Payoh,4.8,Active
D01766,Joseph Boyd,Mpv,Jurong,5.0,Active
D01767,Calvin Acosta,Premium,Bishan,4.55,Active
D01768,Patricia Bates,Mpv,Singapore,4.3,Active
D01769,Peggy Reid,Mpv,Jurong,4.2,Active
D01770,Christopher Dalton,Mpv,Bedok,4.11,Active
D01771,Megan Walters,Electric,Bedok,4.98,Active
D01772,Douglas Cox,Sedan,Jurong,3.9,Active
D01773,Thomas Rocha,Sedan,Singapore,4.99,Active
D01774,John Cruz,Hatchback,Jurong,4.26,Active
D01775,Jonathan Brown,Suv,Punggol,3.98,Active
D01776,Lawrence Jones,Premium,Yishun,4.42,Active
D01777,Lucas Simpson,Electric,Bishan,5.0,Active
D01778,Nicholas Wright,Mpv,Ang Mo Kio,3.84,Active
D01779,Katherine Johnson,Premium,Punggol,4.13,Active
D01780,Mary Brown,Suv,Toa Payoh,3.67,Active
D01781,Deborah Ford,Premium,Singapore,4.34,Active
D01782,Brittany Francis,Electric,Woodlands,4.96,Active
D01783,Vanessa Lee,Hatchback,Toa Payoh,3.91,Active
D01784,David Johnston,Electric,Jurong,4.05,Active
D01785,Tiffany Juarez,Premium,Punggol,3.58,Active
D01786,Larry Brown,Electric,Toa Payoh,4.11,Active
D01787,Dana Day,Mpv,Jurong,4.1,Active
D01788,Alexandra Holmes,Premium,Singapore,4.79,Active
D01789,Daniel Gray,Hatchback,Bedok,4.6,Inactive
D01790,Peggy Miller,Premium,Tampines,4.74,Active
D01791,Cheyenne Taylor,Hatchback,Bishan,3.87,Active
D01792,William Foster,Sedan,Tampines,4.16,Active
D01793,Cathy Gray,Suv,Bishan,3.75,Active
D01794,Derrick Brooks,Mpv,Ang Mo Kio,4.96,Active
D01795,Angelica Boyd,Hatchback,Woodlands,4.5,Active
D01796,Matthew Decker,Premium,Singapore,4.24,Active
D01797,Sharon Sanchez,Mpv,Ang Mo Kio,3.6,Active
D01798,Sydney Lopez,Sedan,Bedok,4.06,Active
D01799,Jessica Rodriguez,Sedan,Singapore,4.96,Active
D01800,Kayla Cross,Mpv,Ang Mo Kio,4.73,Inactive
D01801,Diana Lewis,Premium,Singapore,4.18,Active
D01802,Katherine Stewart,Sedan,Bishan,3.53,Active
D01803,Vicki Smith,Suv,Ang Mo Kio,3.77,Active
D01804,Carolyn Thomas,Mpv,Jurong,3.52,Active
D01805,Ethan Wells,Sedan,Yishun,4.95,Inactive
D01806,James Snyder,Electric,Bishan,4.28,Active
D01807,Joshua Rhodes,Electric,Toa Payoh,4.5,Active
D01808,Elizabeth Jordan,Suv,Jurong,4.96,Active
D01809,John Burton,Suv,Toa Payoh,4.37,Active
D01810,Jeffrey Compton,Hatchback,Singapore,4.46,Active
D01811,Tamara Perry,Premium,Woodlands,4.02,Active
D01812,Gina Foster,Premium,Punggol,4.54,Active
D01813,Tina Harvey,Hatchback,Yishun,3.9,Inactive
D01814,William Ramsey,Sedan,Bedok,4.36,Active
D01815,Susan Wallace,Hatchback,Ang Mo Kio,3.82,Active
D01816,Kevin Zhang,Premium,Ang Mo Kio,4.21,Active
D01817,Carla Mueller,Hatchback,Jurong,4.85,Active
D01818,Gene Merritt,Sedan,Woodlands,3.79,Active
D01819,Jonathan Russo,Mpv,Toa Payoh,4.21,Active
D01820,Courtney Moreno,Premium,Punggol,4.02,Active
D01821,Xavier Gibbs,Suv,Yishun,4.01,Active
D01822,Christine Miller,Premium,Bedok,4.73,Active
D01823,Vincent Stevenson,Mpv,Toa Payoh,4.41,Active
D01824,Deborah Murphy,Mpv,Singapore,4.66,Active
D01825,Kimberly Hamilton,Electric,Bishan,4.77,Active
D01826,Dr. Juan Fisher,Sedan,Jurong,4.4,Active
D01827,Jessica Archer,Hatchback,Woodlands,3.54,Active
D01828,Kimberly Fuller,Hatchback,Singapore,3.68,Inactive
D01829,Rodney Whitney,Electric,Punggol,3.68,Active
D01830,Nancy Hatfield,Suv,Singapore,3.88,Inactive
D01831,Stephen Kelly,Premium,Tampines,4.56,Active
D01832,Mary Green,Suv,Tampines,4.95,Active
D01833,Haley Smith,Electric,Punggol,4.96,Active
D01834,Bradley Lopez,Premium,Punggol,3.73,Suspended
D01835,Linda Martin,Mpv,Bishan,3.86,Inactive
D01836,Scott Hardy,Mpv,Yishun,4.54,Active
D01837,Brenda James,Hatchback,Jurong,4.27,Active
D01838,Fernando Ramirez,Premium,Jurong,4.56,Active
D01839,Julie Diaz,Electric,Ang Mo Kio,4.13,Active
D01840,Eric Willis,Suv,Yishun,4.89,Active
D01841,Gary Hall,Sedan,Woodlands,4.2,Active
D01842,Scott Carr,Hatchback,Tampines,4.43,Active
D01843,Dr. Erik Duffy,Premium,Singapore,4.96,Active
D01844,Carolyn Smith,Mpv,Bedok,3.61,Active
D01845,Lindsay Fisher,Premium,Bishan,4.56,Active
D01846,Willie Vargas,Electric,Woodlands,4.76,Active
D01847,Patrick Herrera,Sedan,Tampines,4.49,Active
D01848,Craig Rice,Sedan,Toa Payoh,3.62,Active
D01849,Patricia King DDS,Hatchback,Punggol,4.91,Active
D01850,Roy Knapp DVM,Electric,Punggol,4.88,Active
D01851,Rodney Mason,Mpv,Tampines,3.73,Active
D01852,Brittany Richardson,Suv,Yishun,3.85,Active
D01853,Connor Hayes,Suv,Ang Mo Kio,4.14,Inactive
D01854,Daniel Berry,Electric,Ang Mo Kio,3.91,Active
D01855,Cindy Flores,Suv,Toa Payoh,4.98,Active
D01856,Brian Sims,Premium,Jurong,4.15,Active
D01857,Michelle Oliver,Suv,Punggol,4.82,Active
D01858,Regina Sherman,Premium,Bishan,4.81,Active
D01859,Morgan Lawrence,Hatchback,Punggol,3.7,Inactive
D01860,Penny Contreras,Suv,Bishan,4.02,Active
D01861,Michelle Davis,Mpv,Ang Mo Kio,3.59,Active
D01862,Emily Gonzales,Hatchback,Bedok,4.16,Inactive
D01863,Abigail Hoffman,Hatchback,Bedok,4.24,Active
D01864,Brian Marquez,Premium,Bishan,4.19,Active
D01865,Kyle Blair,Premium,Singapore,4.6,Active
D01866,Stephen Werner,Sedan,Singapore,4.6,Active
D01867,Jessica Arnold,Mpv,Toa Payoh,4.98,Active
D01868,Angelica Archer,Suv,Tampines,4.94,Inactive
D01869,William Payne,Hatchback,Singapore,4.4,Active
D01870,Darryl Hoover,Premium,Tampines,4.68,Active
D01871,Penny Ryan,Premium,Tampines,4.66,Active
D01872,Jay Brown,Mpv,Bishan,3.59,Active
D01873,Jeffrey Hernandez,Suv,Ang Mo Kio,4.43,Active
D01874,Vanessa Buckley,Sedan,Jurong,4.61,Active
D01875,Jennifer Hart,Suv,Bedok,4.26,Active
D01876,Amy Evans,Suv,Singapore,4.03,Active
D01877,Angela Brewer,Electric,Jurong,4.11,Active
D01878,Deborah Reyes,Suv,Jurong,4.37,Inactive
D01879,Levi Ferguson,Hatchback,Yishun,4.44,Active
D01880,James Parker,Sedan,Punggol,4.81,Active
D01881,Julian Esparza,Sedan,Tampines,4.52,Active
D01882,Sarah Warren,Mpv,Punggol,3.52,Active
D01883,Stephanie Vargas,Premium,Toa Payoh,4.56,Active
D01884,Valerie Gomez,Premium,Toa Payoh,4.72,Active
D01885,Erin Miller,Sedan,Tampines,4.04,Active
D01886,Hannah Perez,Suv,Woodlands,4.56,Active
D01887,Edward Reyes,Sedan,Tampines,4.53,Active
D01888,Shelby Colon,Sedan,Singapore,4.4,Active
D01889,David Cooper,Electric,Ang Mo Kio,4.22,Inactive
D01890,Catherine Moran,Mpv,Singapore,4.46,Active
D01891,Andrew Garcia,Electric,Ang Mo Kio,4.47,Inactive
D01892,Paula Fernandez,Electric,Singapore,3.98,Active
D01893,Elizabeth Lopez,Premium,Toa Payoh,3.8,Active
D01894,Taylor Jones,Electric,Woodlands,4.08,Active
D01895,Luis Johnson,Premium,Punggol,3.57,Active
D01896,Michelle Cannon,Electric,Toa Payoh,4.5,Active
D01897,Sara Mullins,Hatchback,Bedok,3.86,Active
D01898,Jennifer Ward,Premium,Singapore,4.49,Active
D01899,Timothy Harrison,Mpv,Toa Payoh,3.82,Active
D01900,Jon Smith,Mpv,Toa Payoh,3.53,Active
D01901,James Ramos,Premium,Ang Mo Kio,4.65,Active
D01902,Lauren Perez,Sedan,Jurong,4.53,Active
D01903,Elizabeth Evans,Premium,Toa Payoh,3.98,Active
D01904,Joanna Owens,Suv,Bedok,3.8,Inactive
D01905,Robert Hernandez,Suv,Yishun,4.19,Active
D01906,Carlos Duncan,Mpv,Punggol,4.43,Active
D01907,Richard Moore,Electric,Toa Payoh,4.11,Inactive
D01908,Rickey Hanson,Hatchback,Ang Mo Kio,4.09,Active
D01909,Rebecca Wyatt,Electric,Yishun,3.84,Active
D01910,Alexander Carter,Premium,Singapore,5.0,Active
D01911,Nicole Mcconnell,Mpv,Yishun,3.59,Active
D01912,Carolyn Jones,Sedan,Bishan,4.54,Active
D01913,Cory Salinas,Premium,Yishun,4.51,Active
D01914,Thomas Parks,Sedan,Yishun,4.47,Active
D01915,Keith Johnson,Suv,Tampines,3.67,Active
D01916,Angela Larsen,Premium,Punggol,4.53,Active
D01917,Michael Ellison,Suv,Ang Mo Kio,4.57,Active
D01918,John Williams,Mpv,Ang Mo Kio,4.35,Active
D01919,Alison Skinner,Hatchback,Tampines,3.82,Active
D01920,Kevin Ponce,Sedan,Singapore,4.57,Active
D01921,Sara Matthews,Suv,Punggol,3.61,Active
D01922,David Vargas,Hatchback,Bishan,3.55,Active
D01923,Mrs. Dawn Howard,Suv,Woodlands,4.34,Active
D01924,Susan Torres,Electric,Yishun,4.29,Inactive
D01925,Andrew Clarke,Premium,Tampines,4.97,Active
D01926,Troy Cox,Suv,Punggol,4.83,Active
D01927,Christopher Miller,Premium,Toa Payoh,4.46,Active
D01928,Justin Baker,Premium,Toa Payoh,4.2,Inactive
D01929,Joy Jones DDS,Mpv,Toa Payoh,4.96,Active
D01930,Kyle Kirby,Sedan,Ang Mo Kio,3.9,Suspended
D01931,Ryan Johnson,Premium,Tampines,4.16,Active
D01932,Rebecca Horton,Premium,Ang Mo Kio,3.63,Active
D01933,Lisa Gonzalez,Sedan,Punggol,3.93,Active
D01934,Chad Mendoza,Sedan,Tampines,3.78,Active
D01935,Mr. Justin Stanton,Suv,Bedok,4.94,Active
D01936,Ryan Becker,Sedan,Jurong,3.58,Active
D01937,Glenn Brady,Hatchback,Bedok,4.07,Active
D01938,David Reyes,Premium,Jurong,4.23,Active
D01939,Keith Garcia,Hatchback,Ang Mo Kio,4.84,Active
D01940,Amber Martinez,Electric,Punggol,4.63,Active
D01941,David Collins,Electric,Punggol,4.28,Active
D01942,Albert Harrell DDS,Suv,Bishan,3.71,Active
D01943,Charles Smith,Electric,Toa Payoh,3.66,Active
D01944,Crystal Pruitt,Suv,Tampines,4.75,Active
D01945,Mark Jackson,Hatchback,Tampines,4.68,Active
D01946,Jennifer Kirk,Hatchback,Tampines,3.98,Inactive
D01947,Christopher Hernandez,Electric,Toa Payoh,4.5,Active
D01948,Kevin Oneal,Electric,Toa Payoh,4.49,Active
D01949,Robert Hayden,Suv,Bedok,4.74,Active
D01950,Oscar Farmer,Premium,Ang Mo Kio,4.5,Active
D01951,Jared Peters,Electric,Woodlands,4.78,Active
D01952,Amy Rogers,Premium,Punggol,4.38,Active
D01953,Shawn Wade,Hatchback,Yishun,3.71,Active
D01954,Brittany Mcclure,Sedan,Bedok,3.84,Active
D01955,Jackie Harmon,Electric,Punggol,3.93,Active
D01956,Michael Guzman,Sedan,Punggol,4.11,Active
D01957,Denise Curtis,Mpv,Bedok,3.92,Suspended
D01958,Amy Roberts,Sedan,Woodlands,4.78,Active
D01959,Samantha Scott,Hatchback,Yishun,4.91,Active
D01960,Curtis Ortiz,Premium,Yishun,4.59,Active
D01961,Mario Jenkins,Premium,Yishun,4.87,Active
D01962,Jennifer Livingston,Suv,Ang Mo Kio,4.26,Active
D01963,Elizabeth Brown,Sedan,Toa Payoh,4.75,Active
D01964,Jacob Hudson,Mpv,Tampines,3.8,Active
D01965,Kimberly Williams,Mpv,Tampines,3.6,Active
D01966,Isaac Davis,Mpv,Singapore,4.0,Active
D01967,Natalie Stephens,Electric,Singapore,3.87,Active
D01968,Robert Ewing,Premium,Yishun,4.28,Active
D01969,Christine Green,Suv,Yishun,4.29,Active
D01970,Melissa Walters,Mpv,Singapore,4.01,Active
D01971,Donald Flores,Mpv,Punggol,4.22,Inactive
D01972,Rebecca Stanley,Mpv,Singapore,4.52,Active
D01973,Jimmy Gallagher,Electric,Punggol,4.64,Active
D01974,Donna Larson,Hatchback,Woodlands,3.98,Active
D01975,Jill Morrison,Hatchback,Jurong,4.36,Active
D01976,Kyle Oneill,Suv,Toa Payoh,3.69,Active
D01977,Mary Wilson,Hatchback,Yishun,3.78,Active
D01978,Tyler Peters,Premium,Singapore,3.96,Active
D01979,Ryan Forbes,Electric,Bishan,4.62,Active
D01980,Nathan Bailey,Mpv,Toa Payoh,4.35,Active
D01981,Taylor Wyatt,Sedan,Punggol,4.57,Active
D01982,Linda Gallegos,Premium,Woodlands,4.87,Active
D01983,Krystal Carroll,Mpv,Toa Payoh,4.17,Active
D01984,Kevin Wilson,Sedan,Toa Payoh,3.53,Active
D01985,Kimberly Gordon,Sedan,Punggol,4.66,Active
D01986,Nicole Fields,Electric,Tampines,3.83,Active
D01987,Nichole Holt,Electric,Ang Mo Kio,3.59,Active
D01988,Frank Hancock,Premium,Punggol,4.21,Active
D01989,James Schwartz,Hatchback,Bedok,4.4,Active
D01990,Cristian Johnson,Suv,Singapore,4.32,Active
D01991,Dr. Jerry Hunter PhD,Electric,Bedok,3.96,Active
D01992,Kevin Gibson,Sedan,Bishan,3.51,Active
D01993,Jason Warner,Electric,Yishun,4.72,Suspended
D01994,Cassie Williamson,Hatchback,Toa Payoh,3.75,Active
D01995,Aaron Ford,Suv,Woodlands,4.59,Suspended
D01996,Christopher Howard,Mpv,Yishun,4.01,Active
D01997,Stephanie Cox,Suv,Bishan,4.4,Active
D01998,Brooke Fields,Electric,Woodlands,3.73,Active
D01999,Megan Rios,Suv,Yishun,4.86,Active
D02000,Taylor Drake,Premium,Toa Payoh,3.52,Active
D02001,Jordan Lee,Hatchback,Tampines,4.81,Active
D02002,Hector Church,Electric,Woodlands,4.41,Active
D02003,Andrea Cooper,Electric,Toa Payoh,4.37,Active
D02004,Brian Butler Jr.,Mpv,Tampines,4.21,Active
D02005,Todd Murphy,Suv,Yishun,4.19,Active
D02006,Jamie Salinas,Sedan,Bishan,3.58,Inactive
D02007,Amber Welch,Mpv,Jurong,4.95,Inactive
D02008,James Chapman,Hatchback,Bishan,4.19,Active
D02009,Anthony Morgan,Suv,Toa Payoh,4.78,Active
D02010,Nicholas Smith,Premium,Bishan,3.72,Active
D02011,Howard Cline,Hatchback,Punggol,4.98,Suspended
D02012,Jose Price,Suv,Toa Payoh,4.8,Active
D02013,Dwayne Foley,Hatchback,Ang Mo Kio,4.91,Active
D02014,Monica Strickland,Sedan,Punggol,4.43,Active
D02015,Christopher Garcia,Premium,Bishan,4.2,Active
D02016,Emily Arnold,Suv,Yishun,3.98,Active
D02017,Donna Wolf,Mpv,Yishun,4.23,Inactive
D02018,Randall Wells,Premium,Yishun,4.36,Active
D02019,Kevin Cortez,Electric,Yishun,4.04,Active
D02020,Jesse Lee,Premium,Bedok,3.85,Active
D02021,Heidi Sanders,Sedan,Punggol,4.04,Active
D02022,Andrew Archer,Mpv,Ang Mo Kio,4.12,Inactive
D02023,Darryl Hill,Hatchback,Bishan,3.8,Inactive
D02024,Adam Arellano,Sedan,Singapore,4.25,Active
D02025,Jason Cox,Hatchback,Tampines,3.77,Active
D02026,James Stephens,Premium,Singapore,3.96,Active
D02027,George Hoffman,Suv,Tampines,4.76,Active
D02028,Alexandra Henderson,Mpv,Woodlands,4.53,Active
D02029,Crystal King,Hatchback,Singapore,4.39,Active
D02030,Julie Simpson,Premium,Bedok,4.03,Active
D02031,Catherine Walker,Premium,Ang Mo Kio,4.64,Active
D02032,Lindsey Brown,Electric,Singapore,4.11,Active
D02033,Wendy Mcdonald,Sedan,Tampines,4.06,Active
D02034,Michael Jackson,Hatchback,Ang Mo Kio,4.06,Active
D02035,Yolanda Kelley,Suv,Yishun,3.78,Active
D02036,Andre Wade,Premium,Punggol,4.29,Active
D02037,Amanda Ramos,Suv,Singapore,3.98,Active
D02038,Noah Murray,Sedan,Singapore,4.11,Active
D02039,Chad Edwards,Mpv,Bishan,3.57,Active
D02040,Julia Medina,Electric,Punggol,4.21,Active
D02041,Lisa Zimmerman,Hatchback,Jurong,4.37,Active
D02042,Laura Matthews,Hatchback,Bishan,4.41,Active
D02043,Joshua Hall,Electric,Yishun,4.72,Active
D02044,Matthew Edwards,Sedan,Tampines,4.14,Active
D02045,Jerry Frank,Electric,Bishan,4.21,Active
D02046,Brandon Hansen,Mpv,Jurong,3.7,Active
D02047,Julia Carney,Suv,Tampines,4.4,Active
D02048,Miguel Beck,Electric,Tampines,3.98,Active
D02049,Miranda Coleman,Electric,Ang Mo Kio,4.13,Active
D02050,Barbara Cooper,Mpv,Punggol,4.15,Active
D02051,Kyle Duarte,Mpv,Ang Mo Kio,4.6,Active
D02052,Donald James,Electric,Yishun,4.04,Active
D02053,Leonard Cox,Hatchback,Singapore,4.83,Active
D02054,Logan Cook,Sedan,Woodlands,3.98,Active
D02055,April Meza,Premium,Bishan,3.55,Active
D02056,Alexander Young,Hatchback,Toa Payoh,4.27,Active
D02057,Beth Boyd,Suv,Singapore,4.17,Active
D02058,Robert Boyd,Sedan,Ang Mo Kio,4.59,Active
D02059,Jamie Chen,Premium,Jurong,4.5,Active
D02060,Sandy Jenkins,Mpv,Bishan,4.64,Active
D02061,Levi Sanchez,Premium,Tampines,3.69,Active
D02062,Andrew Velazquez,Premium,Tampines,4.39,Active
D02063,Mary Gonzalez,Sedan,Bishan,4.28,Active
D02064,Jason Price,Mpv,Bedok,4.59,Active
D02065,Jason Rocha,Mpv,Punggol,3.82,Active
D02066,Rebecca Gonzalez,Premium,Woodlands,4.84,Active
D02067,Maria Moody,Sedan,Tampines,4.79,Active
D02068,Christopher Hensley,Suv,Yishun,3.66,Suspended
D02069,Claudia Thomas,Electric,Bedok,3.87,Active
D02070,Matthew Burton,Premium,Ang Mo Kio,3.95,Active
D02071,Xavier Jacobs,Mpv,Ang Mo Kio,3.92,Active
D02072,Nancy Campos,Sedan,Ang Mo Kio,4.4,Active
D02073,Elaine Gilbert,Mpv,Toa Payoh,3.82,Active
D02074,Joshua Davis,Suv,Bishan,4.6,Active
D02075,Matthew Brown,Hatchback,Yishun,4.38,Active
D02076,Cynthia Scott,Sedan,Toa Payoh,4.78,Active
D02077,Jennifer Flores,Electric,Tampines,3.73,Active
D02078,Amanda Valdez,Sedan,Bedok,4.43,Active
D02079,Alison Hall,Sedan,Ang Mo Kio,4.64,Active
D02080,Laura Smith,Mpv,Punggol,4.77,Active
D02081,Charles Smith,Hatchback,Jurong,4.83,Inactive
D02082,Diane Williams,Mpv,Ang Mo Kio,3.63,Active
D02083,Michael Thomas,Suv,Tampines,3.75,Active
D02084,Derek Sanchez,Suv,Bishan,3.67,Active
D02085,Matthew Jackson,Suv,Bishan,4.78,Active
D02086,Patrick Howard,Suv,Toa Payoh,4.2,Active
D02087,Marc Murphy,Electric,Woodlands,4.27,Active
D02088,Lindsey Moore,Premium,Yishun,4.0,Active
D02089,Erika Wilcox,Electric,Woodlands,3.75,Active
D02090,Sharon Oliver,Hatchback,Singapore,4.55,Active
D02091,Karen Alvarez,Hatchback,Yishun,3.7,Active
D02092,Matthew Stein,Sedan,Jurong,4.2,Active
D02093,Erin Jackson,Suv,Ang Mo Kio,4.62,Active
D02094,Lisa Baldwin,Hatchback,Bishan,4.54,Active
D02095,Antonio Cox,Sedan,Yishun,4.26,Active
D02096,Jacob Stephens,Suv,Bishan,4.89,Inactive
D02097,Hannah Hammond,Mpv,Ang Mo Kio,4.61,Active
D02098,Amy Green,Hatchback,Punggol,4.4,Active
D02099,Tony Anderson,Mpv,Toa Payoh,3.91,Active
D02100,Meredith Johnson,Hatchback,Woodlands,3.88,Active
D02101,Diana Smith,Mpv,Toa Payoh,4.6,Active
D02102,Steve Perry,Suv,Tampines,4.91,Active
D02103,Lauren Marshall,Electric,Ang Mo Kio,4.46,Active
D02104,Robert Booth,Hatchback,Ang Mo Kio,4.38,Active
D02105,Robert Nichols,Mpv,Bishan,3.59,Active
D02106,Adrienne Davis,Hatchback,Jurong,3.83,Active
D02107,Kayla Burke,Sedan,Bishan,4.92,Active
D02108,Catherine Hunter,Sedan,Punggol,4.34,Active
D02109,Mrs. Emma Murray,Sedan,Punggol,3.71,Active
D02110,Sally Green,Hatchback,Yishun,4.94,Active
D02111,Robert May,Mpv,Ang Mo Kio,3.98,Active
D02112,Teresa Taylor,Sedan,Bedok,3.67,Active
D02113,Kathleen Cohen,Suv,Woodlands,4.18,Active
D02114,Eric Evans,Suv,Tampines,3.55,Active
D02115,Michael Thompson,Electric,Bishan,4.13,Active
D02116,Laura Smith,Sedan,Punggol,4.41,Active
D02117,Summer Moore,Sedan,Punggol,3.72,Active
D02118,Stacey Armstrong,Electric,Ang Mo Kio,4.76,Inactive
D02119,Dustin Fowler,Premium,Tampines,4.15,Active
D02120,Matthew Nguyen,Premium,Punggol,4.13,Active
D02121,Samantha Petersen,Hatchback,Bedok,3.77,Active
D02122,Keith Lane,Sedan,Toa Payoh,3.75,Active
D02123,Tiffany Maldonado,Electric,Woodlands,4.82,Active
D02124,Brian Wade,Electric,Toa Payoh,3.72,Active
D02125,Jamie Yu,Mpv,Toa Payoh,4.09,Active
D02126,James Morgan,Premium,Tampines,4.03,Active
D02127,Kristina Joseph,Electric,Toa Payoh,4.19,Active
D02128,David Taylor,Sedan,Yishun,4.79,Active
D02129,Jimmy Farmer,Mpv,Ang Mo Kio,4.91,Active
D02130,John Stewart,Sedan,Jurong,4.27,Active
D02131,Matthew Scott,Hatchback,Woodlands,4.17,Active
D02132,Ronnie Phillips,Hatchback,Punggol,4.36,Active
D02133,Cynthia Juarez,Mpv,Jurong,4.5,Active
D02134,Jessica Wallace,Premium,Tampines,4.25,Active
D02135,Renee Smith,Mpv,Bedok,3.81,Active
D02136,Stacy Velasquez,Premium,Ang Mo Kio,4.43,Active
D02137,Shannon Woods,Electric,Bedok,4.36,Active
D02138,Connor Washington,Sedan,Punggol,3.84,Active
D02139,Sara Mcdonald,Mpv,Bedok,3.59,Active
D02140,Elizabeth Carlson,Hatchback,Ang Mo Kio,4.5,Active
D02141,Brian Raymond,Suv,Bishan,4.28,Active
D02142,Julie Stephens,Premium,Bishan,4.12,Active
D02143,Jack Brown,Sedan,Toa Payoh,4.42,Active
D02144,Daniel Miles,Hatchback,Yishun,4.63,Active
D02145,Steven Ortiz,Electric,Tampines,4.61,Active
D02146,Joshua Martinez,Electric,Toa Payoh,4.03,Active
D02147,Max Bray,Electric,Singapore,4.99,Active
D02148,Morgan Silva,Premium,Yishun,4.72,Active
D02149,Taylor Kelly,Hatchback,Bedok,3.51,Active
D02150,Kylie Roman,Sedan,Punggol,4.35,Active
D02151,Benjamin Hancock,Suv,Woodlands,4.22,Active
D02152,Jackson Tran,Sedan,Bedok,3.62,Active
D02153,Christina Blair,Electric,Toa Payoh,3.96,Active
D02154,Ryan Aguilar,Sedan,Punggol,4.54,Active
D02155,Caroline Sullivan,Hatchback,Ang Mo Kio,3.98,Active
D02156,Jim Grant,Premium,Tampines,4.19,Inactive
D02157,Tracy Parker,Electric,Bishan,4.82,Active
D02158,Scott Sanders,Suv,Bishan,4.78,Active
D02159,Mary Santiago,Sedan,Toa Payoh,3.83,Active
D02160,Robert Wagner,Suv,Bishan,4.44,Active
D02161,Tracy Cunningham,Premium,Punggol,4.02,Active
D02162,Michael Hernandez,Mpv,Jurong,3.86,Active
D02163,Shawn Bailey,Premium,Yishun,4.95,Active
D02164,John Hunter,Electric,Jurong,3.82,Active
D02165,Audrey Ponce,Sedan,Punggol,4.32,Active
D02166,Kelly Odom,Electric,Bishan,4.49,Active
D02167,Bryan Zimmerman,Mpv,Bedok,3.93,Active
D02168,Heather Williams,Suv,Jurong,4.61,Active
D02169,Marvin Robles,Electric,Toa Payoh,4.59,Active
D02170,Carmen Warren,Suv,Bishan,4.48,Active
D02171,Mason Skinner,Mpv,Punggol,4.74,Active
D02172,Dennis Smith,Suv,Woodlands,4.14,Active
D02173,Daniel Thompson,Electric,Yishun,4.26,Active
D02174,Amber Gordon,Suv,Ang Mo Kio,3.53,Inactive
D02175,Carrie Davis,Mpv,Yishun,4.64,Active
D02176,James Baker,Premium,Woodlands,4.01,Active
D02177,Emily Contreras,Electric,Woodlands,4.44,Active
D02178,Lauren Davis,Hatchback,Bedok,3.84,Active
D02179,Jessica Cox,Hatchback,Woodlands,4.22,Active
D02180,Elizabeth Austin,Sedan,Toa Payoh,4.36,Active
D02181,James Castillo,Electric,Toa Payoh,4.85,Active
D02182,Wayne Snyder,Sedan,Tampines,4.94,Active
D02183,Kimberly Walker MD,Suv,Tampines,3.59,Inactive
D02184,Natalie Villegas,Premium,Woodlands,4.57,Active
D02185,John Lewis,Premium,Punggol,3.83,Active
D02186,Terry Mcdonald,Electric,Singapore,4.95,Inactive
D02187,Christopher Rodriguez,Mpv,Ang Mo Kio,3.71,Active
D02188,Jessica Miles,Sedan,Singapore,3.93,Inactive
D02189,Carrie Golden,Electric,Jurong,4.25,Active
D02190,David Long,Premium,Ang Mo Kio,4.55,Suspended
D02191,Maureen Glass,Premium,Bedok,4.7,Active
D02192,Natalie Herman,Suv,Punggol,4.68,Inactive
D02193,Luke Walters,Electric,Bishan,4.95,Active
D02194,Mrs. Ashley Williams,Sedan,Ang Mo Kio,4.15,Active
D02195,Peter Sullivan,Mpv,Singapore,3.96,Active
D02196,Jessica Rollins,Hatchback,Ang Mo Kio,3.6,Inactive
D02197,Michelle Thompson,Mpv,Bishan,4.46,Active
D02198,Heather Irwin,Hatchback,Ang Mo Kio,3.66,Active
D02199,Russell Guerra,Sedan,Tampines,3.77,Active
D02200,Charles Patton,Sedan,Bishan,4.49,Active
D02201,April Barajas,Hatchback,Tampines,4.37,Active
D02202,Charles Johnson,Premium,Bedok,4.66,Active
D02203,Colin Munoz,Premium,Jurong,3.64,Active
D02204,Andrea Hansen,Hatchback,Punggol,4.42,Active
D02205,Dorothy Long DDS,Electric,Ang Mo Kio,4.35,Active
D02206,Jennifer Bailey,Mpv,Jurong,4.66,Active
D02207,Kyle Mccarthy,Electric,Bedok,4.3,Active
D02208,Raymond Flores Jr.,Mpv,Jurong,4.21,Active
D02209,Ethan Lewis,Electric,Yishun,4.86,Active
D02210,Robert Cain,Suv,Bedok,4.38,Active
D02211,Peggy Burton,Premium,Ang Mo Kio,4.9,Active
D02212,Brian Elliott,Electric,Punggol,3.98,Active
D02213,Dana Thompson,Premium,Jurong,3.86,Active
D02214,Melinda Potter,Mpv,Jurong,4.7,Active
D02215,Edwin Delgado,Suv,Ang Mo Kio,4.32,Active
D02216,Jennifer Taylor,Suv,Woodlands,4.35,Inactive
D02217,William Terry,Mpv,Woodlands,3.62,Active
D02218,Justin Clark,Suv,Woodlands,3.52,Active
D02219,Lacey Flynn,Hatchback,Toa Payoh,4.87,Active
D02220,Michele Williams,Mpv,Bedok,4.92,Active
D02221,Kenneth Padilla,Premium,Singapore,4.15,Active
D02222,Evan Bender,Hatchback,Yishun,4.15,Active
D02223,Sean Meyer,Suv,Punggol,4.69,Active
D02224,Melissa Copeland,Hatchback,Ang Mo Kio,4.27,Active
D02225,Maria Henry,Electric,Toa Payoh,4.17,Active
D02226,Tina Cohen,Hatchback,Punggol,3.85,Active
D02227,Seth Mcmillan,Hatchback,Woodlands,3.54,Active
D02228,Jessica White,Mpv,Ang Mo Kio,3.71,Active
D02229,Aaron Richardson,Hatchback,Singapore,3.64,Active
D02230,Stephanie Ali,Suv,Punggol,4.2,Active
D02231,Daniel Barron,Hatchback,Bishan,5.0,Active
D02232,Michelle Gill,Mpv,Toa Payoh,4.59,Active
D02233,Joseph Webb,Mpv,Jurong,4.73,Active
D02234,Cassandra Walsh,Mpv,Toa Payoh,4.92,Active
D02235,Daniel Francis,Sedan,Tampines,4.28,Active
D02236,Benjamin White,Premium,Bishan,3.89,Inactive
D02237,Juan Hart,Sedan,Bishan,4.97,Active
D02238,Alexis Duran,Mpv,Punggol,4.03,Active
D02239,Kevin Martinez,Sedan,Punggol,3.88,Active
D02240,John George,Premium,Woodlands,4.63,Active
D02241,Brandi Bates,Sedan,Toa Payoh,4.78,Active
D02242,Jennifer Smith,Suv,Bishan,4.53,Active
D02243,Kevin Foster,Sedan,Bedok,4.54,Active
D02244,Edward Gillespie,Sedan,Toa Payoh,4.87,Active
D02245,Robin Ball,Mpv,Woodlands,4.81,Active
D02246,Albert Jensen,Premium,Jurong,3.75,Active
D02247,Eric Perry,Sedan,Jurong,4.55,Inactive
D02248,Veronica Davis,Electric,Woodlands,4.21,Active
D02249,Michael Kennedy,Hatchback,Toa Payoh,3.9,Active
D02250,Dawn Ingram,Premium,Woodlands,4.62,Active
D02251,Nathan Reilly,Mpv,Toa Payoh,3.63,Active
D02252,Richard Potter,Mpv,Jurong,4.11,Active
D02253,Andrew Lee,Electric,Bishan,3.53,Active
D02254,Heather Grimes,Premium,Ang Mo Kio,4.44,Active
D02255,Anthony Thompson,Premium,Tampines,3.59,Active
D02256,Joseph George,Sedan,Yishun,3.79,Active
D02257,Christopher Wright,Hatchback,Punggol,3.87,Active
D02258,Jennifer Baker,Suv,Bedok,4.86,Active
D02259,Louis Kennedy,Suv,Punggol,3.89,Active
D02260,David Garcia,Electric,Jurong,3.76,Active
D02261,Jeffrey Burns,Premium,Woodlands,3.6,Active
D02262,Lucas Miller,Sedan,Ang Mo Kio,4.08,Active
D02263,Haley Dean,Premium,Jurong,4.75,Inactive
D02264,Kristen Hess,Suv,Ang Mo Kio,3.84,Active
D02265,Crystal Rice,Premium,Ang Mo Kio,4.54,Active
D02266,Michael Hall,Electric,Punggol,4.39,Active
D02267,Kaitlin Evans,Premium,Jurong,3.57,Active
D02268,Brittany Cooper,Suv,Bishan,4.98,Active
D02269,Stephen Watts,Suv,Yishun,3.99,Active
D02270,Randy Larson,Suv,Yishun,3.62,Active
D02271,Melissa Sampson,Hatchback,Singapore,3.77,Active
D02272,Joshua Robinson,Hatchback,Bishan,3.66,Active
D02273,Mark Savage,Sedan,Toa Payoh,4.56,Active
D02274,Aaron King,Electric,Bedok,4.81,Active
D02275,Olivia Hall,Hatchback,Yishun,4.19,Active
D02276,Joshua Foster,Premium,Singapore,4.26,Active
D02277,Anthony Perez,Sedan,Bedok,3.5,Active
D02278,Cody Daniel DVM,Suv,Woodlands,4.13,Inactive
D02279,Kevin Vargas,Sedan,Toa Payoh,4.43,Active
D02280,Eric Richardson,Electric,Ang Mo Kio,3.71,Active
D02281,Denise Castro,Suv,Singapore,4.85,Active
D02282,Christine Molina,Suv,Punggol,4.0,Active
D02283,Rhonda Leonard,Mpv,Woodlands,4.38,Active
D02284,Debra Quinn,Mpv,Bishan,3.54,Active
D02285,John Vaughn,Hatchback,Ang Mo Kio,4.99,Active
D02286,Sarah Price,Electric,Bishan,4.06,Active
D02287,Marissa Mann,Sedan,Woodlands,4.07,Active
D02288,Kristin Morris,Hatchback,Punggol,4.77,Active
D02289,Ryan Horton,Hatchback,Singapore,4.45,Active
D02290,Nicole Marshall,Mpv,Bishan,4.07,Active
D02291,Matthew Hopkins,Premium,Jurong,3.98,Active
D02292,Jose Kramer,Premium,Bedok,4.38,Active
D02293,Joseph Lucas,Sedan,Bishan,3.54,Active
D02294,Brandon Quinn,Hatchback,Bedok,4.22,Active
D02295,Matthew George,Electric,Tampines,3.58,Active
D02296,Sarah Serrano,Mpv,Yishun,3.71,Active
D02297,Robert Hayes,Premium,Bedok,4.03,Active
D02298,Cory Gonzalez,Suv,Jurong,4.42,Active
D02299,Sonya Jones,Mpv,Toa Payoh,3.93,Active
D02300,Matthew Jackson,Electric,Woodlands,4.47,Active
D02301,Susan Salinas,Mpv,Tampines,4.82,Active
D02302,Daniel Smith,Premium,Toa Payoh,4.58,Active
D02303,Cynthia Richmond,Electric,Punggol,4.99,Active
D02304,Kathleen Barber,Electric,Woodlands,4.18,Inactive
D02305,Brandon Cox,Electric,Tampines,3.62,Active
D02306,Bradley Lutz,Sedan,Yishun,4.15,Active
D02307,John Leon,Mpv,Woodlands,3.78,Active
D02308,Allen Henderson,Suv,Bishan,4.64,Active
D02309,William Davis,Premium,Woodlands,3.68,Active
D02310,Laura Jackson,Electric,Woodlands,3.88,Active
D02311,Jamie Freeman,Premium,Punggol,4.31,Active
D02312,Dwayne Rodriguez,Sedan,Jurong,4.79,Active
D02313,Courtney Crawford,Premium,Bishan,3.9,Active
D02314,Tracy Perez,Premium,Woodlands,3.96,Active
D02315,Jeffrey Brown,Electric,Punggol,4.54,Active
D02316,Robert Rivera,Premium,Bishan,4.94,Active
D02317,Amy Williams,Premium,Ang Mo Kio,3.93,Active
D02318,Brandon Hoover,Sedan,Tampines,4.81,Active
D02319,Adam Johnson,Electric,Jurong,3.78,Active
D02320,Olivia Parsons,Premium,Ang Mo Kio,3.93,Active
D02321,Lauren Torres,Suv,Yishun,4.33,Active
D02322,Richard Franklin,Premium,Woodlands,4.6,Active
D02323,Brandon Stephens,Premium,Toa Payoh,4.72,Active
D02324,Kelly Mack,Premium,Tampines,3.79,Active
D02325,Rhonda Valencia,Sedan,Yishun,3.64,Active
D02326,James Bishop,Mpv,Yishun,4.84,Inactive
D02327,Ryan Medina,Premium,Toa Payoh,4.95,Active
D02328,Jeffrey Mills,Suv,Tampines,4.13,Inactive
D02329,Patricia Martinez,Premium,Yishun,3.88,Active
D02330,Jeremy Fernandez,Electric,Bishan,3.88,Active
D02331,Brett Keller,Mpv,Tampines,3.93,Active
D02332,Zachary Williamson,Suv,Ang Mo Kio,4.08,Active
D02333,Erik Bullock,Sedan,Bedok,4.61,Active
D02334,Autumn Christian,Electric,Bishan,4.53,Inactive
D02335,Erin Gardner,Suv,Bishan,4.79,Active
D02336,Samantha Keller,Mpv,Toa Payoh,4.39,Inactive
D02337,Brent Jensen,Premium,Woodlands,4.73,Active
D02338,Monica Cuevas PhD,Mpv,Tampines,4.32,Active
D02339,Jonathan Cross,Sedan,Yishun,4.15,Active
D02340,Lindsay Gray,Suv,Bishan,4.16,Active
D02341,Angie Ayers,Premium,Singapore,4.89,Active
D02342,Michelle Jackson,Suv,Punggol,3.54,Active
D02343,William Riggs,Hatchback,Punggol,3.7,Active
D02344,Jennifer Young,Mpv,Jurong,4.4,Active
D02345,Tara Avery,Hatchback,Ang Mo Kio,4.56,Inactive
D02346,Gail White,Mpv,Jurong,3.52,Active
D02347,Gina Gentry,Sedan,Bedok,4.29,Active
D02348,Nancy Lee,Suv,Ang Mo Kio,4.44,Active
D02349,Jordan Ortega,Premium,Tampines,4.87,Active
D02350,David Miller,Sedan,Bishan,4.68,Active
D02351,Beth Martin DDS,Hatchback,Bishan,4.82,Inactive
D02352,Perry Smith,Premium,Punggol,4.43,Active
D02353,Eric Roberts,Electric,Jurong,4.58,Active
D02354,Jay Lee,Electric,Punggol,4.7,Inactive
D02355,Craig Stewart,Electric,Singapore,4.87,Active
D02356,Gary Payne,Sedan,Bedok,4.07,Active
D02357,Dawn Baldwin,Hatchback,Singapore,3.8,Active
D02358,Rachel Robinson,Suv,Bedok,4.93,Active
D02359,Heidi Serrano,Sedan,Singapore,3.68,Active
D02360,Christopher Singleton,Sedan,Punggol,3.57,Active
D02361,Carlos Bishop,Suv,Tampines,3.77,Active
D02362,Christopher Watkins,Suv,Woodlands,4.27,Active
D02363,Andrew Morrow,Hatchback,Punggol,3.96,Active
D02364,Samuel Bush,Hatchback,Toa Payoh,3.8,Active
D02365,Shawn Pittman,Electric,Tampines,4.36,Active
D02366,Becky Schroeder,Suv,Ang Mo Kio,4.48,Active
D02367,Reginald Wilson,Hatchback,Singapore,3.96,Active
D02368,Julian Mcfarland,Suv,Singapore,4.19,Active
D02369,Melissa Estrada,Premium,Bedok,3.92,Active
D02370,Lee Mullins,Electric,Ang Mo Kio,4.9,Active
D02371,Christopher Buck,Premium,Bishan,4.28,Active
D02372,Alexis Johnson,Hatchback,Yishun,4.49,Active
D02373,Lisa Murphy,Premium,Toa Payoh,4.83,Active
D02374,Raymond Kim,Hatchback,Punggol,4.3,Active
D02375,Gerald Andrews,Mpv,Tampines,4.89,Active
D02376,Jamie Snyder,Electric,Bishan,3.62,Active
D02377,Jill Herrera,Sedan,Bishan,4.39,Active
D02378,Lance Brown,Hatchback,Ang Mo Kio,4.24,Inactive
D02379,Justin Barker,Premium,Singapore,3.52,Active
D02380,Heidi Nichols,Hatchback,Jurong,4.07,Active
D02381,Mary Morgan,Hatchback,Tampines,4.98,Active
D02382,Daniel Case,Suv,Woodlands,3.63,Active
D02383,Chad Alvarado,Premium,Woodlands,4.52,Active
D02384,William Neal,Mpv,Singapore,3.68,Active
D02385,Manuel Mendoza,Mpv,Bishan,3.73,Active
D02386,Christine Howell,Mpv,Singapore,4.34,Active
D02387,Patrick Huff,Hatchback,Bishan,3.66,Active
D02388,Charles Cuevas,Electric,Punggol,3.57,Active
D02389,Scott Duke DDS,Mpv,Punggol,4.16,Active
D02390,Amanda Torres,Premium,Yishun,4.69,Inactive
D02391,Matthew Smith,Mpv,Singapore,4.68,Active
D02392,Elizabeth Rush,Hatchback,Woodlands,4.89,Active
D02393,Jamie Brooks,Mpv,Tampines,3.68,Suspended
D02394,Anthony Baker,Mpv,Bedok,4.24,Active
D02395,Timothy Bonilla,Hatchback,Tampines,4.63,Active
D02396,Belinda Gomez,Electric,Bishan,4.51,Active
D02397,Miss Kelly Lowe,Sedan,Woodlands,3.64,Active
D02398,Ryan Perry,Electric,Toa Payoh,4.43,Active
D02399,John Fields,Hatchback,Jurong,4.66,Active
D02400,Cynthia Brown,Hatchback,Yishun,4.78,Active
D02401,Brooke Hoffman,Sedan,Tampines,4.59,Inactive
D02402,Noah Webb,Sedan,Tampines,3.6,Active
D02403,Ellen Deleon,Mpv,Singapore,3.98,Active
D02404,Christie Velasquez,Hatchback,Tampines,4.57,Active
D02405,Julia Moses,Premium,Bishan,4.1,Active
D02406,Jessica Christensen,Mpv,Singapore,4.1,Active
D02407,Lisa Griffin,Mpv,Tampines,3.76,Active
D02408,Alexander Peters,Premium,Tampines,3.58,Active
D02409,Marisa Walker,Premium,Bedok,3.5,Inactive
D02410,Edward Boyd,Electric,Woodlands,4.06,Active
D02411,Donna Bishop,Premium,Punggol,3.68,Inactive
D02412,Michelle Crane,Mpv,Punggol,4.15,Active
D02413,Jodi Jones,Electric,Bishan,3.6,Active
D02414,Elaine Quinn,Hatchback,Toa Payoh,4.52,Active
D02415,John Miller,Hatchback,Woodlands,4.97,Active
D02416,Angela Ortega MD,Hatchback,Toa Payoh,4.65,Active
D02417,Megan Davis,Electric,Singapore,3.61,Active
D02418,Francisco Johnson,Electric,Punggol,4.75,Active
D02419,John Keith,Sedan,Punggol,4.9,Active
D02420,Joshua Davis,Premium,Yishun,3.57,Active
D02421,Amanda Austin,Suv,Tampines,4.21,Active
D02422,Ryan Rogers II,Suv,Jurong,3.86,Inactive
D02423,Jonathan Hampton,Sedan,Bishan,3.88,Active
D02424,David Trujillo,Sedan,Bishan,4.15,Active
D02425,Christie Morris,Hatchback,Bishan,4.97,Active
D02426,Amy Graham,Mpv,Yishun,4.45,Inactive
D02427,Adam Skinner,Suv,Punggol,4.27,Active
D02428,Bradley Ruiz,Sedan,Yishun,3.96,Active
D02429,Natalie Weaver,Electric,Singapore,3.83,Active
D02430,Victoria Butler,Mpv,Punggol,4.37,Active
D02431,Rachel Shelton,Hatchback,Singapore,4.6,Active
D02432,Dr. Anthony Grimes,Suv,Tampines,4.51,Active
D02433,Matthew Adams,Hatchback,Toa Payoh,4.06,Active
D02434,Sandra Stewart MD,Premium,Bishan,4.02,Active
D02435,Michael Santos,Electric,Tampines,3.63,Inactive
D02436,Kevin Hahn,Premium,Yishun,4.73,Active
D02437,Benjamin Valenzuela,Mpv,Bishan,3.71,Active
D02438,Brandon Harris,Suv,Jurong,4.15,Active
D02439,Kimberly Mitchell,Electric,Bishan,4.25,Active
D02440,Craig Herring,Hatchback,Toa Payoh,4.06,Active
D02441,Mary Parker,Premium,Punggol,3.5,Active
D02442,Brian Allison,Hatchback,Singapore,4.44,Active
D02443,Brian Reynolds,Sedan,Yishun,3.71,Active
D02444,Kendra Short,Premium,Toa Payoh,4.7,Suspended
D02445,Richard Carney,Sedan,Woodlands,4.17,Active
D02446,Brenda Floyd,Electric,Ang Mo Kio,4.44,Active
D02447,Mike Bolton,Electric,Tampines,3.66,Active
D02448,Christina Jordan,Mpv,Woodlands,4.99,Active
D02449,Karen Cruz,Electric,Bishan,3.98,Active
D02450,Stephen Dyer,Sedan,Punggol,4.48,Active
D02451,Jill Henderson,Mpv,Woodlands,3.65,Inactive
D02452,Joshua Arroyo,Suv,Punggol,3.91,Active
D02453,Toni Murray,Mpv,Bishan,4.48,Active
D02454,Kristine Hammond,Electric,Bishan,4.61,Active
D02455,Melissa Jackson,Hatchback,Yishun,4.92,Active
D02456,Angela Barron,Suv,Jurong,4.47,Active
D02457,Sarah Richard,Sedan,Singapore,3.63,Active
D02458,Lisa Olson,Suv,Punggol,4.97,Active
D02459,Mark Meyers,Mpv,Ang Mo Kio,4.22,Active
D02460,Elizabeth Lopez,Sedan,Tampines,3.85,Active
D02461,Vincent Torres,Mpv,Ang Mo Kio,3.97,Active
D02462,Elizabeth Duffy,Hatchback,Yishun,4.05,Active
D02463,Erika Wells,Electric,Jurong,4.82,Active
D02464,Kenneth Torres,Mpv,Singapore,3.52,Active
D02465,Ruth Carlson,Electric,Yishun,3.84,Active
D02466,Valerie Miller,Hatchback,Bedok,3.52,Active
D02467,Elizabeth Scott,Electric,Toa Payoh,3.68,Active
D02468,Tara Lopez,Sedan,Bedok,4.74,Active
D02469,Sophia Horne,Hatchback,Bishan,4.02,Active
D02470,Danielle Hall,Premium,Woodlands,4.78,Active
D02471,Jeffery Palmer,Hatchback,Bedok,4.09,Active
D02472,Theodore Gill,Mpv,Ang Mo Kio,4.05,Active
D02473,Roberto Little,Mpv,Toa Payoh,3.9,Active
D02474,Amanda Smith,Suv,Jurong,3.63,Active
D02475,Patricia Henderson,Premium,Woodlands,4.41,Active
D02476,Jordan Griffith,Premium,Tampines,4.7,Active
D02477,Walter Chavez,Sedan,Ang Mo Kio,4.7,Active
D02478,Sarah Phillips,Sedan,Yishun,4.97,Active
D02479,Scott Patton,Premium,Punggol,3.81,Active
D02480,Christine Savage MD,Sedan,Bedok,3.69,Active
D02481,Paul Hudson,Electric,Yishun,4.18,Inactive
D02482,Thomas Bruce,Electric,Yishun,3.84,Active
D02483,David Smith,Hatchback,Singapore,4.47,Active
D02484,Mrs. Tiffany Kennedy,Mpv,Ang Mo Kio,4.53,Active
D02485,Dana Brown,Premium,Jurong,4.12,Active
D02486,Thomas Williams DDS,Premium,Jurong,4.62,Inactive
D02487,Jasmine Phillips,Premium,Bedok,4.76,Active
D02488,Daniel Macdonald,Hatchback,Punggol,4.77,Active
D02489,Christopher Green,Electric,Jurong,4.95,Active
D02490,Jackson Gibson,Premium,Woodlands,4.11,Active
D02491,Noah Wright,Suv,Bishan,3.96,Active
D02492,Susan Murray,Hatchback,Tampines,4.09,Active
D02493,Rebecca Johnson,Mpv,Ang Mo Kio,3.74,Active
D02494,Nicholas Johnson,Mpv,Jurong,3.87,Active
D02495,James Davis,Hatchback,Bishan,3.9,Active
D02496,Paul Brown,Sedan,Punggol,3.75,Inactive
D02497,John George,Electric,Toa Payoh,4.07,Active
D02498,Lauren Thompson,Hatchback,Tampines,4.18,Inactive
D02499,Brittney Beard,Electric,Tampines,3.66,Active
D02500,Lisa Patel,Premium,Jurong,4.58,Active
D02501,Jesse Walter,Sedan,Bedok,4.91,Active
D02502,Gavin Stevenson,Suv,Bedok,4.81,Active
D02503,John Taylor,Sedan,Tampines,3.99,Active
D02504,Lori West,Hatchback,Tampines,4.77,Active
D02505,Raymond Gordon,Premium,Punggol,3.86,Active
D02506,Robert Peterson,Hatchback,Bedok,3.86,Active
D02507,Ricky Osborn MD,Hatchback,Toa Payoh,4.48,Active
D02508,Michael Lucero,Mpv,Toa Payoh,3.64,Active
D02509,Gregory Sherman,Hatchback,Singapore,4.44,Active
D02510,Cody Morton,Mpv,Bishan,4.46,Active
D02511,Joseph Gray,Premium,Punggol,3.93,Active
D02512,Jose Campbell,Premium,Jurong,3.8,Active
D02513,Richard Brewer MD,Suv,Bedok,4.24,Active
D02514,William Gregory,Premium,Tampines,4.8,Active
D02515,Aaron Kelley,Electric,Bishan,4.44,Active
D02516,Allison Tucker,Suv,Bedok,4.68,Active
D02517,Edward Bradley,Sedan,Bedok,4.78,Active
D02518,Paul Davidson,Suv,Bedok,4.51,Inactive
D02519,Andrea Beasley,Suv,Bedok,4.2,Active
D02520,Janet Barker,Electric,Ang Mo Kio,4.01,Active
D02521,Stephanie Kelly,Mpv,Woodlands,4.33,Active
D02522,William Campbell,Hatchback,Singapore,3.66,Active
D02523,Jason Hansen,Premium,Tampines,4.47,Active
D02524,Patricia Torres,Electric,Bishan,3.92,Active
D02525,Melissa Wilkins,Mpv,Punggol,4.36,Active
D02526,Jamie Lee DVM,Suv,Bedok,4.35,Active
D02527,Stephanie Wade,Sedan,Punggol,4.34,Active
D02528,William Freeman,Hatchback,Yishun,4.89,Active
D02529,Juan Silva,Sedan,Singapore,4.46,Active
D02530,Pamela Coleman,Premium,Punggol,4.0,Active
D02531,Pamela Nolan,Electric,Bishan,4.36,Active
D02532,Pamela Garcia,Suv,Ang Mo Kio,4.69,Active
D02533,Samuel Smith,Premium,Toa Payoh,4.57,Active
D02534,Michael Carter,Sedan,Tampines,3.62,Inactive
D02535,Ricky Fitzgerald,Sedan,Bishan,4.96,Active
D02536,Alexandra Roberts,Electric,Tampines,4.05,Active
D02537,John Ford,Sedan,Bedok,4.51,Inactive
D02538,Michael Cooper,Sedan,Bishan,5.0,Active
D02539,Tammy Taylor,Electric,Yishun,4.49,Active
D02540,Anna Goodman,Hatchback,Jurong,4.22,Active
D02541,John Stone,Suv,Toa Payoh,3.55,Active
D02542,Randy Arroyo,Suv,Ang Mo Kio,4.44,Active
D02543,Brandon Day,Premium,Tampines,4.91,Active
D02544,Sean Perez,Suv,Jurong,4.3,Active
D02545,Katie Stevenson,Electric,Toa Payoh,4.77,Active
D02546,Robert Macias,Premium,Punggol,3.56,Active
D02547,Jared Edwards,Mpv,Ang Mo Kio,5.0,Active
D02548,Michael Robinson,Electric,Yishun,3.91,Active
D02549,Zachary Pearson,Electric,Woodlands,4.19,Active
D02550,Jessica Meyer,Suv,Woodlands,4.6,Active
D02551,Morgan Trujillo,Suv,Punggol,4.34,Active
D02552,Jesus Martin MD,Hatchback,Yishun,4.09,Active
D02553,Joshua Stone,Sedan,Toa Payoh,4.93,Active
D02554,Sarah Mullins,Hatchback,Bedok,4.96,Active
D02555,Emily Perkins,Suv,Punggol,4.03,Suspended
D02556,Jeffrey Stephens,Electric,Woodlands,4.59,Active
D02557,Melissa Alvarado,Mpv,Punggol,3.74,Active
D02558,Michael Castillo,Premium,Tampines,3.98,Active
D02559,Mr. Alexander Vargas,Mpv,Ang Mo Kio,4.38,Active
D02560,Charles Nelson,Suv,Ang Mo Kio,4.22,Active
D02561,Regina Payne,Sedan,Woodlands,4.48,Active
D02562,Keith Moyer,Electric,Woodlands,3.96,Inactive
D02563,Jeffery Marquez,Sedan,Tampines,4.86,Active
D02564,Brendan Gentry,Suv,Punggol,4.7,Active
D02565,Scott Mendez,Electric,Singapore,3.58,Active
D02566,Vincent Howard,Suv,Punggol,3.88,Active
D02567,Kimberly Mcdonald,Premium,Toa Payoh,4.56,Active
D02568,Diane Thompson,Premium,Bishan,4.44,Active
D02569,Robert Lindsey,Hatchback,Punggol,4.18,Active
D02570,Laura Thompson,Sedan,Woodlands,4.44,Active
D02571,Amber Luna,Electric,Singapore,4.64,Active
D02572,Brittany Powers,Hatchback,Bedok,3.79,Active
D02573,Michelle Lucas DDS,Suv,Punggol,3.59,Active
D02574,Courtney Schroeder,Premium,Woodlands,4.33,Active
D02575,Amanda Scott,Sedan,Punggol,3.95,Active
D02576,Nathaniel Graham,Electric,Singapore,4.46,Active
D02577,Madison Carter,Mpv,Punggol,4.65,Active
D02578,Michelle Ayala,Premium,Bishan,3.96,Active
D02579,William Gallagher,Suv,Singapore,3.81,Active
D02580,Christina Nichols,Premium,Toa Payoh,3.76,Active
D02581,Alex Farley,Hatchback,Toa Payoh,3.98,Active
D02582,Stephen Young,Sedan,Bedok,4.37,Active
D02583,Nancy Jones,Suv,Tampines,4.42,Active
D02584,Kristin Ho,Suv,Singapore,3.86,Suspended
D02585,Jennifer Chavez,Electric,Singapore,4.06,Active
D02586,Andrew Poole,Electric,Punggol,4.04,Active
D02587,Christina Fuller,Hatchback,Toa Payoh,5.0,Active
D02588,Michael Anderson,Sedan,Jurong,4.3,Active
D02589,Jennifer Garcia,Premium,Tampines,4.01,Active
D02590,Henry Johnson,Hatchback,Singapore,3.84,Active
D02591,Eric Reynolds,Sedan,Singapore,4.4,Active
D02592,Shannon Smith,Electric,Woodlands,3.58,Active
D02593,David Spencer,Electric,Singapore,4.04,Inactive
D02594,Colleen Mclaughlin,Mpv,Yishun,3.71,Active
D02595,Dustin Wiley,Electric,Yishun,4.18,Active
D02596,Ruben Ray,Electric,Singapore,4.53,Active
D02597,Maxwell Kramer,Hatchback,Toa Payoh,4.76,Active
D02598,Jennifer Lee,Mpv,Yishun,3.56,Active
D02599,Antonio Blake,Sedan,Bedok,3.69,Active
D02600,Nathan Buchanan,Mpv,Bedok,4.35,Active
D02601,Julie Ware,Premium,Yishun,3.62,Active
D02602,Kristie Parsons,Premium,Punggol,4.55,Active
D02603,Joe Buchanan,Electric,Singapore,3.91,Active
D02604,Michael Rodriguez,Suv,Toa Payoh,4.13,Active
D02605,Heather Heath,Sedan,Yishun,3.7,Active
D02606,Dennis Lee,Premium,Tampines,4.88,Active
D02607,Michele Curtis,Sedan,Punggol,4.17,Active
D02608,Todd Carey,Mpv,Jurong,3.69,Active
D02609,Erica Martin,Hatchback,Ang Mo Kio,3.69,Active
D02610,Jillian Butler,Suv,Yishun,4.41,Active
D02611,Miranda Frazier,Sedan,Yishun,3.71,Active
D02612,Stacey Barnes,Sedan,Singapore,4.18,Suspended
D02613,Becky Cook,Hatchback,Punggol,4.57,Active
D02614,William White,Sedan,Tampines,3.74,Active
D02615,Jessica Ramirez,Premium,Singapore,3.75,Active
D02616,Nicholas Warren,Premium,Toa Payoh,3.7,Active
D02617,Rhonda Barron,Suv,Tampines,4.6,Active
D02618,Ms. Rita Chen,Premium,Bishan,4.03,Active
D02619,Hannah Mcdonald,Sedan,Bedok,4.73,Active
D02620,Richard Williams,Suv,Tampines,4.85,Active
D02621,Kathy Carrillo,Suv,Jurong,4.09,Active
D02622,Regina Mcdonald,Electric,Ang Mo Kio,4.05,Active
D02623,Stephanie Barrett,Premium,Bedok,3.74,Active
D02624,Jeremy Washington,Hatchback,Yishun,4.06,Active
D02625,Leslie Johnston,Mpv,Bedok,4.58,Active
D02626,Todd Miller,Suv,Toa Payoh,4.29,Active
D02627,Ronald Bryan,Premium,Punggol,4.15,Active
D02628,Charles Valentine,Electric,Singapore,4.8,Active
D02629,Kelly Barrett,Premium,Yishun,3.99,Active
D02630,Anna Good,Sedan,Bedok,3.84,Active
D02631,Ryan Quinn,Suv,Punggol,4.38,Active
D02632,Jason Smith,Premium,Singapore,4.13,Active
D02633,Julie Wilson,Mpv,Bedok,4.45,Suspended
D02634,Ryan Russell,Hatchback,Singapore,4.07,Active
D02635,Brianna French,Sedan,Bedok,4.26,Active
D02636,Stephanie Jordan MD,Premium,Bishan,4.75,Active
D02637,Suzanne Wilson,Hatchback,Bishan,3.72,Active
D02638,Rachael Scott,Sedan,Bishan,4.21,Active
D02639,Amanda Brewer,Hatchback,Jurong,4.67,Active
D02640,Angela Ponce,Sedan,Yishun,4.03,Active
D02641,Stacie Davis,Premium,Woodlands,4.18,Active
D02642,Sandra Rogers,Mpv,Toa Payoh,3.87,Suspended
D02643,Dr. Sarah Wheeler,Electric,Singapore,4.35,Active
D02644,Robert Mack,Mpv,Jurong,4.21,Active
D02645,Gary Weaver,Premium,Singapore,3.6,Active
D02646,Sherry Powell,Mpv,Yishun,4.43,Active
D02647,Oscar Ross,Hatchback,Woodlands,3.77,Active
D02648,Courtney Jackson,Suv,Tampines,4.62,Active
D02649,Ashley Harris,Hatchback,Ang Mo Kio,4.86,Active
D02650,Tiffany Chavez,Hatchback,Punggol,3.93,Active
D02651,Nicholas George,Premium,Ang Mo Kio,4.23,Active
D02652,Emily Steele,Premium,Punggol,4.68,Active
D02653,Claudia Bailey,Electric,Ang Mo Kio,3.84,Active
D02654,Melissa Bradford,Mpv,Punggol,4.63,Active
D02655,Matthew Cook,Hatchback,Bishan,3.75,Active
D02656,Barbara Wolfe,Mpv,Ang Mo Kio,4.27,Active
D02657,Desiree Torres,Suv,Punggol,4.76,Active
D02658,Nancy Cain,Premium,Ang Mo Kio,3.55,Active
D02659,Angela Benson,Hatchback,Yishun,4.26,Suspended
D02660,Crystal Miller,Hatchback,Singapore,4.56,Active
D02661,Kathleen Chavez,Sedan,Ang Mo Kio,3.57,Active
D02662,Thomas Murphy,Mpv,Toa Payoh,3.62,Active
D02663,Matthew Flores,Sedan,Jurong,4.45,Active
D02664,Alex Hall,Mpv,Punggol,4.6,Active
D02665,Dale Gonzales PhD,Electric,Yishun,4.71,Active
D02666,Laura Smith,Sedan,Yishun,4.62,Active
D02667,Wesley Olson,Sedan,Woodlands,4.83,Active
D02668,Donald Dean,Mpv,Woodlands,3.64,Active
D02669,William House,Sedan,Woodlands,4.12,Active
D02670,Amanda Horne DVM,Premium,Tampines,3.65,Active
D02671,Stephanie Richards,Electric,Punggol,4.83,Active
D02672,Douglas Singh,Electric,Bishan,4.75,Active
D02673,Carl Arroyo,Electric,Woodlands,4.81,Active
D02674,Jonathan Duffy,Mpv,Toa Payoh,4.72,Active
D02675,Joshua Johnson,Hatchback,Woodlands,3.75,Active
D02676,Tiffany Houston,Hatchback,Singapore,4.62,Active
D02677,Holly Stewart,Sedan,Jurong,4.26,Active
D02678,Ryan Anderson,Sedan,Ang Mo Kio,4.27,Suspended
D02679,Robert Williams,Premium,Woodlands,4.31,Active
D02680,Julie Robertson,Premium,Ang Mo Kio,4.4,Active
D02681,Ray Nelson,Electric,Jurong,3.9,Inactive
D02682,Sarah Williams,Mpv,Toa Payoh,3.94,Active
D02683,Mitchell Hayes,Sedan,Bishan,3.79,Active
D02684,Shawn Simpson,Sedan,Woodlands,3.81,Active
D02685,Laura Allen,Hatchback,Bishan,4.65,Active
D02686,Jennifer Fleming,Sedan,Jurong,4.44,Inactive
D02687,Patrick Cooper,Sedan,Punggol,4.17,Active
D02688,Eric Cruz,Hatchback,Jurong,4.78,Active
D02689,Matthew Cox,Mpv,Tampines,3.5,Active
D02690,Andrew Rush,Hatchback,Tampines,4.13,Active
D02691,Blake Harrell,Electric,Ang Mo Kio,3.53,Active
D02692,April Wiley,Premium,Singapore,3.55,Active
D02693,Warren Bradley,Sedan,Punggol,3.96,Active
D02694,Vicki Weaver,Sedan,Bishan,4.28,Inactive
D02695,Matthew Clark,Premium,Tampines,3.67,Active
D02696,Raymond Hobbs,Suv,Singapore,4.52,Active
D02697,Haley Clements,Suv,Woodlands,3.53,Active
D02698,Richard Merritt,Mpv,Yishun,4.12,Active
D02699,Hunter Robinson,Electric,Yishun,4.76,Active
D02700,Charles Davis,Premium,Ang Mo Kio,3.83,Active
D02701,Steven Holmes,Hatchback,Singapore,4.13,Active
D02702,Jason Price,Hatchback,Singapore,4.08,Inactive
D02703,Robin Jones,Premium,Bishan,3.88,Active
D02704,Brian Stokes,Premium,Bishan,3.52,Active
D02705,Jonathan Meyer,Electric,Yishun,4.78,Active
D02706,Juan Carr,Electric,Singapore,4.29,Active
D02707,Thomas Christian,Suv,Tampines,3.5,Inactive
D02708,Amanda Tyler,Suv,Tampines,4.84,Inactive
D02709,Christine Haas,Mpv,Bedok,3.62,Active
D02710,Antonio Harper,Suv,Woodlands,3.77,Active
D02711,Darrell Alexander,Electric,Yishun,3.99,Inactive
D02712,Anthony Ray,Premium,Punggol,4.21,Active
D02713,Eric Carter,Electric,Woodlands,4.06,Active
D02714,Alexander Rivera,Mpv,Punggol,4.91,Active
D02715,Michael Moss,Suv,Singapore,3.59,Active
D02716,Paul Carr,Suv,Toa Payoh,4.0,Inactive
D02717,Jennifer Smith,Electric,Punggol,4.85,Active
D02718,Natalie Rivera,Sedan,Singapore,3.94,Active
D02719,Patricia Davis,Electric,Ang Mo Kio,3.98,Active
D02720,Mary Cruz,Sedan,Jurong,3.93,Active
D02721,Amanda Roth,Electric,Yishun,4.38,Active
D02722,Jennifer Mitchell,Suv,Bishan,3.89,Active
D02723,Margaret Leonard,Electric,Tampines,4.07,Active
D02724,Charles Kelley,Premium,Yishun,4.13,Active
D02725,David Williams,Electric,Punggol,4.38,Inactive
D02726,Martin Garner,Premium,Toa Payoh,4.25,Active
D02727,Susan Adams,Mpv,Ang Mo Kio,3.76,Active
D02728,Maria Jackson,Sedan,Ang Mo Kio,3.66,Active
D02729,Haley Duke MD,Sedan,Yishun,4.9,Suspended
D02730,Diane Jefferson,Electric,Yishun,4.68,Active
D02731,Robert Snyder,Electric,Woodlands,3.68,Active
D02732,Patrick Baxter,Premium,Woodlands,4.09,Active
D02733,Ryan Brown,Suv,Jurong,4.75,Active
D02734,Sandra Fox,Premium,Woodlands,4.17,Active
D02735,Lindsey Morgan,Sedan,Jurong,3.89,Active
D02736,Lucas Gonzales,Electric,Singapore,4.75,Active
D02737,Shannon Ruiz,Electric,Bedok,3.73,Active
D02738,Bradley Jones,Electric,Bedok,4.14,Active
D02739,Robin Parks,Hatchback,Bedok,4.32,Active
D02740,Brian Morris,Suv,Ang Mo Kio,4.94,Active
D02741,Arthur Anderson,Sedan,Bedok,3.5,Active
D02742,Joseph Acosta,Electric,Punggol,4.72,Active
D02743,Vickie Baker,Premium,Singapore,4.6,Active
D02744,Kelly Washington,Hatchback,Yishun,4.94,Active
D02745,Tonya Gibson,Mpv,Ang Mo Kio,3.76,Active
D02746,Jessica Rich,Hatchback,Yishun,3.72,Active
D02747,Bryan Leblanc,Sedan,Yishun,4.39,Active
D02748,Brenda Vaughn,Premium,Ang Mo Kio,4.23,Active
D02749,Marie Jones,Premium,Punggol,4.64,Active
D02750,Brittany Sims,Premium,Punggol,4.04,Active
D02751,Martin Kelley,Premium,Toa Payoh,4.63,Active
D02752,Lisa Williams,Premium,Ang Mo Kio,4.39,Active
D02753,Daniel Harrison,Hatchback,Woodlands,3.86,Active
D02754,Sean Hernandez,Mpv,Bedok,3.82,Active
D02755,Marcia Jackson,Premium,Tampines,4.76,Inactive
D02756,Leah Owens,Electric,Bedok,4.96,Active
D02757,Jason Pierce,Suv,Punggol,4.01,Active
D02758,Seth Reyes,Hatchback,Singapore,4.88,Active
D02759,Grace Mitchell,Premium,Ang Mo Kio,4.38,Active
D02760,Don Gibson,Suv,Punggol,4.19,Active
D02761,Dr. Patricia Collins,Hatchback,Singapore,4.09,Active
D02762,Anthony Scott,Mpv,Ang Mo Kio,3.7,Active
D02763,Kevin Fitzgerald,Sedan,Tampines,3.83,Active
D02764,Jessica Nash,Electric,Toa Payoh,4.51,Active
D02765,Katie Bird,Hatchback,Bedok,4.08,Active
D02766,Jennifer Michael,Mpv,Tampines,3.61,Active
D02767,Tabitha Henderson,Electric,Singapore,3.54,Active
D02768,Sarah Marquez,Suv,Woodlands,3.8,Active
D02769,Richard Quinn,Premium,Punggol,4.1,Active
D02770,Steven Meyer,Premium,Bedok,4.27,Active
D02771,Laura May,Mpv,Toa Payoh,4.19,Active
D02772,Ariana Gregory,Mpv,Jurong,3.59,Inactive
D02773,Pamela Powers,Premium,Jurong,4.34,Active
D02774,Michelle Mclaughlin,Hatchback,Bedok,4.06,Active
D02775,Rachel Silva,Suv,Bishan,4.38,Active
D02776,Wesley Molina,Sedan,Toa Payoh,4.62,Active
D02777,Jean Martin,Premium,Toa Payoh,4.98,Active
D02778,Catherine Lynn,Electric,Yishun,4.88,Active
D02779,Mary Jackson,Premium,Yishun,4.78,Active
D02780,Wendy Olson,Hatchback,Bedok,4.45,Inactive
D02781,Curtis Barker,Hatchback,Tampines,3.98,Active
D02782,Corey Anderson,Electric,Ang Mo Kio,3.91,Active
D02783,Michelle Jones,Premium,Punggol,3.7,Active
D02784,David Bautista,Suv,Toa Payoh,4.67,Active
D02785,Scott Walters,Electric,Ang Mo Kio,4.17,Active
D02786,William Long PhD,Mpv,Bishan,4.48,Active
D02787,Jessica Miller,Sedan,Singapore,4.48,Active
D02788,Dr. Andrew Romero,Suv,Punggol,4.07,Inactive
D02789,Dawn Nguyen,Sedan,Woodlands,4.86,Active
D02790,David Williams,Premium,Singapore,4.08,Active
D02791,April Warren,Electric,Toa Payoh,3.74,Active
D02792,William Howard,Suv,Jurong,4.29,Active
D02793,Jerry Haney,Sedan,Punggol,4.45,Active
D02794,Christopher Sanchez,Hatchback,Jurong,4.29,Active
D02795,Brandon Rivera,Sedan,Bedok,4.26,Active
D02796,Angela Walker,Mpv,Bedok,4.16,Active
D02797,Erin Ewing,Mpv,Tampines,4.28,Active
D02798,Ryan Moody,Electric,Woodlands,4.17,Inactive
D02799,Maria Miller,Hatchback,Ang Mo Kio,4.95,Active
D02800,Daniel Carey,Sedan,Punggol,4.36,Active
D02801,Rachel Baldwin,Electric,Jurong,4.45,Active
D02802,Ashley Harris,Mpv,Tampines,3.69,Active
D02803,Jean Flores,Mpv,Toa Payoh,4.88,Active
D02804,Richard Terrell,Sedan,Bedok,4.5,Active
D02805,Andrea Jones,Hatchback,Jurong,4.55,Active
D02806,Andrea Lambert,Premium,Tampines,4.32,Active
D02807,Michael Williams Jr.,Hatchback,Tampines,4.98,Active
D02808,Annette Jones,Sedan,Woodlands,3.81,Active
D02809,Leah Bowers,Electric,Woodlands,4.64,Active
D02810,Jennifer Bell,Premium,Tampines,3.56,Active
D02811,Roger Oliver,Mpv,Bishan,4.0,Active
D02812,Brittany Long,Suv,Ang Mo Kio,4.31,Inactive
D02813,Alicia Hunter,Premium,Woodlands,3.9,Active
D02814,Charles Frank,Suv,Singapore,4.21,Active
D02815,Karen Mckinney,Electric,Ang Mo Kio,4.49,Suspended
D02816,Gabriel Mccoy,Premium,Punggol,3.99,Active
D02817,Sandra Morgan,Mpv,Bishan,3.6,Active
D02818,Lauren Knapp,Hatchback,Bishan,3.84,Active
D02819,Christopher Duarte,Suv,Singapore,4.93,Active
D02820,Robert Bradley,Sedan,Tampines,4.03,Active
D02821,Elizabeth Malone,Mpv,Jurong,4.41,Active
D02822,James Schmidt,Mpv,Bishan,3.95,Active
D02823,Shane Scott,Premium,Ang Mo Kio,3.64,Active
D02824,Curtis Malone,Electric,Woodlands,3.61,Active
D02825,Randall Ruiz,Electric,Toa Payoh,4.39,Inactive
D02826,Casey Benson,Hatchback,Singapore,4.34,Active
D02827,Mark Rhodes,Premium,Bishan,4.45,Active
D02828,Matthew Rhodes DDS,Suv,Woodlands,4.96,Active
D02829,Robert Davis,Electric,Yishun,4.73,Active
D02830,Brad Sanchez,Premium,Tampines,4.47,Active
D02831,Abigail White,Sedan,Woodlands,3.9,Inactive
D02832,Autumn Good,Electric,Singapore,3.58,Active
D02833,Brandon Jefferson,Premium,Woodlands,4.05,Active
D02834,Michael Lopez,Hatchback,Jurong,4.7,Active
D02835,Pamela Ali,Electric,Punggol,3.92,Active
D02836,Peter Shepherd,Mpv,Woodlands,3.89,Active
D02837,Ryan Nelson,Mpv,Woodlands,3.94,Active
D02838,Oscar Hurst,Mpv,Singapore,3.86,Active
D02839,Chad Dougherty,Hatchback,Ang Mo Kio,4.9,Active
D02840,Carol Jacobs,Electric,Yishun,3.54,Active
D02841,Haley Morrison,Mpv,Bedok,4.97,Active
D02842,Kent Fernandez,Suv,Woodlands,4.8,Active
D02843,Steven Shaw,Suv,Bedok,3.85,Active
D02844,Richard Hall,Mpv,Bedok,4.49,Active
D02845,Marcia Henderson,Hatchback,Toa Payoh,4.13,Active
D02846,Garrett Hernandez,Hatchback,Tampines,4.14,Active
D02847,Kathleen Best,Sedan,Woodlands,3.69,Active
D02848,Beverly Hawkins,Hatchback,Tampines,3.97,Active
D02849,Joanna Mcpherson,Electric,Yishun,3.93,Active
D02850,Anthony Morgan,Sedan,Toa Payoh,3.8,Active
D02851,Donna Wood,Suv,Punggol,4.26,Active
D02852,Paul Perez,Electric,Bishan,4.05,Active
D02853,Roberto Trujillo,Premium,Toa Payoh,4.6,Active
D02854,Alexander Nash,Hatchback,Woodlands,4.34,Active
D02855,Christopher Steele,Mpv,Yishun,4.4,Active
D02856,Jennifer Harris,Mpv,Jurong,3.71,Active
D02857,Justin Roach Jr.,Premium,Ang Mo Kio,4.85,Inactive
D02858,Lori Giles,Hatchback,Yishun,3.83,Active
D02859,Patricia Reynolds,Sedan,Bedok,3.75,Active
D02860,Brandon Pennington,Sedan,Bishan,4.53,Inactive
D02861,Dr. Joseph Campbell,Premium,Bishan,4.36,Active
D02862,Nicholas Keller,Mpv,Bedok,4.44,Active
D02863,Michael Hawkins,Electric,Woodlands,3.63,Active
D02864,Ronald Green,Sedan,Punggol,3.52,Active
D02865,Adam Smith,Mpv,Jurong,4.79,Active
D02866,Megan Webb,Hatchback,Punggol,4.54,Active
D02867,Gavin Alvarez,Electric,Tampines,4.14,Active
D02868,Heather Hess,Premium,Yishun,4.24,Inactive
D02869,Sonia Fuller,Suv,Punggol,4.31,Active
D02870,Sean Holmes,Electric,Bedok,3.88,Active
D02871,Dr. Christopher Hubbard,Hatchback,Yishun,4.38,Active
D02872,Joseph Rodriguez,Suv,Singapore,4.7,Active
D02873,Dennis Crawford,Premium,Punggol,4.67,Active
D02874,Steven Washington,Premium,Woodlands,3.94,Active
D02875,Stephanie Roman,Mpv,Woodlands,4.04,Inactive
D02876,Tonya Turner,Mpv,Toa Payoh,4.07,Suspended
D02877,Ivan Michael,Electric,Toa Payoh,3.78,Active
D02878,Samantha Stevens,Premium,Toa Payoh,4.92,Active
D02879,Stephen Wilson,Hatchback,Jurong,3.68,Active
D02880,Amanda Thomas,Electric,Singapore,3.56,Active
D02881,Jon Williamson,Electric,Jurong,4.26,Active
D02882,Cindy Grimes,Sedan,Bedok,4.68,Active
D02883,Angela Brown,Suv,Tampines,4.26,Active
D02884,Sonya Jones,Electric,Punggol,3.73,Active
D02885,Justin Burgess,Mpv,Tampines,4.38,Active
D02886,Diane Ray,Electric,Bishan,4.29,Active
D02887,Kelly Morgan MD,Suv,Jurong,4.45,Active
D02888,Sarah Harrison,Suv,Toa Payoh,4.9,Active
D02889,Lauren Russo,Premium,Bedok,3.81,Active
D02890,Sharon Bowen,Suv,Jurong,3.54,Active
D02891,Rickey Singh,Premium,Bedok,4.39,Active
D02892,Crystal Armstrong,Electric,Punggol,4.5,Active
D02893,Megan Schneider,Premium,Singapore,4.1,Active
D02894,Michael Glass DVM,Hatchback,Ang Mo Kio,4.15,Active
D02895,Valerie Sanders,Hatchback,Bedok,3.82,Active
D02896,Michelle Bean,Premium,Woodlands,4.56,Active
D02897,Darlene Berry,Suv,Yishun,3.75,Active
D02898,Brian Andrews,Hatchback,Singapore,4.6,Active
D02899,Seth Parker,Suv,Singapore,3.91,Active
D02900,Amy Jensen,Sedan,Jurong,4.29,Active
D02901,Shawn Salazar,Hatchback,Singapore,4.71,Active
D02902,Eric Kramer,Electric,Bishan,3.51,Active
D02903,Jeremy Knight,Mpv,Singapore,4.72,Active
D02904,Mary Chang,Mpv,Tampines,4.93,Active
D02905,Catherine Obrien,Suv,Ang Mo Kio,4.92,Active
D02906,Kimberly Smith,Electric,Toa Payoh,4.97,Active
D02907,Kevin Daniels,Premium,Tampines,4.76,Active
D02908,Crystal Turner,Electric,Tampines,3.55,Active
D02909,Juan Smith,Sedan,Bedok,4.19,Active
D02910,Terry Morrison,Premium,Yishun,3.76,Active
D02911,Jeanette Coleman,Hatchback,Tampines,3.57,Active
D02912,Patrick Spencer,Electric,Woodlands,3.81,Active
D02913,Jennifer Williams,Mpv,Woodlands,4.08,Active
D02914,Deborah Bates MD,Premium,Ang Mo Kio,3.88,Active
D02915,Deborah Cook,Mpv,Punggol,3.64,Active
D02916,Neil Fowler,Premium,Singapore,4.81,Active
D02917,Diane Johnston,Hatchback,Jurong,5.0,Active
D02918,Robert Peterson,Sedan,Jurong,4.25,Active
D02919,Danielle Blake,Suv,Tampines,4.04,Active
D02920,Steven Rivera,Electric,Ang Mo Kio,3.94,Suspended
D02921,Christina Carlson,Mpv,Yishun,4.23,Active
D02922,Madeline Gray,Premium,Bedok,3.63,Active
D02923,James Rogers,Sedan,Jurong,4.36,Active
D02924,Collin Collins,Premium,Bedok,4.26,Active
D02925,Sarah Monroe,Hatchback,Singapore,3.71,Active
D02926,Adrian Ochoa,Hatchback,Punggol,4.94,Active
D02927,Monique Shelton,Electric,Woodlands,3.9,Active
D02928,Nicholas Anderson,Hatchback,Jurong,4.76,Active
D02929,Stephanie Pruitt,Suv,Jurong,4.17,Active
D02930,Karen Cook,Suv,Jurong,3.73,Active
D02931,Molly Jensen,Hatchback,Tampines,4.36,Active
D02932,Danielle Schultz,Hatchback,Jurong,3.73,Active
D02933,Amber Ross,Hatchback,Toa Payoh,4.45,Active
D02934,John Curtis,Mpv,Yishun,4.82,Active
D02935,Thomas Olson,Electric,Tampines,3.66,Active
D02936,Cody Owen,Premium,Bishan,4.32,Active
D02937,Kimberly Wang,Mpv,Tampines,4.92,Active
D02938,Rebecca Davis,Premium,Punggol,4.74,Active
D02939,Joshua Ortiz,Electric,Singapore,4.5,Active
D02940,Crystal Patel,Sedan,Punggol,4.2,Active
D02941,Candice Carter,Premium,Punggol,4.97,Active
D02942,Ryan Brown II,Premium,Woodlands,4.81,Active
D02943,Travis Bridges,Hatchback,Bishan,3.96,Active
D02944,Mary Moore,Suv,Singapore,4.54,Active
D02945,Casey Acosta,Suv,Bedok,4.33,Active
D02946,Jeffery Barrera,Electric,Ang Mo Kio,3.72,Active
D02947,David Johnson,Suv,Ang Mo Kio,4.16,Active
D02948,Erin Hicks,Electric,Jurong,4.8,Active
D02949,Gabriela Hahn,Mpv,Tampines,4.57,Active
D02950,Raymond Foster,Mpv,Ang Mo Kio,4.13,Active
D02951,Kelly Myers,Premium,Punggol,3.72,Active
D02952,Leonard Cooper,Hatchback,Ang Mo Kio,3.95,Suspended
D02953,Melissa White,Premium,Woodlands,4.98,Active
D02954,Christina Velez,Sedan,Yishun,4.55,Active
D02955,Michael Sanchez,Mpv,Bedok,4.47,Active
D02956,Sarah Davis,Sedan,Toa Payoh,3.65,Active
D02957,Brooke Farmer,Electric,Toa Payoh,4.98,Active
D02958,Summer Adams,Premium,Ang Mo Kio,4.75,Active
D02959,Dr. Charles Ashley,Premium,Bishan,4.64,Active
D02960,Antonio Austin,Sedan,Punggol,4.63,Active
D02961,Dylan Wall,Premium,Singapore,4.9,Active
D02962,Jose Hood,Mpv,Woodlands,4.2,Active
D02963,Amy Wilson,Premium,Bedok,4.91,Active
D02964,Richard Davis,Sedan,Yishun,4.59,Active
D02965,Joyce Elliott,Mpv,Yishun,3.73,Inactive
D02966,Jennifer Ross,Mpv,Bishan,4.26,Active
D02967,Austin Bell,Premium,Yishun,4.21,Active
D02968,Richard Rubio,Mpv,Bishan,3.78,Active
D02969,Gavin West,Sedan,Punggol,3.96,Active
D02970,Richard Griffin,Hatchback,Jurong,4.15,Active
D02971,Lauren Powell,Sedan,Tampines,4.26,Active
D02972,Elizabeth Krause,Sedan,Toa Payoh,4.54,Active
D02973,Walter Newton,Hatchback,Yishun,4.45,Active
D02974,Jason Lewis,Suv,Toa Payoh,4.61,Active
D02975,Harry Brown,Mpv,Yishun,4.95,Active
D02976,Nicole Rose,Premium,Bedok,4.63,Active
D02977,Derek West,Suv,Tampines,4.63,Active
D02978,Alicia Mcdonald,Mpv,Tampines,3.87,Active
D02979,Alicia Mendoza,Sedan,Jurong,3.82,Active
D02980,Angela Sanchez,Electric,Bishan,4.22,Active
D02981,Joshua Dominguez,Suv,Yishun,4.44,Active
D02982,Ashley Warner,Mpv,Jurong,3.57,Active
D02983,Margaret Phillips DVM,Electric,Bedok,4.08,Active
D02984,Michael Shannon,Hatchback,Tampines,4.84,Active
D02985,Diana Powell,Suv,Ang Mo Kio,3.86,Active
D02986,Mr. Bryan Hunt,Hatchback,Toa Payoh,4.23,Active
D02987,Alexis Jackson,Mpv,Singapore,4.87,Inactive
D02988,Christina Rivas,Hatchback,Jurong,4.06,Active
D02989,Anna Benitez,Hatchback,Singapore,3.75,Active
D02990,Kenneth Higgins,Electric,Woodlands,4.26,Active
D02991,Angela Schroeder,Sedan,Ang Mo Kio,3.63,Active
D02992,Annette Jones,Electric,Toa Payoh,4.92,Active
D02993,Tim Hart,Sedan,Tampines,3.67,Active
D02994,Michael Taylor,Suv,Bishan,3.91,Active
D02995,Michelle Coleman,Mpv,Bedok,4.18,Active
D02996,Albert Noble,Suv,Woodlands,4.06,Active
D02997,Joshua Guzman,Premium,Woodlands,4.7,Active
D02998,Amy Brown,Hatchback,Ang Mo Kio,3.85,Inactive
D02999,Monica Keller,Suv,Jurong,4.3,Active
D03000,Sydney Pitts,Mpv,Bishan,3.82,Active
D03001,Chelsea Foster,Premium,Singapore,3.67,Active
D03002,Matthew Edwards,Premium,Yishun,4.89,Active
D03003,Kendra Hernandez,Mpv,Punggol,4.35,Inactive
D03004,Brian Harris,Suv,Bedok,4.77,Active
D03005,James Smith,Premium,Jurong,4.04,Active
D03006,Anita Valentine,Mpv,Tampines,4.58,Active
D03007,David Brown,Electric,Bedok,4.56,Active
D03008,Alex Rios,Hatchback,Singapore,4.63,Active
D03009,Brian George,Sedan,Ang Mo Kio,3.7,Active
D03010,James Elliott,Hatchback,Tampines,3.61,Active
D03011,Brian Lopez,Premium,Toa Payoh,4.97,Active
D03012,Brandon Stewart,Premium,Tampines,4.53,Active
D03013,Ann Brown,Suv,Singapore,3.88,Suspended
D03014,Curtis Pierce,Sedan,Bishan,3.68,Active
D03015,Sarah Gross,Hatchback,Jurong,4.22,Active
D03016,Michelle Evans,Suv,Tampines,4.22,Active
D03017,Joel Rogers,Mpv,Bedok,3.6,Active
D03018,Renee Rivera,Hatchback,Bishan,4.58,Active
D03019,Matthew Richardson,Suv,Bedok,4.22,Active
D03020,Michael Weaver,Premium,Yishun,3.78,Active
D03021,David Le,Sedan,Singapore,4.45,Active
D03022,Tina Ramos,Premium,Bedok,4.41,Active
D03023,Robyn Stewart,Electric,Woodlands,3.8,Active
D03024,Carolyn Wood,Sedan,Punggol,3.74,Active
D03025,Brandon Miller,Premium,Yishun,3.65,Active
D03026,Stephen Allen,Premium,Woodlands,4.74,Active
D03027,Jessica Ruiz,Suv,Bedok,4.47,Active
D03028,Sarah Johnson,Premium,Yishun,4.81,Active
D03029,Kevin Perkins,Electric,Singapore,3.95,Active
D03030,Cheryl Trujillo,Electric,Bishan,4.1,Active
D03031,Denise Pennington,Suv,Toa Payoh,4.66,Active
D03032,Mrs. Katrina Parker,Premium,Bishan,3.82,Active
D03033,Jeremy Nguyen,Suv,Singapore,3.9,Active
D03034,Scott Young,Sedan,Punggol,4.92,Active
D03035,Jasmine Pham,Hatchback,Tampines,4.02,Active
D03036,Sabrina Blake,Hatchback,Yishun,3.8,Active
D03037,April Hill,Mpv,Punggol,4.68,Active
D03038,Shaun Weaver,Mpv,Tampines,4.61,Active
D03039,Brett Jackson,Premium,Bedok,4.55,Active
D03040,Austin Mcclain,Suv,Jurong,3.54,Active
D03041,Ricardo Baker,Sedan,Punggol,4.83,Active
D03042,Jasmine Rivas,Hatchback,Singapore,4.42,Active
D03043,Rachel Compton,Electric,Punggol,4.42,Active
D03044,Valerie Stanley,Electric,Singapore,4.48,Active
D03045,Nicholas Ball,Sedan,Toa Payoh,3.63,Active
D03046,David Williams,Hatchback,Ang Mo Kio,4.12,Active
D03047,Jonathan Lopez,Premium,Jurong,4.18,Inactive
D03048,Molly Foster,Suv,Woodlands,3.9,Active
D03049,Marco Garcia,Premium,Tampines,3.86,Active
D03050,Robert Snyder,Sedan,Punggol,4.0,Active
D03051,David Herman,Electric,Bedok,3.64,Active
D03052,Mrs. Cindy Hansen,Suv,Woodlands,4.33,Active
D03053,Sarah Nelson,Premium,Tampines,3.72,Active
D03054,Jennifer Spencer,Hatchback,Bishan,3.94,Active
D03055,Christy Briggs,Sedan,Bishan,4.87,Active
D03056,Elizabeth Guerrero,Premium,Bedok,4.14,Inactive
D03057,Michael Robinson,Hatchback,Bishan,4.0,Active
D03058,Sarah Jones,Mpv,Woodlands,4.5,Active
D03059,Meghan Summers,Mpv,Toa Payoh,3.6,Inactive
D03060,Christy Miller,Premium,Toa Payoh,4.62,Active
D03061,Mr. Matthew Jones II,Hatchback,Ang Mo Kio,3.55,Active
D03062,Timothy Lee,Mpv,Woodlands,4.42,Active
D03063,Anthony Miller,Mpv,Bedok,4.97,Active
D03064,Jeffrey Lawson,Mpv,Woodlands,4.41,Active
D03065,Heather Poole,Suv,Toa Payoh,4.18,Active
D03066,Stephanie Marks,Mpv,Bishan,3.95,Active
D03067,Elizabeth Parsons,Sedan,Toa Payoh,4.98,Suspended
D03068,Brenda Reeves,Hatchback,Singapore,4.31,Active
D03069,Claire Ramirez,Suv,Yishun,3.58,Active
D03070,Amy Benson,Suv,Jurong,3.74,Active
D03071,Carol Nelson,Hatchback,Ang Mo Kio,4.73,Active
D03072,Lauren Scott,Sedan,Punggol,3.76,Active
D03073,Paula Morgan,Premium,Bedok,4.86,Active
D03074,Briana Davis,Mpv,Tampines,4.78,Active
D03075,Sandra Evans,Sedan,Tampines,3.92,Active
D03076,Beverly Anderson,Suv,Ang Mo Kio,4.7,Active
D03077,Angela Johnson,Mpv,Toa Payoh,4.7,Active
D03078,Susan Johnson,Hatchback,Toa Payoh,3.61,Active
D03079,Brian Edwards,Electric,Tampines,3.64,Active
D03080,James Jackson,Premium,Woodlands,4.17,Inactive
D03081,Dennis Jones MD,Hatchback,Tampines,4.97,Active
D03082,Sharon Hammond,Hatchback,Jurong,3.83,Active
D03083,Sheila Davis,Electric,Punggol,4.41,Active
D03084,Cassandra Waters,Sedan,Punggol,4.02,Active
D03085,Bailey Delacruz,Suv,Bishan,3.73,Active
D03086,Joshua Buck,Electric,Toa Payoh,4.4,Active
D03087,Kelsey Phillips,Sedan,Singapore,3.94,Active
D03088,Hunter Perry,Electric,Yishun,4.56,Active
D03089,Carol Harrison,Premium,Toa Payoh,4.58,Active
D03090,Breanna Miller,Electric,Woodlands,3.5,Active
D03091,Erin Parker,Premium,Singapore,4.97,Active
D03092,Michael Moore,Suv,Yishun,4.56,Active
D03093,Jamie Hardy,Sedan,Jurong,4.3,Active
D03094,Jennifer Dennis,Hatchback,Punggol,3.81,Active
D03095,Tina Chen,Hatchback,Punggol,4.39,Active
D03096,Jason Pearson,Hatchback,Yishun,3.83,Active
D03097,Richard Grimes,Electric,Punggol,3.73,Active
D03098,Nathan Wallace,Suv,Singapore,4.73,Active
D03099,Stephen Pope,Electric,Woodlands,4.06,Active
D03100,Kimberly Thompson,Suv,Yishun,4.04,Active
D03101,Michael Walker,Sedan,Punggol,3.98,Active
D03102,Keith Meyer,Premium,Jurong,4.23,Active
D03103,Natalie Walker,Premium,Yishun,3.73,Active
D03104,William Harris,Electric,Singapore,4.27,Active
D03105,Adam Haynes,Electric,Punggol,3.94,Active
D03106,Catherine Miller,Hatchback,Singapore,4.46,Active
D03107,Kathleen Gutierrez,Sedan,Yishun,4.12,Active
D03108,Jeffrey Glenn,Suv,Bedok,3.73,Active
D03109,Stephanie Chang,Premium,Toa Payoh,4.19,Active
D03110,Melissa Johnson,Electric,Jurong,3.82,Active
D03111,Michael Warner,Electric,Woodlands,3.87,Active
D03112,Carla Rodriguez,Mpv,Ang Mo Kio,3.87,Active
D03113,Cynthia Smith,Sedan,Toa Payoh,4.87,Active
D03114,Jeff Garcia,Suv,Woodlands,3.55,Suspended
D03115,Sara Miles,Hatchback,Tampines,4.05,Active
D03116,Linda Ryan,Electric,Bedok,3.83,Active
D03117,Kenneth Duran,Hatchback,Tampines,4.6,Inactive
D03118,Derek Rose,Premium,Toa Payoh,3.95,Active
D03119,Erin Fernandez,Hatchback,Jurong,4.08,Active
D03120,Richard Green,Sedan,Bishan,4.12,Active
D03121,Cristian Gould,Suv,Woodlands,4.46,Active
D03122,Justin Collins,Electric,Toa Payoh,4.26,Active
D03123,Timothy Bowen,Mpv,Yishun,3.82,Active
D03124,Vanessa Welch,Electric,Jurong,4.35,Active
D03125,Sarah Padilla,Sedan,Bishan,3.61,Active
D03126,Robin Rhodes,Hatchback,Tampines,4.28,Active
D03127,Daniel Gonzalez,Suv,Jurong,4.44,Active
D03128,Alyssa Young,Sedan,Ang Mo Kio,3.87,Active
D03129,Richard Fischer,Sedan,Singapore,4.29,Active
D03130,Meghan Clark,Electric,Ang Mo Kio,4.63,Suspended
D03131,Kayla Brown,Suv,Yishun,3.59,Active
D03132,Stacy Bridges,Sedan,Woodlands,3.52,Active
D03133,Justin Pacheco,Electric,Toa Payoh,4.23,Active
D03134,Tammy Blankenship,Sedan,Tampines,4.29,Active
D03135,Charles Turner,Premium,Woodlands,3.69,Active
D03136,Charles Jones,Suv,Tampines,3.9,Active
D03137,Ryan Pitts,Electric,Singapore,4.31,Active
D03138,Stacey Martinez,Mpv,Singapore,3.94,Active
D03139,Sean Torres,Sedan,Tampines,4.67,Active
D03140,Katherine Williams,Sedan,Punggol,3.53,Active
D03141,Bernard Blair,Hatchback,Woodlands,3.7,Active
D03142,Tracy Martin,Premium,Jurong,3.69,Active
D03143,Tiffany Andersen,Hatchback,Bedok,4.82,Active
D03144,Scott Turner,Hatchback,Woodlands,3.69,Inactive
D03145,Christina Boyd,Mpv,Punggol,3.8,Active
D03146,Alexis Spence,Hatchback,Bishan,4.94,Active
D03147,Gregory Hughes,Premium,Woodlands,4.12,Active
D03148,Lisa Williams,Mpv,Ang Mo Kio,4.88,Active
D03149,Mary Wright,Premium,Ang Mo Kio,4.9,Active
D03150,Krystal Gray,Sedan,Tampines,4.79,Active
D03151,Jared Sparks,Sedan,Bedok,4.26,Active
D03152,Becky Norman,Premium,Woodlands,3.64,Active
D03153,Mrs. Mary Lane,Hatchback,Woodlands,4.33,Inactive
D03154,Grant Chung,Hatchback,Tampines,3.74,Active
D03155,Mary Kennedy,Premium,Bedok,3.65,Active
D03156,Crystal Garcia,Mpv,Ang Mo Kio,4.73,Active
D03157,Michael Edwards,Suv,Toa Payoh,4.12,Active
D03158,Ruth Gordon,Hatchback,Toa Payoh,4.04,Active
D03159,Amy Flynn,Hatchback,Yishun,4.2,Active
D03160,Gary Hogan,Mpv,Jurong,4.29,Active
D03161,Phillip Nunez,Hatchback,Punggol,3.96,Active
D03162,Stephanie Martin,Premium,Singapore,4.64,Active
D03163,Chelsea Snyder,Suv,Singapore,4.38,Inactive
D03164,Nicole Gordon,Premium,Woodlands,4.02,Active
D03165,Miguel Mccarty,Premium,Toa Payoh,4.9,Active
D03166,Kelsey Reese,Mpv,Toa Payoh,3.78,Active
D03167,James Wallace,Electric,Punggol,4.63,Active
D03168,Victor Barrett,Suv,Jurong,4.87,Active
D03169,Brittany Brown,Mpv,Yishun,4.57,Active
D03170,Summer Rios,Sedan,Tampines,4.82,Active
D03171,Dr. Nancy Deleon,Suv,Jurong,4.12,Active
D03172,Dylan Martinez,Premium,Singapore,3.91,Active
D03173,Brian Pacheco,Suv,Bishan,4.34,Active
D03174,Tracy Beck,Sedan,Jurong,3.75,Inactive
D03175,Lisa Harper,Premium,Toa Payoh,4.08,Active
D03176,Jessica Wilson,Mpv,Yishun,4.83,Active
D03177,John Reilly,Premium,Bishan,3.57,Active
D03178,Lee Phillips,Sedan,Bedok,4.54,Active
D03179,Lauren Callahan,Mpv,Ang Mo Kio,4.75,Active
D03180,Rebecca Harmon,Electric,Woodlands,4.52,Active
D03181,John Jackson,Electric,Singapore,4.96,Active
D03182,Toni Carroll,Hatchback,Punggol,4.68,Inactive
D03183,Mark Vance,Suv,Singapore,3.56,Active
D03184,Dr. Cynthia Li MD,Mpv,Woodlands,3.62,Active
D03185,Stephanie Jordan,Electric,Bishan,4.57,Active
D03186,Judy Curtis,Electric,Toa Payoh,4.36,Active
D03187,Kevin Garner MD,Suv,Singapore,4.73,Active
D03188,Kristin Herring,Suv,Bedok,4.82,Active
D03189,Melissa Bond,Hatchback,Toa Payoh,3.6,Active
D03190,Michael Tanner,Hatchback,Singapore,3.55,Active
D03191,Karen Obrien,Sedan,Jurong,3.71,Active
D03192,Shane Ortiz,Premium,Singapore,4.11,Active
D03193,Maria Allison,Sedan,Tampines,4.25,Active
D03194,Stacy Donovan,Premium,Toa Payoh,4.61,Active
D03195,Sherry Knox,Electric,Jurong,4.25,Active
D03196,Leon Singh,Mpv,Bedok,4.06,Active
D03197,Krista Green,Mpv,Toa Payoh,4.04,Inactive
D03198,Mindy Gonzales,Sedan,Bishan,4.87,Active
D03199,Samuel Jenkins,Hatchback,Ang Mo Kio,4.14,Inactive
D03200,Joseph Garrett,Electric,Punggol,4.99,Active
D03201,David Dillon,Suv,Punggol,4.9,Active
D03202,Tina Graves,Mpv,Woodlands,3.65,Active
D03203,Carlos Brown,Suv,Punggol,4.38,Inactive
D03204,Andrea Green,Sedan,Jurong,4.77,Active
D03205,Martin Bruce,Sedan,Bishan,4.34,Active
D03206,Cody Wright,Sedan,Bedok,3.56,Active
D03207,Mathew Ford,Electric,Bedok,4.38,Active
D03208,Jade Smith,Premium,Yishun,4.57,Active
D03209,Matthew Smith,Mpv,Jurong,3.95,Active
D03210,Kimberly Roy,Sedan,Ang Mo Kio,4.74,Active
D03211,Brandon Conrad,Mpv,Woodlands,4.04,Active
D03212,Aaron Miller,Suv,Ang Mo Kio,4.61,Active
D03213,Carrie Davis,Suv,Yishun,4.63,Active
D03214,Christian York,Hatchback,Woodlands,4.63,Active
D03215,Connie Hernandez,Sedan,Tampines,3.68,Active
D03216,Eric King,Electric,Punggol,3.91,Active
D03217,Jerome Mccullough,Hatchback,Bedok,4.82,Active
D03218,Jonathan Gilbert,Sedan,Yishun,3.89,Active
D03219,Yesenia Becker,Premium,Toa Payoh,4.23,Active
D03220,Justin Brooks,Premium,Singapore,3.51,Suspended
D03221,Brian Campos,Sedan,Singapore,4.76,Active
D03222,Antonio Barton,Hatchback,Bedok,4.37,Active
D03223,Lindsey Mcfarland,Suv,Toa Payoh,3.82,Active
D03224,Monica Sims,Sedan,Jurong,3.84,Active
D03225,Nathan Mills,Electric,Bedok,4.12,Active
D03226,Rebecca Lee,Electric,Singapore,3.99,Active
D03227,Holly Henry,Sedan,Bishan,4.36,Active
D03228,Raymond Robinson,Premium,Bedok,4.53,Active
D03229,Dr. Emily Conway DDS,Mpv,Jurong,4.46,Active
D03230,Mary Allen,Hatchback,Tampines,4.8,Active
D03231,Jeremy Arias,Electric,Woodlands,3.77,Active
D03232,Tyler Wilson,Hatchback,Tampines,3.57,Active
D03233,Tiffany Clements,Suv,Bishan,4.56,Active
D03234,Eric Frank DVM,Sedan,Woodlands,4.53,Active
D03235,Deborah Garcia,Hatchback,Bedok,4.04,Inactive
D03236,Emily Drake,Mpv,Woodlands,3.96,Active
D03237,Tyler Cooley,Mpv,Bishan,3.72,Active
D03238,Samuel Bartlett,Electric,Jurong,4.13,Active
D03239,William Koch,Sedan,Bedok,4.03,Active
D03240,Jamie Garcia,Suv,Tampines,4.45,Inactive
D03241,Philip Mcmillan,Sedan,Ang Mo Kio,4.45,Active
D03242,Mr. Cody Wright,Suv,Singapore,4.46,Active
D03243,Kathy Myers,Electric,Jurong,4.71,Active
D03244,Albert Parker,Suv,Singapore,4.0,Active
D03245,Nicholas Martin,Hatchback,Punggol,3.77,Suspended
D03246,John Davis,Electric,Jurong,3.87,Active
D03247,Jennifer Kennedy,Mpv,Toa Payoh,4.52,Active
D03248,Nicholas Hughes,Hatchback,Woodlands,3.93,Active
D03249,Lucas Proctor,Electric,Jurong,4.74,Active
D03250,Raymond Morales,Sedan,Ang Mo Kio,4.86,Active
D03251,Mark Jensen,Sedan,Bedok,4.01,Inactive
D03252,Sean Allen,Hatchback,Singapore,3.65,Inactive
D03253,Matthew Smith MD,Suv,Yishun,4.24,Active
D03254,Reginald Wall,Hatchback,Bishan,3.93,Active
D03255,Cassandra Lewis,Suv,Singapore,3.81,Active
D03256,Brad Smith,Mpv,Punggol,3.72,Active
D03257,Jennifer Brewer,Mpv,Yishun,4.18,Inactive
D03258,Madison Ruiz,Sedan,Bedok,4.42,Active
D03259,Christina Gordon,Sedan,Punggol,4.57,Active
D03260,John Johnson,Suv,Bedok,3.52,Active
D03261,Tammie Larson,Premium,Ang Mo Kio,4.59,Active
D03262,Debra Solomon,Hatchback,Singapore,4.01,Active
D03263,Luke Macdonald,Sedan,Woodlands,4.78,Active
D03264,Matthew Duke,Premium,Singapore,4.14,Active
D03265,Eric Howell,Sedan,Bedok,4.79,Active
D03266,Suzanne Bowman,Mpv,Toa Payoh,3.7,Active
D03267,Donald Swanson,Mpv,Ang Mo Kio,3.55,Active
D03268,Amanda Santos,Electric,Ang Mo Kio,4.82,Active
D03269,Samantha Webb,Suv,Punggol,4.0,Active
D03270,Cristian Ramirez,Sedan,Woodlands,4.95,Active
D03271,Beth Delgado,Suv,Toa Payoh,4.19,Suspended
D03272,Regina Lucas,Sedan,Ang Mo Kio,4.67,Active
D03273,Frank Singh,Mpv,Tampines,3.84,Active
D03274,Lisa Mcgee,Hatchback,Bishan,3.54,Active
D03275,Sierra Larson,Sedan,Punggol,4.11,Active
D03276,Paul Wolfe,Suv,Toa Payoh,3.93,Active
D03277,Christina Garcia,Mpv,Jurong,4.06,Active
D03278,Nicholas Foster,Suv,Ang Mo Kio,4.56,Active
D03279,Christopher Stewart,Sedan,Ang Mo Kio,3.81,Active
D03280,Jason Miller,Sedan,Yishun,4.15,Active
D03281,Regina Stevens,Premium,Bedok,3.98,Active
D03282,Kaitlyn Cooper,Hatchback,Ang Mo Kio,3.87,Active
D03283,Amanda Williams,Suv,Toa Payoh,3.55,Active
D03284,Ryan Fields,Electric,Bishan,3.52,Active
D03285,Emily Hobbs,Sedan,Punggol,4.31,Active
D03286,John Schroeder,Hatchback,Tampines,4.57,Inactive
D03287,Lori Hernandez,Sedan,Ang Mo Kio,4.7,Inactive
D03288,Dakota Mcclure,Sedan,Bishan,3.95,Active
D03289,Zachary Larsen,Mpv,Singapore,4.68,Active
D03290,Mark Watson,Premium,Jurong,3.72,Active
D03291,Melinda Bernard,Mpv,Toa Payoh,4.74,Active
D03292,Jennifer Ford,Premium,Jurong,4.01,Active
D03293,Richard Perez,Premium,Yishun,4.12,Active
D03294,Kenneth Tate,Hatchback,Woodlands,4.21,Active
D03295,Jacob Mcintosh,Premium,Bishan,4.64,Active
D03296,Daniel Hicks,Mpv,Tampines,4.57,Active
D03297,Steven Bray,Hatchback,Ang Mo Kio,3.67,Active
D03298,Haley Medina,Electric,Bishan,4.29,Active
D03299,Nicholas Bishop,Hatchback,Ang Mo Kio,4.15,Active
D03300,Herbert Tate,Sedan,Ang Mo Kio,3.65,Active
D03301,William Jones,Hatchback,Bishan,4.35,Active
D03302,Loretta Johnson,Suv,Tampines,4.69,Active
D03303,Barbara Stephens,Sedan,Ang Mo Kio,4.54,Active
D03304,Michelle King,Premium,Jurong,3.63,Active
D03305,Marisa Benson,Premium,Yishun,4.35,Active
D03306,Kimberly Moore MD,Electric,Ang Mo Kio,4.51,Active
D03307,Kari Allison,Hatchback,Bishan,4.09,Active
D03308,Jason Wolfe,Hatchback,Bedok,4.97,Active
D03309,Sean Johnson,Electric,Tampines,4.27,Active
D03310,Amy Clark,Hatchback,Bishan,3.95,Active
D03311,Kristina Cohen,Suv,Tampines,3.71,Active
D03312,Jake Blair,Sedan,Tampines,3.63,Active
D03313,Heather Tran,Premium,Jurong,3.59,Active
D03314,Regina Jones,Hatchback,Singapore,4.73,Active
D03315,Cindy Zimmerman,Hatchback,Ang Mo Kio,4.32,Active
D03316,Mariah Buck,Suv,Punggol,3.99,Active
D03317,Amy Payne,Hatchback,Tampines,4.09,Active
D03318,Steven Gamble,Mpv,Toa Payoh,4.41,Active
D03319,Samuel Hall,Hatchback,Yishun,4.66,Inactive
D03320,Frank Wong,Hatchback,Punggol,4.91,Active
D03321,Paul Williams,Electric,Toa Payoh,4.27,Active
D03322,Kevin Griffin,Mpv,Punggol,4.59,Active
D03323,Larry Pruitt,Suv,Yishun,4.62,Active
D03324,Ethan Bullock,Suv,Ang Mo Kio,4.82,Active
D03325,Kyle Fisher,Electric,Tampines,3.59,Active
D03326,Michael Stewart,Premium,Bishan,4.98,Inactive
D03327,Ronald Pham,Sedan,Ang Mo Kio,4.23,Active
D03328,Kathleen Johnson,Suv,Toa Payoh,3.89,Suspended
D03329,Justin Chang,Suv,Ang Mo Kio,4.13,Active
D03330,Chris Hatfield,Hatchback,Singapore,4.65,Active
D03331,Alejandro David,Sedan,Bedok,3.58,Active
D03332,Dennis Navarro,Premium,Tampines,3.97,Inactive
D03333,Earl Wagner,Premium,Bishan,3.95,Active
D03334,Matthew Williams,Mpv,Woodlands,3.64,Inactive
D03335,Karen Todd,Sedan,Punggol,3.61,Active
D03336,Alison Murphy,Premium,Tampines,4.5,Active
D03337,Daniel Estrada,Sedan,Toa Payoh,4.65,Active
D03338,Jesse Good,Mpv,Yishun,4.16,Active
D03339,Robert Collins,Premium,Bishan,4.11,Active
D03340,Jack Burton,Suv,Tampines,4.41,Active
D03341,Kristin Thompson,Mpv,Singapore,4.53,Active
D03342,Eugene Park,Premium,Woodlands,3.54,Active
D03343,Paul Nelson,Premium,Yishun,4.26,Active
D03344,Keith Dixon,Premium,Toa Payoh,3.67,Active
D03345,Beverly Brandt,Hatchback,Toa Payoh,4.27,Active
D03346,Kurt Macdonald,Sedan,Woodlands,4.49,Active
D03347,Donna Hoffman,Suv,Tampines,4.22,Active
D03348,David Harvey,Sedan,Ang Mo Kio,4.19,Active
D03349,Alexandria Lin,Mpv,Singapore,4.7,Active
D03350,Jasmine Roberson,Sedan,Bedok,4.3,Active
D03351,Jacob Matthews,Suv,Tampines,4.85,Active
D03352,Rita Lambert,Suv,Singapore,3.62,Active
D03353,Michael Burns,Premium,Ang Mo Kio,3.84,Active
D03354,Holly Garrett,Suv,Bishan,3.71,Active
D03355,Amy Rice,Hatchback,Punggol,4.8,Active
D03356,Phillip Munoz,Electric,Woodlands,4.12,Active
D03357,Maria Cox,Sedan,Punggol,4.84,Active
D03358,Dean Rodriguez,Suv,Punggol,3.58,Active
D03359,Jasmin Compton,Premium,Bishan,4.53,Active
D03360,Kenneth Williams,Hatchback,Punggol,4.54,Active
D03361,Amy Bennett,Premium,Woodlands,4.67,Active
D03362,Benjamin Richard,Electric,Singapore,4.39,Active
D03363,Richard Becker,Mpv,Singapore,3.69,Active
D03364,Rachel Garrett,Electric,Yishun,4.67,Active
D03365,Kayla Alvarez,Suv,Jurong,4.49,Active
D03366,Michael Stokes,Mpv,Woodlands,4.86,Active
D03367,Janet Brooks,Suv,Bishan,4.76,Active
D03368,Eric Williams,Suv,Tampines,4.83,Active
D03369,Jon Douglas,Premium,Jurong,4.61,Active
D03370,Christina Brooks,Mpv,Woodlands,4.35,Active
D03371,Kyle Allison,Mpv,Yishun,3.86,Active
D03372,Derrick Sanchez,Electric,Tampines,4.93,Active
D03373,Joshua Rodriguez,Sedan,Jurong,4.69,Active
D03374,Amber Pollard,Mpv,Toa Payoh,4.43,Active
D03375,Taylor Chaney,Electric,Singapore,3.7,Active
D03376,Kelly Lewis,Mpv,Singapore,4.73,Active
D03377,Kelly Keller,Hatchback,Punggol,3.83,Active
D03378,Thomas Payne,Sedan,Singapore,4.84,Active
D03379,Natalie Thomas,Mpv,Ang Mo Kio,4.86,Active
D03380,Teresa Young,Mpv,Tampines,4.36,Active
D03381,Sarah Lucas,Premium,Punggol,3.68,Active
D03382,Rose Murphy,Mpv,Punggol,4.05,Active
D03383,Brian Parks,Electric,Tampines,4.15,Active
D03384,Elizabeth Adams,Suv,Woodlands,3.7,Active
D03385,Andrea Russo,Electric,Bishan,4.31,Active
D03386,William Osborn,Sedan,Yishun,3.68,Active
D03387,John Burgess,Suv,Yishun,4.98,Inactive
D03388,Timothy Reynolds,Hatchback,Woodlands,4.05,Active
D03389,Andrea Rodriguez,Suv,Ang Mo Kio,4.88,Active
D03390,Kelsey Dalton,Sedan,Toa Payoh,4.94,Active
D03391,Tyler Welch,Premium,Punggol,4.15,Active
D03392,Michael Russell,Sedan,Bishan,3.64,Active
D03393,Jennifer Wood,Mpv,Toa Payoh,3.69,Active
D03394,Caitlin Lopez,Mpv,Bedok,3.75,Active
D03395,Elizabeth Lopez,Electric,Singapore,4.8,Active
D03396,Kimberly Anderson,Premium,Punggol,3.72,Active
D03397,Stephanie Keller,Hatchback,Jurong,3.82,Active
D03398,Randall Armstrong,Suv,Bishan,4.73,Active
D03399,Shawn Harper,Premium,Jurong,4.1,Active
D03400,Sandra Castro,Mpv,Singapore,3.78,Inactive
D03401,Maria Oconnor,Premium,Woodlands,3.75,Active
D03402,Dustin Leon,Premium,Toa Payoh,4.23,Active
D03403,Lindsay Williams,Sedan,Punggol,4.06,Active
D03404,Cody Sawyer,Suv,Bishan,4.76,Active
D03405,Nathan Campbell,Hatchback,Ang Mo Kio,4.62,Active
D03406,Michael Murphy,Mpv,Yishun,4.56,Active
D03407,Nicole Wallace,Premium,Yishun,4.16,Active
D03408,Richard Armstrong,Sedan,Tampines,3.63,Active
D03409,April Hart,Electric,Jurong,4.89,Active
D03410,Jennifer Robinson,Premium,Punggol,4.27,Active
D03411,Debra Cole,Hatchback,Woodlands,4.81,Active
D03412,Elizabeth Andrews,Suv,Toa Payoh,4.61,Active
D03413,Nicholas Mendoza,Suv,Yishun,3.96,Active
D03414,Paula Snyder,Electric,Jurong,4.83,Active
D03415,Mr. Christopher Alexander DVM,Suv,Ang Mo Kio,3.54,Active
D03416,Frederick Bailey,Premium,Yishun,4.01,Inactive
D03417,Russell Cooper,Premium,Punggol,4.39,Active
D03418,Rachel Murillo,Suv,Yishun,3.68,Active
D03419,Devon Shelton,Premium,Ang Mo Kio,3.91,Active
D03420,Yolanda Cooper,Mpv,Yishun,4.54,Active
D03421,Jessica Price,Hatchback,Singapore,3.65,Inactive
D03422,Timothy Mejia,Suv,Jurong,4.97,Active
D03423,George Smith,Hatchback,Yishun,4.89,Active
D03424,Daniel Rowland,Hatchback,Woodlands,4.89,Active
D03425,Samantha Bender,Electric,Ang Mo Kio,4.41,Active
D03426,Raymond Torres,Electric,Tampines,4.19,Active
D03427,Lauren Jackson,Mpv,Bedok,4.41,Active
D03428,Natalie Campbell,Electric,Yishun,4.78,Active
D03429,Sergio Holt,Electric,Ang Mo Kio,4.17,Active
D03430,Jason Evans,Premium,Jurong,4.25,Active
D03431,Richard Davis DVM,Electric,Bishan,3.71,Active
D03432,Stacey Rojas,Hatchback,Yishun,3.8,Active
D03433,Nicolas Alvarez,Hatchback,Jurong,4.25,Active
D03434,Darlene Johnson,Electric,Punggol,4.81,Active
D03435,Sara Gardner,Electric,Bishan,4.74,Active
D03436,Terry Guzman,Mpv,Toa Payoh,4.33,Active
D03437,Glenda Choi,Hatchback,Ang Mo Kio,4.53,Active
D03438,Christopher Johnson,Hatchback,Tampines,3.95,Active
D03439,Lisa Sanchez,Electric,Toa Payoh,4.84,Active
D03440,Teresa Morrison,Mpv,Yishun,4.49,Active
D03441,Diana Bradley,Premium,Woodlands,3.99,Active
D03442,Robert Curtis,Sedan,Bishan,4.45,Active
D03443,Tina Jordan,Electric,Woodlands,3.84,Active
D03444,John Shaffer,Sedan,Ang Mo Kio,4.83,Active
D03445,Dana Wilson,Premium,Jurong,3.83,Active
D03446,Brittany Jimenez,Hatchback,Ang Mo Kio,4.3,Active
D03447,Dawn Aguilar,Premium,Ang Mo Kio,4.34,Active
D03448,Jennifer Ross,Premium,Bedok,3.51,Active
D03449,Vanessa Fritz,Suv,Punggol,3.65,Active
D03450,Michael Morgan,Mpv,Yishun,4.91,Active
D03451,Robert Mccormick,Hatchback,Toa Payoh,4.71,Active
D03452,Donna Fisher MD,Premium,Punggol,4.89,Active
D03453,Amanda Willis,Hatchback,Singapore,3.54,Active
D03454,Kevin Duncan,Sedan,Tampines,3.82,Active
D03455,Stephen Heath,Mpv,Punggol,4.53,Active
D03456,William Wong,Mpv,Bedok,4.17,Active
D03457,Samuel Thompson,Electric,Singapore,4.22,Active
D03458,Nancy Brown,Hatchback,Woodlands,4.21,Active
D03459,Taylor Kemp,Premium,Bishan,3.99,Active
D03460,Chris Morris,Electric,Punggol,4.88,Active
D03461,Brooke Aguirre,Suv,Bedok,3.76,Active
D03462,Marie Jimenez,Premium,Tampines,4.72,Active
D03463,Catherine Patterson,Hatchback,Singapore,4.23,Active
D03464,Jennifer Leonard,Sedan,Woodlands,4.17,Active
D03465,Grace Walker,Sedan,Woodlands,4.79,Active
D03466,Julie Short,Sedan,Toa Payoh,3.62,Active
D03467,Adrian Morales,Premium,Tampines,3.52,Active
D03468,Stephen Clay,Suv,Yishun,4.99,Active
D03469,Miranda Vasquez,Mpv,Jurong,4.68,Active
D03470,David Reyes,Electric,Bedok,4.93,Active
D03471,Justin Moore,Mpv,Bedok,4.71,Active
D03472,Barbara Finley,Mpv,Yishun,3.73,Active
D03473,Jeremy Watson,Sedan,Punggol,4.71,Active
D03474,Maria Carlson,Mpv,Bedok,4.75,Active
D03475,Theresa Mendoza,Electric,Toa Payoh,4.3,Active
D03476,Michele Bass,Suv,Bishan,3.6,Active
D03477,Lauren Gardner,Hatchback,Bedok,3.94,Active
D03478,Whitney Banks,Suv,Bishan,3.85,Active
D03479,Thomas Smith,Mpv,Ang Mo Kio,4.62,Active
D03480,Dr. Dylan Love,Suv,Tampines,4.24,Active
D03481,Rachel Smith,Premium,Yishun,4.73,Active
D03482,Dr. Christian Ford,Premium,Bedok,4.09,Active
D03483,Christopher Bell,Premium,Jurong,3.98,Active
D03484,Danielle Young,Premium,Bedok,3.56,Active
D03485,Michael Gordon,Hatchback,Jurong,3.97,Active
D03486,Jonathan Mccann,Suv,Woodlands,4.67,Active
D03487,Teresa Bailey,Sedan,Punggol,3.97,Inactive
D03488,Jeff Dawson,Suv,Tampines,4.94,Active
D03489,Ronald Castro,Hatchback,Bishan,3.75,Active
D03490,Elizabeth Hughes,Hatchback,Jurong,4.49,Active
D03491,Julia Scott,Sedan,Bishan,4.67,Active
D03492,Michael Jones,Electric,Singapore,4.01,Active
D03493,Mark Weiss,Electric,Bishan,4.92,Inactive
D03494,Karen Morgan,Premium,Bishan,4.91,Active
D03495,Rachel Davenport,Sedan,Bishan,4.47,Active
D03496,Jonathan Moreno,Suv,Punggol,3.78,Active
D03497,Anna Kelly,Mpv,Bishan,4.72,Active
D03498,Shannon Wells,Sedan,Woodlands,4.52,Active
D03499,Michael Flores,Electric,Bedok,4.19,Active
D03500,Matthew Garcia,Mpv,Tampines,4.35,Suspended
D03501,Tiffany Rowe,Electric,Bishan,4.34,Active
D03502,John Hill,Sedan,Yishun,4.66,Active
D03503,Jennifer Owens,Suv,Bedok,4.31,Active
D03504,Tyler Christian,Sedan,Ang Mo Kio,3.51,Active
D03505,Katrina Ross,Mpv,Ang Mo Kio,3.94,Suspended
D03506,Sean Taylor,Premium,Singapore,4.97,Active
D03507,Dwayne Strickland,Electric,Bedok,4.98,Active
D03508,David Hawkins,Suv,Bishan,4.89,Inactive
D03509,Jeremy Knapp,Hatchback,Woodlands,4.3,Active
D03510,Carrie Gomez,Sedan,Bedok,3.88,Active
D03511,Emma Johnson,Sedan,Bedok,4.01,Active
D03512,Mark Perry,Mpv,Bishan,4.8,Active
D03513,Charles Chandler,Mpv,Yishun,4.08,Active
D03514,Jeff Hull,Sedan,Woodlands,3.68,Active
D03515,Jeffrey Guzman,Mpv,Ang Mo Kio,4.73,Active
D03516,William Weaver,Electric,Woodlands,4.92,Active
D03517,Claudia Martinez MD,Electric,Singapore,4.36,Active
D03518,Abigail White,Suv,Bedok,3.96,Active
D03519,Wanda Martin,Suv,Singapore,3.93,Active
D03520,Stephen Jackson,Mpv,Bishan,3.67,Active
D03521,Joseph Richard,Sedan,Toa Payoh,4.9,Active
D03522,Ricardo Wilson,Mpv,Jurong,4.64,Active
D03523,Mr. Michael Estrada Jr.,Suv,Bedok,4.57,Suspended
D03524,Brandon Martinez,Sedan,Tampines,4.45,Inactive
D03525,Lorraine Bennett,Premium,Singapore,4.87,Active
D03526,Tara Cook,Sedan,Woodlands,4.56,Active
D03527,Brent Williams,Premium,Bedok,4.83,Active
D03528,Laurie Davis,Suv,Singapore,3.96,Active
D03529,Timothy Joseph,Mpv,Toa Payoh,4.48,Active
D03530,Brad Houston,Premium,Toa Payoh,3.61,Active
D03531,Ronald Odom,Sedan,Jurong,3.8,Active
D03532,Brandi Costa,Electric,Jurong,4.81,Active
D03533,Christopher Hopkins,Suv,Punggol,4.29,Active
D03534,Amy Miller,Sedan,Yishun,4.38,Active
D03535,Brian Richardson,Sedan,Toa Payoh,3.89,Active
D03536,George Johnson,Mpv,Punggol,4.61,Active
D03537,Kelly Phillips,Premium,Jurong,4.09,Active
D03538,Jennifer Hughes,Suv,Yishun,4.9,Active
D03539,Rachel Sawyer,Sedan,Tampines,4.87,Active
D03540,Carol Trujillo,Mpv,Toa Payoh,4.92,Active
D03541,Matthew Wilson,Mpv,Tampines,4.76,Active
D03542,Mark Perez,Premium,Woodlands,4.65,Active
D03543,Robert Taylor,Suv,Toa Payoh,3.67,Inactive
D03544,Rebecca Thomas,Hatchback,Ang Mo Kio,3.91,Active
D03545,Erin Edwards,Suv,Woodlands,3.59,Active
D03546,Lauren Nguyen,Premium,Yishun,3.91,Active
D03547,Hunter Maynard,Sedan,Jurong,4.78,Active
D03548,Elizabeth Huynh,Sedan,Yishun,4.04,Active
D03549,Kelsey Rivas,Mpv,Woodlands,4.63,Active
D03550,Justin Meyers,Electric,Toa Payoh,3.78,Active
D03551,Megan Harris,Hatchback,Jurong,3.51,Active
D03552,George Ross,Suv,Jurong,3.61,Active
D03553,Andrew Davis,Premium,Punggol,3.89,Active
D03554,Robert Moreno,Hatchback,Jurong,4.74,Active
D03555,Betty King,Sedan,Tampines,4.42,Active
D03556,John Clark,Hatchback,Tampines,3.55,Active
D03557,Tyler Horton,Suv,Bedok,4.09,Active
D03558,Teresa Ortega,Suv,Ang Mo Kio,4.48,Inactive
D03559,Erin Frey,Electric,Woodlands,3.92,Active
D03560,April Chung,Electric,Bedok,4.28,Active
D03561,Evan Carpenter,Hatchback,Punggol,3.53,Active
D03562,Vincent Mcfarland,Mpv,Yishun,3.92,Active
D03563,Alexander Porter,Sedan,Woodlands,4.8,Active
D03564,Michael Smith,Premium,Woodlands,3.65,Active
D03565,Victoria Pena,Hatchback,Woodlands,4.37,Active
D03566,Jesse Kelley,Sedan,Yishun,3.94,Active
D03567,Xavier Walsh,Mpv,Punggol,4.93,Inactive
D03568,Adam Hopkins,Premium,Tampines,4.27,Active
D03569,Billy Boyer,Electric,Toa Payoh,3.71,Active
D03570,David Potter,Mpv,Ang Mo Kio,3.73,Active
D03571,Mr. Travis Anderson,Sedan,Toa Payoh,4.79,Active
D03572,Cameron Gonzalez,Electric,Jurong,4.5,Active
D03573,Beth Guerrero,Mpv,Singapore,4.77,Active
D03574,Rodney Villanueva MD,Hatchback,Tampines,4.36,Active
D03575,Rachel Colon,Hatchback,Toa Payoh,4.35,Active
D03576,Debra George,Mpv,Punggol,4.8,Active
D03577,Mr. Shawn Smith,Electric,Woodlands,4.39,Active
D03578,Steven Williams,Sedan,Punggol,4.59,Inactive
D03579,Sarah Barrett,Sedan,Singapore,3.8,Active
D03580,Christine Rogers,Electric,Jurong,3.96,Active
D03581,Tara Campbell,Sedan,Yishun,3.73,Active
D03582,Hector Roy,Hatchback,Woodlands,4.15,Active
D03583,Justin Flores,Sedan,Punggol,4.73,Inactive
D03584,Kyle Coleman,Premium,Bishan,4.62,Active
D03585,Chad Olson,Electric,Bedok,4.57,Active
D03586,Linda Williams,Mpv,Jurong,4.63,Active
D03587,James Kirby,Sedan,Woodlands,4.27,Active
D03588,Misty Stone,Electric,Singapore,4.98,Active
D03589,Mary Holland,Premium,Ang Mo Kio,3.75,Active
D03590,Jack Webb,Hatchback,Jurong,4.59,Active
D03591,Joshua Nelson,Premium,Yishun,4.53,Active
D03592,Joshua Robinson,Electric,Woodlands,4.83,Active
D03593,Karen Day,Premium,Ang Mo Kio,3.75,Active
D03594,Michelle Hernandez,Mpv,Punggol,3.83,Active
D03595,April Davis,Hatchback,Woodlands,3.51,Active
D03596,Robert Moore,Mpv,Singapore,4.94,Active
D03597,Shannon Edwards,Suv,Jurong,4.35,Active
D03598,Jordan Martin,Premium,Punggol,3.65,Active
D03599,Sheila Casey,Electric,Punggol,4.04,Active
D03600,Zachary Owens,Sedan,Bishan,4.69,Active
D03601,Robert Garcia,Hatchback,Singapore,4.19,Active
D03602,Joshua Graham,Sedan,Tampines,3.75,Active
D03603,Katherine Hendricks,Mpv,Bishan,3.98,Active
D03604,Miranda Acosta,Suv,Toa Payoh,3.96,Active
D03605,John White,Hatchback,Ang Mo Kio,3.57,Active
D03606,Charles Blake,Electric,Tampines,4.77,Active
D03607,Kathy Cordova,Electric,Bishan,4.65,Active
D03608,Mrs. Ashley West DDS,Suv,Punggol,4.31,Active
D03609,Nicholas Smith,Suv,Singapore,4.02,Active
D03610,Brenda Perry,Premium,Bedok,4.43,Active
D03611,Tracie Ward,Suv,Punggol,4.71,Active
D03612,Andrea Cox,Mpv,Toa Payoh,4.55,Active
D03613,Anthony Lam,Suv,Jurong,4.42,Active
D03614,Mary Stevenson,Hatchback,Ang Mo Kio,3.71,Active
D03615,Aaron Higgins,Premium,Jurong,3.99,Active
D03616,Joshua Day,Premium,Jurong,4.6,Active
D03617,Susan Morales,Sedan,Bishan,3.8,Active
D03618,Daniel Martin,Mpv,Bishan,4.37,Active
D03619,Jessica Martinez,Hatchback,Singapore,4.92,Active
D03620,Miranda Garner,Hatchback,Bedok,3.52,Active
D03621,Stephanie Moore,Electric,Woodlands,3.65,Active
D03622,Christian Cooper,Hatchback,Bedok,4.71,Active
D03623,Heather Rose,Suv,Tampines,5.0,Inactive
D03624,Michael Roach,Premium,Bishan,4.44,Active
D03625,Brandon Hammond,Suv,Yishun,4.94,Active
D03626,Jerry Valenzuela,Electric,Punggol,4.1,Active
D03627,Joyce Lowe,Electric,Bedok,4.33,Active
D03628,Michael Mccullough,Suv,Yishun,3.98,Inactive
D03629,Jason Pratt,Suv,Punggol,4.39,Active
D03630,Linda Rodriguez,Suv,Singapore,4.28,Active
D03631,Evan Wilson,Suv,Bishan,4.57,Active
D03632,Andrew Watts,Electric,Punggol,3.71,Active
D03633,Gregory Rhodes,Hatchback,Toa Payoh,4.74,Active
D03634,Annette Baker,Sedan,Toa Payoh,4.94,Active
D03635,Allison Bass,Premium,Ang Mo Kio,4.82,Active
D03636,Jessica Wilson,Electric,Ang Mo Kio,4.91,Active
D03637,Gregory Grant,Sedan,Tampines,4.26,Active
D03638,Tracy Morris,Suv,Jurong,4.26,Active
D03639,David Wright,Sedan,Punggol,4.03,Active
D03640,Dennis Green,Mpv,Bishan,3.95,Active
D03641,Gregory Fox,Electric,Toa Payoh,4.38,Active
D03642,Frederick Nguyen,Mpv,Singapore,3.62,Active
D03643,Trevor Collins,Sedan,Bishan,4.45,Active
D03644,Jennifer Scott,Premium,Jurong,4.9,Active
D03645,David Jackson,Suv,Bishan,4.04,Active
D03646,Ryan Stephens,Hatchback,Jurong,3.92,Inactive
D03647,Jeanette Lee,Sedan,Woodlands,4.63,Active
D03648,Regina Adams,Electric,Bedok,3.99,Active
D03649,Lori Simpson,Suv,Bedok,4.38,Active
D03650,Gina Flowers,Suv,Jurong,4.82,Active
D03651,Carlos Thomas,Premium,Tampines,3.74,Active
D03652,Sandra Wilson,Sedan,Bishan,4.34,Inactive
D03653,Jessica Clements,Mpv,Tampines,4.08,Active
D03654,Derek Smith,Electric,Woodlands,4.24,Active
D03655,Randall Howard,Premium,Bishan,4.18,Active
D03656,Melissa Anderson,Mpv,Bedok,4.12,Active
D03657,Gregory Marshall,Mpv,Toa Payoh,4.46,Active
D03658,Ms. Amanda Russell DDS,Premium,Jurong,4.84,Active
D03659,Amy Reeves,Mpv,Tampines,4.08,Active
D03660,Megan Welch,Electric,Yishun,3.78,Active
D03661,Henry Pierce,Electric,Bishan,3.61,Active
D03662,Jessica Simmons,Mpv,Woodlands,4.1,Active
D03663,Nathan Jones,Mpv,Singapore,4.3,Active
D03664,Patricia Hall,Suv,Ang Mo Kio,3.85,Active
D03665,Kristi Lewis,Mpv,Toa Payoh,4.2,Active
D03666,Alex Adams,Premium,Tampines,4.9,Active
D03667,Tamara Davis,Suv,Toa Payoh,4.24,Active
D03668,Michael Hall,Premium,Toa Payoh,3.98,Active
D03669,Cheryl Nichols,Mpv,Singapore,4.13,Active
D03670,Erica Boyd,Mpv,Tampines,4.54,Active
D03671,Tyler Spencer,Suv,Bedok,4.55,Active
D03672,Angela Rodriguez,Electric,Yishun,3.53,Active
D03673,Diana Trevino,Hatchback,Ang Mo Kio,3.63,Active
D03674,Timothy Hill,Mpv,Tampines,4.67,Active
D03675,Heather Herrera,Mpv,Toa Payoh,3.62,Active
D03676,David Griffith,Mpv,Tampines,3.58,Active
D03677,Jason Martinez,Mpv,Jurong,4.0,Active
D03678,Joshua Perez,Hatchback,Woodlands,4.59,Active
D03679,Matthew Jimenez,Mpv,Jurong,3.84,Inactive
D03680,Melanie Palmer,Mpv,Toa Payoh,4.42,Active
D03681,Anthony Ellis,Suv,Punggol,4.51,Active
D03682,Scott Ayers,Electric,Singapore,4.24,Active
D03683,John Baxter,Sedan,Toa Payoh,3.87,Active
D03684,Casey Juarez,Suv,Singapore,4.9,Active
D03685,Melanie Flores,Mpv,Yishun,4.16,Active
D03686,David Baxter,Sedan,Tampines,3.68,Inactive
D03687,Colleen Smith,Electric,Yishun,4.84,Active
D03688,Ann Edwards,Electric,Singapore,3.88,Suspended
D03689,Tracey Williams,Premium,Punggol,4.99,Active
D03690,Michael King,Hatchback,Yishun,4.62,Inactive
D03691,Christopher Espinoza,Sedan,Toa Payoh,4.31,Active
D03692,William Bennett,Suv,Jurong,3.53,Active
D03693,Brittany Harris,Premium,Woodlands,4.32,Active
D03694,Danielle Conley,Sedan,Toa Payoh,4.96,Active
D03695,Daniel Calhoun,Electric,Jurong,3.83,Active
D03696,Karen Kennedy,Suv,Bishan,4.47,Active
D03697,Stephen Lowery,Suv,Bedok,3.86,Active
D03698,Pamela Wilson,Mpv,Woodlands,4.02,Active
D03699,Thomas Norman,Premium,Ang Mo Kio,4.31,Active
D03700,Mark Cox,Electric,Toa Payoh,3.61,Active
D03701,Anthony Shaw,Mpv,Toa Payoh,4.97,Active
D03702,Amy Jackson,Sedan,Punggol,3.64,Active
D03703,Christian Patterson,Electric,Tampines,3.76,Inactive
D03704,Danielle White,Suv,Ang Mo Kio,4.81,Active
D03705,Patrick Webb,Premium,Tampines,4.3,Active
D03706,Deborah Oliver MD,Suv,Ang Mo Kio,3.91,Active
D03707,Francis Jackson,Hatchback,Punggol,4.92,Active
D03708,Preston Lee,Premium,Bishan,3.83,Active
D03709,Melissa Gross,Hatchback,Tampines,3.97,Active
D03710,Kristie Macias,Sedan,Tampines,4.85,Active
D03711,Mike Johnson,Premium,Singapore,4.39,Active
D03712,Mark Blackburn,Mpv,Bedok,3.97,Active
D03713,Gary Johnson,Mpv,Ang Mo Kio,4.0,Active
D03714,Brent Fitzgerald,Premium,Ang Mo Kio,3.89,Active
D03715,Amy Diaz,Premium,Ang Mo Kio,3.84,Active
D03716,Robert Mclaughlin,Sedan,Toa Payoh,3.7,Active
D03717,Brian Bennett,Electric,Yishun,3.59,Active
D03718,Jessica Williamson,Hatchback,Tampines,3.88,Inactive
D03719,Scott Hutchinson,Hatchback,Bishan,4.53,Active
D03720,Traci Ortega,Sedan,Bishan,4.36,Active
D03721,Sara Nelson,Hatchback,Jurong,4.66,Active
D03722,Stacey Drake,Premium,Woodlands,4.59,Active
D03723,Adam Bell,Premium,Toa Payoh,4.73,Active
D03724,Kayla Rosales,Hatchback,Woodlands,4.68,Active
D03725,Cindy Maynard,Sedan,Singapore,4.4,Active
D03726,Jennifer Hebert,Suv,Punggol,4.32,Active
D03727,Rick Spence,Suv,Bedok,3.83,Inactive
D03728,Michelle Jensen,Electric,Tampines,4.75,Active
D03729,Chad Rodriguez,Electric,Woodlands,3.53,Active
D03730,Michael Maldonado,Mpv,Bedok,3.87,Active
D03731,Jordan Chen,Premium,Toa Payoh,3.69,Active
D03732,Blake Perez,Suv,Yishun,4.05,Inactive
D03733,Adam Bennett,Suv,Singapore,4.75,Active
D03734,Victoria Thomas,Sedan,Jurong,4.18,Active
D03735,Brian James,Electric,Punggol,4.59,Active
D03736,Amy Johns,Premium,Yishun,4.78,Active
D03737,Kristen Benson,Suv,Ang Mo Kio,4.5,Active
D03738,Sandra Merritt,Suv,Ang Mo Kio,3.86,Active
D03739,Nathan Mitchell,Electric,Bishan,3.66,Active
D03740,Jeffrey Adams,Premium,Bedok,3.53,Active
D03741,Ricky Nelson,Electric,Ang Mo Kio,4.47,Active
D03742,Bradley Wolfe,Sedan,Punggol,4.15,Active
D03743,Alexandra Guerra,Electric,Woodlands,3.85,Active
D03744,James Gonzalez,Suv,Jurong,4.3,Active
D03745,William Mejia,Suv,Woodlands,3.89,Active
D03746,Cody Jackson,Premium,Singapore,4.23,Active
D03747,Meredith Roberts,Electric,Tampines,4.5,Active
D03748,Lisa Gibbs,Electric,Toa Payoh,4.8,Active
D03749,Daniel Clark,Premium,Ang Mo Kio,4.36,Active
D03750,Gary Orr,Electric,Yishun,3.85,Active
D03751,Meagan Sims,Sedan,Bedok,4.94,Active
D03752,Michelle Hughes DVM,Premium,Yishun,4.53,Active
D03753,Jordan Hawkins,Suv,Bedok,4.63,Active
D03754,Adam Mitchell,Premium,Bishan,4.59,Active
D03755,Donna Nicholson,Sedan,Jurong,4.61,Active
D03756,Danielle Valentine,Suv,Toa Payoh,4.62,Active
D03757,Whitney Trevino,Premium,Toa Payoh,4.48,Inactive
D03758,Michelle Smith,Hatchback,Ang Mo Kio,4.24,Active
D03759,Tony Ortiz,Hatchback,Bedok,3.53,Active
D03760,Dana Gregory,Sedan,Bedok,3.6,Active
D03761,Dominique Peterson,Premium,Woodlands,4.77,Active
D03762,Heather Juarez,Mpv,Yishun,3.83,Active
D03763,Aaron Salas,Premium,Woodlands,4.95,Active
D03764,Victor Robbins,Electric,Singapore,4.14,Suspended
D03765,Jasmine Hunt,Hatchback,Toa Payoh,3.86,Active
D03766,Leah Thomas,Electric,Ang Mo Kio,4.4,Active
D03767,Paul Nguyen,Mpv,Bishan,4.69,Active
D03768,Scott Harvey,Mpv,Tampines,3.6,Active
D03769,Blake Alexander,Electric,Yishun,3.99,Active
D03770,Danielle Erickson,Mpv,Singapore,3.85,Active
D03771,Patricia Fox,Electric,Woodlands,4.1,Active
D03772,William Young,Mpv,Punggol,3.87,Active
D03773,Stephanie Miller,Premium,Toa Payoh,4.99,Active
D03774,Dale Berry,Hatchback,Singapore,4.74,Active
D03775,Charles Palmer,Sedan,Tampines,4.47,Active
D03776,Mary Frost,Sedan,Jurong,3.67,Active
D03777,Sarah Chavez,Electric,Jurong,4.05,Active
D03778,Jessica Odonnell,Mpv,Yishun,4.36,Active
D03779,Tammy Benson,Sedan,Bishan,3.63,Active
D03780,James Miller,Mpv,Tampines,4.08,Inactive
D03781,Robert Roy,Premium,Bishan,4.63,Active
D03782,Kara Phillips,Suv,Jurong,3.78,Active
D03783,Sara Watson,Suv,Bishan,4.87,Active
D03784,Dominique Scott,Mpv,Tampines,4.08,Active
D03785,Michael Jackson MD,Premium,Toa Payoh,4.69,Active
D03786,Bryan Wong,Premium,Tampines,4.69,Active
D03787,Tammie Webb,Premium,Tampines,4.55,Active
D03788,Christine Vaughn,Hatchback,Jurong,4.43,Active
D03789,Mariah Reese,Mpv,Punggol,4.93,Active
D03790,Dr. Amanda Blair DDS,Electric,Woodlands,4.65,Active
D03791,Justin Stephenson,Electric,Bedok,4.07,Active
D03792,Mr. Robert Spencer,Sedan,Toa Payoh,3.62,Active
D03793,Michael Welch,Premium,Singapore,4.84,Active
D03794,Amanda Simpson,Electric,Ang Mo Kio,4.82,Active
D03795,Jean Reilly,Suv,Bishan,4.16,Active
D03796,Kimberly Sandoval,Electric,Bishan,4.19,Active
D03797,Stephen Lopez,Hatchback,Bishan,3.69,Active
D03798,Elizabeth Stout,Suv,Bedok,4.51,Active
D03799,Tamara Thomas,Electric,Singapore,4.72,Active
D03800,Kimberly Gray,Electric,Bedok,3.54,Active
D03801,Paige Martin,Hatchback,Jurong,4.71,Active
D03802,Elizabeth Olson,Hatchback,Ang Mo Kio,4.26,Active
D03803,Stephanie Jackson,Mpv,Bishan,3.78,Active
D03804,Ethan Shannon,Sedan,Jurong,3.76,Inactive
D03805,Charles Miles,Premium,Bedok,4.91,Active
D03806,Jennifer Henderson,Hatchback,Punggol,3.56,Active
D03807,Jose Wilson,Premium,Yishun,4.61,Inactive
D03808,Virginia Meyer,Hatchback,Yishun,3.73,Active
D03809,Kathy Craig,Hatchback,Toa Payoh,4.93,Active
D03810,Melissa White,Premium,Bedok,4.25,Active
D03811,Joseph Barrett,Electric,Tampines,4.98,Active
D03812,Christina Johnson,Premium,Tampines,4.05,Active
D03813,Lisa James,Hatchback,Toa Payoh,4.81,Active
D03814,Jonathan Miller,Electric,Woodlands,4.84,Active
D03815,Michelle Jones,Hatchback,Yishun,4.41,Active
D03816,Sharon Francis,Electric,Tampines,3.8,Active
D03817,Nancy Sanchez,Hatchback,Woodlands,4.62,Active
D03818,Jennifer Gutierrez,Hatchback,Bedok,3.9,Active
D03819,Terry Gentry,Premium,Ang Mo Kio,3.94,Suspended
D03820,Ryan Shannon,Mpv,Bishan,4.8,Active
D03821,Jonathan Jones,Hatchback,Ang Mo Kio,4.77,Active
D03822,Frederick Long,Sedan,Punggol,4.97,Active
D03823,Linda Barnes,Hatchback,Jurong,3.54,Active
D03824,Valerie Dawson,Sedan,Bedok,4.46,Active
D03825,Shelby Stuart,Sedan,Woodlands,4.53,Active
D03826,Nathaniel Alexander,Mpv,Bedok,3.57,Active
D03827,Beth Gordon,Mpv,Bedok,4.66,Active
D03828,Thomas Larson,Premium,Punggol,3.89,Active
D03829,Diana Roberts,Suv,Singapore,4.18,Active
D03830,James Vaughn,Suv,Singapore,4.65,Active
D03831,Anthony Clarke,Mpv,Jurong,4.87,Active
D03832,Crystal Turner,Premium,Bishan,4.37,Active
D03833,Samuel Mcgee,Sedan,Tampines,4.06,Active
D03834,Brandon Brown,Mpv,Punggol,4.54,Active
D03835,Natalie Brown,Sedan,Bishan,4.74,Active
D03836,George Lewis,Premium,Yishun,4.87,Active
D03837,Julia Taylor,Premium,Toa Payoh,4.01,Active
D03838,Jesse Mcintyre,Premium,Toa Payoh,4.31,Active
D03839,Ricardo Howard,Premium,Woodlands,3.87,Active
D03840,Charles Nelson,Electric,Singapore,4.98,Active
D03841,Christopher Parker,Mpv,Ang Mo Kio,3.84,Active
D03842,Susan Soto,Mpv,Bedok,4.23,Active
D03843,Clinton Campos,Sedan,Ang Mo Kio,4.54,Active
D03844,Robert Garcia,Suv,Woodlands,4.81,Active
D03845,Tricia Fernandez,Mpv,Singapore,4.54,Active
D03846,Morgan Warren,Suv,Bedok,3.82,Inactive
D03847,Raymond Marshall,Mpv,Yishun,4.11,Active
D03848,Morgan Diaz,Suv,Ang Mo Kio,4.38,Active
D03849,Paul Wilson,Suv,Ang Mo Kio,4.18,Active
D03850,Nathan Gardner,Suv,Yishun,4.93,Active
D03851,William Duncan,Mpv,Punggol,4.9,Active
D03852,Douglas Marsh,Hatchback,Yishun,4.94,Active
D03853,Christina West,Suv,Woodlands,4.64,Active
D03854,Xavier Perry,Sedan,Bedok,3.9,Active
D03855,Kevin Christensen,Hatchback,Bishan,4.77,Active
D03856,Donald Fischer,Hatchback,Woodlands,4.06,Active
D03857,Jason Lara,Hatchback,Bishan,3.54,Active
D03858,Nicholas Jenkins,Sedan,Singapore,4.17,Active
D03859,Leslie Miller,Electric,Ang Mo Kio,4.98,Active
D03860,Brett Riggs,Premium,Yishun,4.84,Active
D03861,Jeremy Reynolds,Premium,Ang Mo Kio,4.14,Active
D03862,Deanna Roman,Suv,Yishun,4.38,Active
D03863,Aaron White,Sedan,Bedok,4.24,Inactive
D03864,William Caldwell,Hatchback,Ang Mo Kio,3.77,Active
D03865,Cory Crane,Mpv,Woodlands,4.83,Active
D03866,Kevin Martinez,Premium,Singapore,4.3,Active
D03867,Michael Thompson,Premium,Toa Payoh,4.97,Active
D03868,Kathryn White,Mpv,Bishan,4.2,Active
D03869,Amanda Carter,Sedan,Toa Payoh,4.01,Active
D03870,Curtis Frederick,Mpv,Bedok,4.14,Active
D03871,Courtney Monroe,Suv,Punggol,3.65,Active
D03872,Rachel Casey,Suv,Ang Mo Kio,3.78,Active
D03873,Kevin Ross,Electric,Bishan,3.6,Active
D03874,Katie Johnson,Electric,Singapore,4.65,Active
D03875,Ronald Wagner,Hatchback,Tampines,4.33,Inactive
D03876,Samuel Kaiser,Hatchback,Singapore,4.66,Active
D03877,Christine Johnson,Hatchback,Punggol,4.33,Active
D03878,James Cherry,Premium,Jurong,3.96,Active
D03879,Kyle Turner,Electric,Woodlands,4.23,Inactive
D03880,Mrs. Michelle Williams,Premium,Ang Mo Kio,4.64,Active
D03881,Brenda Singh,Premium,Toa Payoh,3.51,Active
D03882,David Brooks,Hatchback,Yishun,4.07,Inactive
D03883,Ashley Howe,Electric,Jurong,4.2,Active
D03884,Robin Young,Electric,Yishun,4.2,Active
D03885,Kenneth Garcia,Sedan,Yishun,4.3,Active
D03886,Lindsey Holt,Hatchback,Bishan,4.5,Active
D03887,Zachary Ford,Suv,Jurong,4.05,Active
D03888,Lisa Duncan,Premium,Woodlands,3.92,Active
D03889,Sandra Vega,Sedan,Ang Mo Kio,3.67,Active
D03890,Devon Hill,Hatchback,Singapore,3.59,Active
D03891,Ashley Daniels,Electric,Yishun,4.54,Active
D03892,Rickey Gardner,Electric,Punggol,4.94,Active
D03893,Antonio Flowers,Electric,Woodlands,4.1,Active
D03894,Jeffery Davis,Electric,Toa Payoh,4.58,Active
D03895,Kelli Taylor,Suv,Woodlands,4.75,Active
D03896,Wesley Flores,Sedan,Ang Mo Kio,4.15,Active
D03897,Kirk Johnson,Hatchback,Yishun,3.74,Active
D03898,Michael Hickman,Hatchback,Jurong,3.76,Active
D03899,Chad Mccormick,Electric,Bishan,4.4,Active
D03900,Mrs. Samantha Franklin,Premium,Bishan,4.09,Active
D03901,Robert Hall,Electric,Toa Payoh,4.96,Active
D03902,Kimberly Ball,Electric,Bishan,4.36,Active
D03903,Lori Hogan,Premium,Woodlands,3.84,Active
D03904,Donald Holmes,Premium,Tampines,4.98,Active
D03905,James Harris,Hatchback,Bedok,4.61,Active
D03906,Victoria Barnett,Mpv,Jurong,3.79,Active
D03907,Colleen Stewart,Hatchback,Bedok,4.79,Active
D03908,Yvonne Beard,Sedan,Ang Mo Kio,3.56,Active
D03909,Sabrina Meyers,Sedan,Bishan,3.64,Inactive
D03910,William Barnes,Electric,Tampines,4.64,Active
D03911,Blake Reid,Sedan,Bedok,4.09,Active
D03912,Jason Elliott,Hatchback,Bedok,4.9,Inactive
D03913,Rachel Armstrong,Electric,Toa Payoh,4.74,Active
D03914,Keith Hernandez,Premium,Bishan,4.7,Active
D03915,Kyle Webster,Hatchback,Bedok,3.68,Active
D03916,Adam Walters,Premium,Yishun,3.83,Active
D03917,Heather Davenport,Mpv,Woodlands,3.78,Active
D03918,Tiffany Montoya,Sedan,Bishan,3.73,Active
D03919,Karen Smith,Mpv,Bishan,4.46,Active
D03920,Amanda Paul,Mpv,Singapore,3.69,Active
D03921,Holly Lawson,Hatchback,Punggol,4.4,Active
D03922,Sherri Henderson,Premium,Singapore,4.93,Inactive
D03923,Victoria Koch,Mpv,Yishun,3.65,Active
D03924,Jane Powell,Suv,Woodlands,4.33,Active
D03925,Amy Wong,Sedan,Singapore,3.89,Active
D03926,Sarah Reese,Electric,Yishun,3.73,Active
D03927,Tiffany Howe,Mpv,Bedok,4.81,Active
D03928,Walter Russell,Mpv,Singapore,3.69,Active
D03929,Jennifer Johnson,Mpv,Woodlands,4.02,Active
D03930,Christy Gamble,Suv,Ang Mo Kio,4.17,Active
D03931,Leslie Garner,Hatchback,Singapore,4.36,Active
D03932,Tina Bryan,Electric,Punggol,3.78,Active
D03933,Sarah Berger,Sedan,Tampines,4.5,Active
D03934,Taylor Vincent,Hatchback,Yishun,4.49,Inactive
D03935,Jeremy Martin,Suv,Toa Payoh,4.17,Active
D03936,Bethany Miller,Suv,Yishun,3.68,Active
D03937,Jamie Casey,Hatchback,Ang Mo Kio,4.4,Inactive
D03938,Laura Lane,Suv,Bishan,4.66,Active
D03939,Brett Nelson,Hatchback,Punggol,3.57,Active
D03940,Kyle Griffin,Suv,Punggol,4.95,Active
D03941,Shannon Swanson,Sedan,Woodlands,4.65,Active
D03942,Aaron Krueger,Suv,Punggol,4.92,Active
D03943,Jose Mccoy,Suv,Toa Payoh,4.37,Active
D03944,Alan Castillo,Sedan,Toa Payoh,4.65,Active
D03945,Robert Wilcox,Mpv,Bishan,3.69,Inactive
D03946,Michelle Drake,Suv,Tampines,4.24,Active
D03947,Maria Sellers,Hatchback,Woodlands,3.77,Active
D03948,Seth Ruiz,Hatchback,Woodlands,4.35,Inactive
D03949,Haley Myers,Premium,Bishan,4.61,Active
D03950,Matthew Padilla DDS,Premium,Tampines,3.76,Active
D03951,Raymond Cole,Electric,Jurong,3.75,Active
D03952,Thomas Maldonado,Electric,Bedok,4.92,Active
D03953,John Diaz,Suv,Woodlands,3.64,Active
D03954,James Lee Jr.,Electric,Ang Mo Kio,4.72,Active
D03955,Phillip King,Suv,Jurong,4.3,Active
D03956,Kerry Brown,Electric,Woodlands,3.65,Active
D03957,Jared Sloan,Hatchback,Tampines,3.65,Inactive
D03958,Nicholas Santiago,Electric,Punggol,4.32,Active
D03959,Jennifer Bowman,Premium,Tampines,4.13,Active
D03960,Robert Knight,Hatchback,Singapore,4.15,Active
D03961,Vanessa Lee,Sedan,Yishun,3.66,Active
D03962,Joseph Price,Premium,Singapore,3.97,Inactive
D03963,Tamara Scott,Mpv,Toa Payoh,4.44,Active
D03964,Amber Fisher MD,Sedan,Singapore,4.49,Active
D03965,Kristin Curtis,Mpv,Ang Mo Kio,4.67,Active
D03966,Jennifer Mccormick,Electric,Woodlands,3.69,Active
D03967,Amy Kim,Electric,Jurong,4.95,Active
D03968,Martha Holland,Suv,Tampines,3.73,Active
D03969,Lisa Ramirez,Suv,Bishan,4.56,Active
D03970,Sheila Thompson,Premium,Tampines,4.48,Active
D03971,James Mccarthy,Electric,Bedok,4.21,Active
D03972,Andrea Carter,Sedan,Yishun,3.64,Active
D03973,Robert Sanchez,Electric,Toa Payoh,4.48,Inactive
D03974,Catherine Greer,Electric,Woodlands,4.37,Inactive
D03975,Dawn Camacho,Premium,Yishun,4.81,Active
D03976,Matthew Hogan,Electric,Bishan,4.94,Active
D03977,Jenna Hall,Suv,Toa Payoh,3.62,Active
D03978,Brett Gonzalez,Sedan,Yishun,3.6,Active
D03979,Diana May,Premium,Toa Payoh,4.77,Active
D03980,Alyssa Johnson,Mpv,Jurong,4.63,Active
D03981,Madison Turner,Mpv,Bishan,4.55,Active
D03982,Christopher Brennan,Sedan,Yishun,3.7,Active
D03983,Janice Rodriguez,Hatchback,Tampines,4.02,Active
D03984,Jessica Hunter,Electric,Tampines,4.16,Active
D03985,Daniel Carter,Hatchback,Singapore,3.7,Active
D03986,David Herman,Premium,Jurong,4.99,Active
D03987,William Garcia,Electric,Singapore,4.04,Active
D03988,Sandra Wilson,Hatchback,Punggol,3.7,Active
D03989,April Blackburn MD,Suv,Singapore,4.75,Active
D03990,Logan Allen,Sedan,Bedok,4.77,Active
D03991,Jorge Briggs,Hatchback,Woodlands,4.64,Active
D03992,Scott Harris,Electric,Jurong,3.68,Active
D03993,William Gonzalez,Hatchback,Tampines,4.51,Active
D03994,Linda Roberts,Hatchback,Jurong,4.44,Active
D03995,David Ramirez,Sedan,Punggol,4.08,Active
D03996,Tiffany Roberts,Sedan,Toa Payoh,4.09,Active
D03997,Justin Williams,Suv,Jurong,4.29,Active
D03998,Leslie Nelson,Hatchback,Jurong,4.54,Active
D03999,Mary Mullins,Hatchback,Yishun,4.69,Active
D04000,Tonya Jimenez,Sedan,Punggol,3.53,Inactive
D04001,Sharon Brown,Premium,Jurong,4.75,Active
D04002,Nicole Ward,Mpv,Toa Payoh,4.26,Active
D04003,William Burton,Hatchback,Bishan,4.9,Active
D04004,Andrew Green,Hatchback,Bedok,3.5,Inactive
D04005,John Ward,Hatchback,Bedok,4.41,Active
D04006,Christine Holland,Sedan,Jurong,3.53,Active
D04007,Charles Johnson,Sedan,Singapore,4.72,Active
D04008,Janice West,Hatchback,Toa Payoh,4.61,Active
D04009,John Hancock,Sedan,Punggol,4.62,Active
D04010,Meghan Barker,Premium,Jurong,4.96,Active
D04011,Karen Simmons,Electric,Singapore,4.61,Active
D04012,Emily Carlson,Mpv,Jurong,4.46,Active
D04013,Rachel Gray,Premium,Jurong,3.5,Active
D04014,Curtis Webb,Hatchback,Singapore,3.85,Active
D04015,Virginia Perez,Sedan,Toa Payoh,3.83,Active
D04016,Emily Small,Sedan,Toa Payoh,4.45,Active
D04017,Jessica Price,Sedan,Bedok,3.74,Active
D04018,Erin Watts,Electric,Toa Payoh,4.55,Inactive
D04019,Mary Anderson,Hatchback,Tampines,4.33,Active
D04020,Daniel Mccoy,Premium,Yishun,4.7,Active
D04021,Kim Hansen,Sedan,Tampines,4.68,Inactive
D04022,Susan Kennedy,Hatchback,Punggol,3.91,Active
D04023,Michelle Gray,Mpv,Toa Payoh,3.78,Active
D04024,Shannon Massey,Sedan,Yishun,3.77,Active
D04025,Gloria Mcintyre,Sedan,Woodlands,3.9,Active
D04026,Dustin Maddox,Mpv,Toa Payoh,3.97,Active
D04027,Teresa Smith,Electric,Jurong,4.32,Active
D04028,Rachel Robinson,Hatchback,Ang Mo Kio,4.24,Active
D04029,Joshua Miller,Suv,Toa Payoh,4.84,Active
D04030,William Thomas,Premium,Toa Payoh,4.15,Active
D04031,Kenneth Combs,Electric,Woodlands,3.85,Active
D04032,Kelly Gaines,Suv,Punggol,4.14,Active
D04033,Ronald Smith,Mpv,Toa Payoh,3.51,Active
D04034,Kristin Ortega,Suv,Woodlands,3.78,Active
D04035,John Brown,Sedan,Jurong,3.7,Active
D04036,Paige Williams,Electric,Toa Payoh,3.71,Active
D04037,James Conway,Premium,Tampines,3.61,Active
D04038,Andrea Johnson,Mpv,Yishun,4.17,Active
D04039,Bradley Cox,Suv,Bedok,3.86,Active
D04040,Timothy Smith,Sedan,Bishan,4.37,Active
D04041,Christopher Dawson,Suv,Singapore,4.23,Active
D04042,Julia Perez,Suv,Tampines,4.2,Active
D04043,Brandon Young,Sedan,Bedok,4.66,Active
D04044,Ryan Baldwin,Mpv,Ang Mo Kio,4.01,Active
D04045,Paul Simmons,Sedan,Ang Mo Kio,4.7,Active
D04046,Mark Flores,Mpv,Toa Payoh,4.87,Active
D04047,Stephanie Perez,Premium,Ang Mo Kio,4.16,Active
D04048,Linda Haynes,Mpv,Woodlands,4.85,Active
D04049,Mr. Joseph Nolan,Electric,Bedok,3.59,Active
D04050,Gregory Phillips,Hatchback,Bedok,4.23,Active
D04051,Joshua Livingston,Hatchback,Bishan,3.76,Active
D04052,Brett Wilson,Sedan,Yishun,4.81,Active
D04053,Susan Jones,Mpv,Bedok,4.18,Active
D04054,John Johnson,Suv,Bedok,4.45,Inactive
D04055,Clifford Dudley,Hatchback,Bishan,4.71,Active
D04056,Larry Marsh,Premium,Ang Mo Kio,4.06,Active
D04057,Karen Davis,Sedan,Bedok,4.82,Active
D04058,Mark Calderon,Suv,Yishun,4.52,Active
D04059,Jonathan Rodgers,Mpv,Toa Payoh,4.42,Active
D04060,James Christian,Hatchback,Bishan,4.89,Active
D04061,Patrick Shaw,Hatchback,Toa Payoh,3.95,Active
D04062,Annette Thompson,Electric,Toa Payoh,4.5,Active
D04063,Adrian Thomas,Premium,Singapore,4.05,Active
D04064,Katherine Bullock,Electric,Jurong,3.92,Active
D04065,Mark Fuentes,Mpv,Toa Payoh,4.03,Active
D04066,Timothy Austin,Sedan,Punggol,3.95,Active
D04067,Caroline Morris,Electric,Toa Payoh,4.12,Active
D04068,Debra Johnson,Electric,Tampines,4.1,Active
D04069,Mark Whitaker,Premium,Singapore,4.28,Active
D04070,Connor Johnson,Premium,Toa Payoh,4.49,Active
D04071,Ryan Hall,Sedan,Bedok,4.3,Inactive
D04072,Janice Faulkner,Hatchback,Yishun,4.64,Active
D04073,Hector Jones,Electric,Bedok,3.79,Active
D04074,Erica Thompson,Suv,Bishan,4.22,Active
D04075,Dalton Watson,Mpv,Ang Mo Kio,4.86,Active
D04076,Sandra Sanchez MD,Mpv,Punggol,4.2,Active
D04077,Joseph Baker,Electric,Punggol,3.52,Inactive
D04078,Benjamin Gray,Suv,Woodlands,4.25,Active
D04079,Dr. Jeremiah Young,Suv,Yishun,4.29,Active
D04080,George Taylor,Mpv,Toa Payoh,4.45,Inactive
D04081,Christopher Mckenzie,Hatchback,Tampines,4.05,Active
D04082,Jessica Orozco,Electric,Ang Mo Kio,3.91,Active
D04083,Darryl Lopez,Hatchback,Toa Payoh,4.37,Active
D04084,Brian Villanueva,Sedan,Woodlands,4.83,Active
D04085,John Hamilton,Suv,Ang Mo Kio,3.91,Suspended
D04086,Julia Kelly,Mpv,Singapore,3.85,Active
D04087,Gary Luna,Electric,Yishun,3.95,Active
D04088,Miss Stephanie Robbins,Sedan,Singapore,4.23,Active
D04089,Dawn Mcdonald,Mpv,Punggol,3.86,Active
D04090,James Nichols,Mpv,Singapore,3.89,Active
D04091,Michael Edwards,Mpv,Yishun,3.76,Active
D04092,Michael Gibson,Mpv,Bedok,4.88,Active
D04093,Victor Curtis,Premium,Bishan,4.12,Active
D04094,Audrey Mason,Premium,Bedok,4.41,Active
D04095,Jeffrey Costa,Sedan,Toa Payoh,4.57,Active
D04096,Bonnie Vincent,Electric,Yishun,3.67,Active
D04097,Amanda Valdez,Electric,Toa Payoh,3.93,Active
D04098,Christopher James,Mpv,Yishun,4.12,Active
D04099,Hayden Thomas,Hatchback,Toa Payoh,3.81,Active
D04100,Amy Johnson MD,Premium,Tampines,4.06,Active
D04101,Jay Whitaker Jr.,Hatchback,Punggol,4.7,Active
D04102,Haley Summers,Hatchback,Bishan,3.51,Active
D04103,Matthew Mahoney,Sedan,Jurong,4.44,Active
D04104,Sean Lee,Sedan,Yishun,4.95,Active
D04105,Anthony Haas,Hatchback,Yishun,3.65,Active
D04106,Raymond Berry,Electric,Bishan,3.96,Active
D04107,Mark Blackwell,Electric,Woodlands,4.31,Inactive
D04108,Kelly Ramirez,Premium,Yishun,4.71,Active
D04109,Lisa Martin,Suv,Singapore,4.87,Active
D04110,Tamara Walker,Hatchback,Punggol,4.47,Active
D04111,Joshua Mason,Electric,Punggol,4.64,Active
D04112,Randall Erickson,Suv,Bedok,4.03,Active
D04113,David Arias,Mpv,Singapore,4.15,Active
D04114,Stacey Allen,Electric,Jurong,4.14,Active
D04115,Andrea Carson,Premium,Toa Payoh,3.51,Active
D04116,James Hardy,Hatchback,Jurong,3.71,Active
D04117,Samantha Little,Electric,Punggol,4.51,Active
D04118,Jamie Harrison,Mpv,Ang Mo Kio,4.53,Active
D04119,Shannon Valenzuela,Suv,Tampines,4.36,Active
D04120,Mike Clark,Suv,Yishun,4.99,Active
D04121,Sandra Johnson,Hatchback,Punggol,3.8,Active
D04122,Jacqueline Proctor,Suv,Woodlands,4.63,Active
D04123,Laura Johns,Hatchback,Yishun,3.75,Active
D04124,Lisa Davis,Sedan,Ang Mo Kio,4.88,Active
D04125,Andrew Dean,Suv,Woodlands,4.71,Inactive
D04126,Gregory Parker,Sedan,Bedok,4.16,Active
D04127,Sheila Nelson,Mpv,Toa Payoh,4.41,Active
D04128,Steven Robinson,Hatchback,Woodlands,4.69,Active
D04129,Robert Larson,Suv,Jurong,4.26,Suspended
D04130,Christopher Grimes,Premium,Bedok,4.56,Inactive
D04131,Jerry Lopez DDS,Suv,Punggol,4.33,Active
D04132,Brittany Reeves,Premium,Bishan,4.76,Active
D04133,Mrs. Sharon Kennedy PhD,Hatchback,Singapore,3.83,Active
D04134,Sheila Mendoza,Mpv,Yishun,4.55,Active
D04135,Megan Wood,Sedan,Punggol,4.19,Inactive
D04136,Amy Poole,Suv,Bedok,4.84,Active
D04137,Julia White,Suv,Toa Payoh,4.85,Active
D04138,Wendy Ellison,Electric,Yishun,4.2,Active
D04139,Joseph Norris,Premium,Punggol,4.7,Active
D04140,Ashlee Roman,Mpv,Bishan,4.01,Active
D04141,Warren Howard,Electric,Bedok,4.01,Active
D04142,Kenneth Adams,Suv,Bishan,3.9,Active
D04143,Monique Rogers,Premium,Tampines,3.64,Active
D04144,Anita Palmer,Suv,Woodlands,3.71,Active
D04145,Catherine Smith,Premium,Toa Payoh,3.75,Active
D04146,Terri Peterson,Suv,Jurong,4.97,Active
D04147,Yvonne Owens,Suv,Bedok,3.81,Active
D04148,Tina Sanders,Mpv,Bedok,3.72,Active
D04149,Jeffrey Miller,Sedan,Yishun,4.51,Active
D04150,Rebecca Lloyd,Electric,Singapore,4.11,Active
D04151,Alexandra Sherman,Sedan,Bedok,4.19,Active
D04152,Tamara Bishop,Premium,Punggol,4.63,Active
D04153,Jeremy Kline,Mpv,Bedok,3.72,Active
D04154,Gina Smith,Electric,Tampines,4.21,Active
D04155,Jasmin Marquez,Mpv,Bishan,4.45,Inactive
D04156,Morgan Miller,Mpv,Ang Mo Kio,3.99,Active
D04157,Brittany Graves,Sedan,Ang Mo Kio,4.05,Active
D04158,Anna Walsh,Mpv,Bedok,3.87,Active
D04159,Jessica Rice,Sedan,Bedok,4.96,Active
D04160,Paul Brown,Hatchback,Toa Payoh,4.38,Active
D04161,Larry English,Mpv,Toa Payoh,4.85,Active
D04162,Eric Hull,Electric,Toa Payoh,4.24,Active
D04163,Kimberly Lewis,Electric,Bedok,3.56,Active
D04164,Dr. Daniel Moses,Mpv,Punggol,4.32,Active
D04165,Frederick Brooks,Sedan,Yishun,4.97,Active
D04166,Christian Garrett,Mpv,Tampines,4.3,Inactive
D04167,Michele Collins,Premium,Woodlands,4.74,Active
D04168,Eduardo Douglas,Premium,Bishan,3.84,Active
D04169,Thomas Meyer,Suv,Jurong,4.72,Active
D04170,Dr. Michael Walters,Suv,Punggol,3.75,Inactive
D04171,Angela Williams,Hatchback,Singapore,4.02,Active
D04172,Catherine Simmons,Hatchback,Bishan,4.43,Active
D04173,Katherine Garcia,Electric,Singapore,4.59,Active
D04174,Lisa Rodriguez,Suv,Ang Mo Kio,4.43,Active
D04175,Mr. Robert Carrillo,Mpv,Singapore,4.59,Inactive
D04176,Michael Woods,Sedan,Tampines,4.07,Active
D04177,Peter Cooper,Hatchback,Tampines,3.92,Active
D04178,William Parker,Mpv,Bishan,4.83,Active
D04179,Dominic Miller,Sedan,Punggol,4.76,Active
D04180,Kimberly Lewis,Premium,Yishun,3.51,Active
D04181,Jason Jenkins,Hatchback,Bedok,4.13,Active
D04182,Corey Russell,Hatchback,Yishun,4.62,Active
D04183,Ashley Price,Mpv,Bedok,4.72,Active
D04184,Megan Nichols,Hatchback,Bedok,3.77,Active
D04185,Mr. Chad Patel,Premium,Yishun,4.7,Active
D04186,Mary Bush,Hatchback,Bedok,4.1,Active
D04187,Douglas Barker,Sedan,Yishun,4.47,Active
D04188,Kari Spence,Mpv,Jurong,4.45,Inactive
D04189,Sharon Rollins,Sedan,Woodlands,3.69,Active
D04190,Juan Green,Electric,Tampines,4.66,Active
D04191,Warren Wilson,Sedan,Singapore,4.56,Active
D04192,Matthew Perry,Hatchback,Toa Payoh,4.81,Active
D04193,Bryan Griffith,Electric,Singapore,4.18,Active
D04194,Bruce Pena,Mpv,Ang Mo Kio,4.45,Active
D04195,Lauren Mcdonald,Hatchback,Tampines,4.24,Active
D04196,Catherine Horton,Premium,Tampines,4.74,Active
D04197,Robert Weber,Suv,Yishun,4.13,Active
D04198,John Larson MD,Suv,Punggol,4.61,Active
D04199,Kimberly Braun,Mpv,Bedok,4.58,Active
D04200,Sabrina Anthony,Electric,Woodlands,3.65,Active
D04201,Daniel Harrison,Electric,Singapore,4.8,Active
D04202,Tina Mccormick MD,Hatchback,Ang Mo Kio,4.51,Active
D04203,Gerald Mcguire,Mpv,Bishan,3.79,Active
D04204,Keith Dixon,Suv,Yishun,4.44,Active
D04205,Mary Cunningham,Sedan,Singapore,4.37,Active
D04206,Brian Christian,Sedan,Bishan,4.79,Active
D04207,Zachary Richardson,Premium,Singapore,3.77,Active
D04208,Nicholas Schwartz,Mpv,Jurong,4.36,Inactive
D04209,Cassandra French,Mpv,Bishan,4.38,Active
D04210,Elizabeth Miller,Premium,Ang Mo Kio,4.37,Active
D04211,Ruben Freeman,Hatchback,Yishun,3.72,Active
D04212,Jennifer Benton,Sedan,Bishan,3.92,Active
D04213,Andrea Blake,Premium,Yishun,4.95,Active
D04214,Jessica Le,Hatchback,Punggol,3.77,Active
D04215,Lisa Giles,Sedan,Toa Payoh,4.95,Active
D04216,Shane Crosby,Hatchback,Bishan,3.79,Active
D04217,Joel Johnson MD,Sedan,Toa Payoh,4.95,Active
D04218,Katherine Lopez,Suv,Ang Mo Kio,3.61,Active
D04219,Timothy Kelley,Suv,Jurong,3.8,Active
D04220,John Morrison,Suv,Toa Payoh,4.05,Active
D04221,Manuel Jimenez,Suv,Punggol,4.91,Active
D04222,Ashley Gonzalez,Premium,Woodlands,4.92,Inactive
D04223,Paul Valdez,Sedan,Tampines,3.54,Active
D04224,Alexander Gibson,Suv,Toa Payoh,4.63,Active
D04225,Albert Clark,Mpv,Bedok,4.39,Active
D04226,Brian Gillespie,Sedan,Toa Payoh,3.52,Active
D04227,Christopher Wilkerson,Mpv,Singapore,3.95,Active
D04228,Brian Hicks,Hatchback,Singapore,3.55,Inactive
D04229,Joshua Mcdonald,Suv,Tampines,3.5,Active
D04230,Katelyn Roberts,Sedan,Bishan,4.61,Active
D04231,Michelle Martin,Electric,Yishun,4.6,Active
D04232,Isabella Hughes,Electric,Bedok,4.25,Active
D04233,Ricky Weber,Electric,Bedok,4.35,Active
D04234,Jeffrey Ramirez,Premium,Tampines,4.99,Active
D04235,Richard Baldwin,Sedan,Jurong,3.85,Active
D04236,Elizabeth Stewart,Electric,Singapore,3.95,Active
D04237,Francis Hale,Premium,Yishun,4.87,Active
D04238,Amanda Bennett,Sedan,Woodlands,4.21,Active
D04239,Anthony Preston,Suv,Jurong,3.58,Active
D04240,Lindsey Mcgee,Electric,Woodlands,4.01,Active
D04241,Jeffrey Baldwin,Premium,Bishan,3.89,Active
D04242,Scott Johnson,Hatchback,Bedok,4.53,Active
D04243,Elizabeth Hodge,Sedan,Bedok,3.8,Active
D04244,Lisa Yoder,Sedan,Toa Payoh,4.34,Active
D04245,Zachary Martin,Suv,Punggol,3.88,Active
D04246,Jeremiah Gonzales,Suv,Tampines,4.48,Active
D04247,Ryan Riggs,Mpv,Bedok,4.04,Active
D04248,Dylan Robinson,Hatchback,Jurong,4.66,Active
D04249,Anita Adams,Premium,Jurong,3.7,Inactive
D04250,Donna Rosales,Premium,Ang Mo Kio,4.54,Suspended
D04251,Veronica Weber,Suv,Punggol,3.65,Inactive
D04252,Laurie Williamson,Premium,Yishun,3.98,Inactive
D04253,Jason Lozano,Suv,Bedok,3.85,Active
D04254,Angela Martin,Sedan,Ang Mo Kio,4.28,Active
D04255,Steven Gamble,Premium,Bishan,3.51,Active
D04256,Amanda Cuevas,Hatchback,Bishan,3.64,Active
D04257,Christopher Allen,Mpv,Punggol,4.86,Active
D04258,Rebekah Ryan,Sedan,Singapore,3.62,Active
D04259,Patrick Mcintosh,Hatchback,Tampines,4.64,Active
D04260,Michael Garcia,Sedan,Yishun,3.83,Active
D04261,Tony Allen,Suv,Ang Mo Kio,4.87,Active
D04262,Emily Richard,Electric,Bedok,3.6,Inactive
D04263,Cynthia Morgan,Premium,Ang Mo Kio,4.07,Active
D04264,Donna Ponce,Premium,Singapore,3.92,Active
D04265,Amber Wright,Hatchback,Bishan,4.59,Inactive
D04266,Alexander Rodriguez,Electric,Toa Payoh,4.46,Active
D04267,Randall Hawkins Jr.,Hatchback,Tampines,4.96,Suspended
D04268,Tiffany Clark,Sedan,Ang Mo Kio,4.75,Active
D04269,Julia Foster,Hatchback,Toa Payoh,3.82,Active
D04270,Alexis Gilbert,Hatchback,Punggol,4.52,Active
D04271,Michael Garcia,Suv,Toa Payoh,3.59,Active
D04272,Keith Allen,Hatchback,Toa Payoh,4.99,Active
D04273,Todd Soto,Premium,Bishan,4.98,Active
D04274,Cassidy Perry,Suv,Jurong,4.05,Inactive
D04275,Richard Stuart,Electric,Singapore,3.75,Active
D04276,David Munoz,Sedan,Tampines,3.69,Active
D04277,Jerome Nelson,Hatchback,Bedok,3.75,Active
D04278,Stephen Gonzalez,Sedan,Bedok,3.53,Suspended
D04279,Christopher Mcconnell,Hatchback,Jurong,3.84,Active
D04280,Paul Bass,Premium,Woodlands,4.57,Active
D04281,Lawrence Jones,Sedan,Bishan,4.47,Inactive
D04282,Amanda Harris,Hatchback,Ang Mo Kio,4.69,Active
D04283,Emily Clark,Premium,Tampines,4.14,Active
D04284,Jeffery Henson,Electric,Toa Payoh,4.58,Active
D04285,Elizabeth Harris,Hatchback,Bishan,4.5,Active
D04286,Karen Nichols,Sedan,Yishun,3.85,Active
D04287,Jennifer Reyes,Mpv,Singapore,4.14,Active
D04288,Angela Clark,Mpv,Bishan,4.0,Active
D04289,Patricia Soto,Hatchback,Ang Mo Kio,4.91,Active
D04290,Ronald Chen Jr.,Premium,Bishan,4.37,Active
D04291,Julia Jackson,Suv,Yishun,4.31,Active
D04292,Marc Daniels,Hatchback,Tampines,3.72,Active
D04293,Denise Miller,Mpv,Tampines,3.84,Active
D04294,Dr. Wesley Fischer MD,Sedan,Ang Mo Kio,3.55,Active
D04295,Matthew Baker,Electric,Woodlands,3.53,Active
D04296,Zachary Collier,Suv,Yishun,4.41,Inactive
D04297,Jerome Simmons,Suv,Bedok,4.15,Active
D04298,Anthony Ward,Suv,Woodlands,4.47,Active
D04299,Mrs. Jasmine Mccann,Mpv,Tampines,4.46,Active
D04300,Pam Summers,Premium,Jurong,4.83,Active
D04301,Anthony Jones,Sedan,Bedok,4.11,Active
D04302,Michael Pena,Electric,Toa Payoh,4.1,Active
D04303,Phillip Dyer,Suv,Tampines,3.76,Active
D04304,Sherry Steele,Suv,Bishan,4.36,Active
D04305,Tracy Hebert,Hatchback,Jurong,4.69,Active
D04306,Brad Williams,Hatchback,Jurong,4.79,Inactive
D04307,Sandra Graham,Hatchback,Bedok,4.12,Active
D04308,Joseph Peterson,Electric,Bedok,4.28,Active
D04309,Stephen Pope,Sedan,Woodlands,3.93,Active
D04310,Mark Russell,Premium,Punggol,4.59,Active
D04311,Chad Smith,Hatchback,Bedok,3.95,Active
D04312,Taylor Wallace,Premium,Woodlands,3.74,Active
D04313,Jeffrey Davidson,Suv,Bishan,4.93,Active
D04314,Michael Stevens,Mpv,Yishun,4.7,Active
D04315,Shawn Thompson,Sedan,Bedok,3.7,Active
D04316,William Gaines,Mpv,Tampines,4.37,Active
D04317,Alexis White,Hatchback,Punggol,4.66,Active
D04318,Bobby Mcclain,Suv,Ang Mo Kio,4.86,Inactive
D04319,Michele Reed,Sedan,Punggol,4.09,Active
D04320,Daniel Rubio,Sedan,Singapore,4.52,Active
D04321,Justin Vazquez,Mpv,Tampines,4.61,Inactive
D04322,Joseph Landry,Premium,Bishan,4.49,Active
D04323,Sandra Wilson,Premium,Singapore,3.81,Active
D04324,Eric Davis,Hatchback,Woodlands,4.28,Active
D04325,Ryan Nichols,Mpv,Yishun,4.25,Active
D04326,David Hodges,Mpv,Woodlands,3.51,Active
D04327,Jeremy Wilkinson,Hatchback,Jurong,4.38,Active
D04328,Michael Mcguire,Suv,Ang Mo Kio,3.73,Active
D04329,Walter Diaz,Suv,Bedok,3.9,Active
D04330,Sean Miller,Premium,Ang Mo Kio,3.74,Inactive
D04331,Kathleen Williams,Hatchback,Singapore,4.03,Active
D04332,Jerome Lewis,Suv,Punggol,4.81,Active
D04333,Marcus Lynch,Electric,Toa Payoh,4.25,Active
D04334,Kaitlyn Faulkner,Electric,Punggol,4.24,Active
D04335,Chloe Howard,Electric,Toa Payoh,4.51,Active
D04336,Jennifer Huffman,Sedan,Yishun,4.74,Active
D04337,Carrie Meyers,Premium,Ang Mo Kio,3.53,Active
D04338,Aaron Alvarado,Mpv,Bishan,4.2,Active
D04339,Michelle Miller,Hatchback,Singapore,4.57,Active
D04340,Joanna Buchanan,Mpv,Bishan,3.8,Active
D04341,John Ramos,Mpv,Tampines,3.68,Active
D04342,Andrea Paul,Electric,Toa Payoh,4.63,Active
D04343,Lisa Gomez,Sedan,Tampines,4.04,Active
D04344,Mary Gonzales,Electric,Yishun,4.79,Active
D04345,Brian Hall,Mpv,Singapore,3.82,Active
D04346,Dr. Jessica Patel,Premium,Yishun,4.68,Inactive
D04347,William Mueller,Premium,Singapore,4.84,Active
D04348,Joseph Branch,Hatchback,Ang Mo Kio,4.49,Active
D04349,Justin Morris,Sedan,Woodlands,3.8,Active
D04350,Kimberly Brown,Electric,Woodlands,3.75,Active
D04351,Mitchell Lee,Mpv,Toa Payoh,3.77,Suspended
D04352,Anthony Price,Hatchback,Jurong,3.89,Active
D04353,Richard Meyers,Suv,Toa Payoh,4.95,Active
D04354,Julie Douglas,Suv,Yishun,3.65,Active
D04355,Jennifer Miles,Electric,Bedok,4.24,Active
D04356,Kristine Hernandez,Mpv,Ang Mo Kio,4.13,Active
D04357,Jeffrey Marsh,Suv,Woodlands,4.45,Active
D04358,Justin Valdez,Premium,Bishan,4.52,Active
D04359,Colleen Shah,Electric,Woodlands,4.29,Inactive
D04360,Rachel Sanchez,Suv,Jurong,4.34,Inactive
D04361,Danielle Prince,Mpv,Toa Payoh,3.81,Active
D04362,Michele Bates,Electric,Singapore,3.54,Active
D04363,Matthew Smith,Hatchback,Jurong,3.93,Active
D04364,Amber Mitchell,Mpv,Yishun,4.85,Inactive
D04365,Anna Martinez,Premium,Tampines,4.87,Active
D04366,Samantha Castillo,Suv,Jurong,3.91,Active
D04367,Maria Clark,Electric,Ang Mo Kio,4.34,Active
D04368,Peggy Ward,Premium,Ang Mo Kio,3.81,Active
D04369,Aaron Reed,Mpv,Punggol,4.65,Active
D04370,Martin Reese,Premium,Ang Mo Kio,3.72,Active
D04371,Angela Ortiz,Sedan,Woodlands,4.34,Active
D04372,Ms. Audrey Weber,Suv,Ang Mo Kio,4.2,Active
D04373,Theresa Stewart,Sedan,Ang Mo Kio,4.04,Active
D04374,Anthony Dunn,Suv,Bedok,4.38,Active
D04375,Tyler Houston,Sedan,Singapore,4.54,Active
D04376,Michael Garcia,Suv,Punggol,4.23,Active
D04377,Kelly Wright,Hatchback,Ang Mo Kio,4.96,Active
D04378,Janet Franklin,Hatchback,Woodlands,4.34,Active
D04379,Kaitlin Lee,Suv,Woodlands,3.9,Active
D04380,Dana Howard,Hatchback,Yishun,4.84,Active
D04381,Hannah Howard,Mpv,Woodlands,4.75,Active
D04382,Mitchell Nelson,Hatchback,Bishan,3.85,Active
D04383,Derek Smith,Mpv,Singapore,4.76,Active
D04384,Joanna Weaver,Premium,Ang Mo Kio,3.66,Active
D04385,Mark Garcia,Hatchback,Bishan,4.67,Active
D04386,Anthony Stewart,Sedan,Bishan,4.94,Active
D04387,David Lewis,Mpv,Bishan,4.18,Active
D04388,Ralph Williams,Hatchback,Yishun,3.86,Inactive
D04389,Christopher Hernandez,Mpv,Singapore,4.19,Active
D04390,Andrew Mitchell,Electric,Yishun,3.51,Active
D04391,Mark Thompson,Mpv,Tampines,4.2,Active
D04392,Monica Fuller,Suv,Tampines,3.68,Active
D04393,Pamela Reyes,Hatchback,Jurong,3.75,Active
D04394,Shawn Moore,Mpv,Toa Payoh,4.36,Active
D04395,Christopher Ward,Mpv,Woodlands,4.29,Active
D04396,Matthew Thompson,Hatchback,Singapore,3.55,Active
D04397,Richard Hughes,Electric,Toa Payoh,4.62,Active
D04398,Deborah Lynch,Sedan,Punggol,3.62,Suspended
D04399,Derek Davis,Sedan,Yishun,4.46,Inactive
D04400,Samuel House,Suv,Toa Payoh,3.68,Active
D04401,Beth Gibson,Sedan,Toa Payoh,4.13,Inactive
D04402,Rhonda Smith,Hatchback,Woodlands,3.7,Active
D04403,Miss Elizabeth Powell,Electric,Bishan,4.93,Active
D04404,Michael Jackson,Mpv,Tampines,3.93,Active
D04405,Ryan Barrera PhD,Mpv,Bedok,3.54,Active
D04406,Betty Liu,Mpv,Ang Mo Kio,3.52,Active
D04407,Christina Norris,Premium,Punggol,4.08,Active
D04408,Mary Pacheco,Premium,Tampines,4.09,Active
D04409,Daniel Watson,Sedan,Yishun,4.18,Active
D04410,Kaitlin Arnold,Mpv,Tampines,4.72,Suspended
D04411,Lauren Curtis,Electric,Yishun,4.83,Active
D04412,Jennifer Flores,Hatchback,Woodlands,4.26,Active
D04413,Paige Castillo,Hatchback,Singapore,3.84,Active
D04414,Kevin Watson,Sedan,Punggol,4.57,Active
D04415,Eddie White,Suv,Toa Payoh,4.11,Active
D04416,Derek Hansen,Premium,Woodlands,4.78,Active
D04417,Christopher Savage,Mpv,Jurong,4.4,Active
D04418,Lauren Williams,Electric,Tampines,4.39,Active
D04419,Jared Green,Suv,Punggol,4.11,Active
D04420,Kelly Walker,Sedan,Punggol,4.87,Active
D04421,Christopher Sexton,Premium,Punggol,3.74,Active
D04422,Ashley Fox,Suv,Jurong,4.78,Active
D04423,Paula Ponce,Premium,Punggol,4.86,Inactive
D04424,Tammy Ortiz,Mpv,Ang Mo Kio,4.06,Active
D04425,Jasmine Pineda,Mpv,Toa Payoh,4.21,Active
D04426,Kenneth Duran MD,Hatchback,Singapore,4.68,Active
D04427,Christopher Cline,Hatchback,Tampines,4.97,Active
D04428,Sandra Nelson,Hatchback,Tampines,3.82,Active
D04429,Andrew Butler,Sedan,Punggol,4.56,Active
D04430,Bobby Lee,Mpv,Yishun,4.72,Active
D04431,Kathleen Solomon,Sedan,Singapore,4.55,Active
D04432,Christopher Brown,Hatchback,Singapore,4.63,Active
D04433,Susan Friedman,Premium,Yishun,4.65,Active
D04434,Carolyn Hayes,Suv,Woodlands,3.82,Active
D04435,Cynthia Sherman,Sedan,Ang Mo Kio,3.74,Active
D04436,Richard Peterson,Premium,Ang Mo Kio,4.48,Active
D04437,Cassidy Pennington,Hatchback,Woodlands,4.51,Active
D04438,Jamie Walker,Suv,Tampines,4.04,Active
D04439,David Brooks,Electric,Singapore,4.17,Active
D04440,James King,Hatchback,Jurong,3.59,Active
D04441,Amy Bentley,Electric,Punggol,4.55,Active
D04442,Anna Williams,Sedan,Singapore,4.67,Active
D04443,Devon Jones,Sedan,Tampines,3.87,Active
D04444,Michael Barton,Suv,Ang Mo Kio,3.72,Active
D04445,Dakota Mccoy,Hatchback,Bedok,4.17,Active
D04446,Jacob Cross,Premium,Jurong,4.32,Active
D04447,Angela Johnson,Premium,Singapore,4.21,Active
D04448,Mark Bradley,Suv,Bedok,4.58,Active
D04449,Kathleen Sanders,Hatchback,Jurong,4.12,Suspended
D04450,Matthew Gill,Premium,Woodlands,4.98,Active
D04451,Jennifer Johnson,Premium,Yishun,3.98,Active
D04452,Samantha Porter,Mpv,Bishan,3.95,Active
D04453,Erica Schwartz,Electric,Tampines,4.82,Active
D04454,Gabriel Holland,Suv,Woodlands,4.39,Active
D04455,Tonya Thomas,Sedan,Bedok,4.73,Active
D04456,Richard Ramirez,Premium,Yishun,3.72,Active
D04457,William Morgan,Sedan,Bedok,4.32,Active
D04458,Erin Mccann MD,Hatchback,Tampines,4.2,Active
D04459,Scott Ruiz,Premium,Jurong,4.98,Active
D04460,Sheri Cherry,Electric,Woodlands,4.85,Active
D04461,Audrey Lopez,Hatchback,Ang Mo Kio,4.02,Active
D04462,Tamara Baker MD,Electric,Woodlands,4.31,Active
D04463,Michelle Novak,Electric,Punggol,4.96,Active
D04464,Sydney English,Hatchback,Ang Mo Kio,4.06,Active
D04465,Tammy Fletcher,Mpv,Bishan,4.84,Active
D04466,Diana Thornton,Premium,Yishun,4.84,Inactive
D04467,Katrina Liu,Electric,Punggol,4.53,Active
D04468,Stephen Mcclain,Sedan,Jurong,3.86,Active
D04469,Kevin Williams,Electric,Bishan,3.98,Active
D04470,Karen Cisneros,Sedan,Tampines,4.7,Active
D04471,Joseph Beard,Mpv,Tampines,4.03,Active
D04472,Kelsey Mckinney,Sedan,Bishan,3.99,Active
D04473,Sara Bass,Mpv,Yishun,4.33,Active
D04474,Andrew Rivera,Suv,Tampines,4.08,Active
D04475,Teresa Smith,Suv,Bedok,3.6,Active
D04476,Nichole Ayala,Premium,Yishun,4.92,Active
D04477,Elizabeth Finley,Mpv,Tampines,4.48,Active
D04478,Derrick Stanton,Hatchback,Toa Payoh,4.72,Active
D04479,Scott Robertson,Electric,Yishun,4.27,Inactive
D04480,Michael James,Mpv,Jurong,4.72,Active
D04481,Crystal Crosby,Premium,Tampines,4.84,Active
D04482,Luis Smith,Premium,Woodlands,4.21,Active
D04483,John Campos,Hatchback,Toa Payoh,4.92,Active
D04484,Jessica Wilkerson,Sedan,Ang Mo Kio,3.58,Active
D04485,Heather Howard,Electric,Jurong,4.38,Active
D04486,Christopher Morales,Sedan,Yishun,4.12,Active
D04487,Michael Sherman,Mpv,Bishan,4.51,Active
D04488,Chelsea Young,Electric,Bishan,4.46,Active
D04489,Bryan Ward,Suv,Ang Mo Kio,4.97,Active
D04490,Christina Poole,Mpv,Toa Payoh,4.58,Active
D04491,John Bradley,Sedan,Ang Mo Kio,4.68,Active
D04492,Thomas Foley,Premium,Singapore,4.56,Active
D04493,Daniel Wilson,Electric,Tampines,3.62,Active
D04494,Shannon Jackson,Sedan,Jurong,4.71,Active
D04495,Jesse Taylor,Hatchback,Tampines,3.85,Active
D04496,Jennifer Baxter,Mpv,Punggol,4.47,Active
D04497,Melissa Noble,Sedan,Jurong,4.51,Active
D04498,Sharon Morse,Premium,Ang Mo Kio,4.71,Active
D04499,Kim Hendrix,Hatchback,Toa Payoh,4.78,Active
D04500,Joseph Vincent,Suv,Toa Payoh,4.45,Active
D04501,Paul Parker,Hatchback,Jurong,3.72,Inactive
D04502,Sheila Reid,Hatchback,Bishan,4.96,Active
D04503,Shelby Peterson,Sedan,Singapore,4.15,Active
D04504,Matthew King,Premium,Bishan,4.64,Active
D04505,Dillon Mendez,Hatchback,Bishan,4.09,Active
D04506,William Ferguson,Hatchback,Punggol,4.96,Active
D04507,Dawn Fernandez,Mpv,Jurong,4.7,Active
D04508,Evelyn Sparks,Hatchback,Woodlands,3.58,Active
D04509,Melissa Smith,Hatchback,Punggol,4.24,Active
D04510,Jasmin Cervantes,Sedan,Woodlands,3.91,Inactive
D04511,Tiffany Hughes,Electric,Bishan,4.52,Active
D04512,Sierra Jordan,Electric,Toa Payoh,3.83,Active
D04513,Steven Hawkins,Premium,Singapore,4.14,Active
D04514,Richard Thomas,Mpv,Woodlands,3.9,Active
D04515,Michael Johnson,Hatchback,Punggol,4.27,Active
D04516,Tina Copeland,Hatchback,Tampines,3.91,Active
D04517,Karen Gregory,Premium,Punggol,4.02,Active
D04518,Philip Brennan MD,Premium,Ang Mo Kio,4.4,Active
D04519,Katherine Castaneda MD,Mpv,Singapore,4.15,Active
D04520,James Price,Mpv,Singapore,3.56,Active
D04521,Gerald Brown,Sedan,Yishun,4.81,Active
D04522,Thomas Walters,Sedan,Yishun,3.87,Active
D04523,Brandon Payne,Suv,Singapore,4.96,Active
D04524,Tamara Douglas,Premium,Singapore,3.68,Active
D04525,Andrea Smith,Sedan,Tampines,3.95,Active
D04526,Samantha Perez,Electric,Punggol,3.65,Active
D04527,Tami Swanson,Premium,Tampines,4.53,Active
D04528,Scott Crawford,Mpv,Ang Mo Kio,4.91,Active
D04529,Sonia White,Electric,Singapore,4.24,Active
D04530,Mrs. Emily Schwartz,Premium,Ang Mo Kio,3.94,Active
D04531,John Williams,Sedan,Punggol,4.47,Active
D04532,Nancy Martinez,Suv,Jurong,4.53,Active
D04533,Erin Robinson,Mpv,Bishan,4.81,Active
D04534,Daniel Carey,Sedan,Tampines,4.28,Active
D04535,Jamie Stewart,Premium,Singapore,3.75,Active
D04536,James Hall,Premium,Tampines,4.54,Active
D04537,Kelli Brennan,Suv,Yishun,4.86,Active
D04538,Daniel Washington,Premium,Jurong,4.53,Active
D04539,Tracy Maldonado,Sedan,Ang Mo Kio,3.69,Active
D04540,Kelly Gregory,Sedan,Tampines,4.66,Active
D04541,Gloria Boyer,Sedan,Ang Mo Kio,4.74,Suspended
D04542,Henry Yu,Suv,Punggol,3.79,Active
D04543,James Gray,Premium,Woodlands,3.69,Active
D04544,David Silva,Premium,Punggol,3.54,Active
D04545,Jennifer Bird,Hatchback,Ang Mo Kio,4.02,Active
D04546,Gregory Grimes,Electric,Ang Mo Kio,4.49,Active
D04547,Bradley Olson,Sedan,Toa Payoh,4.89,Active
D04548,Joshua Miranda,Electric,Jurong,4.41,Active
D04549,Kenneth Freeman,Suv,Yishun,4.71,Inactive
D04550,Aaron Mckenzie,Sedan,Punggol,4.81,Active
D04551,Barbara Patterson,Mpv,Jurong,4.14,Inactive
D04552,Kristen Ward,Premium,Toa Payoh,3.55,Active
D04553,Tamara Harris,Sedan,Singapore,3.96,Active
D04554,James Carter,Premium,Woodlands,4.8,Active
D04555,Antonio Brooks,Electric,Toa Payoh,3.74,Active
D04556,Cheryl Davis,Sedan,Singapore,4.91,Active
D04557,Matthew Drake,Hatchback,Bedok,4.71,Active
D04558,Cathy Blake,Premium,Toa Payoh,4.21,Active
D04559,Michael Thompson,Hatchback,Tampines,4.55,Active
D04560,Ashlee Bright,Mpv,Toa Payoh,3.97,Active
D04561,Anna White,Electric,Punggol,4.93,Active
D04562,Barbara Pugh,Electric,Jurong,3.75,Active
D04563,Sara Clark,Electric,Tampines,3.89,Active
D04564,Laura Sherman,Premium,Bedok,4.81,Active
D04565,Sarah Campos,Sedan,Tampines,3.62,Active
D04566,Seth Wilkerson,Sedan,Singapore,4.43,Active
D04567,Darryl Cannon MD,Electric,Yishun,3.55,Active
D04568,Natalie Clayton,Sedan,Singapore,3.83,Active
D04569,Alicia Brown,Electric,Singapore,3.62,Inactive
D04570,Michelle Contreras,Electric,Bishan,4.87,Active
D04571,Jacqueline Thomas,Electric,Ang Mo Kio,4.52,Active
D04572,Richard Pham,Premium,Tampines,4.18,Active
D04573,Richard Hernandez,Mpv,Singapore,4.98,Active
D04574,Kathryn Mccarty,Premium,Bedok,3.75,Active
D04575,Lisa Mcdonald,Electric,Ang Mo Kio,4.2,Active
D04576,Donna Goodman,Premium,Bishan,3.81,Active
D04577,Mary Johnson,Premium,Singapore,3.7,Suspended
D04578,Anita Medina,Mpv,Woodlands,3.58,Active
D04579,Lisa Green,Electric,Ang Mo Kio,4.0,Active
D04580,Alexandria Turner,Mpv,Jurong,4.01,Active
D04581,Michael Roberts,Mpv,Yishun,4.14,Active
D04582,Jane Smith,Electric,Ang Mo Kio,4.24,Active
D04583,Dennis Johnson,Premium,Toa Payoh,4.68,Active
D04584,John Ewing,Hatchback,Jurong,3.75,Inactive
D04585,Chris Baker,Sedan,Woodlands,3.84,Active
D04586,Ricky Chen,Sedan,Ang Mo Kio,3.59,Active
D04587,Maureen White,Sedan,Punggol,4.71,Active
D04588,Ryan Townsend,Suv,Ang Mo Kio,4.73,Active
D04589,Kyle Bell,Sedan,Singapore,4.96,Active
D04590,Emily Patel,Premium,Tampines,4.83,Active
D04591,Keith Williams,Mpv,Punggol,4.05,Active
D04592,Ryan Hunter,Hatchback,Yishun,4.58,Active
D04593,Janice Smith,Mpv,Bishan,4.76,Active
D04594,Ryan Brown,Premium,Tampines,4.03,Active
D04595,Wendy Woods,Sedan,Singapore,4.85,Active
D04596,Robert Mcdowell,Electric,Tampines,4.95,Active
D04597,Cheryl Fernandez,Premium,Singapore,4.9,Active
D04598,James Kennedy,Mpv,Woodlands,4.63,Active
D04599,Paula Lynch,Mpv,Yishun,3.75,Inactive
D04600,David Turner,Premium,Woodlands,4.84,Active
D04601,Daniel Bullock,Electric,Punggol,4.74,Active
D04602,Anita Mcdonald,Premium,Toa Payoh,4.31,Inactive
D04603,Rhonda Melendez,Mpv,Toa Payoh,4.2,Active
D04604,Frank Cole,Hatchback,Yishun,3.77,Active
D04605,Jessica Rosales,Electric,Punggol,4.99,Active
D04606,Tara Jones,Hatchback,Ang Mo Kio,3.76,Active
D04607,Nathan Patton,Hatchback,Punggol,4.97,Active
D04608,Tiffany Lopez,Sedan,Bedok,3.65,Active
D04609,Melissa Clark,Hatchback,Woodlands,4.84,Active
D04610,Kelly Spears,Mpv,Bishan,4.73,Active
D04611,Patrick West,Mpv,Jurong,4.87,Inactive
D04612,Jeremy Martin,Premium,Jurong,4.64,Active
D04613,Gabriel Howard,Sedan,Jurong,4.84,Active
D04614,Crystal Arroyo,Hatchback,Bishan,3.9,Active
D04615,Cassidy Fields,Mpv,Ang Mo Kio,3.96,Active
D04616,Diane Miller,Mpv,Jurong,3.77,Active
D04617,Arthur Salazar,Sedan,Ang Mo Kio,4.91,Inactive
D04618,Jill Mendoza,Electric,Toa Payoh,4.0,Active
D04619,Jason Keller,Premium,Singapore,4.02,Active
D04620,Bonnie Flores,Hatchback,Ang Mo Kio,4.95,Active
D04621,Ryan Robertson,Sedan,Toa Payoh,4.36,Active
D04622,Michelle Brooks,Suv,Toa Payoh,4.84,Active
D04623,Joseph Kelly,Sedan,Toa Payoh,4.94,Inactive
D04624,Jamie Reilly,Mpv,Ang Mo Kio,4.38,Active
D04625,Sarah Buchanan,Sedan,Punggol,3.81,Active
D04626,Jason Kelly,Mpv,Singapore,3.94,Active
D04627,Paul Smith,Sedan,Jurong,4.08,Active
D04628,Elizabeth Navarro,Suv,Yishun,4.68,Active
D04629,James Johnson,Electric,Toa Payoh,3.74,Active
D04630,Ronald Bowman,Mpv,Bedok,3.55,Active
D04631,Mark Torres,Suv,Woodlands,4.31,Inactive
D04632,Katie Stephens,Suv,Ang Mo Kio,3.65,Active
D04633,Deborah Collins,Mpv,Singapore,4.74,Active
D04634,John Wilson III,Hatchback,Ang Mo Kio,4.24,Active
D04635,Charles Kerr,Mpv,Bedok,4.21,Active
D04636,Alison Moore,Mpv,Bedok,4.65,Active
D04637,James Lee,Suv,Yishun,4.84,Active
D04638,Andrew Dickerson,Premium,Yishun,4.62,Active
D04639,Peter Lindsey,Suv,Ang Mo Kio,4.24,Active
D04640,Brian Anderson,Hatchback,Tampines,4.69,Active
D04641,Amy Hill,Premium,Bishan,4.24,Active
D04642,Tracy Meyer,Suv,Toa Payoh,3.84,Active
D04643,Chris Wilkerson,Electric,Yishun,4.98,Active
D04644,Richard Juarez,Premium,Toa Payoh,4.66,Inactive
D04645,Nancy Leblanc,Sedan,Bedok,3.9,Active
D04646,Mr. Paul Brown DDS,Hatchback,Singapore,3.5,Active
D04647,Kimberly Hernandez,Hatchback,Woodlands,4.11,Active
D04648,Julia Walker,Sedan,Toa Payoh,4.98,Active
D04649,Michael Martin,Electric,Tampines,3.82,Active
D04650,Amber Fisher,Sedan,Punggol,3.94,Suspended
D04651,Harold Robertson,Suv,Singapore,3.78,Active
D04652,Annette Carter,Mpv,Jurong,4.36,Active
D04653,Rebecca Scott,Sedan,Woodlands,4.99,Active
D04654,Ashley Price,Hatchback,Yishun,4.04,Active
D04655,Felicia Ryan,Hatchback,Tampines,3.58,Active
D04656,Jodi Garcia,Suv,Yishun,4.89,Active
D04657,James Chan,Hatchback,Ang Mo Kio,3.63,Active
D04658,Jason Banks,Mpv,Toa Payoh,4.94,Active
D04659,Christopher Stevens,Suv,Ang Mo Kio,4.96,Active
D04660,Dana Kelley,Premium,Punggol,4.38,Active
D04661,Antonio Daniels,Sedan,Bishan,4.0,Active
D04662,Thomas Gonzalez,Electric,Woodlands,3.73,Active
D04663,Anne Lopez,Premium,Yishun,3.79,Active
D04664,Briana Oconnor,Suv,Tampines,4.07,Active
D04665,Keith Ponce,Hatchback,Toa Payoh,3.71,Active
D04666,Christine Nelson,Hatchback,Jurong,4.95,Inactive
D04667,Robert Davila,Electric,Singapore,3.92,Active
D04668,Stephen Gonzales,Mpv,Ang Mo Kio,3.98,Active
D04669,Ruben Sutton,Electric,Woodlands,4.12,Active
D04670,Vanessa Martinez,Mpv,Bedok,3.71,Active
D04671,Tonya Gonzalez,Electric,Woodlands,3.84,Active
D04672,Mrs. Bonnie Arellano,Electric,Jurong,4.21,Inactive
D04673,Maria Wright,Premium,Singapore,4.66,Active
D04674,Emily Perez,Mpv,Yishun,3.65,Active
D04675,Henry Cohen,Mpv,Woodlands,3.52,Active
D04676,Jeffrey Watts,Sedan,Punggol,4.24,Active
D04677,Heather Villegas,Suv,Toa Payoh,3.73,Active
D04678,Shawn Roberts,Premium,Bedok,3.72,Active
D04679,Deborah Palmer,Suv,Bedok,4.83,Active
D04680,Alexander Hardy,Premium,Toa Payoh,3.9,Active
D04681,Max Richards,Premium,Punggol,4.9,Active
D04682,Samuel Davidson,Mpv,Singapore,4.71,Active
D04683,Mr. William Guerrero,Electric,Jurong,4.55,Active
D04684,Kylie Smith,Sedan,Tampines,3.55,Active
D04685,Jennifer Walker,Sedan,Jurong,4.82,Active
D04686,Timothy Cook,Premium,Punggol,4.07,Active
D04687,Casey Clark,Electric,Yishun,4.85,Active
D04688,Derrick Cooper,Electric,Punggol,3.6,Active
D04689,Nicholas Arellano,Suv,Woodlands,3.51,Active
D04690,Dr. Sarah Doyle,Suv,Toa Payoh,3.63,Active
D04691,Ian Jones,Sedan,Tampines,4.0,Inactive
D04692,Crystal Vincent,Premium,Toa Payoh,4.84,Suspended
D04693,Joshua Diaz,Sedan,Jurong,3.76,Active
D04694,Michelle Drake,Suv,Punggol,4.54,Active
D04695,Christina Gibson,Hatchback,Yishun,4.63,Active
D04696,Joshua Dawson,Electric,Bedok,4.91,Active
D04697,John Rodriguez,Hatchback,Singapore,3.76,Active
D04698,Robert Cobb,Suv,Jurong,3.66,Active
D04699,Kenneth Johnson,Sedan,Toa Payoh,3.59,Active
D04700,Javier Odom,Electric,Jurong,4.85,Active
D04701,Corey Butler,Premium,Punggol,4.28,Inactive
D04702,Bobby Brown,Mpv,Toa Payoh,4.53,Active
D04703,Nicole King,Sedan,Punggol,4.21,Inactive
D04704,Michael Brooks MD,Hatchback,Bedok,3.7,Active
D04705,Courtney Jones,Sedan,Woodlands,3.74,Active
D04706,Sharon Scott,Hatchback,Woodlands,4.69,Active
D04707,Gregory Thompson,Hatchback,Bishan,4.65,Suspended
D04708,Anthony Mcfarland,Mpv,Bishan,4.86,Active
D04709,Corey Moore,Mpv,Jurong,3.98,Active
D04710,Melanie Sullivan,Hatchback,Woodlands,3.74,Active
D04711,Bryan Graves,Sedan,Ang Mo Kio,4.45,Active
D04712,Robert Hicks,Hatchback,Woodlands,3.57,Active
D04713,Zachary Shelton,Sedan,Toa Payoh,3.63,Active
D04714,Maxwell Estrada,Premium,Punggol,4.36,Active
D04715,Benjamin Avery,Suv,Singapore,4.02,Inactive
D04716,Sara Stokes,Sedan,Tampines,4.0,Active
D04717,Tanya Rogers,Electric,Bishan,4.3,Active
D04718,Jessica Wagner,Sedan,Woodlands,4.61,Active
D04719,Jodi Thompson,Premium,Singapore,4.78,Active
D04720,Sharon Barnes,Suv,Yishun,4.44,Active
D04721,Joseph Fernandez,Mpv,Bishan,4.79,Active
D04722,Brett Velasquez,Premium,Punggol,3.83,Active
D04723,Jeremy Page,Electric,Jurong,3.93,Inactive
D04724,Scott Madden,Premium,Woodlands,4.28,Active
D04725,Brian Cox,Electric,Toa Payoh,3.52,Active
D04726,Lisa Caldwell,Mpv,Punggol,4.1,Active
D04727,Amber Reynolds,Hatchback,Singapore,4.93,Active
D04728,David Bowman,Sedan,Ang Mo Kio,3.8,Active
D04729,Mark Wagner,Mpv,Toa Payoh,3.75,Active
D04730,Keith Cooper,Premium,Bedok,3.6,Active
D04731,Sandra White,Mpv,Woodlands,4.75,Active
D04732,Laurie Vazquez,Premium,Bedok,4.79,Active
D04733,Bethany Smith,Mpv,Tampines,4.76,Active
D04734,Brian Anderson,Sedan,Jurong,4.8,Active
D04735,Dr. Daniel White,Premium,Bishan,4.86,Active
D04736,Donna Roberts,Hatchback,Punggol,4.56,Active
D04737,Gloria Le,Premium,Punggol,4.95,Inactive
D04738,Lisa Hunt,Hatchback,Tampines,4.88,Active
D04739,Jennifer Ramirez,Electric,Bishan,4.71,Active
D04740,Valerie Diaz,Premium,Jurong,3.67,Active
D04741,Kathleen Martin,Premium,Jurong,4.93,Active
D04742,Ms. Michelle Taylor,Sedan,Woodlands,4.14,Active
D04743,Kaitlin Chapman,Sedan,Bedok,4.39,Inactive
D04744,Christy Ellison,Sedan,Yishun,4.5,Active
D04745,James Woods,Premium,Punggol,4.81,Active
D04746,Kelli Mckenzie,Suv,Toa Payoh,4.0,Active
D04747,Brandon Williams,Mpv,Yishun,4.91,Active
D04748,Amber Sanford,Suv,Toa Payoh,4.02,Active
D04749,Bobby Hunter,Premium,Bishan,3.71,Active
D04750,Kelly Copeland,Suv,Punggol,3.84,Active
D04751,Monique Spence,Suv,Yishun,4.31,Active
D04752,Brian Garza,Sedan,Bishan,4.0,Active
D04753,William Gonzalez,Premium,Singapore,3.87,Active
D04754,Steven Martinez,Sedan,Bishan,4.08,Active
D04755,Raymond Taylor,Electric,Woodlands,4.31,Active
D04756,Natalie Smith,Sedan,Woodlands,3.54,Active
D04757,David Scott,Electric,Tampines,4.24,Active
D04758,Ashley Riley,Suv,Yishun,3.87,Active
D04759,Shawn Warren,Sedan,Yishun,4.04,Inactive
D04760,Cassandra Mills,Sedan,Woodlands,4.48,Active
D04761,Kevin Ramirez,Electric,Yishun,4.22,Active
D04762,Kelli Perez,Hatchback,Woodlands,4.73,Active
D04763,Penny Wheeler,Electric,Woodlands,4.72,Active
D04764,Jacqueline Meyer,Premium,Bishan,4.68,Active
D04765,Howard Martinez,Premium,Ang Mo Kio,4.02,Active
D04766,Joshua Wagner,Premium,Singapore,3.5,Active
D04767,Nicholas Montoya,Premium,Ang Mo Kio,3.7,Active
D04768,Elizabeth Miller,Electric,Singapore,4.93,Inactive
D04769,Joseph Cruz,Premium,Yishun,4.38,Active
D04770,Lisa Patrick,Premium,Woodlands,3.84,Active
D04771,Scott Gonzalez,Mpv,Bishan,4.16,Active
D04772,Bryan Wheeler,Hatchback,Bedok,4.09,Active
D04773,Kevin Cherry,Mpv,Woodlands,4.16,Active
D04774,Gabriel Nichols,Premium,Ang Mo Kio,3.77,Active
D04775,Jared Schmidt,Hatchback,Ang Mo Kio,4.31,Active
D04776,Vanessa Gibson,Sedan,Jurong,4.03,Active
D04777,Erica Moyer,Electric,Singapore,4.05,Active
D04778,Sheri Smith,Suv,Toa Payoh,4.33,Active
D04779,Caitlyn Lambert,Electric,Singapore,4.21,Active
D04780,Randy Navarro,Suv,Bedok,4.2,Active
D04781,Stephen Jenkins Jr.,Suv,Singapore,3.97,Active
D04782,William Monroe,Mpv,Tampines,4.9,Active
D04783,Melissa Thompson,Electric,Yishun,4.61,Active
D04784,Kara Olson,Suv,Punggol,4.81,Active
D04785,Kristi Collins,Electric,Ang Mo Kio,3.63,Suspended
D04786,Susan Ford,Hatchback,Bishan,4.9,Inactive
D04787,Michael Miller,Suv,Jurong,4.28,Inactive
D04788,Michael Kennedy,Premium,Jurong,3.68,Suspended
D04789,Stephanie Stout,Sedan,Bishan,4.11,Active
D04790,Johnny Riggs,Sedan,Jurong,4.21,Active
D04791,Veronica Olsen,Suv,Yishun,4.9,Active
D04792,Megan Martin,Hatchback,Toa Payoh,3.88,Active
D04793,Jonathan Patterson,Mpv,Ang Mo Kio,4.02,Active
D04794,Robert Mccullough,Electric,Tampines,4.25,Active
D04795,Rachel Lambert,Sedan,Tampines,4.67,Inactive
D04796,Jeremy Jones,Sedan,Jurong,4.68,Active
D04797,Angela Gonzalez,Hatchback,Bishan,3.95,Inactive
D04798,Wesley Vega,Mpv,Tampines,4.05,Active
D04799,Matthew Finley,Hatchback,Bedok,3.71,Active
D04800,Andrew Phelps,Sedan,Bedok,4.47,Active
D04801,Kristen Leblanc,Premium,Ang Mo Kio,4.26,Active
D04802,Monica Moore,Electric,Yishun,4.69,Active
D04803,Walter Smith,Suv,Bedok,4.36,Active
D04804,Janice Hudson,Mpv,Bishan,3.93,Active
D04805,Jean Hughes,Mpv,Punggol,4.43,Active
D04806,Jacob Cook,Electric,Yishun,4.02,Active
D04807,Rebekah Leblanc,Hatchback,Woodlands,4.5,Suspended
D04808,Alyssa Herring,Premium,Bedok,4.88,Active
D04809,Linda Fry,Electric,Yishun,3.95,Active
D04810,Bryan Howard,Suv,Tampines,4.13,Active
D04811,Robert Edwards,Sedan,Punggol,4.63,Active
D04812,Kristin Hansen,Sedan,Bedok,3.91,Active
D04813,Robert Hall DDS,Hatchback,Tampines,4.86,Inactive
D04814,Elizabeth Valdez,Mpv,Singapore,4.17,Active
D04815,Bradley Walsh,Hatchback,Bishan,4.27,Active
D04816,Larry Jones,Mpv,Toa Payoh,4.08,Active
D04817,Jennifer Baldwin,Sedan,Bedok,3.59,Active
D04818,Alexandra Wright,Sedan,Woodlands,4.3,Active
D04819,Jessica Robertson,Hatchback,Jurong,3.72,Active
D04820,Anna Peterson,Mpv,Bedok,4.04,Suspended
D04821,Adam Brewer,Sedan,Jurong,4.59,Active
D04822,Renee Hart,Premium,Woodlands,4.64,Active
D04823,Mr. David Clark,Premium,Woodlands,3.72,Active
D04824,Richard Mitchell,Premium,Bedok,4.73,Active
D04825,Melissa Yang,Suv,Toa Payoh,4.4,Inactive
D04826,Jacob Black,Suv,Woodlands,3.81,Active
D04827,Lori Hopkins,Premium,Bedok,4.13,Active
D04828,Nathaniel Gregory,Electric,Woodlands,3.96,Active
D04829,Ashley Floyd,Hatchback,Woodlands,4.09,Active
D04830,Gabriel Bruce,Electric,Yishun,4.68,Active
D04831,James Owen,Sedan,Toa Payoh,3.56,Active
D04832,Lauren Smith,Suv,Tampines,4.54,Active
D04833,Kayla Murillo,Premium,Singapore,4.36,Active
D04834,Caitlin Henry,Electric,Yishun,3.71,Active
D04835,David Santos,Hatchback,Woodlands,4.64,Active
D04836,Kimberly Chen,Hatchback,Ang Mo Kio,4.6,Active
D04837,Joseph Macdonald,Sedan,Singapore,4.84,Active
D04838,Lynn Proctor,Sedan,Bedok,4.24,Inactive
D04839,Philip Ruiz,Premium,Jurong,4.4,Active
D04840,Sarah Merritt,Mpv,Tampines,4.63,Active
D04841,Brandon Mccarthy,Electric,Bishan,4.15,Active
D04842,Richard Garcia,Hatchback,Bishan,3.84,Active
D04843,Danny Torres,Electric,Bishan,3.7,Active
D04844,Andrew Thompson,Sedan,Bishan,4.53,Inactive
D04845,Christopher Kane,Mpv,Ang Mo Kio,4.37,Active
D04846,Angela Taylor,Electric,Ang Mo Kio,4.42,Active
D04847,Micheal Gibson,Mpv,Tampines,4.22,Active
D04848,Mark Hernandez,Premium,Toa Payoh,3.73,Active
D04849,Natalie Kelly,Sedan,Tampines,3.92,Active
D04850,Katelyn Snyder,Electric,Jurong,3.83,Active
D04851,Amanda Ware,Sedan,Singapore,3.91,Active
D04852,Brianna Jackson,Hatchback,Bedok,3.64,Active
D04853,Mrs. Lori Lynch,Electric,Jurong,3.63,Active
D04854,Kevin Owen,Suv,Singapore,4.12,Active
D04855,Colton Turner,Sedan,Punggol,4.64,Active
D04856,Mary Wu,Hatchback,Toa Payoh,3.79,Active
D04857,Andrew Fox,Suv,Punggol,4.8,Active
D04858,Jill Fisher,Mpv,Toa Payoh,4.65,Active
D04859,Karen Duncan,Electric,Yishun,4.14,Active
D04860,Sean Shepherd,Sedan,Singapore,4.94,Active
D04861,Todd Hughes,Suv,Punggol,4.22,Active
D04862,Steven Yoder,Sedan,Tampines,3.78,Active
D04863,Jennifer Reed,Suv,Woodlands,3.51,Active
D04864,Patrick Mitchell,Hatchback,Punggol,4.18,Active
D04865,Marvin Hobbs,Hatchback,Toa Payoh,3.96,Active
D04866,Sara Lowe,Hatchback,Toa Payoh,3.83,Inactive
D04867,Lauren Hawkins,Suv,Tampines,4.1,Active
D04868,Ashley Velasquez,Sedan,Punggol,4.25,Active
D04869,John Graves,Suv,Bishan,4.68,Active
D04870,April Kelly,Electric,Ang Mo Kio,3.83,Active
D04871,Rodney Pugh,Suv,Yishun,3.95,Active
D04872,Mike Johnston,Hatchback,Yishun,4.92,Active
D04873,Taylor Powell,Suv,Bishan,3.78,Active
D04874,Arthur Waters,Sedan,Woodlands,4.09,Inactive
D04875,Frank Wallace,Mpv,Yishun,4.66,Active
D04876,Jeff Valenzuela,Electric,Bedok,3.7,Active
D04877,Natalie Gallagher,Suv,Bedok,4.07,Inactive
D04878,Mark Andrade,Mpv,Yishun,4.87,Active
D04879,Karen Perez,Mpv,Ang Mo Kio,4.63,Active
D04880,Steven Jackson,Hatchback,Bedok,4.16,Active
D04881,Erin Robinson,Electric,Woodlands,4.44,Active
D04882,Emily Lane,Suv,Singapore,3.63,Active
D04883,Daniel Arroyo,Hatchback,Bedok,4.48,Active
D04884,Kimberly Mercado,Hatchback,Woodlands,4.06,Active
D04885,Megan Watkins,Hatchback,Woodlands,4.79,Active
D04886,Joseph Key,Electric,Singapore,4.21,Active
D04887,Andrea Pearson,Electric,Woodlands,3.82,Active
D04888,Kenneth Washington,Premium,Punggol,3.5,Active
D04889,Sarah Roberts,Hatchback,Punggol,4.42,Active
D04890,Ryan Gibbs,Sedan,Woodlands,3.79,Active
D04891,Matthew Marshall,Electric,Bishan,3.72,Active
D04892,Andrea Ortiz,Suv,Yishun,3.64,Active
D04893,Scott Perez,Suv,Toa Payoh,4.07,Inactive
D04894,Ann Johns,Sedan,Bedok,3.69,Active
D04895,Jennifer Hancock,Hatchback,Woodlands,3.93,Active
D04896,Lori Gardner,Hatchback,Jurong,4.77,Active
D04897,Jennifer Roberts,Electric,Punggol,4.04,Active
D04898,Gail Garcia,Hatchback,Bishan,4.09,Active
D04899,Joseph Romero,Mpv,Bishan,3.69,Active
D04900,Susan Casey,Premium,Punggol,3.89,Active
D04901,Ian Miller,Suv,Jurong,4.35,Active
D04902,Amanda Powell,Hatchback,Ang Mo Kio,4.02,Active
D04903,Carrie Wade,Sedan,Tampines,4.66,Active
D04904,Joshua Wade,Suv,Punggol,3.93,Active
D04905,Jessica Navarro,Mpv,Ang Mo Kio,3.63,Active
D04906,Jade Valdez,Electric,Bedok,4.76,Active
D04907,Thomas Sanchez,Electric,Yishun,4.13,Active
D04908,Kendra Roberts,Hatchback,Woodlands,4.17,Active
D04909,Jeff Williams,Hatchback,Jurong,4.01,Active
D04910,Casey Butler,Suv,Toa Payoh,4.22,Active
D04911,Keith Flores,Hatchback,Ang Mo Kio,5.0,Active
D04912,Brian Velasquez,Electric,Jurong,3.93,Active
D04913,Carol Tucker,Hatchback,Woodlands,4.36,Active
D04914,Mark Horne,Electric,Tampines,4.41,Active
D04915,Adam Black,Hatchback,Woodlands,3.74,Active
D04916,Shannon Calhoun,Sedan,Ang Mo Kio,4.89,Active
D04917,Megan Boyd,Suv,Singapore,4.0,Active
D04918,Cheyenne Johnson,Sedan,Singapore,4.39,Active
D04919,Jordan Hart,Premium,Punggol,4.73,Active
D04920,Anna Rios,Premium,Bedok,3.93,Active
D04921,Christopher Haas,Sedan,Tampines,4.4,Active
D04922,Kristopher Hamilton,Mpv,Jurong,4.73,Inactive
D04923,Kristina Pham,Sedan,Bedok,4.79,Inactive
D04924,Alice Greene,Electric,Yishun,3.51,Active
D04925,Natasha Sanders,Premium,Jurong,4.25,Active
D04926,Wanda Tyler,Suv,Singapore,3.63,Active
D04927,Jennifer Martinez MD,Electric,Bedok,4.56,Active
D04928,Raymond Bailey,Sedan,Punggol,3.68,Active
D04929,Jessica Murphy,Hatchback,Bedok,4.91,Active
D04930,Stephanie Thompson,Mpv,Yishun,4.82,Active
D04931,Audrey Hutchinson,Premium,Jurong,4.35,Inactive
D04932,Ronald Meyers,Sedan,Woodlands,4.63,Active
D04933,Laura Snyder,Mpv,Singapore,4.95,Active
D04934,Jordan Santana,Mpv,Yishun,3.91,Active
D04935,Jessica Foley,Suv,Punggol,4.99,Active
D04936,Laurie Wilson,Sedan,Ang Mo Kio,3.66,Active
D04937,Karen George,Mpv,Woodlands,3.72,Active
D04938,Vanessa Mason,Suv,Punggol,4.36,Suspended
D04939,Jonathon Potter,Sedan,Ang Mo Kio,4.92,Active
D04940,Mark Nelson,Sedan,Tampines,3.52,Active
D04941,Elizabeth Freeman,Mpv,Woodlands,4.27,Active
D04942,April Santana,Suv,Yishun,3.84,Active
D04943,Vincent Jones,Electric,Bedok,4.62,Inactive
D04944,Wendy Williams,Mpv,Woodlands,3.78,Active
D04945,Jordan Gordon,Electric,Singapore,3.82,Active
D04946,Marc Obrien,Electric,Singapore,4.36,Active
D04947,Patrick Lewis DDS,Hatchback,Jurong,4.23,Active
D04948,Diana Henderson,Sedan,Ang Mo Kio,4.22,Active
D04949,Elizabeth Sanchez,Premium,Ang Mo Kio,4.45,Active
D04950,Andre Jones,Premium,Jurong,4.19,Active
D04951,Gregory Farmer,Electric,Singapore,4.21,Inactive
D04952,Tina Davis,Sedan,Bishan,3.52,Inactive
D04953,Thomas Jarvis,Premium,Punggol,4.49,Suspended
D04954,Melissa Miller,Premium,Ang Mo Kio,3.52,Active
D04955,Christopher Taylor,Mpv,Bishan,4.22,Suspended
D04956,Michael Gonzales,Suv,Singapore,4.74,Active
D04957,Vanessa Rojas,Electric,Toa Payoh,4.26,Active
D04958,Matthew Murphy,Premium,Tampines,4.14,Active
D04959,Angela Clements,Suv,Jurong,3.84,Active
D04960,Paul Castaneda,Sedan,Ang Mo Kio,3.62,Active
D04961,Wendy Valenzuela,Suv,Yishun,3.54,Active
D04962,Jared Johnson,Sedan,Singapore,4.66,Active
D04963,Anne Garcia DVM,Sedan,Woodlands,4.83,Active
D04964,Zachary Camacho,Electric,Bedok,3.51,Suspended
D04965,Jessica Burton,Premium,Toa Payoh,3.95,Active
D04966,Andrew Heath,Premium,Bedok,4.73,Inactive
D04967,Luis Sanchez,Sedan,Jurong,3.73,Active
D04968,Christine Morris,Sedan,Yishun,4.27,Active
D04969,Christopher Murphy,Electric,Yishun,4.14,Active
D04970,Kelly Schmidt MD,Hatchback,Bedok,4.2,Active
D04971,Anthony Price,Sedan,Bedok,4.05,Active
D04972,Diane Hernandez,Mpv,Toa Payoh,3.98,Active
D04973,Marco Andrade,Hatchback,Bedok,3.68,Active
D04974,Marie Knight,Mpv,Punggol,3.66,Inactive
D04975,Sherry Caldwell,Premium,Toa Payoh,4.5,Active
D04976,Robert Moss,Hatchback,Ang Mo Kio,4.71,Active
D04977,Todd Bowers,Mpv,Ang Mo Kio,4.36,Active
D04978,Michael Smith,Electric,Punggol,4.57,Inactive
D04979,Isaac Thompson,Mpv,Tampines,4.25,Active
D04980,Jonathon Romero,Premium,Jurong,4.5,Active
D04981,Billy Schneider,Mpv,Tampines,4.96,Active
D04982,Daniel Reyes,Premium,Singapore,4.84,Active
D04983,Stacey Barrera,Sedan,Jurong,4.42,Active
D04984,Brianna Mendez,Mpv,Woodlands,3.53,Active
D04985,Kathy Collins,Suv,Bedok,4.15,Active
D04986,Robert Johnson,Suv,Ang Mo Kio,4.39,Inactive
D04987,Jeffrey Meyers,Sedan,Toa Payoh,4.8,Active
D04988,Virginia Johnson,Electric,Yishun,4.17,Active
D04989,Michelle Ford,Suv,Jurong,4.13,Active
D04990,Adam Hess,Suv,Singapore,4.68,Active
D04991,Diana Warner,Suv,Tampines,4.29,Active
D04992,Yvonne Mccoy,Sedan,Yishun,4.07,Active
D04993,Karen Davis,Hatchback,Jurong,4.59,Active
D04994,Natalie Randall,Mpv,Punggol,3.87,Active
D04995,Billy Johnson,Suv,Tampines,4.29,Active
D04996,Blake Hughes,Suv,Punggol,3.51,Inactive
D04997,Julie Perry,Electric,Bedok,4.29,Active
D04998,David Snow MD,Electric,Tampines,3.65,Active
D04999,Mr. Brandon Lawrence,Premium,Yishun,3.79,Active
D05000,Rachel Brown,Sedan,Punggol,3.98,Active
D05001,Rebecca Lyons,Suv,Toa Payoh,4.91,Active
D05002,Terrence Martin,Mpv,Yishun,4.41,Active
D05003,Sean Andrews,Electric,Jurong,4.36,Active
D05004,Kyle Smith,Electric,Yishun,4.58,Active
D05005,Gregory Hardy,Sedan,Toa Payoh,3.71,Active
D05006,Edgar Meyer,Electric,Ang Mo Kio,4.86,Active
D05007,William Williams,Mpv,Punggol,3.97,Inactive
D05008,Shelley Dominguez,Premium,Jurong,3.75,Inactive
D05009,Joshua Brown,Electric,Bedok,4.9,Active
D05010,Christina Weaver,Electric,Toa Payoh,4.51,Active
D05011,Melissa Mccoy,Premium,Jurong,3.81,Active
D05012,Molly Chandler,Sedan,Ang Mo Kio,4.2,Active
D05013,Andrew Hall,Hatchback,Woodlands,4.87,Active
D05014,Jose Sanders,Suv,Singapore,3.6,Inactive
D05015,Lisa Castro,Premium,Bishan,4.19,Active
D05016,Bianca Novak,Electric,Jurong,4.18,Active
D05017,Jennifer Gibson,Electric,Ang Mo Kio,4.23,Active
D05018,Joel Hall,Mpv,Bishan,4.72,Active
D05019,Stacey Davis,Sedan,Punggol,4.67,Active
D05020,Yvette Todd,Mpv,Jurong,3.68,Active
D05021,Penny Smith,Sedan,Toa Payoh,4.0,Inactive
D05022,Katherine Guerrero,Electric,Woodlands,4.95,Active
D05023,Brian Olsen,Sedan,Yishun,3.57,Active
D05024,Anthony Anderson,Suv,Bishan,3.54,Active
D05025,Nicholas Spencer,Sedan,Bedok,4.4,Active
D05026,Brooke Parker,Hatchback,Punggol,4.9,Active
D05027,Matthew Nolan,Sedan,Punggol,4.76,Active
D05028,Mario Wagner,Hatchback,Bishan,4.05,Active
D05029,Lawrence Johnson,Sedan,Ang Mo Kio,4.82,Active
D05030,Joshua Brooks,Electric,Bedok,4.07,Active
D05031,Lindsay Thomas,Suv,Punggol,4.68,Inactive
D05032,Jennifer Carter,Hatchback,Bedok,3.9,Active
D05033,Gregory Fleming,Mpv,Bedok,4.64,Active
D05034,Patricia Hines,Suv,Woodlands,3.58,Active
D05035,Brandon Ramos,Sedan,Bishan,5.0,Active
D05036,Hannah Williams,Premium,Punggol,3.5,Active
D05037,Douglas Duncan,Hatchback,Punggol,4.56,Active
D05038,Andrew Bowers,Sedan,Ang Mo Kio,4.09,Inactive
D05039,Nathaniel Jenkins,Electric,Woodlands,4.5,Active
D05040,William Lyons,Sedan,Tampines,3.99,Active
D05041,Amanda Thomas,Electric,Punggol,4.09,Active
D05042,April Baxter,Sedan,Toa Payoh,4.49,Active
D05043,Nicholas Smith,Premium,Tampines,4.69,Active
D05044,Derrick Perez,Hatchback,Singapore,4.83,Active
D05045,Veronica Fitzgerald,Premium,Tampines,4.78,Active
D05046,Valerie Perkins,Mpv,Bedok,3.53,Active
D05047,Rachel Cross,Suv,Yishun,4.73,Active
D05048,Lee Meyer,Electric,Woodlands,3.87,Active
D05049,Leah Guerra,Mpv,Bedok,4.23,Active
D05050,Christine Herrera,Hatchback,Jurong,4.38,Active
D05051,Brandon Norman,Premium,Bedok,4.85,Active
D05052,Benjamin Lee,Electric,Toa Payoh,3.79,Active
D05053,Mark Strong,Sedan,Singapore,3.52,Active
D05054,Jennifer Rojas,Sedan,Woodlands,4.54,Active
D05055,Louis Hogan,Electric,Toa Payoh,4.25,Active
D05056,Elizabeth Mclaughlin,Premium,Bishan,4.52,Active
D05057,Chase Becker,Sedan,Bishan,4.38,Active
D05058,Renee Lambert,Mpv,Woodlands,3.96,Active
D05059,Jordan Smith,Sedan,Jurong,4.62,Active
D05060,Elizabeth Shepherd,Premium,Ang Mo Kio,4.87,Active
D05061,Brian Villanueva,Mpv,Woodlands,4.52,Inactive
D05062,James Gordon,Hatchback,Bedok,4.12,Active
D05063,Terry Francis,Electric,Toa Payoh,3.89,Active
D05064,Michele Cummings,Electric,Woodlands,4.94,Active
D05065,Brandon Cardenas,Hatchback,Ang Mo Kio,3.56,Active
D05066,Thomas Cruz,Mpv,Woodlands,4.71,Active
D05067,Mike Martin,Suv,Tampines,3.5,Active
D05068,Lori Gilbert,Mpv,Woodlands,4.05,Active
D05069,Kimberly Watkins,Electric,Ang Mo Kio,3.79,Active
D05070,Robert Vega,Suv,Tampines,4.13,Active
D05071,Dr. David Gilbert,Hatchback,Tampines,4.55,Active
D05072,Katherine Schneider,Sedan,Ang Mo Kio,5.0,Active
D05073,Jesse King,Electric,Yishun,4.58,Suspended
D05074,Donald Smith,Premium,Tampines,3.64,Active
D05075,Pamela Meyer,Premium,Woodlands,4.11,Active
D05076,Lisa Adams,Mpv,Bishan,3.8,Active
D05077,Phillip Patterson,Premium,Bishan,4.04,Active
D05078,Scott Anderson,Hatchback,Punggol,3.58,Active
D05079,Tracy Contreras,Sedan,Bishan,3.67,Active
D05080,Denise Hernandez,Suv,Woodlands,4.38,Active
D05081,Terri Matthews,Premium,Punggol,4.27,Active
D05082,Jeffrey Campos,Sedan,Ang Mo Kio,4.23,Active
D05083,Joseph Young,Electric,Tampines,4.88,Active
D05084,Linda Reeves,Mpv,Woodlands,4.94,Inactive
D05085,Jason Hendrix,Mpv,Toa Payoh,3.87,Active
D05086,Richard Martin,Suv,Punggol,4.49,Active
D05087,Juan Page,Premium,Ang Mo Kio,4.99,Active
D05088,Paula Hudson,Sedan,Woodlands,4.01,Active
D05089,Donald Johnson,Suv,Jurong,3.52,Active
D05090,Veronica Barnes,Mpv,Bishan,3.68,Active
D05091,Megan Pruitt,Electric,Yishun,4.91,Inactive
D05092,Nicole Hamilton,Sedan,Bishan,4.79,Inactive
D05093,Marcus Moore,Electric,Toa Payoh,4.12,Active
D05094,Joseph Irwin,Premium,Ang Mo Kio,4.73,Active
D05095,Keith Baldwin,Electric,Bishan,4.44,Active
D05096,Christopher Stokes,Suv,Jurong,4.84,Active
D05097,Sara Carey,Electric,Bishan,4.52,Active
D05098,William Stevens,Premium,Tampines,4.84,Active
D05099,Michael Baker,Sedan,Punggol,4.81,Inactive
D05100,Melissa Rodriguez,Hatchback,Punggol,3.86,Active
D05101,Heather Beard,Electric,Ang Mo Kio,3.73,Suspended
D05102,Melissa Alvarez,Electric,Jurong,4.79,Active
D05103,Daniel Edwards,Premium,Tampines,4.48,Active
D05104,Kayla Powell,Sedan,Bishan,4.62,Suspended
D05105,Curtis Allen Jr.,Premium,Bishan,4.21,Active
D05106,Frank Rowe,Sedan,Jurong,4.41,Active
D05107,Daniel Willis,Hatchback,Jurong,3.87,Active
D05108,Brittany Rodriguez,Mpv,Singapore,3.67,Active
D05109,Wanda Miller,Sedan,Toa Payoh,4.77,Inactive
D05110,Sophia Le,Hatchback,Tampines,4.96,Active
D05111,Erica Schultz,Mpv,Tampines,4.73,Active
D05112,Elizabeth Sosa,Premium,Jurong,4.89,Active
D05113,Lisa Proctor,Suv,Toa Payoh,4.31,Active
D05114,Kayla Cole,Suv,Yishun,4.97,Active
D05115,Robert Davidson,Premium,Tampines,4.74,Active
D05116,Anna Norris MD,Premium,Tampines,4.52,Active
D05117,Alyssa Olsen,Electric,Singapore,4.79,Active
D05118,Alexander Hudson,Hatchback,Tampines,4.17,Active
D05119,Brian Price,Mpv,Singapore,4.63,Active
D05120,Andrea Navarro,Mpv,Punggol,4.46,Active
D05121,David Jones,Sedan,Toa Payoh,3.6,Active
D05122,Linda Kim,Premium,Woodlands,4.94,Active
D05123,Joseph Thomas,Suv,Woodlands,4.1,Active
D05124,Trevor Hart,Mpv,Yishun,3.88,Suspended
D05125,Jessica Bailey,Sedan,Singapore,4.12,Active
D05126,Heather Jenkins,Hatchback,Woodlands,3.52,Inactive
D05127,Sara Branch,Suv,Jurong,4.09,Active
D05128,Linda Mendez,Sedan,Tampines,4.66,Active
D05129,Rose Trevino,Electric,Singapore,4.1,Active
D05130,John Phillips,Premium,Woodlands,3.85,Active
D05131,Vincent Richards,Sedan,Tampines,3.92,Active
D05132,Brittany Townsend,Sedan,Toa Payoh,4.29,Active
D05133,Ashley Santiago,Sedan,Jurong,4.26,Active
D05134,Troy Medina,Mpv,Ang Mo Kio,4.31,Active
D05135,Matthew Rodriguez,Sedan,Bishan,5.0,Active
D05136,Kevin Nguyen,Sedan,Toa Payoh,4.4,Active
D05137,Julie Johnson,Suv,Bishan,4.84,Active
D05138,Brad Brooks,Hatchback,Woodlands,4.54,Active
D05139,Brett Steele,Premium,Yishun,4.71,Active
D05140,Michael Bennett,Mpv,Bedok,3.64,Inactive
D05141,Jack Nguyen,Hatchback,Jurong,4.26,Active
D05142,Alexander Phillips,Mpv,Tampines,3.52,Active
D05143,Amanda Jenkins,Premium,Ang Mo Kio,5.0,Active
D05144,Allen Pruitt,Suv,Jurong,4.64,Active
D05145,Edward Long,Electric,Jurong,4.77,Active
D05146,Nathan Francis,Premium,Bishan,3.69,Inactive
D05147,Matthew Simpson,Suv,Bishan,4.92,Active
D05148,Bailey Gilbert,Mpv,Yishun,4.1,Active
D05149,Ryan Salinas,Hatchback,Ang Mo Kio,4.71,Inactive
D05150,Benjamin Jackson,Sedan,Punggol,4.5,Active
D05151,Ronald Patton,Premium,Ang Mo Kio,4.01,Active
D05152,Brandon Nelson,Premium,Bishan,4.64,Active
D05153,Crystal Delacruz,Premium,Punggol,4.58,Active
D05154,Sandra Oneill,Hatchback,Ang Mo Kio,4.95,Active
D05155,Ashley Chavez,Mpv,Yishun,3.7,Active
D05156,Angel Kim,Mpv,Ang Mo Kio,4.4,Active
D05157,Mrs. Margaret Smith,Suv,Bedok,4.04,Active
D05158,Jeffrey Sanchez,Sedan,Tampines,3.61,Active
D05159,Kathryn Reyes,Electric,Jurong,4.37,Active
D05160,John Romero,Suv,Ang Mo Kio,4.99,Active
D05161,Natalie Edwards,Premium,Punggol,4.7,Active
D05162,Kathleen Walker,Mpv,Bishan,4.68,Active
D05163,John Floyd,Hatchback,Toa Payoh,4.53,Active
D05164,Leslie Hanson,Electric,Singapore,3.99,Active
D05165,Tara Pennington,Suv,Ang Mo Kio,4.24,Active
D05166,Michelle Fisher,Suv,Bedok,3.52,Active
D05167,Debra Jimenez,Premium,Bishan,4.93,Active
D05168,Samantha Bradley,Sedan,Jurong,4.36,Active
D05169,Samuel Myers,Sedan,Singapore,4.94,Active
D05170,Michael Meyer,Suv,Ang Mo Kio,3.66,Active
D05171,Kathy Davis,Suv,Yishun,4.47,Active
D05172,James Moore,Premium,Bishan,3.94,Inactive
D05173,Jeffrey Brown,Electric,Bedok,4.48,Active
D05174,Susan Miles,Suv,Singapore,4.62,Active
D05175,Thomas Perez,Hatchback,Ang Mo Kio,4.56,Active
D05176,Mark Avery,Suv,Bedok,4.79,Active
D05177,Cynthia Chapman,Mpv,Punggol,3.65,Active
D05178,Meghan Lucas,Hatchback,Woodlands,4.33,Active
D05179,Bruce Garcia,Mpv,Bedok,3.62,Active
D05180,Colton Baker,Suv,Toa Payoh,3.65,Active
D05181,Kimberly Ayers,Electric,Yishun,3.73,Active
D05182,Julie Garcia,Sedan,Bishan,4.72,Active
D05183,Shawn Morrison,Mpv,Jurong,4.76,Active
D05184,Brandi Lewis,Mpv,Bedok,4.93,Active
D05185,Katie Nguyen,Sedan,Toa Payoh,4.42,Inactive
D05186,Tracy Foster,Mpv,Ang Mo Kio,3.99,Active
D05187,Cassandra Reyes,Electric,Toa Payoh,4.46,Active
D05188,Daniel Reyes,Electric,Singapore,3.51,Active
D05189,Bryan Meyer,Premium,Yishun,4.72,Active
D05190,James Anderson DVM,Hatchback,Punggol,4.26,Active
D05191,Jody Mills,Suv,Toa Payoh,4.03,Active
D05192,Caitlin Mason,Electric,Toa Payoh,3.72,Active
D05193,Michelle Barnes,Suv,Bishan,4.67,Active
D05194,Kimberly Clark,Premium,Jurong,3.6,Active
D05195,Michael Williams,Mpv,Woodlands,3.57,Active
D05196,Christina Green,Mpv,Woodlands,4.92,Active
D05197,Clarence Quinn,Hatchback,Punggol,3.93,Active
D05198,Brandon Collins,Hatchback,Yishun,4.2,Active
D05199,Joanne Griffin,Premium,Bishan,4.59,Active
D05200,Michael Carter,Suv,Toa Payoh,4.63,Active
D05201,Mark Nelson,Hatchback,Jurong,4.77,Active
D05202,Philip Mejia,Electric,Singapore,4.81,Active
D05203,Christina Robertson,Sedan,Bishan,4.68,Active
D05204,Maria Gibson,Suv,Singapore,4.75,Active
D05205,Julia Hart,Electric,Singapore,4.11,Active
D05206,Vanessa Munoz,Mpv,Ang Mo Kio,4.65,Active
D05207,Ann Walker DDS,Electric,Toa Payoh,4.34,Active
D05208,Michael Bell,Premium,Singapore,4.71,Active
D05209,Eric Harris,Premium,Jurong,4.24,Active
D05210,Gary Miller,Sedan,Bedok,4.3,Active
D05211,Karla Reyes,Premium,Tampines,4.96,Active
D05212,Andrew Wood,Suv,Bishan,3.72,Active
D05213,Paul Johnson,Suv,Ang Mo Kio,3.97,Suspended
D05214,Jacob Campbell,Premium,Bishan,3.56,Active
D05215,Lisa Rodriguez,Sedan,Yishun,3.91,Active
D05216,Benjamin Tucker,Hatchback,Toa Payoh,4.67,Active
D05217,Kathleen Wells,Premium,Ang Mo Kio,4.37,Active
D05218,James Johnson,Sedan,Singapore,3.92,Active
D05219,Kathryn Adams,Mpv,Bishan,4.55,Active
D05220,Joseph Olson,Hatchback,Punggol,4.13,Active
D05221,Emily Smith,Mpv,Bishan,4.26,Active
D05222,Shawn Sanchez,Sedan,Punggol,4.62,Active
D05223,Stephen Conley,Electric,Bedok,4.91,Active
D05224,Samuel Ryan,Sedan,Ang Mo Kio,3.79,Suspended
D05225,Robin Carroll,Suv,Ang Mo Kio,3.97,Active
D05226,Nicolas Deleon,Mpv,Ang Mo Kio,4.22,Active
D05227,Paul Hoffman,Hatchback,Singapore,4.03,Active
D05228,David Reilly,Electric,Bishan,4.08,Active
D05229,Corey Ferguson,Hatchback,Woodlands,3.58,Active
D05230,Renee Martin,Hatchback,Tampines,4.59,Active
D05231,Jeffrey Hines,Hatchback,Singapore,3.71,Active
D05232,Mary Gordon,Mpv,Jurong,4.3,Active
D05233,Russell King,Mpv,Punggol,4.36,Active
D05234,Melissa Hall,Suv,Jurong,3.55,Active
D05235,Kimberly Newman,Premium,Toa Payoh,3.71,Active
D05236,Sara Miller,Electric,Punggol,4.18,Active
D05237,Jason Gutierrez,Sedan,Jurong,4.73,Active
D05238,Marcus Nixon,Suv,Singapore,4.17,Active
D05239,Kimberly Adams,Mpv,Ang Mo Kio,5.0,Active
D05240,Robert Barnes,Premium,Bishan,4.56,Active
D05241,Janice Griffin,Suv,Bishan,3.58,Active
D05242,Brian Fox,Suv,Yishun,4.32,Active
D05243,Amber Wright,Sedan,Woodlands,5.0,Active
D05244,Justin Shaw,Suv,Bedok,4.2,Active
D05245,Selena Joseph,Electric,Toa Payoh,4.13,Active
D05246,Mitchell Ellis,Sedan,Ang Mo Kio,3.59,Active
D05247,Lisa Leblanc,Premium,Jurong,4.76,Active
D05248,Matthew Bentley,Suv,Tampines,4.4,Active
D05249,Denise Douglas,Mpv,Jurong,3.95,Active
D05250,Dr. Nicole Munoz,Mpv,Tampines,4.19,Active
D05251,Amy Nguyen,Mpv,Jurong,4.05,Active
D05252,Walter Newton,Sedan,Singapore,4.98,Active
D05253,Dustin Richards,Mpv,Jurong,4.55,Active
D05254,Cheryl Mills,Mpv,Bedok,4.89,Active
D05255,Lydia Mcdonald,Premium,Toa Payoh,4.29,Active
D05256,Katherine Thomas,Mpv,Yishun,4.75,Active
D05257,Mr. James Reyes MD,Sedan,Ang Mo Kio,4.7,Active
D05258,Dustin Hernandez,Sedan,Jurong,4.07,Active
D05259,Timothy Hernandez,Suv,Ang Mo Kio,3.57,Active
D05260,Wendy Miller,Sedan,Tampines,4.2,Active
D05261,Vickie Greer,Suv,Bedok,3.8,Active
D05262,Charles Davis,Sedan,Singapore,4.77,Active
D05263,Donna Benson,Sedan,Bishan,4.18,Active
D05264,Martha Thompson,Hatchback,Yishun,4.08,Active
D05265,Brandy Mccarthy,Premium,Punggol,4.13,Active
D05266,Kevin Taylor,Mpv,Bedok,4.75,Active
D05267,Mark Gordon,Sedan,Bishan,4.25,Active
D05268,Dennis Vincent,Electric,Singapore,4.88,Active
D05269,Beverly Foley,Sedan,Singapore,4.71,Active
D05270,Sarah Myers,Suv,Singapore,4.26,Active
D05271,Jerry Jones,Suv,Bedok,3.59,Active
D05272,Heidi Cook,Hatchback,Singapore,4.39,Active
D05273,Christopher Hanson,Electric,Punggol,3.65,Active
D05274,Mariah Greene,Suv,Bishan,3.65,Active
D05275,Brian Bowman,Suv,Toa Payoh,4.77,Active
D05276,Luke Williamson,Electric,Ang Mo Kio,4.1,Active
D05277,Alicia Johnson,Sedan,Bedok,4.64,Active
D05278,Kaitlin Jenkins,Sedan,Bedok,3.72,Active
D05279,Kelly Higgins,Sedan,Woodlands,3.82,Active
D05280,Grant Wheeler,Suv,Bishan,4.61,Active
D05281,Sandra Schneider,Suv,Bishan,4.46,Active
D05282,Adam Ellis,Premium,Singapore,4.65,Active
D05283,Pamela Stewart,Hatchback,Toa Payoh,4.87,Active
D05284,Jeffrey Floyd,Sedan,Yishun,4.98,Active
D05285,Savannah Wolfe,Mpv,Ang Mo Kio,3.81,Active
D05286,Mark Roberson,Mpv,Singapore,3.57,Active
D05287,Anthony Thomas,Mpv,Jurong,3.89,Active
D05288,Natalie Green,Premium,Tampines,4.58,Suspended
D05289,Anna Snyder,Premium,Toa Payoh,4.19,Active
D05290,James Anderson,Hatchback,Jurong,4.86,Inactive
D05291,Roger Harvey,Electric,Bishan,3.93,Active
D05292,Jonathan Barnes,Mpv,Jurong,3.97,Active
D05293,Cathy Jackson,Hatchback,Ang Mo Kio,4.34,Active
D05294,Dylan Perez,Sedan,Ang Mo Kio,4.55,Active
D05295,Julie Jones,Mpv,Tampines,3.65,Active
D05296,Nancy Scott,Premium,Toa Payoh,3.81,Active
D05297,Kelli Bennett,Premium,Toa Payoh,4.21,Active
D05298,Donald Williams,Sedan,Bishan,3.51,Active
D05299,Karen Wilson,Mpv,Singapore,3.89,Active
D05300,Michelle Harris,Sedan,Punggol,4.97,Active
D05301,Angela Campbell,Suv,Ang Mo Kio,4.67,Active
D05302,Cheryl Johnson,Mpv,Bedok,4.02,Active
D05303,Shawn Henderson,Electric,Punggol,4.2,Active
D05304,Bradley Solomon,Premium,Tampines,4.09,Active
D05305,Daniel Chandler,Mpv,Bedok,3.58,Active
D05306,Sarah Pitts,Premium,Singapore,3.69,Active
D05307,Wesley Walker,Hatchback,Tampines,4.27,Active
D05308,Emily Hill,Suv,Singapore,4.75,Active
D05309,April Ross,Mpv,Singapore,4.68,Active
D05310,Devin Cox,Hatchback,Toa Payoh,3.71,Active
D05311,Ashley Perry,Electric,Ang Mo Kio,4.96,Active
D05312,Amy Harmon,Electric,Toa Payoh,4.62,Active
D05313,Barbara Hernandez,Mpv,Yishun,3.92,Active
D05314,Tracey George,Sedan,Toa Payoh,3.95,Active
D05315,Caleb Yang,Suv,Ang Mo Kio,4.71,Active
D05316,Ashley Vargas,Suv,Jurong,4.65,Active
D05317,Stephen Padilla,Mpv,Jurong,3.69,Active
D05318,Danielle Moran,Sedan,Toa Payoh,4.2,Active
D05319,James Page,Electric,Woodlands,3.6,Active
D05320,David Nelson,Premium,Tampines,3.85,Active
D05321,Jeffery Rivera,Suv,Bedok,3.99,Active
D05322,Diana Johnson,Hatchback,Ang Mo Kio,3.53,Active
D05323,Ashley Wilkerson,Mpv,Jurong,4.44,Active
D05324,Travis Garcia,Premium,Toa Payoh,4.88,Active
D05325,Daniel Hernandez,Sedan,Jurong,3.67,Active
D05326,Sergio Gonzales,Hatchback,Singapore,3.78,Active
D05327,Laura Serrano,Hatchback,Ang Mo Kio,3.51,Active
D05328,Kelly White,Premium,Yishun,5.0,Active
D05329,Shari Nguyen,Sedan,Bishan,4.93,Active
D05330,Kelsey Coleman,Electric,Punggol,4.01,Active
D05331,Lisa Powell,Suv,Bedok,4.08,Active
D05332,Pamela Mccullough,Suv,Bedok,4.96,Active
D05333,Laura Lopez,Hatchback,Toa Payoh,4.12,Active
D05334,Lisa Dunlap,Premium,Ang Mo Kio,4.51,Active
D05335,Sonia Gibson,Hatchback,Toa Payoh,3.63,Active
D05336,Stacy Sheppard,Mpv,Bishan,3.67,Active
D05337,Jessica Manning,Electric,Singapore,4.43,Suspended
D05338,Andrew Bailey,Mpv,Woodlands,3.65,Active
D05339,David Vasquez,Suv,Ang Mo Kio,4.71,Active
D05340,Sandra Sullivan,Premium,Tampines,3.98,Active
D05341,Amber Malone,Sedan,Tampines,4.6,Active
D05342,Jesse Ferguson,Suv,Yishun,4.36,Active
D05343,Kristina Barry,Hatchback,Ang Mo Kio,4.85,Active
D05344,Jason Lewis,Premium,Bedok,4.29,Active
D05345,Adam Quinn,Electric,Ang Mo Kio,3.7,Active
D05346,Robert Richardson,Mpv,Ang Mo Kio,3.52,Inactive
D05347,Amber Medina,Hatchback,Tampines,3.53,Active
D05348,Megan Jones,Sedan,Tampines,4.15,Active
D05349,Paula Miles,Hatchback,Punggol,4.78,Inactive
D05350,Christina Williams,Electric,Toa Payoh,3.99,Active
D05351,Christina Morgan,Hatchback,Jurong,4.07,Suspended
D05352,Kyle Conway,Premium,Woodlands,4.75,Active
D05353,Stacy Romero,Premium,Singapore,4.4,Inactive
D05354,Gabriel Hudson,Sedan,Bedok,4.08,Active
D05355,Ryan Olsen,Suv,Tampines,3.67,Active
D05356,Terri Larson,Electric,Bedok,4.16,Active
D05357,Randall Alvarez,Hatchback,Singapore,4.55,Active
D05358,Elizabeth Lynn,Premium,Singapore,4.07,Active
D05359,Lindsey Sexton,Hatchback,Tampines,4.01,Active
D05360,Douglas Riley,Sedan,Bishan,4.22,Active
D05361,Jorge Rosales,Premium,Toa Payoh,4.21,Active
D05362,Ashley Dalton,Hatchback,Punggol,4.39,Active
D05363,Jeremy Allen,Mpv,Jurong,3.69,Active
D05364,William Adams,Hatchback,Bedok,3.86,Active
D05365,Paula Li,Mpv,Toa Payoh,4.23,Active
D05366,William Bullock,Suv,Jurong,4.48,Inactive
D05367,Jason Garner,Electric,Toa Payoh,3.83,Active
D05368,Tammy Gonzalez,Mpv,Yishun,4.49,Active
D05369,Mr. Travis Stevens,Premium,Jurong,4.12,Active
D05370,Kyle Hood,Electric,Bishan,4.64,Active
D05371,Richard Mendoza,Hatchback,Toa Payoh,4.82,Active
D05372,Travis Guzman,Hatchback,Yishun,4.77,Active
D05373,Brian Pitts,Mpv,Toa Payoh,4.97,Active
D05374,Joseph Mills,Suv,Ang Mo Kio,4.8,Active
D05375,Rita Mitchell,Hatchback,Woodlands,3.53,Active
D05376,Michelle Perez,Mpv,Toa Payoh,4.86,Active
D05377,Taylor Sandoval,Electric,Woodlands,4.44,Active
D05378,Evan Thompson,Premium,Toa Payoh,3.94,Inactive
D05379,Andrew Mcdowell,Electric,Toa Payoh,4.1,Active
D05380,Charles Torres,Mpv,Jurong,3.7,Active
D05381,Samantha Anderson,Hatchback,Bedok,4.99,Active
D05382,Sheila Ritter,Hatchback,Singapore,4.74,Active
D05383,Phyllis Sawyer,Premium,Yishun,3.9,Active
D05384,Keith Woodard,Hatchback,Ang Mo Kio,4.15,Active
D05385,Nathaniel Berg,Suv,Ang Mo Kio,4.04,Active
D05386,Daniel Bradley,Sedan,Jurong,4.27,Active
D05387,Mark Johnston,Sedan,Ang Mo Kio,4.52,Active
D05388,Susan Becker,Hatchback,Ang Mo Kio,3.6,Active
D05389,Mr. Mark Maldonado Jr.,Hatchback,Bishan,4.08,Inactive
D05390,Ernest Perry,Suv,Singapore,3.76,Active
D05391,Julie Mccoy,Electric,Woodlands,4.0,Active
D05392,Scott Coleman,Suv,Woodlands,3.7,Active
D05393,Candace Vazquez,Mpv,Bedok,4.07,Active
D05394,Darryl Lester,Premium,Singapore,4.41,Active
D05395,Jerry Obrien,Mpv,Yishun,3.85,Active
D05396,Tamara Garcia,Suv,Punggol,4.82,Active
D05397,Jessica Lucas,Suv,Yishun,4.46,Active
D05398,Charles Jones,Sedan,Woodlands,3.72,Active
D05399,Emily Merritt,Premium,Bishan,4.47,Active
D05400,Dr. Scott Torres,Sedan,Ang Mo Kio,3.68,Active
D05401,Darlene Lawrence,Hatchback,Bedok,4.93,Active
D05402,Tanner Wright,Suv,Singapore,4.5,Active
D05403,Sydney Dawson,Electric,Singapore,4.11,Active
D05404,Ronald Hill,Sedan,Ang Mo Kio,4.2,Suspended
D05405,Timothy Miles,Electric,Punggol,4.56,Active
D05406,Frank Ferguson,Electric,Yishun,4.21,Active
D05407,Daniel Murphy,Mpv,Bedok,4.59,Active
D05408,Nicholas Edwards,Premium,Singapore,3.64,Active
D05409,Fernando Watts,Premium,Toa Payoh,4.67,Active
D05410,Brian Schultz,Sedan,Punggol,4.07,Active
D05411,Ana Griffith,Hatchback,Ang Mo Kio,3.58,Active
D05412,Devin Carroll,Hatchback,Yishun,4.64,Active
D05413,Jennifer Diaz,Suv,Yishun,4.77,Active
D05414,Victor Reynolds,Mpv,Yishun,4.29,Active
D05415,Timothy Ortiz,Mpv,Jurong,3.93,Active
D05416,Steven Anthony,Electric,Bishan,3.53,Active
D05417,Amy Moore,Mpv,Woodlands,3.61,Active
D05418,Heather Kane,Mpv,Bedok,4.86,Active
D05419,Jacqueline Miller,Hatchback,Jurong,3.96,Active
D05420,James Mckay,Hatchback,Punggol,4.04,Active
D05421,Christopher Williams,Electric,Singapore,3.85,Active
D05422,Wanda Atkinson,Premium,Bedok,4.61,Suspended
D05423,Dustin Johnston,Mpv,Toa Payoh,4.48,Active
D05424,Samuel Stafford,Hatchback,Yishun,4.29,Active
D05425,Daniel Thomas,Mpv,Woodlands,4.22,Active
D05426,Alyssa Walker,Suv,Ang Mo Kio,4.03,Active
D05427,Stacy Myers,Premium,Singapore,3.83,Active
D05428,Theresa Conner,Electric,Yishun,4.13,Active
D05429,Lacey Edwards,Suv,Bedok,3.55,Active
D05430,Lisa Brooks,Premium,Yishun,4.08,Suspended
D05431,Jeremy Carson,Suv,Bedok,3.57,Active
D05432,Angela Allen,Premium,Punggol,3.63,Active
D05433,Dr. Kent Hernandez Jr.,Electric,Bishan,4.46,Active
D05434,Mr. Joseph Cannon,Electric,Yishun,3.8,Active
D05435,Richard Jones,Electric,Bedok,3.54,Active
D05436,Dillon Vance,Electric,Singapore,3.62,Active
D05437,Alexandra Quinn,Premium,Punggol,3.83,Active
D05438,Melissa Pierce,Sedan,Ang Mo Kio,4.5,Active
D05439,Brian Tyler,Suv,Toa Payoh,3.86,Active
D05440,Teresa Howard,Hatchback,Tampines,3.74,Active
D05441,Donna Jones,Premium,Tampines,3.84,Active
D05442,Adam Mcmahon,Sedan,Bedok,4.19,Active
D05443,Cynthia Wilson,Suv,Toa Payoh,4.91,Active
D05444,Jacob Morales,Electric,Singapore,3.55,Active
D05445,Janet Davis,Premium,Toa Payoh,3.87,Active
D05446,Eric Ochoa,Sedan,Woodlands,4.66,Active
D05447,Monica Miller,Premium,Bishan,4.03,Active
D05448,Jennifer Miller,Premium,Woodlands,3.74,Active
D05449,Sean Martinez,Hatchback,Jurong,4.57,Active
D05450,Kenneth Martinez,Premium,Tampines,4.76,Active
D05451,Jane Key,Hatchback,Ang Mo Kio,4.31,Active
D05452,Jesus Mack,Premium,Bedok,4.59,Suspended
D05453,Richard Robinson,Mpv,Bedok,4.3,Active
D05454,Kathy Morris,Sedan,Toa Payoh,3.61,Active
D05455,Maria Hunt,Mpv,Bishan,3.99,Active
D05456,Michelle Ramirez,Suv,Bedok,3.92,Active
D05457,Robert Smith,Hatchback,Punggol,4.83,Active
D05458,Tonya Lee,Electric,Woodlands,4.5,Active
D05459,Christopher Johnson,Sedan,Woodlands,3.86,Inactive
D05460,Angie Brown,Electric,Woodlands,4.32,Active
D05461,Jeff Dean,Hatchback,Woodlands,4.56,Active
D05462,Sean Cummings,Suv,Jurong,3.96,Active
D05463,Gary Murphy,Sedan,Ang Mo Kio,4.53,Active
D05464,Thomas Gomez,Sedan,Singapore,4.16,Active
D05465,Bryan Green,Suv,Woodlands,4.56,Active
D05466,Clayton Davis,Premium,Bedok,3.67,Active
D05467,Karen Jones,Mpv,Punggol,4.01,Active
D05468,Grace Jones,Mpv,Punggol,4.52,Inactive
D05469,Derek Lee,Suv,Bishan,3.53,Active
D05470,Ryan Rice,Suv,Ang Mo Kio,4.28,Active
D05471,Brian Wheeler,Sedan,Tampines,3.76,Suspended
D05472,Sherri Ford,Hatchback,Yishun,4.69,Suspended
D05473,Renee Wood,Electric,Singapore,3.78,Suspended
D05474,Timothy Webster,Premium,Punggol,4.27,Active
D05475,Cindy Barker,Mpv,Punggol,4.73,Active
D05476,Cheryl Fox,Electric,Singapore,4.32,Active
D05477,Tina Wolf,Mpv,Ang Mo Kio,4.98,Active
D05478,Audrey Potts,Suv,Punggol,4.93,Active
D05479,Michael Parsons,Electric,Woodlands,3.96,Active
D05480,Don Carter,Mpv,Yishun,3.85,Active
D05481,Anthony Hansen,Sedan,Bishan,4.46,Inactive
D05482,Brittany Burns,Suv,Toa Payoh,4.84,Active
D05483,Maurice Young,Mpv,Bishan,4.57,Active
D05484,Tony Jones,Hatchback,Bedok,4.29,Active
D05485,Michael Hall,Hatchback,Ang Mo Kio,3.88,Active
D05486,Brian Farmer,Sedan,Ang Mo Kio,4.2,Active
D05487,Steven Jacobson,Hatchback,Punggol,3.98,Active
D05488,Amanda Thompson,Premium,Jurong,3.85,Active
D05489,Gabrielle Smith,Mpv,Toa Payoh,4.51,Active
D05490,Nicholas Sanchez,Sedan,Singapore,3.56,Active
D05491,Robert Jackson,Electric,Tampines,3.71,Inactive
D05492,James Morales,Hatchback,Punggol,3.97,Active
D05493,Colin Sweeney,Hatchback,Punggol,4.28,Active
D05494,Philip Haney,Mpv,Woodlands,4.76,Active
D05495,Michael Huber,Suv,Bishan,4.76,Active
D05496,Laura Stevens,Electric,Punggol,4.3,Active
D05497,Roy Christensen,Mpv,Bishan,4.79,Active
D05498,Sarah Clark,Hatchback,Bishan,3.92,Active
D05499,Jennifer Brewer,Hatchback,Bishan,4.85,Active
D05500,Mary Blair,Suv,Bishan,3.53,Active
D05501,Jennifer Middleton,Premium,Yishun,3.75,Active
D05502,Mrs. Jessica Hensley,Hatchback,Ang Mo Kio,4.38,Active
D05503,Latoya Campos,Premium,Singapore,3.8,Active
D05504,Andrea Mcclure,Sedan,Ang Mo Kio,4.36,Active
D05505,Christopher Larson,Mpv,Punggol,3.91,Active
D05506,Leslie Carlson,Electric,Singapore,3.61,Active
D05507,Leslie Villa,Suv,Ang Mo Kio,4.94,Active
D05508,Jillian Lopez,Premium,Singapore,3.58,Suspended
D05509,Leroy Wolfe,Sedan,Punggol,4.65,Active
D05510,James Meyer,Mpv,Punggol,4.72,Active
D05511,Brian Gonzalez,Hatchback,Singapore,4.6,Active
D05512,Lindsey Hart,Hatchback,Bedok,4.72,Active
D05513,Tracy Harmon,Electric,Woodlands,3.61,Active
D05514,Luke Carroll,Suv,Singapore,4.85,Active
D05515,Gary Olson,Suv,Bedok,4.52,Active
D05516,Elizabeth Thompson,Sedan,Singapore,4.5,Active
D05517,Kenneth Jennings,Hatchback,Ang Mo Kio,4.59,Active
D05518,Savannah Tucker,Premium,Singapore,4.15,Active
D05519,Johnathan Frey,Suv,Toa Payoh,4.6,Active
D05520,Nathaniel Miller,Electric,Ang Mo Kio,4.72,Active
D05521,Veronica Kim,Hatchback,Punggol,4.86,Active
D05522,Katherine Dixon,Electric,Singapore,4.17,Active
D05523,John Little,Sedan,Woodlands,4.92,Inactive
D05524,Michelle Levy,Mpv,Tampines,3.81,Active
D05525,Matthew Smith,Premium,Bishan,4.13,Inactive
D05526,Maria Bright,Hatchback,Tampines,4.56,Active
D05527,Teresa Rivera,Mpv,Woodlands,4.11,Active
D05528,Tonya Long,Suv,Ang Mo Kio,4.28,Active
D05529,Christina Harris,Mpv,Jurong,3.72,Active
D05530,Elizabeth Grant,Premium,Ang Mo Kio,4.67,Active
D05531,Sara Schultz,Suv,Woodlands,4.46,Suspended
D05532,Steven Randall Jr.,Electric,Bedok,4.5,Active
D05533,Jose Watson,Hatchback,Bedok,4.46,Active
D05534,Gary Nelson,Hatchback,Woodlands,3.78,Active
D05535,Jacob Johnson,Electric,Singapore,4.28,Active
D05536,Patricia Castro,Electric,Punggol,4.97,Active
D05537,Jennifer Alexander,Electric,Bedok,4.45,Active
D05538,Melissa Conrad,Electric,Tampines,4.07,Active
D05539,Joshua Archer,Premium,Singapore,4.88,Inactive
D05540,Robert Weiss,Suv,Tampines,4.88,Active
D05541,Vincent Mcclain,Sedan,Toa Payoh,4.33,Active
D05542,Mary Prince,Premium,Toa Payoh,3.63,Active
D05543,Patrick Paul MD,Suv,Yishun,4.07,Active
D05544,Nicole Webb,Electric,Woodlands,4.32,Active
D05545,Sandra Brooks,Electric,Yishun,4.58,Active
D05546,Mark Vargas,Premium,Bishan,4.4,Active
D05547,George Clark,Hatchback,Punggol,3.74,Active
D05548,Robin Smith,Mpv,Tampines,4.55,Active
D05549,John Silva,Mpv,Bedok,3.96,Active
D05550,Larry Brown,Suv,Punggol,4.81,Active
D05551,Sandra Koch,Premium,Toa Payoh,4.27,Active
D05552,Suzanne Reyes,Mpv,Bedok,4.41,Inactive
D05553,Dr. Patricia Clark,Sedan,Tampines,4.73,Active
D05554,Natalie Hodges,Suv,Punggol,3.94,Active
D05555,Micheal Rice,Mpv,Tampines,4.63,Active
D05556,Sara Patterson,Sedan,Singapore,4.76,Active
D05557,Russell Lopez,Hatchback,Punggol,4.58,Active
D05558,Renee Baker,Suv,Jurong,4.13,Active
D05559,Anthony West,Hatchback,Jurong,3.67,Active
D05560,Mrs. Gabrielle Gonzalez,Sedan,Woodlands,4.44,Active
D05561,Danielle Thompson,Premium,Toa Payoh,4.53,Active
D05562,Courtney Ramsey,Mpv,Ang Mo Kio,4.13,Active
D05563,Paula Todd,Premium,Punggol,4.95,Active
D05564,Mrs. Maria Odonnell DDS,Premium,Bishan,4.15,Inactive
D05565,Thomas Wilson,Sedan,Woodlands,4.23,Active
D05566,Joshua Edwards,Electric,Bedok,4.02,Inactive
D05567,Bryan Martinez,Premium,Bedok,4.67,Active
D05568,Douglas Crawford,Premium,Bishan,4.95,Active
D05569,Brian Moore,Electric,Jurong,4.85,Active
D05570,Justin Parker,Electric,Ang Mo Kio,3.65,Active
D05571,Nicholas Riley,Suv,Jurong,4.77,Active
D05572,Andrea Young,Sedan,Jurong,4.95,Inactive
D05573,Kenneth Ross,Electric,Bedok,3.99,Active
D05574,Julie Gonzales,Premium,Ang Mo Kio,3.6,Active
D05575,Shawn Taylor,Suv,Punggol,3.71,Active
D05576,Joshua Allen,Electric,Tampines,4.53,Active
D05577,Leslie Berger,Premium,Woodlands,4.34,Active
D05578,Bill Zamora,Mpv,Punggol,4.71,Active
D05579,Matthew Cox,Sedan,Singapore,4.76,Active
D05580,Jennifer Gonzalez,Sedan,Singapore,4.41,Active
D05581,Jessica Bryant,Electric,Singapore,4.58,Active
D05582,Christine Harding,Premium,Woodlands,3.89,Active
D05583,Allen Preston,Sedan,Jurong,4.86,Active
D05584,Scott Boyd,Premium,Toa Payoh,4.43,Active
D05585,Christopher Walker,Electric,Bishan,4.05,Active
D05586,Corey Davis,Suv,Singapore,4.79,Active
D05587,Kayla Garcia,Hatchback,Yishun,4.19,Active
D05588,David Clark,Electric,Singapore,3.54,Active
D05589,John Walker,Suv,Bedok,4.02,Active
D05590,Wesley Ryan,Suv,Bedok,3.69,Active
D05591,Brian Gilbert,Hatchback,Tampines,3.74,Active
D05592,Mr. Casey Kelly,Electric,Ang Mo Kio,4.27,Active
D05593,Rachel Austin,Premium,Ang Mo Kio,3.6,Active
D05594,Donna Wong,Suv,Toa Payoh,4.76,Active
D05595,Craig Ellis,Hatchback,Yishun,4.17,Active
D05596,Sarah Moore,Sedan,Tampines,4.16,Inactive
D05597,Stephanie Lane,Electric,Tampines,3.82,Active
D05598,Michael Lynch,Suv,Singapore,4.83,Active
D05599,Alex Duran,Sedan,Woodlands,4.92,Inactive
D05600,Christy Durham,Electric,Bishan,4.04,Active
D05601,Brian Torres,Hatchback,Yishun,4.5,Active
D05602,Mitchell Fuller,Mpv,Singapore,4.0,Active
D05603,Douglas Travis,Suv,Bedok,4.8,Active
D05604,James Gonzalez,Sedan,Toa Payoh,4.95,Active
D05605,Karen Reynolds,Hatchback,Toa Payoh,4.41,Active
D05606,Lisa Aguilar,Electric,Singapore,4.71,Active
D05607,Kevin Flynn,Sedan,Tampines,3.78,Active
D05608,Robert Juarez,Premium,Bishan,3.66,Active
D05609,Angela Hall,Mpv,Bishan,4.63,Active
D05610,Reginald Liu,Mpv,Bishan,4.87,Active
D05611,Aaron Fowler,Premium,Singapore,3.62,Active
D05612,Charles Kirk,Hatchback,Jurong,4.97,Active
D05613,Valerie Blankenship,Mpv,Yishun,3.95,Active
D05614,Amy Jones,Electric,Bedok,3.79,Active
D05615,John Lane,Hatchback,Toa Payoh,4.13,Inactive
D05616,Dr. Katie Olsen DVM,Sedan,Punggol,3.52,Active
D05617,Karen Roach,Mpv,Punggol,4.99,Active
D05618,Daniel Faulkner,Hatchback,Toa Payoh,3.91,Active
D05619,Jack Williams,Hatchback,Bedok,4.09,Active
D05620,Sandra Mcknight,Mpv,Singapore,4.03,Active
D05621,Bradley Clark,Mpv,Woodlands,4.36,Suspended
D05622,Donald Vargas,Electric,Punggol,4.01,Active
D05623,Garrett Oconnor,Hatchback,Tampines,4.75,Active
D05624,Andrea Perez,Hatchback,Tampines,4.36,Active
D05625,Diana White,Mpv,Tampines,4.82,Active
D05626,Jared Robertson,Hatchback,Punggol,4.24,Inactive
D05627,Andrew Wright,Sedan,Punggol,3.58,Active
D05628,Sandra Garcia,Electric,Tampines,4.4,Active
D05629,Jessica Wong,Electric,Tampines,3.84,Active
D05630,Gregory Lawrence,Hatchback,Yishun,4.56,Active
D05631,Travis Thomas,Electric,Bedok,4.12,Active
D05632,Allison Jensen,Premium,Ang Mo Kio,4.39,Active
D05633,Lori Vasquez,Sedan,Punggol,4.41,Active
D05634,Dale Martin,Electric,Singapore,4.73,Active
D05635,Beverly Peterson,Sedan,Woodlands,4.79,Active
D05636,Debbie Bailey,Premium,Tampines,3.72,Active
D05637,Robert Koch,Electric,Jurong,4.34,Active
D05638,Paige Chavez,Mpv,Ang Mo Kio,4.0,Active
D05639,Scott Allen,Premium,Ang Mo Kio,4.94,Active
D05640,Dan Olson,Hatchback,Bedok,3.59,Active
D05641,Kenneth Knight,Electric,Yishun,4.29,Active
D05642,Edward Levy,Hatchback,Bishan,4.18,Active
D05643,Shawn Olsen,Suv,Jurong,4.45,Active
D05644,Julie Hall,Electric,Bishan,4.64,Active
D05645,Caleb Jackson,Premium,Toa Payoh,3.6,Active
D05646,Erica Roberts,Electric,Yishun,4.18,Active
D05647,Christopher Woods,Suv,Jurong,4.21,Active
D05648,Brian Lewis,Premium,Bishan,4.23,Active
D05649,Christina Meza,Sedan,Ang Mo Kio,3.81,Active
D05650,Christopher Martinez,Sedan,Yishun,3.63,Active
D05651,Emma Ross,Electric,Bedok,4.97,Active
D05652,Joshua Stone,Electric,Punggol,4.09,Active
D05653,Julie Sanchez,Suv,Bedok,4.42,Active
D05654,Joshua Carey Jr.,Electric,Woodlands,4.52,Active
D05655,Edward Brown,Hatchback,Singapore,3.84,Active
D05656,Charles Miller,Mpv,Toa Payoh,3.95,Active
D05657,John Gardner,Electric,Tampines,4.75,Active
D05658,Carl Wagner,Suv,Yishun,3.87,Inactive
D05659,Danielle Norris,Premium,Punggol,3.65,Active
D05660,Audrey Chavez,Sedan,Bedok,4.12,Inactive
D05661,Morgan Douglas,Suv,Ang Mo Kio,4.6,Active
D05662,Melissa Lindsey,Electric,Yishun,3.87,Active
D05663,Scott Martinez,Mpv,Jurong,3.81,Active
D05664,Justin Haynes,Mpv,Bedok,4.75,Inactive
D05665,Kathleen Jackson,Suv,Punggol,3.79,Active
D05666,Randall Patel,Electric,Woodlands,4.23,Active
D05667,Michael Lopez,Mpv,Woodlands,4.43,Active
D05668,Andrew Bolton,Sedan,Ang Mo Kio,4.81,Active
D05669,Jacob Golden,Premium,Singapore,4.57,Active
D05670,Clarence Jones,Sedan,Bishan,4.74,Inactive
D05671,James Harrington,Sedan,Bishan,4.85,Active
D05672,David Joseph,Mpv,Singapore,4.13,Active
D05673,Travis Morgan,Sedan,Yishun,4.13,Active
D05674,Sean Lee,Electric,Punggol,3.69,Inactive
D05675,Cameron Matthews,Sedan,Yishun,4.21,Active
D05676,Haley Dillon,Premium,Woodlands,4.68,Active
D05677,Mike Reed,Suv,Bedok,4.27,Active
D05678,Rebecca Todd,Hatchback,Ang Mo Kio,4.45,Active
D05679,Stacy Page,Electric,Singapore,4.39,Active
D05680,Tricia Bright,Mpv,Jurong,4.0,Active
D05681,Debra Bell,Hatchback,Singapore,3.84,Active
D05682,Jimmy Hart,Suv,Woodlands,3.92,Active
D05683,Michael Guzman,Premium,Punggol,4.88,Active
D05684,Shane Flores,Mpv,Jurong,3.91,Active
D05685,Francisco Copeland,Electric,Bishan,4.02,Active
D05686,Megan Bullock,Mpv,Bedok,4.81,Active
D05687,Ronald Campbell,Sedan,Bedok,3.95,Active
D05688,Lisa Miranda,Suv,Ang Mo Kio,4.95,Active
D05689,Rachel May,Mpv,Toa Payoh,4.76,Active
D05690,Autumn Rosales,Electric,Tampines,3.64,Active
D05691,Jasmine Riley,Hatchback,Punggol,3.93,Active
D05692,Deborah Mcguire,Premium,Jurong,4.59,Active
D05693,Caleb Marsh,Electric,Ang Mo Kio,4.99,Inactive
D05694,Tiffany Rodriguez,Premium,Toa Payoh,3.73,Active
D05695,Lauren Jackson,Premium,Bishan,4.92,Active
D05696,Ashley Castillo,Mpv,Jurong,3.56,Active
D05697,Christopher Whitehead,Mpv,Bedok,4.8,Active
D05698,Amanda Gonzalez,Suv,Bishan,4.43,Active
D05699,Ralph Vargas,Sedan,Yishun,3.73,Active
D05700,Thomas Tapia,Suv,Punggol,4.37,Active
D05701,Kimberly Solis,Premium,Singapore,3.84,Inactive
D05702,Victoria Benson,Sedan,Bishan,3.71,Active
D05703,Joe Jones,Mpv,Singapore,4.72,Active
D05704,Theodore Taylor DDS,Premium,Tampines,4.29,Active
D05705,Oscar Stein,Premium,Tampines,3.97,Active
D05706,Robert Adkins,Electric,Jurong,4.92,Active
D05707,Molly Martinez,Mpv,Ang Mo Kio,4.43,Active
D05708,Adrian Mcclure,Premium,Singapore,3.97,Active
D05709,Elizabeth Jackson,Mpv,Woodlands,4.3,Active
D05710,Randall Barton,Suv,Yishun,4.23,Suspended
D05711,Chloe Jones,Sedan,Tampines,3.53,Inactive
D05712,Jamie Anderson,Premium,Jurong,3.68,Active
D05713,Nathan Bishop,Mpv,Yishun,3.58,Active
D05714,Courtney Salazar,Premium,Toa Payoh,4.89,Active
D05715,Christina Wheeler DVM,Electric,Woodlands,4.64,Inactive
D05716,Brooke Thomas,Premium,Punggol,3.84,Active
D05717,Chase West,Sedan,Woodlands,3.95,Active
D05718,Paula Cox,Sedan,Jurong,3.88,Active
D05719,Matthew Landry,Electric,Punggol,4.94,Active
D05720,Stephanie Brown,Premium,Bishan,4.88,Active
D05721,Dakota Allison,Suv,Bishan,4.09,Active
D05722,Angela Miller,Hatchback,Singapore,4.72,Active
D05723,Michelle Cortez,Hatchback,Punggol,3.56,Inactive
D05724,Brian Walker,Mpv,Singapore,3.65,Active
D05725,Jose Robinson,Mpv,Punggol,3.56,Active
D05726,Gary Peterson,Premium,Punggol,4.44,Active
D05727,Stephanie Oneal,Sedan,Punggol,4.01,Active
D05728,Thomas Velasquez,Sedan,Jurong,3.84,Active
D05729,Patricia Ramirez,Mpv,Bedok,5.0,Active
D05730,Timothy Richardson,Suv,Bishan,4.79,Active
D05731,Phillip Soto,Suv,Toa Payoh,3.86,Active
D05732,William Williams,Suv,Jurong,3.91,Suspended
D05733,Richard Jenkins,Electric,Tampines,3.8,Active
D05734,Nicole Lopez,Mpv,Yishun,4.26,Active
D05735,Melinda Wilson,Hatchback,Jurong,4.69,Active
D05736,Amber Bates,Premium,Singapore,4.74,Active
D05737,Jennifer Alvarez,Suv,Bedok,3.76,Active
D05738,Taylor King,Electric,Toa Payoh,4.74,Active
D05739,Diana Davis,Sedan,Tampines,4.91,Active
D05740,Cody Ferguson,Electric,Singapore,4.61,Active
D05741,Catherine Rangel,Hatchback,Punggol,4.92,Active
D05742,Joann Barber,Electric,Toa Payoh,3.81,Active
D05743,Reginald Parker,Premium,Ang Mo Kio,4.49,Active
D05744,Abigail Howard,Mpv,Ang Mo Kio,4.07,Active
D05745,Alice Perez,Suv,Bishan,3.96,Active
D05746,Elizabeth Hernandez,Mpv,Woodlands,3.92,Active
D05747,Katherine Li,Suv,Bishan,4.15,Active
D05748,Kenneth Salazar,Sedan,Yishun,3.84,Active
D05749,Bonnie Watson,Premium,Tampines,4.31,Active
D05750,Carrie Cunningham,Suv,Yishun,3.96,Active
D05751,Melissa Martinez,Electric,Toa Payoh,4.01,Active
D05752,Gerald Holloway,Suv,Jurong,3.98,Active
D05753,Andrew Haney,Sedan,Woodlands,4.21,Active
D05754,Parker Williams,Sedan,Toa Payoh,3.9,Active
D05755,Randy Young,Electric,Yishun,4.85,Active
D05756,Dana Williams,Electric,Toa Payoh,4.93,Active
D05757,Marvin Larson,Premium,Singapore,3.55,Active
D05758,Daniel Howell,Sedan,Bedok,4.58,Active
D05759,Gregory Hines,Mpv,Toa Payoh,4.21,Active
D05760,Isaiah Wolfe,Hatchback,Tampines,3.96,Active
D05761,Ana Phillips,Electric,Yishun,4.84,Active
D05762,Samantha Melton,Sedan,Toa Payoh,5.0,Active
D05763,George Hoover,Mpv,Jurong,3.91,Active
D05764,William Wilson,Mpv,Bishan,4.13,Active
D05765,Christian Wallace,Premium,Yishun,4.27,Active
D05766,Sherry Morgan,Hatchback,Punggol,3.58,Active
D05767,Ronald Wong,Hatchback,Toa Payoh,4.84,Active
D05768,Richard Reid,Suv,Bishan,3.88,Inactive
D05769,David Johnson,Mpv,Punggol,4.36,Suspended
D05770,Michael Curtis,Premium,Singapore,4.25,Active
D05771,Renee Terry,Mpv,Woodlands,3.6,Active
D05772,Linda Gill,Mpv,Toa Payoh,4.66,Active
D05773,Barbara Hodges,Hatchback,Tampines,3.88,Active
D05774,Nathaniel Nguyen,Sedan,Toa Payoh,4.85,Active
D05775,David Coleman,Hatchback,Jurong,3.98,Active
D05776,Ivan Bautista,Hatchback,Woodlands,3.66,Active
D05777,Julian Barber,Mpv,Yishun,3.75,Active
D05778,Sheila Johnson,Suv,Ang Mo Kio,4.59,Active
D05779,Emily Fowler,Sedan,Jurong,4.58,Active
D05780,Mrs. Hannah Howell MD,Electric,Bedok,3.82,Active
D05781,Johnathan Carson,Electric,Woodlands,4.31,Active
D05782,David Myers,Hatchback,Punggol,4.11,Active
D05783,Katherine Forbes,Premium,Singapore,4.34,Active
D05784,Joseph Williams,Hatchback,Woodlands,4.62,Active
D05785,Nancy Smith,Electric,Tampines,3.57,Active
D05786,Ashley Gilbert,Hatchback,Bishan,4.78,Active
D05787,Brian Garcia,Mpv,Yishun,4.12,Active
D05788,Mary Oliver,Sedan,Bedok,4.17,Active
D05789,Kelly Price,Sedan,Singapore,4.12,Active
D05790,Tami Smith,Premium,Singapore,4.0,Active
D05791,Jeffrey Kent,Electric,Ang Mo Kio,3.65,Active
D05792,Brenda Smith,Mpv,Tampines,4.59,Active
D05793,Richard Hoover,Hatchback,Bishan,4.32,Active
D05794,Robert Brown,Premium,Bedok,4.97,Active
D05795,Luis Gamble,Suv,Punggol,4.1,Active
D05796,Gregory Duncan,Sedan,Punggol,3.64,Active
D05797,Jason Williams,Suv,Woodlands,3.97,Active
D05798,Dalton Brown,Electric,Tampines,4.64,Active
D05799,Corey Munoz,Hatchback,Bedok,4.21,Active
D05800,Melissa Phillips,Electric,Tampines,4.18,Active
D05801,Christopher Burns,Hatchback,Toa Payoh,3.58,Active
D05802,Stephanie Morgan,Suv,Bedok,4.88,Inactive
D05803,Catherine Reese,Electric,Singapore,4.59,Active
D05804,Suzanne Long,Sedan,Tampines,4.91,Inactive
D05805,Donna Jones,Premium,Punggol,4.87,Active
D05806,Daniel Cruz,Electric,Toa Payoh,3.57,Active
D05807,Ryan Weaver,Mpv,Bedok,3.89,Active
D05808,Erin Gregory,Electric,Singapore,4.35,Active
D05809,Allison Dixon,Premium,Singapore,3.87,Active
D05810,Joshua Fleming,Hatchback,Tampines,4.69,Active
D05811,Katie Silva,Premium,Bedok,4.92,Active
D05812,Erica Castaneda,Premium,Yishun,4.12,Active
D05813,Alex Pittman,Electric,Tampines,4.76,Active
D05814,Deborah Foster,Hatchback,Toa Payoh,3.88,Active
D05815,Robert Nguyen,Premium,Yishun,4.68,Active
D05816,Thomas Guzman,Premium,Tampines,4.54,Active
D05817,Charlotte Jackson,Premium,Singapore,4.62,Inactive
D05818,Madison Nicholson,Sedan,Woodlands,3.82,Active
D05819,Danielle Johnson,Hatchback,Ang Mo Kio,4.27,Active
D05820,Shannon Wells,Premium,Jurong,5.0,Active
D05821,Phillip Tate,Premium,Jurong,4.97,Active
D05822,Paul Rollins,Electric,Toa Payoh,3.82,Active
D05823,Elizabeth Evans,Premium,Singapore,4.15,Active
D05824,Jenna Simmons,Suv,Toa Payoh,4.77,Active
D05825,Joseph Lopez,Premium,Yishun,4.02,Active
D05826,Karen Solis,Suv,Jurong,4.91,Active
D05827,Sergio Foster,Premium,Yishun,3.92,Active
D05828,Cody Phillips,Hatchback,Jurong,4.97,Active
D05829,Stephen Sherman,Sedan,Punggol,4.03,Active
D05830,Alan Jones,Sedan,Tampines,3.76,Active
D05831,Timothy Long,Hatchback,Woodlands,3.76,Active
D05832,Jenna Taylor,Sedan,Yishun,3.9,Suspended
D05833,Jacqueline Gallegos,Suv,Bishan,4.2,Active
D05834,Maria Kennedy,Hatchback,Ang Mo Kio,4.65,Active
D05835,Audrey Bass,Suv,Toa Payoh,4.49,Active
D05836,Michael Casey,Electric,Singapore,4.4,Active
D05837,Tonya Anderson,Suv,Punggol,4.99,Active
D05838,Kendra Farrell,Hatchback,Toa Payoh,3.77,Active
D05839,Alicia Cooke,Sedan,Yishun,4.96,Active
D05840,Nicole Gray,Premium,Yishun,4.08,Active
D05841,Jonathan Costa,Sedan,Yishun,4.36,Active
D05842,Ronald Chambers,Hatchback,Ang Mo Kio,4.8,Active
D05843,Andrea Ray,Suv,Yishun,4.02,Inactive
D05844,Danielle Thomas,Mpv,Singapore,3.62,Active
D05845,Patricia Duncan,Mpv,Punggol,4.43,Active
D05846,Michelle Kim,Electric,Tampines,4.98,Active
D05847,Brittany Moore,Suv,Singapore,4.84,Suspended
D05848,Ralph Novak,Sedan,Punggol,3.85,Active
D05849,Todd Bass,Premium,Bedok,4.09,Active
D05850,Denise May,Suv,Punggol,4.58,Active
D05851,Patrick Dorsey,Sedan,Bedok,4.71,Active
D05852,Joshua Bell,Electric,Singapore,4.28,Active
D05853,Shawn Rogers,Mpv,Ang Mo Kio,4.25,Active
D05854,Amanda Hall,Premium,Toa Payoh,3.52,Active
D05855,Taylor Weaver,Mpv,Singapore,3.61,Active
D05856,Julie Barr,Suv,Bedok,4.29,Active
D05857,Suzanne Chavez,Suv,Punggol,3.71,Active
D05858,Elizabeth Bates,Hatchback,Punggol,4.29,Active
D05859,Randy Dunn MD,Sedan,Yishun,4.5,Active
D05860,Nancy Sanford,Sedan,Toa Payoh,3.81,Active
D05861,Charles Paul DDS,Hatchback,Punggol,4.76,Active
D05862,Daniel Mcdonald,Electric,Woodlands,4.48,Active
D05863,Rick Nelson,Hatchback,Woodlands,4.39,Active
D05864,Jordan Brown,Hatchback,Toa Payoh,3.78,Active
D05865,Brandon Armstrong,Premium,Ang Mo Kio,4.46,Active
D05866,Ruth Davis,Suv,Singapore,4.88,Active
D05867,Patrick Ruiz,Hatchback,Bishan,4.91,Active
D05868,Martin Howard,Premium,Toa Payoh,4.3,Active
D05869,Zachary Strickland,Premium,Tampines,4.47,Inactive
D05870,Darren Smith,Hatchback,Ang Mo Kio,4.83,Active
D05871,Ashley Hays,Sedan,Bedok,4.13,Inactive
D05872,Steven Mclaughlin,Suv,Tampines,3.71,Active
D05873,Nicole Walker,Hatchback,Toa Payoh,4.34,Active
D05874,Morgan Garcia,Electric,Toa Payoh,4.13,Active
D05875,Michael Craig,Sedan,Singapore,3.93,Active
D05876,Michelle Williams,Suv,Jurong,3.88,Active
D05877,Carla Lewis,Sedan,Woodlands,4.61,Active
D05878,Edwin Walters,Electric,Yishun,4.79,Active
D05879,William Gutierrez,Hatchback,Bishan,4.24,Active
D05880,Ashley Banks,Hatchback,Woodlands,4.76,Active
D05881,Allison Chen,Premium,Bedok,4.11,Inactive
D05882,Colin Vance,Premium,Bishan,3.66,Active
D05883,Valerie Clark,Suv,Jurong,4.7,Active
D05884,Jeffrey Powell,Suv,Tampines,4.21,Active
D05885,Autumn Douglas,Electric,Punggol,3.84,Active
D05886,Rachel Murray,Sedan,Toa Payoh,4.12,Active
D05887,Raymond Armstrong,Suv,Yishun,4.07,Active
D05888,Kelly Cuevas,Mpv,Ang Mo Kio,3.9,Active
D05889,Katherine Washington,Premium,Toa Payoh,4.08,Active
D05890,Cameron Roberts,Premium,Jurong,4.5,Active
D05891,Jennifer Aguirre,Hatchback,Jurong,4.91,Active
D05892,Marcus Tanner,Hatchback,Woodlands,4.37,Active
D05893,Jennifer Perez,Mpv,Yishun,4.22,Active
D05894,Amanda Coffey,Suv,Jurong,4.62,Active
D05895,David Haynes,Premium,Woodlands,4.82,Active
D05896,Ruth Robinson,Mpv,Ang Mo Kio,3.98,Inactive
D05897,Cheryl Hall,Sedan,Punggol,3.8,Active
D05898,Edward Lynch,Mpv,Toa Payoh,4.93,Active
D05899,Lisa Holden,Sedan,Bedok,3.81,Active
D05900,Alexandria Hood,Premium,Singapore,4.19,Active
D05901,Kathleen Gibson,Premium,Bedok,3.98,Active
D05902,Kim Townsend,Suv,Bedok,4.55,Active
D05903,Brandon White,Sedan,Toa Payoh,3.74,Active
D05904,Jennifer Hernandez,Premium,Woodlands,4.94,Active
D05905,Carlos Lowery,Premium,Bedok,4.27,Active
D05906,Thomas Pena,Suv,Ang Mo Kio,4.42,Active
D05907,Terri Rowe,Hatchback,Yishun,4.14,Active
D05908,Billy Ferguson,Premium,Jurong,3.71,Active
D05909,Charles Clark,Mpv,Ang Mo Kio,4.64,Active
D05910,James Gonzalez,Hatchback,Bedok,4.47,Active
D05911,Nathan Glover,Sedan,Tampines,4.73,Inactive
D05912,Jacqueline Pierce,Suv,Singapore,3.96,Active
D05913,Zachary Hayes,Mpv,Singapore,3.59,Active
D05914,David Levine,Mpv,Bedok,4.1,Active
D05915,Anna Campbell,Sedan,Tampines,4.4,Active
D05916,Julia Gordon,Sedan,Jurong,4.87,Active
D05917,Dale Mejia,Hatchback,Woodlands,3.81,Active
D05918,Rachel Warren,Mpv,Toa Payoh,3.64,Active
D05919,Taylor Mays,Suv,Yishun,4.2,Active
D05920,Felicia Williams DVM,Premium,Singapore,4.14,Active
D05921,Mark Jenkins,Mpv,Bedok,4.9,Active
D05922,Justin Garza,Electric,Woodlands,4.42,Active
D05923,Ray Watson,Premium,Jurong,4.09,Inactive
D05924,Karla Mcintyre,Sedan,Bedok,4.67,Active
D05925,Robert Swanson,Suv,Bedok,4.7,Active
D05926,Marcus Gilmore DDS,Sedan,Toa Payoh,3.58,Active
D05927,Pamela Lopez MD,Suv,Ang Mo Kio,4.01,Active
D05928,Linda Welch,Electric,Tampines,4.08,Active
D05929,Erin Roth,Electric,Jurong,4.09,Active
D05930,Jordan Taylor,Premium,Punggol,4.3,Active
D05931,Linda Johnson,Sedan,Yishun,4.32,Active
D05932,Heidi Stewart,Hatchback,Tampines,3.82,Active
D05933,Gregory Ramirez,Hatchback,Ang Mo Kio,4.35,Active
D05934,Joshua Dickson,Suv,Punggol,4.63,Active
D05935,Kevin Hernandez,Electric,Jurong,4.79,Active
D05936,John Cherry,Hatchback,Bishan,3.91,Active
D05937,Amanda Jimenez,Premium,Singapore,4.61,Inactive
D05938,Jorge Sheppard,Premium,Bishan,3.64,Active
D05939,Sarah Murphy,Premium,Ang Mo Kio,4.4,Active
D05940,April Kaufman,Mpv,Bishan,4.39,Active
D05941,Kathy Garrett,Sedan,Toa Payoh,3.67,Inactive
D05942,Erin Long,Suv,Singapore,4.53,Active
D05943,Kelly Williams,Sedan,Bishan,4.44,Active
D05944,Leah Fowler,Hatchback,Bishan,4.74,Inactive
D05945,James Medina,Electric,Woodlands,4.31,Active
D05946,Kristin Miller,Suv,Bishan,4.27,Active
D05947,Martha Cowan,Suv,Toa Payoh,3.61,Active
D05948,Mr. Brandon Martin MD,Hatchback,Woodlands,4.74,Active
D05949,Margaret Carroll,Hatchback,Yishun,4.23,Active
D05950,Patricia Haynes,Electric,Bishan,4.52,Active
D05951,Joseph Evans,Hatchback,Jurong,4.92,Active
D05952,Margaret Dominguez,Premium,Tampines,4.61,Active
D05953,Christina Munoz,Mpv,Yishun,4.4,Inactive
D05954,Maria Daniels,Premium,Tampines,3.82,Active
D05955,Thomas Livingston,Electric,Bishan,4.18,Active
D05956,Michele Young,Premium,Bishan,3.5,Active
D05957,Larry Farmer,Premium,Punggol,4.29,Active
D05958,Paul Hunter,Electric,Punggol,4.57,Active
D05959,Anthony Hall,Mpv,Singapore,4.54,Active
D05960,Isabella Bradley,Mpv,Tampines,3.79,Active
D05961,Jill Nelson,Mpv,Bishan,4.51,Active
D05962,Marcus Webster,Suv,Woodlands,4.7,Active
D05963,Dr. Andrea Bennett,Electric,Bishan,3.63,Active
D05964,Maureen Hodges,Electric,Ang Mo Kio,3.98,Active
D05965,Donald Graves,Sedan,Ang Mo Kio,4.25,Active
D05966,Jocelyn Sanchez,Premium,Bishan,3.78,Active
D05967,Hannah Graham,Electric,Woodlands,4.95,Active
D05968,David Jones,Premium,Bishan,4.42,Active
D05969,Shaun Watson,Mpv,Tampines,3.66,Active
D05970,Jasmin Shaw,Premium,Tampines,4.0,Active
D05971,William Mcdaniel,Hatchback,Woodlands,4.0,Active
D05972,Monique Gonzalez,Hatchback,Yishun,3.52,Active
D05973,Michelle Mccoy,Sedan,Singapore,4.43,Active
D05974,Tammy Kennedy,Sedan,Woodlands,3.92,Inactive
D05975,John Garcia,Hatchback,Woodlands,4.99,Active
D05976,Antonio Perez,Hatchback,Jurong,4.14,Active
D05977,Teresa Orr,Premium,Ang Mo Kio,4.32,Active
D05978,Shane Kelly,Mpv,Yishun,4.5,Active
D05979,Eric Rodriguez,Premium,Yishun,4.94,Inactive
D05980,Courtney Woods,Mpv,Jurong,4.29,Active
D05981,Lisa Byrd,Hatchback,Ang Mo Kio,4.53,Active
D05982,Katherine Jones,Suv,Yishun,4.13,Active
D05983,Stephen Joseph,Mpv,Bedok,4.64,Active
D05984,Michael Caldwell,Premium,Yishun,4.76,Active
D05985,Megan Shah,Suv,Bishan,3.61,Active
D05986,Steven Cunningham,Suv,Bishan,4.91,Active
D05987,Crystal Anderson,Mpv,Woodlands,3.71,Active
D05988,Justin Willis,Electric,Woodlands,3.68,Active
D05989,Mark Martin,Mpv,Yishun,4.78,Active
D05990,Jose Wilson,Hatchback,Tampines,3.78,Active
D05991,Cindy White,Premium,Bedok,4.36,Active
D05992,Steven Murphy,Sedan,Singapore,4.15,Active
D05993,Brendan Bell,Hatchback,Woodlands,4.34,Active
D05994,Carol Brown,Mpv,Bedok,4.36,Active
D05995,James Roach,Premium,Jurong,4.74,Active
D05996,Jacob Vazquez,Hatchback,Bedok,4.46,Active
D05997,Lisa Moyer,Sedan,Yishun,3.92,Active
D05998,Riley Scott,Premium,Jurong,4.52,Active
D05999,Nicholas Hammond,Sedan,Tampines,4.3,Active
D06000,Anna Barnett,Sedan,Bedok,4.75,Inactive
D06001,Candace Butler,Suv,Bishan,4.97,Active
D06002,Joe Perez,Hatchback,Bedok,4.79,Active
D06003,Andrea Lang,Hatchback,Bishan,3.8,Active
D06004,Carol Flores,Sedan,Singapore,4.7,Active
D06005,Kimberly Johnson,Suv,Ang Mo Kio,4.06,Active
D06006,Laurie Brown,Premium,Bishan,3.98,Inactive
D06007,Amanda Jackson,Suv,Singapore,3.89,Active
D06008,Thomas Rocha,Premium,Punggol,4.06,Active
D06009,Robert Gomez,Suv,Bedok,3.72,Active
D06010,Christopher Obrien,Hatchback,Jurong,4.06,Active
D06011,Kayla Jones,Electric,Bedok,3.76,Active
D06012,Miss Heather Thomas DDS,Suv,Tampines,4.1,Active
D06013,Patricia Singh,Electric,Bedok,4.6,Active
D06014,Ariel Cook,Hatchback,Jurong,4.29,Active
D06015,Ashley Proctor,Mpv,Ang Mo Kio,4.33,Active
D06016,Lee Santos,Hatchback,Ang Mo Kio,4.97,Active
D06017,William Contreras,Hatchback,Woodlands,4.81,Active
D06018,Christine Frank,Suv,Singapore,4.62,Active
D06019,Terry Sexton,Electric,Ang Mo Kio,4.45,Inactive
D06020,Aaron Richardson,Sedan,Toa Payoh,3.57,Active
D06021,Brianna Sanchez,Suv,Bishan,3.95,Inactive
D06022,Stephanie Best,Premium,Yishun,3.64,Active
D06023,Deborah Madden,Suv,Bedok,4.22,Active
D06024,Misty Thompson,Mpv,Bishan,4.36,Active
D06025,Michael Rodgers,Mpv,Toa Payoh,3.99,Active
D06026,Veronica Barry,Hatchback,Woodlands,4.99,Active
D06027,Amanda Matthews,Hatchback,Singapore,4.21,Active
D06028,Kimberly Carroll,Suv,Ang Mo Kio,4.34,Active
D06029,Stacy Hunt,Sedan,Toa Payoh,3.81,Active
D06030,Carlos Long,Sedan,Woodlands,4.21,Active
D06031,Laura English,Suv,Woodlands,4.23,Active
D06032,Mrs. Jeanne Smith,Hatchback,Jurong,4.69,Active
D06033,Tyler Kirby,Electric,Ang Mo Kio,4.82,Active
D06034,Shelly Ferguson,Sedan,Tampines,4.36,Active
D06035,Courtney Watts,Suv,Punggol,3.8,Active
D06036,Beth Smith,Electric,Jurong,4.03,Active
D06037,Julia Duncan,Suv,Bishan,3.54,Suspended
D06038,Rachel Hamilton,Mpv,Yishun,4.83,Active
D06039,Jessica Williamson,Sedan,Ang Mo Kio,3.6,Active
D06040,Robert Ortega,Mpv,Punggol,3.93,Active
D06041,Joshua Thompson,Suv,Punggol,4.96,Active
D06042,Nathan Higgins,Electric,Bedok,3.67,Active
D06043,Michele Poole,Hatchback,Singapore,3.55,Active
D06044,Linda Hull,Premium,Tampines,4.1,Suspended
D06045,Jay Smith,Electric,Singapore,4.17,Active
D06046,Justin Garcia,Sedan,Punggol,4.15,Inactive
D06047,Michael Spencer,Mpv,Singapore,3.99,Active
D06048,Jennifer Allen,Hatchback,Toa Payoh,3.81,Active
D06049,Amanda Koch,Sedan,Bedok,3.66,Active
D06050,Heather Kim,Premium,Bedok,4.45,Active
D06051,Mary Schroeder,Sedan,Jurong,4.4,Active
D06052,Beth Sanchez,Electric,Woodlands,4.91,Active
D06053,Katherine Freeman,Premium,Punggol,3.94,Active
D06054,Dustin Mcgee,Sedan,Ang Mo Kio,4.46,Active
D06055,Michael Ramos,Mpv,Jurong,4.6,Active
D06056,Anna Hill,Suv,Punggol,4.49,Active
D06057,Cory Wallace,Hatchback,Jurong,4.91,Active
D06058,Laura Allen DVM,Hatchback,Jurong,4.45,Inactive
D06059,Joshua Smith DDS,Hatchback,Yishun,4.5,Active
D06060,Steven Smith,Mpv,Bishan,3.85,Active
D06061,Andrew Harris,Premium,Punggol,3.97,Active
D06062,Mindy Miller,Hatchback,Yishun,4.57,Active
D06063,Linda Navarro,Suv,Ang Mo Kio,4.53,Active
D06064,Melinda Gray,Suv,Yishun,4.62,Active
D06065,Shannon Lam MD,Electric,Punggol,3.65,Active
D06066,Brian Thompson,Hatchback,Singapore,3.96,Active
D06067,Sean Smith,Sedan,Ang Mo Kio,3.58,Active
D06068,Nathan Webb,Hatchback,Woodlands,4.85,Active
D06069,Evan Walton,Suv,Woodlands,4.69,Active
D06070,Lisa Barr,Hatchback,Yishun,4.35,Active
D06071,Derrick Weber,Hatchback,Woodlands,4.66,Active
D06072,Christian Perkins,Premium,Jurong,4.61,Active
D06073,Anthony Hansen,Suv,Bedok,3.85,Active
D06074,Sheila Jacobs,Hatchback,Singapore,3.59,Active
D06075,Vincent Brown,Hatchback,Toa Payoh,4.33,Active
D06076,Jill Holmes,Premium,Jurong,4.34,Active
D06077,Cynthia Novak,Hatchback,Ang Mo Kio,4.21,Active
D06078,Rebecca Sosa,Premium,Woodlands,4.57,Active
D06079,Michael Robertson,Electric,Yishun,4.88,Active
D06080,Angela Pennington,Hatchback,Woodlands,4.73,Active
D06081,Raymond Phillips,Mpv,Bedok,4.65,Active
D06082,Brianna Benson,Mpv,Singapore,3.84,Active
D06083,Donna Mendoza,Electric,Tampines,3.91,Active
D06084,Mr. Donald Green,Suv,Singapore,4.25,Active
D06085,Kevin Galloway,Electric,Tampines,4.06,Active
D06086,Richard Sandoval,Suv,Toa Payoh,4.88,Inactive
D06087,Alan Guerra PhD,Electric,Jurong,4.36,Active
D06088,David Garcia,Premium,Toa Payoh,4.94,Active
D06089,Christopher Butler,Electric,Toa Payoh,4.01,Active
D06090,Sonya Adams,Suv,Punggol,4.23,Inactive
D06091,Jessica Mills,Hatchback,Tampines,4.75,Active
D06092,Stacy Morrison,Suv,Toa Payoh,4.22,Active
D06093,Melissa Jensen,Hatchback,Tampines,4.36,Active
D06094,Lisa Martin,Suv,Bedok,4.88,Active
D06095,Joshua Smith,Mpv,Ang Mo Kio,4.87,Active
D06096,Jacqueline Banks,Electric,Tampines,3.9,Active
D06097,Carrie Callahan,Suv,Yishun,3.54,Active
D06098,Robin Roberts,Sedan,Punggol,4.7,Active
D06099,Cynthia Figueroa,Premium,Singapore,4.81,Active
D06100,James Robles,Electric,Singapore,4.29,Active
D06101,Nicole Jackson,Suv,Tampines,4.28,Active
D06102,Katie Smith,Sedan,Bishan,4.18,Active
D06103,Kenneth Jefferson,Sedan,Woodlands,4.95,Inactive
D06104,Denise Murphy,Electric,Toa Payoh,4.04,Active
D06105,Robert Shaw,Suv,Yishun,4.17,Active
D06106,Melissa Mcbride,Hatchback,Toa Payoh,3.7,Inactive
D06107,Kimberly Nguyen,Suv,Jurong,4.33,Active
D06108,Daniel Ruiz,Suv,Ang Mo Kio,4.12,Active
D06109,Barbara Davis,Sedan,Jurong,3.93,Active
D06110,Jocelyn Cruz,Electric,Tampines,3.84,Active
D06111,Lori Miller,Premium,Jurong,3.61,Active
D06112,Nancy Martinez,Premium,Woodlands,4.0,Active
D06113,Timothy Fernandez,Suv,Singapore,4.92,Active
D06114,Christian Rodriguez,Electric,Bedok,3.82,Active
D06115,Kenneth Nelson,Premium,Bedok,3.95,Active
D06116,Hayden Love,Hatchback,Tampines,4.71,Active
D06117,Christopher Juarez,Hatchback,Woodlands,3.61,Active
D06118,Carl Willis,Electric,Bishan,4.07,Active
D06119,Tracey Perez,Sedan,Woodlands,4.42,Active
D06120,James Monroe,Hatchback,Bedok,4.87,Inactive
D06121,Dr. Melissa Baker,Electric,Punggol,3.81,Active
D06122,Shane Lucas,Electric,Yishun,4.06,Active
D06123,Patricia Mcbride,Premium,Jurong,4.98,Active
D06124,April Case,Hatchback,Punggol,4.87,Active
D06125,Robert Stevens,Premium,Woodlands,4.59,Active
D06126,Tiffany Turner,Premium,Ang Mo Kio,4.56,Active
D06127,Travis Gill,Suv,Woodlands,3.79,Active
D06128,Marc Brady,Sedan,Ang Mo Kio,4.88,Active
D06129,Mary Robertson,Hatchback,Bishan,4.08,Active
D06130,Kevin Wong,Sedan,Bedok,3.69,Active
D06131,Timothy Edwards,Sedan,Woodlands,3.63,Active
D06132,Sarah Bates,Hatchback,Yishun,3.74,Active
D06133,Tammy Johnson,Mpv,Tampines,4.36,Active
D06134,Stephanie Greene,Premium,Ang Mo Kio,3.54,Active
D06135,Brooke Baker,Electric,Tampines,4.67,Active
D06136,Tonya Wagner,Sedan,Bishan,4.83,Active
D06137,Derek Robinson,Hatchback,Punggol,4.13,Active
D06138,Christopher Robinson,Hatchback,Bedok,4.58,Active
D06139,Dawn Gray,Mpv,Tampines,3.86,Active
D06140,Janet Sullivan,Hatchback,Singapore,3.67,Active
D06141,David Townsend,Hatchback,Bishan,4.06,Inactive
D06142,Mr. William Chan,Electric,Toa Payoh,3.69,Active
D06143,Thomas Hays,Mpv,Yishun,4.0,Inactive
D06144,Oscar Camacho,Sedan,Bedok,4.11,Active
D06145,Jennifer Lawson,Electric,Punggol,4.85,Active
D06146,Peggy Waller,Electric,Ang Mo Kio,3.95,Active
D06147,Carmen Rosales,Sedan,Ang Mo Kio,4.32,Active
D06148,Mr. Robert Padilla,Suv,Punggol,3.93,Active
D06149,Robin Jones,Hatchback,Yishun,3.65,Active
D06150,Melinda Lang,Premium,Singapore,4.41,Active
D06151,Barbara Bean,Mpv,Jurong,3.72,Active
D06152,Nicholas Williams,Mpv,Ang Mo Kio,4.37,Active
D06153,Angela Reynolds,Premium,Ang Mo Kio,3.95,Active
D06154,Jacqueline Olson,Sedan,Jurong,3.92,Active
D06155,Brenda Allen,Sedan,Woodlands,4.26,Inactive
D06156,Jonathon Fleming MD,Suv,Bishan,3.68,Active
D06157,Christopher Hampton,Suv,Bedok,4.16,Active
D06158,Joshua Lyons,Mpv,Punggol,4.05,Active
D06159,Sherri Pearson,Sedan,Tampines,4.49,Active
D06160,Elizabeth Palmer,Hatchback,Woodlands,4.51,Active
D06161,Gabriel Stephens,Sedan,Jurong,3.53,Active
D06162,David Gallegos,Electric,Toa Payoh,3.86,Active
D06163,Richard Aguilar,Electric,Jurong,3.75,Inactive
D06164,Reginald Lopez,Premium,Toa Payoh,4.95,Active
D06165,Amanda Turner,Hatchback,Bishan,4.03,Inactive
D06166,Dr. Ryan Carroll DDS,Hatchback,Yishun,3.84,Active
D06167,Justin Elliott,Premium,Singapore,4.46,Active
D06168,Casey Robinson,Sedan,Tampines,4.85,Inactive
D06169,Tonya Mcpherson,Hatchback,Yishun,4.36,Active
D06170,Cheryl Wright,Premium,Bedok,3.52,Inactive
D06171,Thomas Williams,Electric,Jurong,4.29,Active
D06172,Brandi Walter,Suv,Bedok,4.37,Inactive
D06173,Paul Ramos,Suv,Ang Mo Kio,4.02,Active
D06174,Karen Johnson,Hatchback,Bedok,4.3,Active
D06175,Ryan Douglas,Electric,Toa Payoh,4.62,Active
D06176,Brian Soto,Hatchback,Woodlands,3.62,Active
D06177,Aaron Davis,Hatchback,Woodlands,3.62,Inactive
D06178,Michael Daniel,Mpv,Bishan,4.29,Active
D06179,Julie Price,Suv,Woodlands,4.72,Active
D06180,Elizabeth Cunningham,Suv,Bedok,3.68,Active
D06181,Andrea Griffin,Electric,Tampines,3.64,Active
D06182,Richard Wright,Premium,Toa Payoh,4.51,Inactive
D06183,Scott Barker,Mpv,Punggol,3.71,Active
D06184,Kathryn Lynch,Sedan,Bedok,3.88,Active
D06185,Alexis Thompson,Electric,Bishan,3.78,Inactive
D06186,Dustin Santiago,Hatchback,Singapore,4.41,Active
D06187,Julie Salazar,Suv,Yishun,4.91,Active
D06188,Anthony Jones,Sedan,Jurong,3.89,Active
D06189,Daniel Walker,Electric,Punggol,3.59,Active
D06190,Donna Harper,Premium,Toa Payoh,4.37,Active
D06191,Trevor Quinn,Premium,Bishan,4.06,Active
D06192,Zachary Farmer,Suv,Toa Payoh,4.18,Active
D06193,Christopher Jones,Electric,Punggol,4.48,Active
D06194,Karen West,Sedan,Punggol,3.57,Active
D06195,Edwin Reyes,Hatchback,Toa Payoh,4.61,Active
D06196,Christina Smith,Sedan,Jurong,3.93,Active
D06197,Allison Adams,Mpv,Woodlands,4.07,Active
D06198,Jason Trevino,Hatchback,Singapore,3.57,Active
D06199,Matthew Young,Electric,Yishun,4.3,Active
D06200,Brittany Wyatt,Hatchback,Singapore,4.27,Active
D06201,John Hickman,Mpv,Yishun,4.23,Inactive
D06202,Colton Johnson,Hatchback,Jurong,4.77,Active
D06203,Tiffany Hardy,Suv,Bishan,4.88,Active
D06204,Mr. Jared Ferguson,Premium,Punggol,4.52,Active
D06205,John Lewis,Mpv,Bishan,4.72,Inactive
D06206,Charles Wells,Suv,Bedok,4.31,Active
D06207,Luke Hayes,Premium,Ang Mo Kio,4.16,Inactive
D06208,Krista Bennett,Electric,Punggol,3.97,Active
D06209,Laura Davila,Electric,Punggol,4.87,Active
D06210,Alan Le,Suv,Yishun,3.8,Active
D06211,Alison Nelson,Sedan,Ang Mo Kio,4.53,Active
D06212,Joseph Smith,Premium,Ang Mo Kio,4.55,Active
D06213,Scott Shelton,Sedan,Punggol,4.99,Active
D06214,Anthony Anderson,Mpv,Yishun,4.39,Active
D06215,George Cole,Hatchback,Punggol,4.6,Active
D06216,Steven Shaw,Premium,Singapore,4.57,Active
D06217,Robert Hill,Sedan,Yishun,4.44,Active
D06218,James Patel,Hatchback,Yishun,3.69,Active
D06219,Holly Thomas,Sedan,Bedok,4.21,Inactive
D06220,Jessica Rodriguez,Premium,Bedok,3.91,Active
D06221,Thomas Weber,Mpv,Tampines,4.22,Inactive
D06222,Lori Martinez,Mpv,Punggol,3.86,Active
D06223,Isaiah Collins,Electric,Jurong,4.7,Active
D06224,Steven Klein,Suv,Bedok,3.87,Active
D06225,Brandy Pham,Mpv,Ang Mo Kio,4.62,Inactive
D06226,Kimberly Page,Suv,Bedok,4.93,Active
D06227,Lauren Burns,Mpv,Singapore,4.56,Active
D06228,Brandon Romero,Suv,Toa Payoh,3.88,Active
D06229,Joseph Rogers,Mpv,Woodlands,4.55,Active
D06230,Joshua Morris,Electric,Bedok,4.94,Active
D06231,Omar Cooper,Sedan,Toa Payoh,4.63,Active
D06232,Michelle Williams,Premium,Punggol,4.85,Active
D06233,Bryan Hall,Mpv,Bedok,4.0,Active
D06234,Eric Andrews,Mpv,Singapore,4.57,Active
D06235,Sarah Hickman,Mpv,Ang Mo Kio,4.08,Active
D06236,Patrick Walsh,Mpv,Bedok,3.51,Active
D06237,Casey Lowery,Suv,Jurong,4.16,Active
D06238,Courtney Tucker,Premium,Punggol,4.63,Active
D06239,Haley Harris,Electric,Singapore,3.86,Inactive
D06240,Jennifer Lee,Suv,Woodlands,3.74,Active
D06241,Michael Elliott,Electric,Tampines,4.96,Active
D06242,Larry Wilson,Mpv,Jurong,3.66,Active
D06243,Shane Johnson,Sedan,Bedok,4.09,Active
D06244,Shannon Hopkins,Hatchback,Ang Mo Kio,4.43,Active
D06245,Tracy Wallace,Electric,Woodlands,4.44,Active
D06246,Alicia Wright,Sedan,Punggol,3.8,Active
D06247,Kayla Roberts,Suv,Woodlands,3.8,Active
D06248,Christian Warner,Suv,Yishun,4.64,Active
D06249,Micheal Lewis,Mpv,Bedok,3.92,Active
D06250,Victor Oliver,Sedan,Woodlands,4.4,Inactive
D06251,Michael Johnson,Premium,Tampines,3.98,Active
D06252,Mark Lopez,Suv,Bishan,4.92,Active
D06253,Dr. Jonathan Robles,Premium,Singapore,4.08,Active
D06254,Candace Murphy,Premium,Woodlands,4.99,Active
D06255,Wendy Rice,Suv,Jurong,4.61,Active
D06256,Mary Huber,Electric,Bedok,4.93,Active
D06257,Kevin Ortiz,Electric,Ang Mo Kio,4.83,Active
D06258,Karen Caldwell,Mpv,Toa Payoh,3.55,Active
D06259,Anthony Cannon,Hatchback,Punggol,3.59,Active
D06260,Carlos Riley,Hatchback,Jurong,4.27,Active
D06261,Elizabeth Jones,Mpv,Singapore,4.26,Inactive
D06262,Beth Nguyen,Sedan,Toa Payoh,4.04,Active
D06263,James Suarez,Premium,Bishan,4.54,Active
D06264,Mrs. Vickie Thomas,Premium,Yishun,4.84,Active
D06265,Francis Edwards,Electric,Tampines,4.76,Active
D06266,Olivia Price,Hatchback,Woodlands,3.51,Active
D06267,William Mason,Electric,Ang Mo Kio,4.26,Active
D06268,Andrew Moses,Premium,Jurong,4.04,Active
D06269,Lisa Dawson,Mpv,Ang Mo Kio,3.86,Active
D06270,Crystal Wilson,Premium,Yishun,4.59,Active
D06271,Todd Torres,Sedan,Bedok,3.59,Active
D06272,David Williams,Hatchback,Bishan,4.3,Active
D06273,Sean Taylor,Suv,Ang Mo Kio,4.36,Active
D06274,Traci Herman,Hatchback,Punggol,3.76,Active
D06275,Danny Schroeder,Premium,Ang Mo Kio,3.81,Active
D06276,Joanne Davis,Electric,Singapore,4.38,Inactive
D06277,Joann Smith,Electric,Woodlands,3.81,Active
D06278,Nathaniel Ochoa,Suv,Singapore,3.79,Active
D06279,Ashley Gentry,Premium,Toa Payoh,4.27,Active
D06280,Daniel Kelley,Sedan,Tampines,4.08,Active
D06281,Robert Kelly,Premium,Punggol,4.45,Active
D06282,Elizabeth Doyle,Hatchback,Punggol,4.43,Active
D06283,Justin Hines,Mpv,Woodlands,4.32,Active
D06284,Sarah Frost,Hatchback,Singapore,4.14,Active
D06285,Jessica Davis,Premium,Bishan,4.68,Inactive
D06286,Robert Young,Hatchback,Tampines,4.09,Active
D06287,Vanessa Jimenez,Suv,Woodlands,4.06,Inactive
D06288,Nathan Melton,Mpv,Jurong,3.59,Active
D06289,Leslie Daniel,Sedan,Jurong,4.55,Active
D06290,Frank Norton,Sedan,Singapore,3.83,Active
D06291,Dawn Russell,Suv,Singapore,4.41,Active
D06292,Reginald Washington,Electric,Woodlands,4.03,Active
D06293,Brittany Thompson,Sedan,Woodlands,3.81,Active
D06294,Stephanie Torres,Mpv,Jurong,4.53,Active
D06295,Brian Jones,Sedan,Woodlands,4.04,Active
D06296,Jody Gomez,Hatchback,Bedok,4.13,Active
D06297,Jacqueline Ortega,Mpv,Bishan,4.46,Active
D06298,Ebony Price MD,Electric,Yishun,4.37,Active
D06299,Ann Williams,Hatchback,Toa Payoh,4.38,Active
D06300,Thomas Morgan,Electric,Toa Payoh,4.69,Inactive
D06301,Charles Morales,Suv,Toa Payoh,4.5,Active
D06302,Micheal Moore,Sedan,Yishun,4.19,Active
D06303,Julia Ferguson,Mpv,Punggol,4.52,Active
D06304,Heather Simpson,Mpv,Woodlands,4.39,Active
D06305,Dr. Jennifer Scott,Premium,Toa Payoh,4.33,Active
D06306,Kelly Stanley,Sedan,Bedok,4.6,Active
D06307,Christine Frey,Electric,Yishun,3.65,Inactive
D06308,Calvin Frazier,Sedan,Tampines,4.26,Active
D06309,Michael Pruitt,Electric,Singapore,4.51,Active
D06310,Taylor Clay,Electric,Toa Payoh,4.02,Active
D06311,Denise Contreras,Suv,Bedok,4.14,Active
D06312,Suzanne Camacho,Mpv,Woodlands,4.71,Active
D06313,Colton Trujillo,Suv,Bishan,4.66,Active
D06314,Megan Wilson,Hatchback,Bishan,3.75,Active
D06315,Jacob Rivera,Electric,Tampines,4.54,Active
D06316,Kathy Harvey,Sedan,Toa Payoh,3.72,Active
D06317,Angela Hicks DVM,Hatchback,Jurong,4.43,Active
D06318,Caleb Cox,Premium,Toa Payoh,4.01,Active
D06319,Wendy Taylor,Hatchback,Toa Payoh,4.07,Active
D06320,Anna Dean,Sedan,Ang Mo Kio,3.87,Active
D06321,Jason Osborne,Mpv,Ang Mo Kio,4.65,Active
D06322,Sherri Ibarra,Sedan,Yishun,4.75,Active
D06323,Jessica Wells,Mpv,Woodlands,3.89,Inactive
D06324,Jessica Goodwin,Hatchback,Tampines,4.65,Active
D06325,Dominic Hoffman DVM,Electric,Ang Mo Kio,3.85,Active
D06326,Elizabeth Parrish,Hatchback,Jurong,4.45,Active
D06327,Kimberly Li,Mpv,Woodlands,3.76,Active
D06328,Nathan James,Mpv,Yishun,4.67,Active
D06329,Melinda French,Suv,Bedok,3.81,Suspended
D06330,Rhonda Hurst,Mpv,Ang Mo Kio,4.55,Active
D06331,Virginia Ramirez,Hatchback,Woodlands,4.72,Active
D06332,Jason Murphy,Premium,Singapore,3.71,Active
D06333,Sabrina Schwartz,Hatchback,Singapore,4.14,Active
D06334,Ashley Sanchez,Mpv,Bishan,4.1,Active
D06335,Brent Santos,Electric,Bedok,3.72,Active
D06336,Kimberly Murphy,Suv,Punggol,3.96,Active
D06337,Maureen West,Suv,Toa Payoh,3.58,Inactive
D06338,Audrey Scott,Premium,Woodlands,4.33,Active
D06339,Joel Perry,Sedan,Jurong,4.75,Active
D06340,Mr. Ryan Phillips,Sedan,Singapore,4.16,Active
D06341,David Garcia,Mpv,Toa Payoh,3.79,Active
D06342,Rebecca Barker,Mpv,Bishan,4.67,Active
D06343,Alan Taylor,Suv,Punggol,4.06,Active
D06344,Keith Ferguson,Suv,Bedok,4.31,Active
D06345,Matthew Serrano,Electric,Ang Mo Kio,4.02,Active
D06346,Nicole Reese,Sedan,Bedok,3.89,Active
D06347,Paul Sanders,Sedan,Woodlands,4.38,Active
D06348,Mary Miller,Hatchback,Bedok,4.47,Active
D06349,Bradley Williams,Sedan,Woodlands,4.95,Active
D06350,Tracy Ramirez,Premium,Yishun,3.9,Active
D06351,Eric Brooks,Sedan,Yishun,4.42,Active
D06352,Allen Mccall,Suv,Yishun,4.58,Active
D06353,Joy Rose,Premium,Woodlands,4.23,Active
D06354,Mrs. Gabrielle Meyers,Suv,Yishun,4.19,Active
D06355,Terry Johnson,Premium,Yishun,4.91,Active
D06356,Jeremy Hall,Sedan,Bishan,4.8,Active
D06357,Daniel Wood,Suv,Ang Mo Kio,3.67,Active
D06358,Madison Williams,Sedan,Bedok,4.69,Active
D06359,Nicole Martinez,Mpv,Punggol,3.99,Active
D06360,Meghan Orozco,Mpv,Tampines,3.92,Active
D06361,Donald Perez,Suv,Bishan,3.84,Active
D06362,Howard Sexton,Hatchback,Yishun,4.6,Active
D06363,Cynthia Hurst,Electric,Jurong,4.8,Active
D06364,Dennis Young,Suv,Yishun,4.73,Active
D06365,George Good,Suv,Bedok,4.31,Active
D06366,Lonnie Bell,Electric,Jurong,3.97,Active
D06367,Jimmy Clark,Sedan,Singapore,4.08,Active
D06368,Terri Robinson,Suv,Ang Mo Kio,4.43,Active
D06369,Richard Walker,Premium,Jurong,3.59,Active
D06370,David Reyes,Hatchback,Bishan,4.67,Active
D06371,Holly Lane,Sedan,Singapore,4.38,Active
D06372,Melissa Miller,Hatchback,Bishan,3.54,Active
D06373,Kimberly King,Electric,Toa Payoh,4.71,Active
D06374,Holly Smith,Sedan,Punggol,3.79,Active
D06375,David Cole,Sedan,Yishun,4.83,Active
D06376,Henry Rogers,Electric,Bedok,3.79,Active
D06377,Joseph Fowler,Mpv,Woodlands,3.82,Active
D06378,Douglas Nicholson,Electric,Tampines,4.64,Active
D06379,Courtney Cabrera,Hatchback,Bishan,4.62,Active
D06380,Vanessa Romero,Mpv,Bishan,4.34,Active
D06381,Mary Hernandez,Premium,Ang Mo Kio,4.51,Active
D06382,James Small,Mpv,Bedok,4.68,Active
D06383,Ryan Arnold,Suv,Singapore,4.36,Active
D06384,Donna Cunningham,Mpv,Singapore,4.72,Active
D06385,Courtney Sampson,Mpv,Jurong,4.04,Active
D06386,Mike Jones,Sedan,Punggol,4.4,Active
D06387,Donald Becker,Sedan,Yishun,3.7,Active
D06388,Jacqueline Diaz,Mpv,Singapore,3.96,Active
D06389,Nicole Mcclure,Hatchback,Singapore,4.66,Active
D06390,Cody Woods,Suv,Singapore,4.87,Active
D06391,Timothy Russell,Sedan,Woodlands,3.81,Active
D06392,Christopher Anderson,Suv,Jurong,4.92,Active
D06393,Willie Sampson,Electric,Woodlands,3.57,Active
D06394,Lisa Johnson,Mpv,Singapore,4.31,Active
D06395,Pamela Hall,Premium,Yishun,4.65,Active
D06396,Thomas Gonzalez,Mpv,Bishan,4.99,Active
D06397,Judy Lewis PhD,Premium,Bedok,4.53,Active
D06398,Phillip Collins,Hatchback,Toa Payoh,4.8,Active
D06399,Tracy Valdez,Sedan,Yishun,4.04,Active
D06400,Anthony Daugherty,Premium,Yishun,4.16,Active
D06401,Jessica Gonzalez,Sedan,Punggol,4.82,Active
D06402,Nancy Oliver,Premium,Tampines,3.7,Active
D06403,Cynthia Wallace,Mpv,Bishan,4.87,Active
D06404,Megan Owens,Mpv,Bishan,3.71,Active
D06405,David Sanchez,Sedan,Punggol,4.84,Active
D06406,Michael Bailey,Mpv,Bishan,4.28,Active
D06407,William Thornton,Premium,Bishan,4.54,Active
D06408,Brooke Bishop,Premium,Jurong,3.94,Active
D06409,Juan Miller,Premium,Woodlands,4.24,Active
D06410,Anthony Lawson,Sedan,Singapore,4.55,Active
D06411,Stacey Fox,Hatchback,Singapore,4.24,Active
D06412,Tina Evans,Premium,Jurong,4.8,Active
D06413,James Mills,Suv,Punggol,4.99,Active
D06414,Ryan Brown,Sedan,Punggol,4.3,Active
D06415,Andrea Gray,Suv,Bedok,3.54,Active
D06416,Samuel Clark,Hatchback,Yishun,3.91,Active
D06417,Lonnie Rodriguez,Electric,Punggol,3.7,Active
D06418,Megan Maldonado,Hatchback,Singapore,4.39,Active
D06419,Meredith Brown,Suv,Singapore,3.8,Active
D06420,William Keller,Suv,Ang Mo Kio,4.65,Active
D06421,Jessica Taylor,Mpv,Woodlands,4.0,Active
D06422,Daniel Mann,Premium,Jurong,4.11,Active
D06423,Sarah Jordan,Mpv,Toa Payoh,4.8,Active
D06424,Anthony Jenkins,Suv,Ang Mo Kio,3.91,Active
D06425,Kimberly Green,Electric,Yishun,4.08,Inactive
D06426,Veronica Hurst,Electric,Bishan,4.74,Active
D06427,Sherri Hernandez,Electric,Bedok,4.26,Active
D06428,Desiree Conner,Sedan,Tampines,3.74,Active
D06429,Joshua Villarreal,Electric,Ang Mo Kio,4.52,Active
D06430,David Rosario,Mpv,Bishan,3.93,Active
D06431,Larry Pineda,Electric,Toa Payoh,4.53,Active
D06432,Bridget Chavez,Suv,Bishan,4.11,Active
D06433,Jason Smith,Hatchback,Woodlands,4.89,Active
D06434,Jessica Wiggins,Hatchback,Tampines,4.2,Active
D06435,Lauren Smith,Premium,Woodlands,3.73,Active
D06436,Brandon Fernandez,Mpv,Jurong,3.81,Active
D06437,Monica Edwards,Suv,Jurong,3.62,Active
D06438,James Gutierrez,Hatchback,Singapore,4.72,Active
D06439,Samuel Williams,Sedan,Bedok,3.87,Active
D06440,Christopher Nelson,Premium,Ang Mo Kio,4.93,Active
D06441,Jean Gardner,Electric,Jurong,4.16,Active
D06442,Stephen Clark,Premium,Punggol,3.86,Inactive
D06443,Travis Davis,Premium,Singapore,3.86,Active
D06444,Kristen Bailey,Mpv,Singapore,3.79,Active
D06445,Casey Pham,Hatchback,Tampines,4.15,Active
D06446,Christopher Brown,Sedan,Jurong,4.72,Inactive
D06447,Paul Ferguson,Suv,Bedok,3.65,Active
D06448,Jeremy Rivers,Hatchback,Woodlands,3.97,Active
D06449,Michael Holden,Sedan,Punggol,3.87,Inactive
D06450,Christopher Lee,Hatchback,Ang Mo Kio,4.65,Active
D06451,Olivia Harris,Mpv,Ang Mo Kio,4.79,Active
D06452,Anthony Ray,Premium,Woodlands,3.99,Inactive
D06453,Rita Trujillo,Premium,Toa Payoh,4.73,Active
D06454,Bonnie Harris,Suv,Jurong,4.0,Active
D06455,Richard Stanley,Mpv,Singapore,4.95,Active
D06456,David Morrison,Mpv,Yishun,4.07,Active
D06457,Jason Martin,Mpv,Singapore,4.34,Active
D06458,Darren Bond,Hatchback,Punggol,4.65,Active
D06459,Matthew Howard,Mpv,Ang Mo Kio,4.91,Active
D06460,Angela Lopez,Electric,Bishan,3.92,Active
D06461,James Sharp,Hatchback,Singapore,4.8,Active
D06462,Paul Moore,Sedan,Jurong,4.36,Active
D06463,Kelly Smith,Mpv,Jurong,3.71,Active
D06464,Stacey Cannon,Premium,Jurong,4.5,Inactive
D06465,Kelly Zimmerman,Mpv,Bedok,3.62,Active
D06466,Lee Morgan,Hatchback,Woodlands,4.53,Active
D06467,Brandon Osborn,Electric,Punggol,4.63,Active
D06468,David Johnson,Sedan,Bedok,3.61,Active
D06469,James Campos,Premium,Tampines,4.46,Active
D06470,Kelsey Lindsey,Mpv,Ang Mo Kio,4.12,Active
D06471,Jacob Mendoza,Mpv,Singapore,4.36,Active
D06472,Shelby Schmidt,Suv,Ang Mo Kio,4.74,Inactive
D06473,Dana Rhodes,Sedan,Ang Mo Kio,3.77,Active
D06474,Kenneth Adkins,Premium,Yishun,4.06,Inactive
D06475,Catherine Nguyen,Hatchback,Toa Payoh,4.11,Active
D06476,Kristen Newman,Premium,Tampines,4.36,Active
D06477,Amanda Allen,Premium,Punggol,4.67,Active
D06478,Keith Christian,Electric,Toa Payoh,3.71,Suspended
D06479,Zoe Woods,Premium,Ang Mo Kio,4.37,Active
D06480,Laura Thomas,Hatchback,Jurong,4.0,Active
D06481,Sara Warren,Mpv,Punggol,3.88,Active
D06482,Tracy Solomon,Suv,Bishan,4.06,Active
D06483,Phyllis Jenkins,Premium,Ang Mo Kio,3.7,Active
D06484,Cheryl Kelley,Hatchback,Bishan,4.23,Active
D06485,Kelli Wallace,Mpv,Bedok,4.13,Active
D06486,Thomas Lane,Suv,Singapore,3.86,Active
D06487,Gregory Roberson,Hatchback,Tampines,4.35,Active
D06488,Grace Nelson,Mpv,Woodlands,4.74,Active
D06489,Kayla Burton,Premium,Ang Mo Kio,3.74,Active
D06490,James Williams,Electric,Tampines,4.24,Active
D06491,Jason Carpenter,Premium,Bedok,3.66,Active
D06492,David Ewing,Premium,Punggol,4.12,Active
D06493,Lori Chavez,Suv,Yishun,4.57,Active
D06494,Aaron Stewart,Premium,Bedok,4.29,Active
D06495,Dustin Rodriguez,Mpv,Yishun,3.61,Active
D06496,Dr. Michael Young,Suv,Yishun,4.44,Active
D06497,Christopher Boyd,Electric,Toa Payoh,3.86,Inactive
D06498,Alicia Flores,Suv,Punggol,3.5,Active
D06499,Anthony Christian,Hatchback,Yishun,4.7,Inactive
D06500,Cynthia Foster,Suv,Tampines,3.67,Active
D06501,Donna Moore,Electric,Jurong,4.03,Active
D06502,Lisa Graham,Premium,Punggol,4.17,Suspended
D06503,Darrell Terry,Electric,Woodlands,4.55,Active
D06504,Stephanie Garcia,Suv,Toa Payoh,3.58,Active
D06505,Luke Hill,Hatchback,Tampines,4.42,Active
D06506,Dr. John Calhoun,Hatchback,Ang Mo Kio,3.61,Active
D06507,Cole Beltran,Sedan,Bedok,4.63,Active
D06508,Shannon Wright MD,Electric,Tampines,3.64,Active
D06509,Michelle Herring,Premium,Bishan,4.68,Active
D06510,Kimberly Bowen,Sedan,Tampines,4.16,Active
D06511,Matthew Williams,Electric,Tampines,3.62,Active
D06512,Claudia Bell,Mpv,Tampines,4.34,Active
D06513,Kevin Mitchell,Hatchback,Singapore,4.57,Inactive
D06514,Sherry Howard,Electric,Jurong,4.96,Active
D06515,Richard Richards,Electric,Tampines,4.23,Active
D06516,Rachel Castro,Electric,Bishan,3.8,Active
D06517,Alvin Ruiz,Premium,Punggol,4.87,Active
D06518,Luke Smith,Suv,Bedok,4.71,Active
D06519,Brian Harris,Electric,Bedok,3.99,Active
D06520,Melissa Martinez,Premium,Singapore,4.73,Active
D06521,Melanie Austin,Sedan,Tampines,4.02,Active
D06522,Gary Rush,Mpv,Singapore,4.93,Active
D06523,Tara Bishop,Premium,Singapore,3.99,Active
D06524,Joanne Johnson,Electric,Ang Mo Kio,4.06,Active
D06525,Michael Hobbs,Electric,Yishun,4.67,Active
D06526,Steven Bass,Sedan,Tampines,4.25,Active
D06527,Noah Nixon,Premium,Singapore,3.61,Active
D06528,Jeffrey Sims,Electric,Toa Payoh,3.83,Active
D06529,Jamie Thompson,Suv,Tampines,3.73,Active
D06530,Lori Castaneda,Premium,Yishun,3.97,Active
D06531,Anne Atkinson,Hatchback,Punggol,4.81,Active
D06532,Kelli Hall,Mpv,Yishun,4.29,Active
D06533,Ryan Lane,Mpv,Yishun,4.85,Inactive
D06534,Jennifer Bell,Premium,Ang Mo Kio,4.88,Active
D06535,Tracy Williams,Mpv,Tampines,4.4,Inactive
D06536,Phillip Reid,Mpv,Woodlands,3.64,Active
D06537,Dale Adams,Sedan,Toa Payoh,3.76,Active
D06538,Andrea Black,Sedan,Ang Mo Kio,4.68,Active
D06539,Lisa Gonzalez,Premium,Tampines,4.84,Active
D06540,Rebecca Reynolds,Hatchback,Toa Payoh,3.66,Active
D06541,Timothy Hernandez,Premium,Toa Payoh,4.6,Active
D06542,Joseph Mann,Hatchback,Punggol,3.67,Active
D06543,Timothy Perez,Sedan,Woodlands,4.44,Active
D06544,Gary Sanchez,Electric,Punggol,4.23,Active
D06545,Alex Castillo,Hatchback,Singapore,4.04,Active
D06546,Jeffrey Rivera,Sedan,Ang Mo Kio,4.85,Active
D06547,Mr. James Green,Electric,Bedok,4.83,Active
D06548,Michael Crosby,Sedan,Yishun,4.35,Active
D06549,Christina Stanley,Electric,Woodlands,4.92,Active
D06550,Charles Pruitt,Premium,Toa Payoh,3.56,Active
D06551,Jamie King,Premium,Bedok,3.68,Active
D06552,Mark Rhodes,Hatchback,Tampines,4.61,Active
D06553,Jason Mason,Hatchback,Toa Payoh,4.46,Active
D06554,Alan Jacobs,Hatchback,Bedok,3.53,Active
D06555,Stephanie Andrews,Hatchback,Bedok,4.49,Active
D06556,Ashley Gomez,Hatchback,Yishun,4.18,Active
D06557,Michael Pitts,Suv,Jurong,4.02,Suspended
D06558,Courtney Richards,Sedan,Ang Mo Kio,3.78,Active
D06559,Erica Barnett,Sedan,Ang Mo Kio,4.55,Active
D06560,Adam Thompson,Mpv,Tampines,4.61,Active
D06561,Brandy Powers,Premium,Woodlands,3.59,Active
D06562,Erin King,Hatchback,Ang Mo Kio,4.39,Active
D06563,William Mcintosh,Mpv,Yishun,4.29,Active
D06564,Amy Brooks,Electric,Bishan,4.02,Active
D06565,Joseph Myers,Premium,Ang Mo Kio,4.9,Active
D06566,Anthony Bartlett,Electric,Bishan,4.12,Active
D06567,Crystal Hansen,Electric,Ang Mo Kio,3.9,Active
D06568,Charles Scott Jr.,Sedan,Yishun,4.15,Active
D06569,Samantha Henson,Sedan,Ang Mo Kio,3.64,Active
D06570,Billy Bradshaw,Suv,Woodlands,3.69,Active
D06571,Randall Tate,Sedan,Singapore,4.7,Active
D06572,Lisa Smith,Sedan,Toa Payoh,4.63,Inactive
D06573,Ronald Gibson,Suv,Singapore,3.77,Active
D06574,Timothy Watts,Sedan,Bishan,4.34,Active
D06575,Jason Gross,Premium,Jurong,3.62,Active
D06576,Jason Roberts,Mpv,Ang Mo Kio,3.71,Active
D06577,Lisa Parker,Suv,Yishun,3.71,Active
D06578,Tyler Caldwell,Electric,Woodlands,3.63,Active
D06579,Stephanie Mcdonald,Electric,Toa Payoh,4.58,Active
D06580,Denise Holland,Mpv,Bishan,4.77,Active
D06581,Monique Bryant,Sedan,Yishun,4.54,Active
D06582,Carmen Stanley,Suv,Bedok,4.64,Active
D06583,Robert Miller,Premium,Punggol,4.8,Suspended
D06584,Lauren Friedman,Electric,Ang Mo Kio,4.05,Inactive
D06585,Kevin Singleton,Electric,Toa Payoh,4.77,Active
D06586,Sara Walls,Premium,Ang Mo Kio,4.02,Active
D06587,Tyler Mitchell,Premium,Tampines,3.92,Active
D06588,Ashley Arellano,Premium,Yishun,4.7,Active
D06589,Juan Golden,Sedan,Singapore,4.57,Suspended
D06590,Robert White,Suv,Toa Payoh,4.92,Active
D06591,Natasha Cross,Electric,Jurong,3.69,Active
D06592,Jennifer Morgan,Mpv,Singapore,3.84,Active
D06593,Betty Sullivan,Suv,Bishan,3.73,Active
D06594,Donald Lopez,Suv,Bishan,4.89,Active
D06595,John Williams,Hatchback,Singapore,4.9,Active
D06596,Kayla Johnson,Suv,Singapore,3.73,Active
D06597,Vanessa Gray,Suv,Yishun,4.29,Active
D06598,Marisa Burns,Hatchback,Woodlands,4.33,Active
D06599,Vanessa Gates,Mpv,Jurong,3.72,Active
D06600,Tamara Shaffer,Mpv,Singapore,3.63,Active
D06601,David Harding,Premium,Ang Mo Kio,3.88,Active
D06602,Kelly Smith,Mpv,Punggol,4.76,Active
D06603,Jennifer Burton,Suv,Jurong,3.67,Inactive
D06604,Alexandra Herrera,Sedan,Bishan,4.18,Active
D06605,Misty Simpson,Mpv,Woodlands,3.95,Inactive
D06606,Amy Buchanan DDS,Mpv,Punggol,4.53,Active
D06607,Suzanne Clark,Hatchback,Singapore,3.87,Active
D06608,William Vargas,Hatchback,Tampines,4.49,Active
D06609,Ryan Wilson,Sedan,Punggol,3.8,Inactive
D06610,Colleen Howard,Premium,Woodlands,3.86,Inactive
D06611,Andrew Jennings,Mpv,Bedok,3.7,Active
D06612,Melissa Chandler,Suv,Woodlands,3.52,Active
D06613,Lisa Carr,Mpv,Ang Mo Kio,4.19,Active
D06614,Judy Ward DDS,Mpv,Punggol,4.05,Active
D06615,Peggy Patton,Premium,Toa Payoh,3.86,Active
D06616,Vicki James,Electric,Jurong,3.8,Active
D06617,Curtis Walker,Hatchback,Bishan,4.46,Active
D06618,Paula Wilson,Suv,Punggol,3.79,Active
D06619,Richard Washington,Suv,Woodlands,3.55,Active
D06620,Theodore Sullivan,Hatchback,Tampines,4.54,Active
D06621,Justin Brown,Mpv,Toa Payoh,4.45,Active
D06622,Daniel Morgan,Sedan,Yishun,4.61,Active
D06623,Virginia Nelson,Premium,Tampines,4.79,Active
D06624,Shelly Reynolds,Suv,Toa Payoh,4.02,Active
D06625,Harry Cole,Premium,Bishan,4.36,Suspended
D06626,Shannon Pena,Mpv,Bedok,3.53,Active
D06627,Kevin Gonzalez,Premium,Singapore,3.83,Active
D06628,Christopher Schmidt,Sedan,Jurong,3.53,Active
D06629,Brandon Allen,Hatchback,Tampines,4.47,Active
D06630,Seth Alexander,Suv,Bishan,4.45,Active
D06631,Linda Mitchell,Mpv,Bedok,3.52,Active
D06632,Courtney Marquez,Sedan,Bishan,4.46,Active
D06633,Peggy Orr,Premium,Tampines,3.95,Active
D06634,Taylor Jones,Premium,Bishan,4.13,Active
D06635,Robin Pierce,Hatchback,Punggol,4.5,Active
D06636,Carol Estrada,Premium,Singapore,3.67,Active
D06637,Kristy Medina,Sedan,Punggol,3.74,Active
D06638,Lori Robertson,Sedan,Singapore,4.02,Active
D06639,Judith Howe,Mpv,Singapore,4.17,Active
D06640,Stephen Allen,Sedan,Jurong,3.83,Active
D06641,Rita Smith,Electric,Jurong,4.82,Active
D06642,Sherry Hawkins,Electric,Singapore,4.07,Active
D06643,Adrienne Hicks,Electric,Bishan,4.21,Inactive
D06644,Nichole Fuentes,Mpv,Toa Payoh,4.94,Active
D06645,Michelle Byrd,Premium,Bishan,3.84,Active
D06646,Miranda Acosta,Suv,Bishan,4.82,Active
D06647,Barbara Williams,Suv,Singapore,4.55,Active
D06648,Nicole Kim,Premium,Bishan,4.17,Active
D06649,Keith Schwartz,Sedan,Bedok,4.14,Active
D06650,Justin Khan,Suv,Jurong,3.9,Active
D06651,Stephanie Vincent,Sedan,Bedok,4.43,Active
D06652,Katherine Smith,Mpv,Yishun,3.66,Inactive
D06653,Kristopher Harvey DDS,Electric,Ang Mo Kio,3.92,Active
D06654,Jose Long,Suv,Bedok,4.85,Active
D06655,Shawn Wagner,Electric,Tampines,4.35,Active
D06656,Mr. Dustin Lutz PhD,Premium,Bedok,4.24,Active
D06657,Ronald Johnston,Hatchback,Bishan,4.98,Active
D06658,Candace Shannon,Premium,Punggol,4.69,Inactive
D06659,Peter Miller,Hatchback,Bedok,4.99,Active
D06660,Dylan Cruz,Electric,Ang Mo Kio,4.98,Active
D06661,Samuel Hicks,Mpv,Bishan,4.83,Active
D06662,Frank Vargas,Premium,Toa Payoh,4.34,Active
D06663,Alex Davis,Suv,Bishan,3.76,Active
D06664,Mr. Richard Harvey,Sedan,Bedok,4.88,Active
D06665,Kimberly Choi,Electric,Toa Payoh,3.83,Active
D06666,William Spencer,Premium,Tampines,3.51,Active
D06667,Eric Sheppard,Electric,Singapore,3.55,Active
D06668,Jason Kelly,Hatchback,Tampines,4.73,Active
D06669,James Kramer,Hatchback,Bishan,3.58,Active
D06670,Andrew Martin,Premium,Yishun,4.27,Active
D06671,Chad Watts,Suv,Punggol,3.69,Active
D06672,Jamie Conrad,Suv,Woodlands,4.77,Active
D06673,Brett Hurst,Mpv,Singapore,4.97,Active
D06674,Joseph Paul,Premium,Toa Payoh,4.64,Active
D06675,Daniel Butler,Electric,Tampines,4.26,Active
D06676,Tommy Reynolds,Sedan,Yishun,4.61,Active
D06677,Larry Little,Electric,Ang Mo Kio,4.64,Active
D06678,Catherine Garcia,Suv,Punggol,3.74,Active
D06679,Amanda Martin,Electric,Ang Mo Kio,3.64,Active
D06680,Sharon Duffy,Suv,Bedok,3.88,Active
D06681,Larry Kelly,Sedan,Bishan,4.64,Active
D06682,Tonya Phillips,Suv,Jurong,4.24,Inactive
D06683,Lindsey Villarreal,Sedan,Jurong,3.65,Active
D06684,Mike Green,Premium,Ang Mo Kio,4.17,Active
D06685,Robert Griffin,Sedan,Singapore,4.1,Active
D06686,Corey Green,Hatchback,Bedok,4.95,Active
D06687,Heather Tucker,Sedan,Bedok,3.99,Active
D06688,Mariah Jones,Premium,Jurong,4.69,Active
D06689,Mrs. Sarah Preston,Sedan,Punggol,3.84,Active
D06690,Brent Alvarez,Hatchback,Jurong,4.48,Active
D06691,Christine Smith,Premium,Ang Mo Kio,3.65,Active
D06692,Katrina Carlson,Premium,Bedok,4.66,Active
D06693,James Hamilton,Mpv,Punggol,3.87,Active
D06694,John Franco,Mpv,Bedok,3.91,Active
D06695,Paul Martin,Hatchback,Ang Mo Kio,4.0,Active
D06696,Charles Riddle,Hatchback,Tampines,3.93,Active
D06697,Joseph Fox,Sedan,Woodlands,3.85,Active
D06698,Michael Graham,Premium,Toa Payoh,4.88,Active
D06699,Tracy Snyder,Premium,Tampines,4.14,Active
D06700,Ryan Barnes,Electric,Bedok,3.7,Active
D06701,Megan Ponce,Sedan,Ang Mo Kio,4.68,Active
D06702,Jeanette Green,Mpv,Jurong,4.94,Active
D06703,Regina Thompson,Suv,Jurong,4.8,Active
D06704,Jerry Andersen,Suv,Bishan,3.63,Active
D06705,Rhonda Spears,Hatchback,Jurong,3.61,Active
D06706,Brandon Williams,Suv,Jurong,3.62,Active
D06707,Lucas Anderson,Sedan,Jurong,3.65,Active
D06708,Linda Lopez,Premium,Yishun,3.87,Active
D06709,Jared Mclaughlin,Suv,Bishan,4.15,Inactive
D06710,Julie Gibbs,Sedan,Jurong,3.7,Active
D06711,Kevin Dawson,Suv,Bedok,3.99,Active
D06712,Susan Simpson,Hatchback,Bishan,3.71,Active
D06713,Roberto Curry,Sedan,Ang Mo Kio,3.98,Active
D06714,Becky Ortiz,Hatchback,Toa Payoh,4.02,Active
D06715,Jason Wallace,Mpv,Bedok,3.79,Active
D06716,Marie Gibson,Mpv,Toa Payoh,4.14,Active
D06717,Joel Garrett,Premium,Bedok,4.25,Active
D06718,Chloe Ford,Mpv,Singapore,3.77,Active
D06719,Tony Mitchell,Suv,Jurong,3.66,Active
D06720,John Moore,Sedan,Jurong,3.9,Active
D06721,David Stevenson,Sedan,Singapore,4.39,Active
D06722,Joel Lane,Hatchback,Tampines,4.88,Active
D06723,Vicki Kelly,Suv,Tampines,3.64,Active
D06724,Dean Morton,Hatchback,Yishun,4.65,Active
D06725,Samuel Rios,Premium,Punggol,4.06,Active
D06726,Candice Butler,Hatchback,Punggol,4.26,Active
D06727,Travis Snyder,Electric,Ang Mo Kio,3.81,Active
D06728,Anna Mejia,Electric,Tampines,4.81,Active
D06729,Mark Jones,Mpv,Tampines,3.94,Active
D06730,Brittany Hernandez,Mpv,Woodlands,3.96,Active
D06731,Barbara Bell,Suv,Punggol,3.96,Active
D06732,Chad Flores,Premium,Punggol,4.37,Active
D06733,Christine Hill,Mpv,Bishan,4.23,Active
D06734,Dr. Kristin Young MD,Sedan,Jurong,4.12,Inactive
D06735,Rachel Berry,Electric,Yishun,4.44,Active
D06736,Wendy Garcia,Electric,Tampines,4.96,Active
D06737,Timothy Lucero,Electric,Punggol,4.68,Active
D06738,Samantha Clark,Suv,Jurong,4.6,Active
D06739,Larry Garza,Suv,Tampines,4.02,Active
D06740,Amy Dyer,Premium,Jurong,4.99,Active
D06741,Brett Anderson Jr.,Mpv,Woodlands,3.96,Active
D06742,Alexander Khan,Premium,Toa Payoh,3.97,Active
D06743,Erica Pierce,Mpv,Bishan,4.21,Active
D06744,Emily Hughes,Electric,Toa Payoh,4.04,Active
D06745,Lisa Gonzalez,Mpv,Punggol,3.98,Active
D06746,Brian Roberts,Hatchback,Ang Mo Kio,4.62,Active
D06747,Erin Galvan,Sedan,Bedok,4.22,Active
D06748,Angela Luna,Electric,Ang Mo Kio,3.52,Active
D06749,David Walker,Electric,Woodlands,5.0,Active
D06750,Julian Jenkins,Suv,Singapore,3.95,Active
D06751,Elizabeth Lester,Suv,Ang Mo Kio,4.64,Active
D06752,John Smith,Mpv,Punggol,4.44,Inactive
D06753,Christopher Castillo,Hatchback,Toa Payoh,4.01,Active
D06754,Raymond Robinson,Electric,Singapore,3.76,Active
D06755,Marcia Gonzalez,Suv,Jurong,4.17,Active
D06756,Mary Harrison,Sedan,Toa Payoh,4.95,Active
D06757,Devon Benson,Premium,Tampines,4.36,Active
D06758,Frank Brown,Mpv,Tampines,4.24,Active
D06759,Kayla Torres,Premium,Jurong,3.66,Active
D06760,Andrea Thompson,Hatchback,Bedok,4.32,Active
D06761,Todd Ellis,Electric,Singapore,3.53,Active
D06762,Amanda Young,Mpv,Singapore,4.07,Active
D06763,Scott Miller,Premium,Woodlands,3.97,Active
D06764,James Fuller,Suv,Woodlands,3.93,Active
D06765,Amy Walker,Hatchback,Tampines,4.21,Active
D06766,Nicholas Graham,Mpv,Punggol,3.76,Active
D06767,Sabrina Johnson,Mpv,Jurong,3.92,Active
D06768,Antonio Wiggins,Suv,Ang Mo Kio,3.92,Active
D06769,Christopher Ramirez,Mpv,Toa Payoh,4.35,Active
D06770,James Jennings,Sedan,Punggol,4.66,Active
D06771,Christopher Middleton,Sedan,Yishun,4.12,Active
D06772,Thomas Wu,Premium,Punggol,4.49,Active
D06773,Jason Gomez,Mpv,Bishan,4.99,Active
D06774,Amanda Miller,Premium,Bishan,3.97,Active
D06775,Nancy Cortez,Hatchback,Bishan,4.03,Active
D06776,Allison Jackson,Mpv,Bedok,3.57,Active
D06777,Matthew Reilly,Sedan,Ang Mo Kio,4.6,Active
D06778,Michelle Ruiz,Sedan,Singapore,4.58,Active
D06779,Mark Fields,Mpv,Toa Payoh,4.14,Active
D06780,Curtis Curtis Jr.,Electric,Toa Payoh,3.6,Active
D06781,Roger Taylor,Hatchback,Ang Mo Kio,3.64,Inactive
D06782,David Dean,Suv,Jurong,3.81,Active
D06783,Elizabeth Gonzales,Sedan,Woodlands,4.51,Active
D06784,Angela Andrade,Electric,Ang Mo Kio,4.57,Active
D06785,Megan Hill,Mpv,Yishun,4.29,Active
D06786,Bridget Mcgrath,Hatchback,Tampines,4.49,Active
D06787,Kevin Murray,Premium,Singapore,4.82,Inactive
D06788,John Brown,Electric,Ang Mo Kio,4.17,Active
D06789,Krista Pennington,Hatchback,Bedok,4.09,Active
D06790,Deanna Wilson,Premium,Woodlands,4.82,Active
D06791,Erin Guzman,Sedan,Ang Mo Kio,3.88,Active
D06792,Michelle Duncan,Electric,Bedok,4.08,Active
D06793,Sarah Harris,Mpv,Bishan,4.82,Active
D06794,Holly King,Electric,Ang Mo Kio,3.75,Active
D06795,Jon Evans,Sedan,Punggol,4.65,Active
D06796,Deanna Beck,Sedan,Bedok,4.76,Inactive
D06797,Mike Rivera,Electric,Punggol,3.91,Active
D06798,Sarah Johnson,Premium,Tampines,4.4,Active
D06799,Mary Fuller,Hatchback,Toa Payoh,3.56,Active
D06800,Jennifer Dalton,Electric,Toa Payoh,4.17,Active
D06801,Elizabeth Dawson,Sedan,Bedok,4.68,Active
D06802,Scott Nichols DDS,Suv,Ang Mo Kio,4.88,Active
D06803,Richard Rodriguez,Premium,Singapore,4.83,Active
D06804,Susan Bradley,Hatchback,Tampines,3.9,Active
D06805,Renee Campos,Mpv,Bishan,4.41,Active
D06806,Jared Steele,Premium,Bedok,4.11,Inactive
D06807,Janet Cook,Sedan,Ang Mo Kio,4.53,Active
D06808,Stephanie Williams,Mpv,Toa Payoh,3.71,Active
D06809,Michelle Brown,Electric,Ang Mo Kio,3.68,Active
D06810,Robert Ward,Sedan,Woodlands,4.36,Active
D06811,Christopher Cuevas,Mpv,Bedok,3.62,Active
D06812,Kimberly Quinn,Mpv,Punggol,4.02,Active
D06813,Daniel Miller,Electric,Bedok,3.53,Active
D06814,Catherine Stuart,Hatchback,Tampines,4.7,Active
D06815,Matthew Smith,Sedan,Bedok,4.01,Active
D06816,Antonio Kaufman,Sedan,Singapore,3.85,Inactive
D06817,Louis Solomon,Premium,Woodlands,4.91,Active
D06818,Drew Hudson,Sedan,Bedok,4.33,Active
D06819,Lisa Bradley,Suv,Tampines,4.04,Active
D06820,Amy Arnold,Premium,Woodlands,4.25,Active
D06821,Mark Miller,Premium,Singapore,3.8,Active
D06822,Kayla Cole,Premium,Tampines,4.95,Active
D06823,Timothy Snyder,Sedan,Yishun,4.61,Active
D06824,Eric Anderson,Suv,Woodlands,3.54,Active
D06825,Justin Barnes,Hatchback,Singapore,4.58,Active
D06826,Courtney Curtis,Mpv,Punggol,4.69,Active
D06827,Robert Brooks,Electric,Yishun,3.66,Active
D06828,Garrett Walker,Suv,Woodlands,4.17,Suspended
D06829,Anthony Perez,Mpv,Punggol,4.99,Inactive
D06830,Meredith Bowman,Hatchback,Singapore,4.54,Active
D06831,Lawrence Carter,Mpv,Yishun,4.64,Active
D06832,Lynn Hamilton,Sedan,Toa Payoh,3.54,Inactive
D06833,Karen Johnson,Mpv,Tampines,3.85,Active
D06834,Courtney Barajas,Mpv,Bishan,4.49,Active
D06835,Juan Joyce,Premium,Punggol,4.43,Active
D06836,Kenneth Harris,Electric,Punggol,3.57,Active
D06837,Ricky Cantu,Sedan,Woodlands,3.85,Active
D06838,David Cameron,Suv,Jurong,3.57,Active
D06839,Brooke Stevens,Hatchback,Singapore,3.57,Active
D06840,John Watkins,Sedan,Jurong,4.47,Active
D06841,Jacob Garcia,Hatchback,Woodlands,4.91,Active
D06842,Justin Dunn,Electric,Woodlands,4.93,Active
D06843,Colleen Duncan,Suv,Tampines,4.69,Inactive
D06844,Cheryl Salazar,Suv,Bishan,4.83,Active
D06845,Alyssa Baker,Suv,Jurong,4.17,Active
D06846,Erik Chang,Mpv,Woodlands,3.86,Active
D06847,Sharon Armstrong,Sedan,Singapore,4.22,Active
D06848,Barry Stephens,Suv,Woodlands,3.89,Inactive
D06849,Yolanda Clark,Electric,Tampines,4.83,Active
D06850,Christina Perez,Premium,Punggol,3.54,Active
D06851,Amy Knight,Electric,Toa Payoh,4.16,Active
D06852,Robin Byrd,Mpv,Singapore,4.2,Active
D06853,Sarah Austin,Premium,Bishan,4.64,Active
D06854,Sean Medina,Mpv,Yishun,3.52,Active
D06855,Cheryl Gray,Sedan,Ang Mo Kio,4.93,Active
D06856,Karen Vang,Electric,Tampines,3.63,Active
D06857,Samantha Sherman,Premium,Jurong,4.83,Active
D06858,Richard Maxwell,Sedan,Yishun,4.4,Active
D06859,Albert Lynch,Premium,Singapore,3.91,Active
D06860,Brian Peterson,Electric,Punggol,3.58,Active
D06861,Russell Long,Hatchback,Punggol,3.75,Active
D06862,Diane Bryant,Electric,Punggol,4.22,Active
D06863,Emily Hill,Hatchback,Tampines,4.41,Inactive
D06864,Nicole Jones,Sedan,Ang Mo Kio,4.25,Active
D06865,Tiffany Johnson,Mpv,Toa Payoh,4.24,Active
D06866,Matthew Phillips DDS,Suv,Ang Mo Kio,4.8,Active
D06867,Debra Miller,Premium,Toa Payoh,3.92,Active
D06868,Bridget Martinez,Hatchback,Tampines,4.02,Active
D06869,Stephanie Hall,Sedan,Singapore,3.77,Active
D06870,Laura Campbell,Electric,Ang Mo Kio,3.69,Active
D06871,Andrew Estrada,Hatchback,Yishun,4.61,Active
D06872,Christopher Dunn,Suv,Ang Mo Kio,4.02,Active
D06873,Christopher Jones,Mpv,Singapore,4.95,Active
D06874,Ashley Henry,Premium,Jurong,3.54,Active
D06875,Aaron Cox,Premium,Bishan,4.03,Active
D06876,Robyn Holland,Sedan,Singapore,4.32,Active
D06877,Kevin Coffey,Mpv,Bedok,4.89,Active
D06878,Erin Moore,Hatchback,Jurong,4.76,Active
D06879,Nicole Anderson,Hatchback,Woodlands,3.68,Active
D06880,George Robbins,Premium,Yishun,3.87,Active
D06881,Brandy Phillips,Hatchback,Jurong,4.75,Active
D06882,Brandy Moody,Hatchback,Singapore,4.48,Active
D06883,Joseph Williams,Electric,Yishun,4.3,Active
D06884,Julia Perry,Premium,Woodlands,4.13,Active
D06885,Michael Jones,Electric,Ang Mo Kio,4.55,Active
D06886,James Robbins,Electric,Bedok,4.69,Active
D06887,Tricia Taylor,Sedan,Tampines,3.55,Active
D06888,Cindy Cruz,Premium,Woodlands,4.99,Inactive
D06889,Patrick Vang,Electric,Punggol,4.75,Active
D06890,Alicia Jones,Premium,Ang Mo Kio,3.86,Active
D06891,Patricia Anderson,Mpv,Jurong,3.95,Inactive
D06892,Russell Stewart,Electric,Ang Mo Kio,3.74,Active
D06893,Alexis Deleon,Suv,Tampines,4.24,Active
D06894,Michael Davis,Electric,Ang Mo Kio,3.64,Active
D06895,Brooke Thomas,Sedan,Toa Payoh,4.44,Active
D06896,Jason Arias,Mpv,Singapore,4.29,Active
D06897,Steven Barnes,Premium,Woodlands,3.59,Active
D06898,Rodney Wilson,Sedan,Toa Payoh,4.19,Active
D06899,James Tanner,Suv,Yishun,3.77,Active
D06900,Laura Thomas,Suv,Bishan,4.53,Active
D06901,Jamie Hicks,Hatchback,Bedok,4.38,Active
D06902,Kevin Reed,Mpv,Ang Mo Kio,3.6,Active
D06903,Jose Jones,Electric,Ang Mo Kio,3.91,Active
D06904,Jeanne Fernandez,Electric,Jurong,4.13,Active
D06905,Anne Goodwin,Sedan,Jurong,3.94,Active
D06906,Arthur Bruce,Electric,Punggol,4.95,Active
D06907,Ian Jackson,Electric,Ang Mo Kio,4.74,Active
D06908,Patricia Vaughan,Mpv,Tampines,4.62,Active
D06909,Jennifer Osborne,Premium,Bedok,4.25,Active
D06910,Aaron Weber,Sedan,Singapore,4.8,Active
D06911,Katie Bennett,Premium,Punggol,4.19,Active
D06912,Andrew King,Premium,Bedok,4.87,Active
D06913,Joy Blake,Hatchback,Jurong,4.73,Active
D06914,Sonia Norton,Hatchback,Woodlands,4.57,Active
D06915,Justin Rowland,Electric,Ang Mo Kio,4.7,Inactive
D06916,Jonathan Snyder,Premium,Yishun,3.79,Active
D06917,Amanda Lin,Suv,Toa Payoh,4.57,Active
D06918,Jon Greene,Suv,Toa Payoh,4.23,Active
D06919,Justin Becker,Suv,Ang Mo Kio,4.15,Active
D06920,Jacob Mckay,Mpv,Singapore,3.93,Active
D06921,Joe Roberts,Mpv,Bedok,4.01,Active
D06922,Jason Fowler,Electric,Ang Mo Kio,4.34,Active
D06923,Dr. Matthew Gomez,Premium,Woodlands,4.23,Active
D06924,Crystal Bryant,Suv,Woodlands,3.9,Active
D06925,Nicole Harris,Sedan,Bedok,4.22,Active
D06926,Dean Baker,Suv,Ang Mo Kio,4.08,Inactive
D06927,Dean Sharp,Suv,Punggol,4.65,Active
D06928,Lisa Montgomery,Hatchback,Bishan,4.71,Active
D06929,Eric Dickerson,Mpv,Singapore,4.33,Active
D06930,Robert King Jr.,Mpv,Bedok,4.9,Active
D06931,Andrea Parks,Premium,Ang Mo Kio,4.4,Active
D06932,Debra Hamilton,Premium,Tampines,4.23,Active
D06933,Janet Burke,Sedan,Ang Mo Kio,4.03,Inactive
D06934,Edward Mullins,Sedan,Yishun,4.43,Suspended
D06935,Elizabeth Lane,Sedan,Bishan,4.39,Active
D06936,Kimberly Bowman,Mpv,Bedok,4.44,Active
D06937,Cheryl Miller,Sedan,Woodlands,4.26,Active
D06938,Karen Daniels,Suv,Punggol,4.92,Active
D06939,Brian Stout,Electric,Yishun,4.46,Active
D06940,Jeffrey Graves,Premium,Ang Mo Kio,4.57,Active
D06941,Lisa Kelly,Hatchback,Bishan,4.9,Active
D06942,Tracy Bernard,Sedan,Toa Payoh,4.75,Active
D06943,Kirk Ray,Suv,Jurong,4.28,Active
D06944,Neil Curtis,Premium,Punggol,3.51,Active
D06945,Stephen Day DVM,Hatchback,Bishan,4.78,Active
D06946,Lauren Grimes,Electric,Toa Payoh,4.84,Active
D06947,John Stewart,Premium,Yishun,3.99,Active
D06948,Ricardo Singleton,Premium,Woodlands,4.36,Active
D06949,Keith Hurst,Sedan,Tampines,3.93,Active
D06950,Brandon Berg,Electric,Toa Payoh,4.08,Active
D06951,Lauren Huang,Premium,Toa Payoh,4.86,Active
D06952,Bob Brown,Hatchback,Jurong,3.84,Active
D06953,Erica Murray,Electric,Jurong,4.08,Active
D06954,Steven Medina,Sedan,Bishan,3.66,Inactive
D06955,Todd Taylor,Suv,Woodlands,4.5,Active
D06956,Melissa Garcia,Sedan,Bedok,4.77,Active
D06957,Tammy Montoya,Electric,Woodlands,4.99,Active
D06958,Johnny Young,Electric,Singapore,4.31,Active
D06959,Joseph Montgomery,Suv,Punggol,4.66,Active
D06960,Robert Watkins PhD,Electric,Toa Payoh,3.6,Active
D06961,Wanda Montoya,Electric,Jurong,4.11,Active
D06962,Sean Gonzalez,Suv,Tampines,4.44,Active
D06963,Angela Morgan,Premium,Toa Payoh,4.89,Active
D06964,Lori Carroll,Hatchback,Bishan,4.54,Active
D06965,Patricia Wagner,Sedan,Yishun,4.91,Active
D06966,Marissa Brown,Sedan,Bishan,4.42,Active
D06967,Ann Hardy,Suv,Tampines,4.42,Active
D06968,Joseph Williams,Sedan,Ang Mo Kio,4.36,Active
D06969,Jesse Romero,Suv,Tampines,4.48,Active
D06970,Mark Reed,Hatchback,Bedok,4.1,Active
D06971,Sean Owen,Electric,Jurong,4.13,Active
D06972,Jennifer Cooper,Hatchback,Woodlands,4.85,Active
D06973,Jacqueline Thomas,Sedan,Yishun,4.6,Active
D06974,Hannah Stewart,Electric,Toa Payoh,4.91,Active
D06975,Sabrina Clark,Hatchback,Bedok,4.56,Active
D06976,Mrs. Teresa Spears MD,Premium,Jurong,4.6,Active
D06977,David Walker,Mpv,Woodlands,4.25,Active
D06978,Karen Malone,Hatchback,Bedok,3.8,Active
D06979,Mrs. Alexis Walker,Premium,Toa Payoh,4.16,Active
D06980,Devin Cross,Electric,Tampines,4.9,Active
D06981,Natasha Noble,Mpv,Toa Payoh,3.51,Active
D06982,Heather Fisher,Mpv,Singapore,4.16,Active
D06983,Shirley Hoffman,Sedan,Jurong,4.04,Active
D06984,Alicia Stafford MD,Premium,Ang Mo Kio,4.15,Active
D06985,Elizabeth Barr,Hatchback,Woodlands,4.8,Active
D06986,Johnny Landry,Premium,Toa Payoh,4.46,Active
D06987,Michael Diaz,Sedan,Punggol,3.53,Active
D06988,John Rowland,Electric,Yishun,3.93,Active
D06989,Isaiah Fernandez,Suv,Woodlands,4.98,Active
D06990,Gregory Henry,Premium,Bishan,4.1,Inactive
D06991,Paul Copeland,Hatchback,Toa Payoh,4.24,Active
D06992,David Weiss,Sedan,Woodlands,4.85,Active
D06993,Nancy Harvey,Mpv,Toa Payoh,4.99,Active
D06994,Maria Dominguez,Hatchback,Woodlands,4.41,Active
D06995,Christine Williams,Mpv,Singapore,4.62,Inactive
D06996,Danielle Foley,Premium,Jurong,3.92,Active
D06997,Thomas Benton,Premium,Jurong,4.98,Active
D06998,Joanna Perez,Suv,Jurong,3.63,Active
D06999,Michael Stafford PhD,Hatchback,Bishan,3.64,Active
D07000,Todd Ponce,Suv,Tampines,4.67,Active
D07001,Eric Poole,Sedan,Yishun,3.65,Active
D07002,Kyle Francis,Electric,Tampines,3.66,Active
D07003,Alexander Lee,Electric,Yishun,3.84,Active
D07004,Katherine Williams DDS,Electric,Singapore,4.24,Active
D07005,Deborah Burgess,Hatchback,Woodlands,4.7,Active
D07006,Samantha Carter,Mpv,Ang Mo Kio,4.03,Active
D07007,Brittany Lee,Suv,Punggol,4.1,Suspended
D07008,Amber Morales,Premium,Singapore,4.35,Active
D07009,Carla Jones,Premium,Bishan,4.46,Active
D07010,Thomas Clarke,Mpv,Yishun,4.95,Active
D07011,Douglas Stephens,Sedan,Yishun,3.83,Active
D07012,Stacey Chavez,Hatchback,Bishan,4.57,Active
D07013,Sean Montgomery,Sedan,Jurong,3.55,Suspended
D07014,Jordan Lambert,Hatchback,Bishan,4.78,Active
D07015,Vanessa Bennett,Electric,Toa Payoh,4.72,Active
D07016,Linda Martinez,Electric,Punggol,4.33,Active
D07017,Melissa Williamson,Mpv,Toa Payoh,3.85,Active
D07018,Debra Lutz,Mpv,Woodlands,3.96,Active
D07019,Trevor Ellis,Hatchback,Jurong,4.47,Active
D07020,Deborah Crosby,Mpv,Ang Mo Kio,4.23,Active
D07021,Victoria Bailey,Suv,Bishan,4.4,Active
D07022,Daniel Strickland,Premium,Bedok,3.88,Active
D07023,Charles Sheppard,Hatchback,Ang Mo Kio,4.8,Active
D07024,Jennifer Warner,Sedan,Jurong,4.99,Active
D07025,Jon Wood,Mpv,Jurong,4.28,Active
D07026,Ruth Buckley,Premium,Bedok,4.62,Active
D07027,Michelle Nunez,Sedan,Yishun,3.67,Active
D07028,Yolanda Vang,Mpv,Jurong,4.49,Inactive
D07029,Christina Levy,Electric,Woodlands,4.38,Active
D07030,Andre Thornton,Suv,Jurong,4.93,Active
D07031,John Goodwin,Electric,Jurong,4.37,Inactive
D07032,Dylan Smith,Premium,Toa Payoh,4.72,Active
D07033,Raymond Williams,Electric,Toa Payoh,4.73,Active
D07034,Linda Sanders,Suv,Punggol,4.91,Active
D07035,Kevin Smith MD,Sedan,Ang Mo Kio,4.93,Active
D07036,Danny Austin,Premium,Singapore,4.86,Active
D07037,Kimberly Edwards,Suv,Tampines,4.17,Active
D07038,Kimberly Martinez,Premium,Bishan,4.04,Active
D07039,Lauren Singh,Premium,Woodlands,4.08,Inactive
D07040,Cynthia Wright,Electric,Bishan,3.84,Active
D07041,Robert Kline,Premium,Punggol,4.67,Active
D07042,James Thomas,Mpv,Yishun,4.04,Active
D07043,Cody Jimenez,Electric,Punggol,4.09,Active
D07044,Victoria Wright,Premium,Tampines,4.45,Active
D07045,Jennifer Davis,Electric,Jurong,4.92,Active
D07046,Shelby Fernandez,Sedan,Ang Mo Kio,4.02,Inactive
D07047,Matthew Duffy,Mpv,Woodlands,4.38,Active
D07048,David Gordon,Premium,Bedok,4.97,Active
D07049,Luis Robinson,Suv,Toa Payoh,4.29,Active
D07050,Dustin Bell,Mpv,Singapore,4.29,Active
D07051,Sharon Johnson,Suv,Yishun,4.87,Active
D07052,Jacob Stevens,Electric,Toa Payoh,3.7,Active
D07053,Victor Gonzalez,Electric,Punggol,3.66,Active
D07054,Tony Davis,Electric,Bedok,3.51,Active
D07055,William Mccarty,Hatchback,Bedok,4.76,Active
D07056,Thomas Taylor,Sedan,Woodlands,3.93,Active
D07057,Miss Ashley Higgins,Sedan,Punggol,4.09,Active
D07058,Christina Carey,Premium,Tampines,4.41,Active
D07059,Matthew Richardson,Premium,Woodlands,3.59,Active
D07060,Samantha Green,Sedan,Ang Mo Kio,4.29,Inactive
D07061,Rhonda Johnson,Suv,Yishun,4.08,Suspended
D07062,Kimberly Reed,Mpv,Ang Mo Kio,4.2,Active
D07063,Darrell Estrada,Premium,Bishan,3.57,Active
D07064,Jessica Howell,Suv,Bishan,4.23,Active
D07065,Mr. Tyler Chavez,Sedan,Jurong,3.71,Active
D07066,Kevin Conrad,Suv,Punggol,4.17,Active
D07067,Emily Meyers,Sedan,Woodlands,3.64,Active
D07068,Christina White,Mpv,Ang Mo Kio,4.81,Active
D07069,Diana Schmidt,Hatchback,Woodlands,3.67,Active
D07070,Amy Morrow,Suv,Toa Payoh,3.61,Active
D07071,Tiffany Chambers,Electric,Tampines,4.62,Active
D07072,Mrs. Sonya Davis,Premium,Bedok,3.95,Active
D07073,Lynn Jordan DDS,Premium,Ang Mo Kio,3.51,Active
D07074,Edward Savage,Electric,Yishun,4.06,Active
D07075,Bobby Payne,Mpv,Toa Payoh,3.86,Active
D07076,Joshua Martinez,Electric,Woodlands,3.83,Active
D07077,Steven Austin,Electric,Singapore,4.04,Inactive
D07078,April Taylor,Sedan,Bishan,4.89,Active
D07079,Cheryl Deleon,Mpv,Jurong,3.98,Inactive
D07080,Andrea White,Hatchback,Tampines,4.33,Active
D07081,Alvin Robinson,Mpv,Woodlands,3.67,Active
D07082,David Jenkins,Hatchback,Jurong,4.95,Active
D07083,Mr. David Collier,Premium,Jurong,3.5,Active
D07084,Amanda Kline,Hatchback,Toa Payoh,4.75,Active
D07085,Matthew Gordon,Suv,Punggol,3.67,Active
D07086,Matthew Moses,Sedan,Woodlands,3.81,Inactive
D07087,Donna Reyes,Premium,Toa Payoh,4.86,Active
D07088,Madison Cook,Electric,Toa Payoh,4.23,Active
D07089,James Ponce,Electric,Tampines,4.06,Active
D07090,Erica Molina,Electric,Punggol,4.44,Inactive
D07091,Jennifer Baker,Suv,Yishun,4.84,Active
D07092,Mr. Calvin Evans,Mpv,Woodlands,3.51,Active
D07093,Ashley Delacruz,Hatchback,Yishun,4.09,Active
D07094,Arthur Rosario,Sedan,Woodlands,4.59,Active
D07095,Brianna Hunt,Suv,Woodlands,4.48,Active
D07096,Desiree Bailey,Hatchback,Ang Mo Kio,4.4,Active
D07097,Natalie Hart,Premium,Yishun,4.2,Active
D07098,Barbara Cordova,Hatchback,Toa Payoh,3.64,Inactive
D07099,Emily Mcgrath,Hatchback,Yishun,4.48,Active
D07100,Rachel Ramos,Mpv,Toa Payoh,4.71,Active
D07101,Robin Morse,Suv,Woodlands,3.6,Active
D07102,David Howard,Mpv,Toa Payoh,3.87,Active
D07103,Jessica Mcintyre,Mpv,Bedok,3.97,Active
D07104,Courtney Alvarez,Premium,Singapore,4.51,Active
D07105,Cory Yang,Mpv,Jurong,3.79,Active
D07106,Maria Wong,Electric,Punggol,3.64,Active
D07107,Mary Chavez,Premium,Yishun,4.03,Active
D07108,Angel Young,Hatchback,Bedok,4.6,Active
D07109,Emily Dunlap,Sedan,Woodlands,4.77,Active
D07110,Melissa West,Mpv,Singapore,4.46,Active
D07111,Sean Malone,Electric,Woodlands,4.4,Active
D07112,Katherine Flores,Mpv,Woodlands,4.89,Active
D07113,Marc Reyes,Electric,Jurong,3.67,Active
D07114,Philip Martinez,Hatchback,Singapore,3.99,Active
D07115,Alexander Brown,Sedan,Bishan,3.96,Active
D07116,April Kelly,Sedan,Singapore,4.87,Inactive
D07117,Amanda Bradley,Suv,Jurong,3.89,Active
D07118,Rhonda Brown,Sedan,Tampines,3.53,Active
D07119,Lindsey Reyes,Mpv,Singapore,4.63,Active
D07120,Christopher Lawson,Sedan,Ang Mo Kio,3.88,Active
D07121,Lauren Davis,Mpv,Punggol,3.93,Inactive
D07122,Tammy Taylor,Sedan,Punggol,4.37,Active
D07123,Cassandra Williams,Hatchback,Yishun,4.8,Active
D07124,Anthony Rhodes,Premium,Punggol,4.76,Active
D07125,Jean Mcdaniel,Sedan,Yishun,3.81,Active
D07126,Sara Bennett,Suv,Yishun,3.99,Inactive
D07127,Valerie Miller DDS,Electric,Tampines,4.43,Active
D07128,Julian Keller,Premium,Bishan,4.84,Active
D07129,Gail Arnold,Electric,Toa Payoh,4.75,Active
D07130,Megan Moreno,Mpv,Tampines,3.96,Active
D07131,Brittney Jackson,Suv,Toa Payoh,4.73,Active
D07132,Russell Hawkins,Mpv,Jurong,4.7,Active
D07133,Bob Long,Suv,Bedok,3.83,Active
D07134,Renee Young,Suv,Bishan,3.54,Active
D07135,Christopher Smith,Mpv,Toa Payoh,4.52,Active
D07136,Philip Meadows,Electric,Toa Payoh,4.97,Active
D07137,Jill Mccullough,Suv,Yishun,4.74,Active
D07138,Jeffery Murphy,Electric,Yishun,3.93,Active
D07139,Lisa Yang,Suv,Toa Payoh,4.76,Active
D07140,Joshua Melton,Sedan,Toa Payoh,4.3,Active
D07141,John Long,Mpv,Singapore,4.57,Active
D07142,Jason Jones,Electric,Bedok,4.13,Active
D07143,Jonathan Johnson,Suv,Ang Mo Kio,3.64,Active
D07144,Donald Jackson,Premium,Bedok,3.9,Active
D07145,Jacqueline Perry,Electric,Bishan,3.95,Active
D07146,Christopher Chapman,Electric,Tampines,4.46,Active
D07147,Russell Hendricks,Sedan,Bedok,4.43,Inactive
D07148,Mark Choi,Mpv,Woodlands,4.65,Active
D07149,David Bray,Suv,Woodlands,4.7,Active
D07150,Charles Marshall,Suv,Bishan,4.39,Active
D07151,Lisa Davies,Mpv,Bishan,3.64,Active
D07152,Gina Smith,Sedan,Singapore,4.74,Active
D07153,Victoria Price,Mpv,Bishan,3.64,Inactive
D07154,Karen Johnson,Hatchback,Yishun,4.58,Suspended
D07155,Joseph Bean,Electric,Jurong,4.21,Active
D07156,Andrea Cabrera,Electric,Punggol,4.42,Active
D07157,Nicole Crawford,Hatchback,Bishan,3.84,Active
D07158,Christian Ford,Mpv,Singapore,4.31,Active
D07159,Brittany Bishop,Sedan,Woodlands,3.9,Active
D07160,Jill Taylor,Sedan,Ang Mo Kio,4.15,Active
D07161,Antonio James,Premium,Ang Mo Kio,3.65,Active
D07162,Christopher Williams,Sedan,Bishan,3.59,Active
D07163,Jamie Russell DDS,Mpv,Punggol,4.63,Active
D07164,Richard Ortiz,Sedan,Bishan,3.8,Active
D07165,John Spears,Electric,Jurong,4.21,Active
D07166,Tom Williams,Premium,Bedok,3.83,Active
D07167,Angela Myers,Mpv,Punggol,4.24,Active
D07168,Kevin Hughes,Premium,Ang Mo Kio,4.59,Active
D07169,Jennifer Edwards,Suv,Punggol,4.62,Active
D07170,Diana Stanley,Sedan,Bishan,4.19,Active
D07171,Anna Vincent,Premium,Bishan,3.72,Active
D07172,Angela Weber,Mpv,Toa Payoh,3.75,Active
D07173,Adam Carlson,Premium,Singapore,3.99,Active
D07174,Javier Wright,Mpv,Toa Payoh,4.74,Active
D07175,Jessica Johnson,Suv,Punggol,4.14,Active
D07176,Amanda Hebert,Suv,Singapore,4.31,Active
D07177,Lisa Johnson,Suv,Yishun,4.87,Inactive
D07178,Brian Roberts,Suv,Tampines,3.88,Active
D07179,Jeffrey Russell,Electric,Jurong,4.12,Active
D07180,Taylor Christensen,Suv,Ang Mo Kio,4.69,Suspended
D07181,Henry Powell,Sedan,Woodlands,4.65,Active
D07182,Pamela Diaz,Electric,Punggol,4.82,Active
D07183,Jessica Horton,Premium,Ang Mo Kio,3.56,Active
D07184,Lisa Crawford,Hatchback,Punggol,3.64,Active
D07185,Rebecca Ramos,Electric,Yishun,4.07,Active
D07186,Edward Perez,Electric,Tampines,3.91,Active
D07187,Rachel Henson,Mpv,Punggol,4.72,Active
D07188,Joshua Thompson,Hatchback,Ang Mo Kio,4.43,Active
D07189,Roger Wade,Premium,Bishan,3.78,Active
D07190,Brianna Fisher,Mpv,Toa Payoh,4.99,Active
D07191,Heather Owens,Suv,Jurong,3.93,Active
D07192,Justin Watson,Electric,Singapore,3.79,Active
D07193,Mr. Anthony Vasquez,Premium,Bedok,4.37,Active
D07194,Lindsay Smith,Premium,Bishan,3.72,Active
D07195,Alexander Campbell,Mpv,Jurong,3.74,Active
D07196,Amanda Harrison,Sedan,Jurong,4.42,Active
D07197,Edward Hughes,Hatchback,Toa Payoh,4.26,Active
D07198,Matthew Hughes,Hatchback,Ang Mo Kio,4.4,Active
D07199,Marcia Thompson,Hatchback,Bishan,3.86,Active
D07200,Anthony Nelson,Sedan,Bedok,4.45,Active
D07201,Mark Martin,Mpv,Singapore,3.58,Inactive
D07202,Patrick Ali,Hatchback,Bishan,4.87,Active
D07203,Heidi Sherman,Hatchback,Woodlands,3.98,Active
D07204,Crystal Williams,Hatchback,Woodlands,3.56,Active
D07205,Joel Ramirez,Sedan,Singapore,4.69,Inactive
D07206,Andrew Jones,Suv,Woodlands,4.93,Active
D07207,Anne Murphy,Premium,Toa Payoh,3.9,Active
D07208,Daniel Cruz,Suv,Bedok,4.91,Active
D07209,Jessica Villarreal,Suv,Bishan,4.89,Active
D07210,Wendy Mcguire,Hatchback,Singapore,3.66,Active
D07211,Catherine Saunders,Electric,Toa Payoh,3.98,Active
D07212,Caitlin Morales,Sedan,Yishun,3.74,Active
D07213,Holly Lewis,Premium,Punggol,3.54,Active
D07214,Judith Warren,Electric,Bedok,4.42,Active
D07215,Erin Rice,Suv,Punggol,4.6,Active
D07216,Lisa Carter,Electric,Singapore,4.15,Active
D07217,Nicholas Clay,Electric,Bedok,3.99,Active
D07218,Alejandra Russell,Hatchback,Bedok,4.71,Active
D07219,Whitney Martin,Sedan,Jurong,4.43,Active
D07220,Timothy Chavez,Suv,Singapore,4.02,Active
D07221,Karen Miller,Mpv,Tampines,3.95,Active
D07222,Nicole Nicholson,Premium,Bishan,4.69,Inactive
D07223,Zachary Lopez,Electric,Yishun,3.94,Active
D07224,Denise Mullins,Suv,Woodlands,4.71,Active
D07225,David Brown,Suv,Yishun,3.9,Active
D07226,Nathan Adams,Electric,Toa Payoh,3.52,Active
D07227,Willie Bass,Hatchback,Punggol,3.74,Active
D07228,Tiffany Harper,Premium,Woodlands,4.25,Active
D07229,Andrew Sanchez,Premium,Yishun,4.18,Active
D07230,Alexis Sanchez,Sedan,Ang Mo Kio,4.2,Active
D07231,Thomas Wells,Suv,Woodlands,4.36,Active
D07232,Kathryn Scott,Premium,Singapore,4.52,Active
D07233,Tina Huber,Premium,Woodlands,4.26,Active
D07234,Emily Lin,Suv,Tampines,4.29,Active
D07235,Dale Washington,Hatchback,Bishan,4.21,Active
D07236,Angela Webb,Hatchback,Punggol,4.52,Active
D07237,Tina Stephens,Hatchback,Bishan,3.56,Active
D07238,David Thompson,Hatchback,Ang Mo Kio,4.38,Active
D07239,Isabel Ramirez,Mpv,Bishan,4.1,Active
D07240,Daniel Patterson,Sedan,Bishan,4.43,Active
D07241,Tammy Osborne,Suv,Bishan,4.32,Active
D07242,Jimmy Edwards,Electric,Ang Mo Kio,3.9,Inactive
D07243,Rebecca Dixon,Hatchback,Bishan,4.85,Active
D07244,David Wilson,Hatchback,Yishun,3.5,Active
D07245,Jennifer Clark,Suv,Punggol,4.79,Active
D07246,James Petty,Hatchback,Bedok,4.75,Active
D07247,Melissa Andrews,Sedan,Yishun,3.9,Inactive
D07248,Cynthia Greene,Electric,Yishun,4.49,Active
D07249,Megan Espinoza,Premium,Bishan,4.56,Active
D07250,Keith Allen,Premium,Punggol,4.73,Inactive
D07251,Tasha Hartman,Mpv,Ang Mo Kio,4.91,Active
D07252,Theresa Butler,Mpv,Punggol,3.62,Active
D07253,Justin Brown,Mpv,Tampines,3.7,Active
D07254,Vanessa Fields,Sedan,Singapore,4.4,Active
D07255,Joshua Fitzgerald,Mpv,Tampines,4.17,Inactive
D07256,Justin Stewart,Premium,Singapore,4.52,Active
D07257,Kevin Rodriguez,Premium,Ang Mo Kio,4.72,Active
D07258,Brian Wheeler,Mpv,Bishan,4.61,Active
D07259,Laura Santos,Suv,Toa Payoh,4.12,Active
D07260,Elizabeth Rodriguez,Premium,Ang Mo Kio,3.8,Active
D07261,Steven Rodriguez,Mpv,Yishun,4.0,Active
D07262,Cindy Nguyen,Premium,Toa Payoh,3.56,Active
D07263,Terri Olson,Electric,Toa Payoh,3.69,Active
D07264,Tracy Schaefer,Suv,Bishan,3.54,Active
D07265,Anthony Grimes,Electric,Yishun,3.84,Active
D07266,Jeffrey Jacobson,Sedan,Jurong,4.42,Active
D07267,Julie Martin,Hatchback,Woodlands,3.83,Active
D07268,Donald Gonzalez,Hatchback,Bishan,4.99,Active
D07269,Kelsey Rogers,Suv,Bishan,4.16,Active
D07270,Joanne Middleton,Hatchback,Bedok,4.95,Active
D07271,Erik Alvarez,Mpv,Bedok,4.35,Inactive
D07272,Jennifer Preston,Hatchback,Woodlands,4.53,Active
D07273,Tanya Johnson,Hatchback,Tampines,4.29,Active
D07274,Joseph Hicks,Suv,Tampines,4.78,Active
D07275,Mr. Ryan Jackson,Sedan,Singapore,4.85,Active
D07276,Cody Hess,Premium,Yishun,4.95,Active
D07277,Cody Calderon,Electric,Yishun,3.75,Active
D07278,Gary Roberts,Hatchback,Bishan,3.81,Active
D07279,Gabriel Ramirez,Mpv,Yishun,4.07,Active
D07280,Cynthia Bell,Sedan,Jurong,3.93,Inactive
D07281,Nicholas Patel,Hatchback,Woodlands,4.33,Inactive
D07282,James Skinner,Sedan,Ang Mo Kio,3.72,Active
D07283,Ryan Taylor,Mpv,Bishan,3.98,Active
D07284,Erika Jennings,Electric,Punggol,3.5,Active
D07285,Kevin Sanders,Suv,Woodlands,4.3,Active
D07286,Kayla King,Hatchback,Bishan,3.9,Inactive
D07287,James Cooper,Hatchback,Punggol,4.96,Active
D07288,Thomas Gregory,Premium,Jurong,4.02,Active
D07289,Julian Wagner,Electric,Ang Mo Kio,4.93,Active
D07290,Craig Morris,Mpv,Yishun,4.0,Inactive
D07291,Donna Richards,Electric,Bishan,4.73,Active
D07292,Brian Wilkerson,Sedan,Ang Mo Kio,3.7,Active
D07293,Gregory Mitchell,Electric,Woodlands,4.12,Active
D07294,Michelle Lee,Premium,Woodlands,4.38,Inactive
D07295,Emily Miller MD,Premium,Bishan,4.72,Active
D07296,Katherine Webb,Hatchback,Woodlands,3.94,Active
D07297,John Mcclure,Electric,Ang Mo Kio,3.71,Active
D07298,Kevin Kim,Electric,Woodlands,3.74,Active
D07299,John Copeland,Hatchback,Yishun,4.17,Active
D07300,David Barnes,Premium,Yishun,4.6,Active
D07301,Kyle Flores,Electric,Ang Mo Kio,4.29,Active
D07302,Christopher Henry,Sedan,Ang Mo Kio,4.06,Active
D07303,Shane Oconnor,Mpv,Ang Mo Kio,4.16,Active
D07304,David Reyes,Electric,Singapore,4.87,Active
D07305,Tracy Mcclure,Mpv,Ang Mo Kio,4.76,Active
D07306,Sarah Hodges,Sedan,Bishan,4.0,Active
D07307,Rebecca Young,Hatchback,Bedok,3.89,Inactive
D07308,Richard Nguyen,Premium,Singapore,4.46,Active
D07309,Michelle Ramos,Premium,Singapore,3.8,Active
D07310,Andrew Robbins,Suv,Punggol,3.72,Active
D07311,Veronica Sutton,Suv,Jurong,4.19,Active
D07312,Danny Whitehead,Electric,Yishun,4.4,Active
D07313,Johnny Garcia,Premium,Punggol,4.99,Active
D07314,Betty Jackson,Sedan,Bedok,4.14,Active
D07315,Kimberly Ramirez,Sedan,Jurong,4.9,Inactive
D07316,Matthew Sharp,Premium,Jurong,4.49,Active
D07317,Jill Klein,Premium,Woodlands,4.82,Inactive
D07318,Stacie Thompson,Hatchback,Yishun,4.86,Active
D07319,Samuel Watts,Hatchback,Bishan,4.57,Active
D07320,Mark Patterson,Hatchback,Yishun,4.17,Active
D07321,Patricia Williams MD,Premium,Woodlands,4.05,Active
D07322,Caleb Escobar,Hatchback,Singapore,3.63,Active
D07323,Sarah Cruz,Electric,Toa Payoh,4.08,Active
D07324,Patricia Allen,Mpv,Yishun,5.0,Active
D07325,Alyssa Snyder,Electric,Ang Mo Kio,4.06,Active
D07326,Justin Delgado,Hatchback,Bedok,3.91,Active
D07327,Jeffery Berry,Suv,Singapore,4.15,Active
D07328,Bailey Harrison,Hatchback,Tampines,4.08,Active
D07329,Erica Peters,Suv,Punggol,4.34,Active
D07330,Cody Smith,Premium,Yishun,4.01,Active
D07331,Gerald Holt,Hatchback,Tampines,4.03,Active
D07332,Alejandro Wilson,Sedan,Tampines,3.89,Active
D07333,James Taylor,Hatchback,Ang Mo Kio,4.75,Active
D07334,Brian Hudson,Mpv,Singapore,3.55,Active
D07335,Mark Palmer,Hatchback,Ang Mo Kio,4.01,Suspended
D07336,Anthony Ramirez,Suv,Toa Payoh,4.13,Active
D07337,George Mcdonald,Sedan,Yishun,4.14,Active
D07338,Kristina Vang,Suv,Bishan,3.73,Active
D07339,Gary Anderson,Sedan,Bedok,3.77,Active
D07340,Mandy Jackson,Electric,Toa Payoh,4.27,Inactive
D07341,Peter White DDS,Sedan,Tampines,3.52,Active
D07342,Andrea Mitchell,Suv,Jurong,4.43,Active
D07343,Marc Holmes,Electric,Ang Mo Kio,4.45,Inactive
D07344,William Coleman,Electric,Punggol,4.47,Active
D07345,Debra White,Suv,Bedok,4.66,Active
D07346,Antonio Sharp,Suv,Toa Payoh,4.6,Active
D07347,Sharon Walker,Suv,Yishun,4.38,Active
D07348,Adrian Klein,Mpv,Woodlands,4.38,Active
D07349,Richard Thomas,Electric,Jurong,4.06,Active
D07350,Brad Jimenez,Sedan,Woodlands,4.9,Active
D07351,Kelly Benson,Mpv,Toa Payoh,4.24,Active
D07352,Chelsea Kelly,Sedan,Bishan,4.02,Active
D07353,Catherine Smith,Hatchback,Yishun,3.61,Inactive
D07354,Dustin Newman,Mpv,Yishun,4.23,Active
D07355,Kerry Pearson,Electric,Jurong,4.32,Active
D07356,Barry Perry,Mpv,Bedok,4.05,Active
D07357,Timothy Lindsey,Sedan,Bedok,3.81,Active
D07358,Kelly Parker,Electric,Yishun,3.81,Active
D07359,Robyn Bennett,Hatchback,Toa Payoh,4.12,Active
D07360,Richard Turner,Suv,Singapore,3.94,Inactive
D07361,Brandy Jones,Premium,Punggol,3.9,Active
D07362,Brian Wilson,Hatchback,Toa Payoh,4.87,Active
D07363,Ronald Thompson,Suv,Punggol,3.71,Active
D07364,Robin Adams,Suv,Singapore,3.68,Active
D07365,James Saunders,Suv,Tampines,3.53,Active
D07366,Nathan Stevens,Hatchback,Singapore,4.8,Active
D07367,Eric Jones,Hatchback,Bedok,4.38,Active
D07368,Sara Jackson,Suv,Ang Mo Kio,4.22,Active
D07369,David Grimes,Electric,Punggol,3.67,Active
D07370,Megan Sexton,Suv,Yishun,3.61,Active
D07371,Robert Lewis,Sedan,Tampines,4.95,Active
D07372,Terri Patterson,Hatchback,Singapore,3.99,Active
D07373,Mary Villa,Hatchback,Toa Payoh,4.2,Active
D07374,Jeremy Edwards,Electric,Bishan,4.49,Active
D07375,Christopher Thompson,Sedan,Ang Mo Kio,4.83,Inactive
D07376,James Hill,Electric,Bishan,4.33,Active
D07377,Stacey Howard,Electric,Yishun,4.48,Active
D07378,Sergio Rocha,Suv,Singapore,4.07,Active
D07379,Shannon Phillips,Mpv,Yishun,4.57,Active
D07380,Connie Wilkinson,Sedan,Woodlands,4.95,Active
D07381,Erik Smith,Suv,Tampines,4.15,Active
D07382,Amy Glover,Suv,Punggol,4.17,Active
D07383,Kim Jackson,Suv,Ang Mo Kio,3.97,Active
D07384,Crystal Logan MD,Premium,Jurong,3.93,Active
D07385,Erik Vaughn,Mpv,Woodlands,3.66,Active
D07386,Daniel Ruiz,Mpv,Tampines,4.65,Active
D07387,David Olson,Premium,Jurong,4.33,Active
D07388,Stephanie Collins,Electric,Bedok,3.68,Inactive
D07389,Julie Wolf,Sedan,Bedok,3.72,Active
D07390,Christine Brown,Mpv,Punggol,4.92,Active
D07391,Anna Porter,Electric,Singapore,3.61,Active
D07392,Lindsay Acosta,Premium,Ang Mo Kio,4.06,Active
D07393,Adam Liu,Sedan,Bedok,4.17,Active
D07394,James Huff,Electric,Singapore,3.91,Active
D07395,Debra Thomas,Premium,Jurong,3.82,Active
D07396,Dakota Brown,Electric,Tampines,4.17,Active
D07397,Linda Pierce,Premium,Punggol,3.96,Active
D07398,Valerie Ramos,Electric,Bishan,3.79,Active
D07399,Lisa Clements,Mpv,Bishan,4.46,Active
D07400,James Lewis,Premium,Yishun,4.53,Active
D07401,David Orozco,Electric,Bedok,4.67,Active
D07402,Sean Mitchell,Hatchback,Ang Mo Kio,4.62,Inactive
D07403,Andrew Henderson,Electric,Bedok,4.62,Active
D07404,Jordan Rodriguez,Hatchback,Punggol,4.23,Inactive
D07405,Rebecca Davis,Sedan,Bishan,4.33,Active
D07406,Robert Thornton,Electric,Bishan,4.14,Inactive
D07407,Jonathan Scott,Hatchback,Woodlands,3.63,Active
D07408,Robert Hansen,Electric,Tampines,4.52,Active
D07409,Jenna Richards,Suv,Yishun,3.57,Active
D07410,Raven Davis,Sedan,Bedok,4.15,Active
D07411,Selena Wood,Electric,Bishan,4.86,Active
D07412,Eric Adams,Sedan,Ang Mo Kio,4.41,Inactive
D07413,Barry Butler,Mpv,Ang Mo Kio,4.23,Active
D07414,Sandra Reynolds,Premium,Toa Payoh,4.38,Active
D07415,Jane Stevenson,Hatchback,Woodlands,3.92,Inactive
D07416,Rachel Anderson,Mpv,Singapore,4.27,Active
D07417,Tracy Jackson,Premium,Woodlands,4.67,Active
D07418,Michael Molina,Hatchback,Ang Mo Kio,4.54,Active
D07419,Diana Arnold,Suv,Ang Mo Kio,4.59,Active
D07420,Penny Alvarez,Sedan,Yishun,4.62,Active
D07421,Michael Black,Hatchback,Toa Payoh,4.3,Active
D07422,Thomas Ruiz,Sedan,Jurong,4.38,Active
D07423,Douglas Taylor,Electric,Woodlands,4.76,Active
D07424,Carrie Elliott,Electric,Tampines,3.73,Active
D07425,Alison Robinson,Electric,Tampines,4.93,Inactive
D07426,Jeanne Meyers,Sedan,Bedok,3.97,Active
D07427,Sharon Jenkins,Hatchback,Singapore,4.19,Active
D07428,Kyle Hayes,Sedan,Jurong,4.29,Active
D07429,Jennifer Humphrey,Electric,Bishan,4.1,Active
D07430,Donna Quinn,Hatchback,Jurong,4.91,Active
D07431,Daniel Peterson,Suv,Toa Payoh,4.26,Active
D07432,Jeffrey Cook,Hatchback,Bishan,4.49,Active
D07433,Jessica Glenn,Hatchback,Tampines,4.64,Active
D07434,Amy Brown,Mpv,Jurong,3.99,Active
D07435,Michael Sanders,Electric,Jurong,3.53,Active
D07436,Michelle Gray,Sedan,Punggol,4.06,Active
D07437,Jordan Crawford,Hatchback,Jurong,3.8,Active
D07438,Lydia Torres,Mpv,Singapore,4.11,Active
D07439,Joseph Johnson,Hatchback,Ang Mo Kio,4.58,Active
D07440,Mariah Jones,Suv,Bishan,3.68,Active
D07441,Blake Woodard,Sedan,Toa Payoh,3.89,Active
D07442,James Brown,Hatchback,Tampines,4.31,Active
D07443,Luis Bennett,Premium,Punggol,5.0,Active
D07444,Stephanie Kirk,Suv,Woodlands,3.91,Inactive
D07445,Paige Day,Premium,Ang Mo Kio,4.92,Active
D07446,Angela Smith,Mpv,Punggol,4.34,Active
D07447,Barry Collier DVM,Mpv,Bishan,4.77,Active
D07448,Mary Watkins DVM,Electric,Punggol,4.69,Inactive
D07449,Christian Day,Hatchback,Singapore,4.91,Active
D07450,Dr. Tracey Green MD,Suv,Singapore,3.56,Active
D07451,Leah Johnson,Suv,Bedok,3.89,Active
D07452,Angel Moore,Mpv,Punggol,4.36,Inactive
D07453,Shannon Owens,Sedan,Ang Mo Kio,4.4,Active
D07454,Kathleen Davis,Sedan,Woodlands,3.83,Inactive
D07455,Claudia Washington,Sedan,Tampines,4.63,Active
D07456,Beth Ramos,Sedan,Yishun,4.6,Inactive
D07457,Michelle Jennings,Mpv,Tampines,4.09,Active
D07458,Samantha Lewis,Electric,Bishan,4.07,Inactive
D07459,Christina Padilla,Mpv,Punggol,4.6,Active
D07460,Garrett Blackwell,Sedan,Ang Mo Kio,4.37,Active
D07461,Kyle Clark Jr.,Mpv,Toa Payoh,4.66,Active
D07462,Jeff Wilson,Mpv,Punggol,4.81,Active
D07463,Lisa Rodriguez,Hatchback,Singapore,4.58,Active
D07464,Nicole Potter,Mpv,Bedok,4.17,Active
D07465,Meghan Bradford,Sedan,Bishan,3.85,Inactive
D07466,Jose Salas,Sedan,Singapore,4.28,Active
D07467,John Thomas,Mpv,Woodlands,3.52,Active
D07468,Sean Mcneil,Suv,Bishan,3.83,Active
D07469,Vincent Gray,Hatchback,Yishun,3.59,Active
D07470,Carolyn Williams,Sedan,Bishan,4.83,Inactive
D07471,David Davies,Mpv,Toa Payoh,3.72,Active
D07472,Eric Washington,Electric,Woodlands,4.32,Active
D07473,Carol Carpenter,Premium,Singapore,3.72,Active
D07474,Janet Wiley,Sedan,Yishun,3.52,Active
D07475,Andrew Rodriguez,Mpv,Woodlands,4.82,Active
D07476,Patrick Sandoval,Electric,Bishan,4.12,Active
D07477,Bill Harper,Premium,Bedok,3.8,Active
D07478,Michael Harris,Mpv,Bishan,3.97,Active
D07479,Amanda Krueger,Hatchback,Toa Payoh,3.72,Active
D07480,Edward Becker,Suv,Bedok,3.67,Active
D07481,Rachel Greene,Suv,Bishan,4.47,Active
D07482,Jessica Archer,Suv,Punggol,4.77,Active
D07483,Brandon Sutton,Sedan,Yishun,4.51,Active
D07484,George English,Hatchback,Woodlands,4.92,Active
D07485,Erica Livingston,Suv,Bedok,4.87,Active
D07486,Darren Macias,Sedan,Bishan,4.7,Active
D07487,Monica Dean,Sedan,Tampines,3.61,Active
D07488,Dylan Lopez,Sedan,Bishan,4.61,Active
D07489,Sergio Mitchell,Suv,Woodlands,3.92,Active
D07490,Jay Myers,Electric,Woodlands,3.71,Active
D07491,Rebecca Richardson,Suv,Singapore,3.56,Active
D07492,Robert Hernandez DDS,Suv,Toa Payoh,4.97,Active
D07493,Mary Jenkins MD,Mpv,Bishan,3.73,Active
D07494,Michelle Juarez,Mpv,Woodlands,3.97,Active
D07495,Frank Schultz,Suv,Tampines,3.94,Active
D07496,Randy Holland,Hatchback,Punggol,4.6,Active
D07497,Dylan Mills,Premium,Tampines,4.31,Active
D07498,Dawn Saunders,Mpv,Punggol,4.3,Active
D07499,Charles Acosta,Mpv,Ang Mo Kio,3.84,Active
D07500,Michele Martinez,Electric,Toa Payoh,4.25,Active
D07501,Nicholas Wilson,Hatchback,Tampines,3.62,Active
D07502,Andrew Jensen,Mpv,Yishun,4.85,Active
D07503,Ricardo Parker,Electric,Toa Payoh,3.64,Active
D07504,Christian Miller,Hatchback,Ang Mo Kio,3.54,Active
D07505,Timothy Mosley,Sedan,Woodlands,4.32,Active
D07506,Lisa Martin,Hatchback,Punggol,4.31,Active
D07507,Tony Ortiz,Suv,Woodlands,4.6,Active
D07508,Joseph Bowers,Hatchback,Ang Mo Kio,3.84,Active
D07509,Kyle Wood,Suv,Ang Mo Kio,4.89,Active
D07510,Ann Campbell,Premium,Bishan,4.64,Active
D07511,Jared Jenkins,Sedan,Punggol,4.07,Inactive
D07512,Jennifer Short,Sedan,Woodlands,4.78,Active
D07513,Jennifer Nielsen,Sedan,Punggol,4.11,Active
D07514,Mr. David Anderson,Mpv,Yishun,3.61,Active
D07515,John Brown,Sedan,Singapore,4.91,Active
D07516,John Clarke,Suv,Woodlands,4.89,Active
D07517,Teresa Beck,Premium,Tampines,4.61,Active
D07518,Andre Johnson,Mpv,Ang Mo Kio,3.79,Active
D07519,Mark Mckee,Premium,Punggol,3.74,Active
D07520,Erin Smith,Mpv,Tampines,4.29,Active
D07521,Julia Martin,Premium,Yishun,4.83,Active
D07522,Evelyn Lawson,Suv,Tampines,3.98,Active
D07523,Mark Guzman,Sedan,Bishan,4.03,Active
D07524,James Mcpherson,Electric,Toa Payoh,4.47,Active
D07525,Sara Sullivan,Premium,Tampines,4.61,Inactive
D07526,Jesus Tucker,Sedan,Bishan,4.97,Active
D07527,Sylvia French,Mpv,Singapore,4.6,Active
D07528,Alejandro Chambers,Mpv,Toa Payoh,4.14,Active
D07529,Christopher Lewis DDS,Premium,Singapore,4.49,Active
D07530,Jaime Cortez,Sedan,Woodlands,4.71,Active
D07531,Kevin Smith,Electric,Jurong,4.85,Inactive
D07532,Stephanie Clayton,Mpv,Jurong,4.0,Active
D07533,Laura Rodriguez,Hatchback,Bedok,4.35,Active
D07534,Frederick Gray,Electric,Toa Payoh,4.9,Inactive
D07535,Ricardo Morgan,Mpv,Woodlands,4.05,Active
D07536,Evan Haynes,Electric,Toa Payoh,4.97,Active
D07537,Chelsey Rivers,Premium,Jurong,4.03,Active
D07538,Kenneth Williams,Hatchback,Toa Payoh,4.65,Active
D07539,Dustin Espinoza,Hatchback,Ang Mo Kio,4.68,Active
D07540,Jamie Dougherty,Sedan,Toa Payoh,4.63,Active
D07541,Travis Morgan,Mpv,Ang Mo Kio,4.64,Active
D07542,Kevin Young,Suv,Bishan,4.47,Active
D07543,James Weber,Hatchback,Woodlands,4.72,Active
D07544,Pamela Pierce,Electric,Ang Mo Kio,4.08,Active
D07545,Robert West,Electric,Yishun,4.37,Active
D07546,Lucas Rowe,Premium,Jurong,3.86,Inactive
D07547,Matthew Knapp,Suv,Toa Payoh,4.19,Active
D07548,Abigail Baker,Sedan,Jurong,4.37,Active
D07549,Phillip Lowe,Hatchback,Punggol,4.76,Active
D07550,Anita Mccormick,Hatchback,Singapore,4.3,Active
D07551,Anthony Gallegos,Sedan,Bedok,4.65,Active
D07552,Richard Holloway,Mpv,Woodlands,4.34,Active
D07553,John Douglas,Mpv,Ang Mo Kio,4.14,Active
D07554,Jonathan Dougherty,Premium,Yishun,4.84,Active
D07555,Rebecca Esparza,Mpv,Jurong,3.55,Active
D07556,Tammy Turner,Suv,Tampines,3.67,Active
D07557,Courtney Arnold,Premium,Bishan,4.54,Active
D07558,Thomas Torres,Sedan,Singapore,3.62,Active
D07559,Jason Wilson,Suv,Yishun,4.48,Active
D07560,Jonathan Wood,Premium,Tampines,4.69,Active
D07561,Erin Vance,Suv,Tampines,4.15,Active
D07562,Heather Taylor,Suv,Bishan,4.94,Active
D07563,Jordan Cruz,Sedan,Tampines,3.85,Active
D07564,Aaron Davis,Premium,Yishun,3.9,Active
D07565,Anthony Herman,Premium,Jurong,4.18,Active
D07566,Glenn Lloyd,Hatchback,Bishan,4.78,Inactive
D07567,Colleen Johnston,Sedan,Bishan,3.71,Inactive
D07568,Heidi Lyons,Mpv,Jurong,4.56,Active
D07569,Richard Garcia,Sedan,Jurong,4.36,Active
D07570,Patricia Harper,Hatchback,Yishun,4.58,Active
D07571,Heather Mendoza,Sedan,Yishun,4.47,Active
D07572,Larry Martin,Hatchback,Singapore,4.57,Active
D07573,Paul Scott,Mpv,Woodlands,3.9,Active
D07574,Michael Hernandez,Mpv,Singapore,4.9,Active
D07575,Heather Ryan,Premium,Bedok,5.0,Active
D07576,Tony Wade,Mpv,Woodlands,3.58,Active
D07577,Brent Turner,Suv,Woodlands,4.15,Active
D07578,Casey Martinez,Hatchback,Bedok,4.76,Active
D07579,Amber Lane,Mpv,Jurong,4.69,Active
D07580,Joseph Brewer,Sedan,Tampines,4.38,Inactive
D07581,Kathy Hensley,Sedan,Singapore,3.74,Active
D07582,Christina Wilkins,Electric,Jurong,4.68,Active
D07583,Sheryl Rojas,Sedan,Ang Mo Kio,3.84,Inactive
D07584,Misty Lang,Electric,Tampines,4.39,Active
D07585,Sara Harris,Suv,Woodlands,4.15,Active
D07586,Brandon Watkins,Sedan,Bedok,3.53,Inactive
D07587,Chad Smith,Electric,Singapore,3.73,Active
D07588,Robert Burns,Mpv,Singapore,4.02,Active
D07589,Tracy Perez,Mpv,Bedok,3.82,Active
D07590,Christopher Jones,Mpv,Bishan,4.87,Active
D07591,Sherry Anderson,Mpv,Bedok,3.78,Active
D07592,Toni White,Mpv,Singapore,4.19,Active
D07593,Luis Marks,Mpv,Ang Mo Kio,3.91,Active
D07594,Sarah Butler,Suv,Woodlands,3.69,Active
D07595,Haley Rhodes,Suv,Bedok,3.81,Active
D07596,Gabriella Collins,Hatchback,Tampines,4.36,Active
D07597,Jeff Dudley,Electric,Jurong,4.7,Active
D07598,Amy Green,Premium,Toa Payoh,4.51,Active
D07599,Jacob Trevino,Electric,Bedok,4.53,Active
D07600,John Brown,Mpv,Bedok,3.9,Active
D07601,Jeffrey Garcia,Suv,Bishan,3.5,Active
D07602,Wesley Williams,Sedan,Bishan,4.47,Active
D07603,Carolyn Ross,Mpv,Toa Payoh,4.21,Active
D07604,Anthony Hatfield,Mpv,Woodlands,4.28,Active
D07605,Laura Hardin,Mpv,Tampines,3.76,Active
D07606,James Chambers,Electric,Woodlands,4.66,Active
D07607,Melissa Campbell,Electric,Jurong,3.9,Active
D07608,Chris Chavez,Sedan,Tampines,4.72,Active
D07609,Christine Castro,Electric,Toa Payoh,4.41,Active
D07610,John Olsen,Electric,Bishan,3.81,Active
D07611,Julia Obrien,Hatchback,Singapore,3.67,Active
D07612,Curtis Jefferson,Sedan,Punggol,4.15,Active
D07613,Brian Ramsey,Sedan,Singapore,3.7,Active
D07614,Mackenzie Smith,Suv,Toa Payoh,4.63,Active
D07615,Jesse Jones,Premium,Punggol,4.37,Active
D07616,Jose Farrell,Electric,Ang Mo Kio,4.75,Active
D07617,Sara Travis,Sedan,Ang Mo Kio,4.24,Active
D07618,Donna Pearson,Suv,Yishun,4.82,Active
D07619,Teresa Jefferson,Hatchback,Ang Mo Kio,4.59,Active
D07620,Brenda Carroll,Mpv,Yishun,4.29,Active
D07621,Michael Gaines,Sedan,Bedok,4.67,Active
D07622,John Shelton,Electric,Woodlands,4.12,Active
D07623,Terry Spencer,Suv,Bishan,4.88,Active
D07624,Hunter Nguyen,Electric,Toa Payoh,4.71,Active
D07625,Craig Mccoy,Sedan,Tampines,4.84,Active
D07626,Robert Lee Jr.,Suv,Punggol,3.61,Active
D07627,Kurt White,Electric,Ang Mo Kio,4.62,Active
D07628,Roger Alexander,Sedan,Bedok,3.57,Active
D07629,Michael Lee,Electric,Toa Payoh,4.18,Active
D07630,Justin Small,Premium,Punggol,3.8,Active
D07631,Angela Parker,Hatchback,Ang Mo Kio,4.85,Active
D07632,Cindy Meyer,Premium,Singapore,3.81,Active
D07633,Natalie Wright,Suv,Toa Payoh,4.88,Active
D07634,Steven Spears,Suv,Toa Payoh,4.13,Inactive
D07635,Dennis Griffin,Hatchback,Punggol,4.15,Active
D07636,Jason Lara Jr.,Suv,Jurong,4.45,Active
D07637,Kristen Porter,Electric,Punggol,4.33,Active
D07638,Holly Bailey,Suv,Punggol,4.41,Active
D07639,John Jenkins,Sedan,Yishun,4.48,Active
D07640,David Fields,Electric,Bishan,4.54,Active
D07641,Dr. Christine Perkins,Hatchback,Punggol,4.31,Active
D07642,Rachel Donovan,Suv,Jurong,3.87,Active
D07643,Justin Forbes,Sedan,Bedok,3.9,Active
D07644,Robert Ramsey,Suv,Bishan,4.16,Active
D07645,Timothy Fuller,Mpv,Punggol,3.8,Active
D07646,William Berry,Mpv,Bedok,4.4,Active
D07647,Julie Horne,Mpv,Ang Mo Kio,4.01,Inactive
D07648,Dorothy Brown,Premium,Yishun,4.63,Active
D07649,Justin Paul,Premium,Tampines,3.62,Active
D07650,Kayla Ortiz,Sedan,Toa Payoh,3.97,Active
D07651,Samuel Wilson,Sedan,Jurong,4.72,Active
D07652,Shannon Hill,Premium,Jurong,4.07,Active
D07653,John Webb,Sedan,Toa Payoh,3.74,Active
D07654,Steven Meyer,Premium,Yishun,4.62,Active
D07655,Robert Williams,Suv,Ang Mo Kio,3.56,Active
D07656,Andrew Chang,Sedan,Toa Payoh,4.61,Active
D07657,Shannon Jackson,Hatchback,Tampines,3.92,Active
D07658,Douglas Ramsey,Mpv,Ang Mo Kio,4.07,Active
D07659,Natasha Ford,Electric,Jurong,4.24,Active
D07660,Keith Lopez,Mpv,Woodlands,4.99,Active
D07661,Jonathan Arias,Premium,Yishun,5.0,Inactive
D07662,James Foster,Electric,Ang Mo Kio,3.83,Active
D07663,Connie Sandoval,Premium,Yishun,3.66,Active
D07664,Barbara Peters,Suv,Singapore,3.52,Active
D07665,Steven Herring,Suv,Yishun,3.85,Active
D07666,David Smith,Mpv,Jurong,3.71,Active
D07667,Debra Holland,Sedan,Yishun,4.13,Active
D07668,Jessica Faulkner,Electric,Punggol,3.61,Active
D07669,Taylor Crawford,Premium,Jurong,3.96,Inactive
D07670,Tammy Arias,Hatchback,Jurong,4.37,Active
D07671,Joe Young,Electric,Jurong,4.82,Inactive
D07672,Melissa Jones,Premium,Yishun,4.18,Active
D07673,Ryan Short,Premium,Bishan,3.99,Active
D07674,Amanda Williams,Hatchback,Woodlands,3.91,Active
D07675,Nicholas Obrien,Sedan,Bedok,4.01,Active
D07676,Derrick Valenzuela,Premium,Tampines,3.81,Active
D07677,David Hall,Mpv,Yishun,3.7,Active
D07678,Sydney Smith,Sedan,Toa Payoh,4.18,Active
D07679,Michelle Reid,Hatchback,Woodlands,3.59,Active
D07680,Michael Foster,Hatchback,Toa Payoh,4.11,Active
D07681,Ashley Miranda,Hatchback,Woodlands,4.99,Active
D07682,Phyllis Jackson,Sedan,Toa Payoh,4.82,Active
D07683,Nicholas Jackson,Hatchback,Punggol,4.89,Active
D07684,Amanda Allen,Sedan,Singapore,3.72,Active
D07685,Loretta Cisneros,Premium,Singapore,3.56,Inactive
D07686,Anne Graham,Mpv,Tampines,3.88,Active
D07687,Martin Flores,Hatchback,Yishun,4.44,Active
D07688,Cheryl Graham,Suv,Bishan,4.62,Active
D07689,Ashley Morris,Mpv,Toa Payoh,4.55,Active
D07690,Nicholas Palmer,Mpv,Ang Mo Kio,4.65,Active
D07691,Joshua Hall,Electric,Jurong,4.07,Active
D07692,James Rivera,Mpv,Bishan,3.97,Active
D07693,Joanna Holmes,Suv,Ang Mo Kio,3.7,Active
D07694,Jacqueline Thomas,Mpv,Woodlands,3.85,Active
D07695,Cameron Delgado,Suv,Woodlands,4.17,Active
D07696,Jessica Aguilar,Sedan,Toa Payoh,3.83,Active
D07697,Michael Jones,Hatchback,Punggol,4.51,Active
D07698,Julie Jackson,Mpv,Tampines,3.5,Active
D07699,Mark Howard Jr.,Sedan,Punggol,3.95,Active
D07700,Eric Riley,Mpv,Singapore,4.76,Active
D07701,Ricky Brown,Mpv,Singapore,4.57,Active
D07702,Tiffany Cook,Suv,Tampines,5.0,Active
D07703,Erin Lopez,Mpv,Jurong,4.48,Active
D07704,Brenda Abbott,Hatchback,Woodlands,3.95,Active
D07705,Melissa Le,Hatchback,Ang Mo Kio,4.56,Active
D07706,Jessica Floyd,Hatchback,Tampines,4.67,Active
D07707,Robin Jensen,Hatchback,Woodlands,4.6,Active
D07708,Michael Morrow,Sedan,Toa Payoh,4.91,Active
D07709,Andrea Nunez,Premium,Punggol,4.69,Active
D07710,Tammy Summers,Electric,Woodlands,4.23,Active
D07711,Joy French,Mpv,Bedok,3.99,Active
D07712,Shane Gutierrez,Premium,Bedok,3.57,Active
D07713,Michelle Ruiz,Suv,Ang Mo Kio,3.57,Active
D07714,Stephanie Keller,Mpv,Singapore,4.54,Active
D07715,Katie Logan,Hatchback,Toa Payoh,3.89,Active
D07716,Breanna Sharp,Sedan,Yishun,4.95,Active
D07717,Linda Ortiz,Sedan,Bishan,3.76,Active
D07718,Christopher Lynch,Premium,Tampines,3.54,Active
D07719,Donald Vasquez,Hatchback,Yishun,4.18,Active
D07720,Sheri Hernandez,Mpv,Bedok,4.23,Active
D07721,Gabriel Holland,Sedan,Jurong,4.68,Active
D07722,Richard Hansen,Suv,Bedok,3.59,Active
D07723,Michelle Weber,Suv,Toa Payoh,4.2,Active
D07724,Stephanie Jones,Hatchback,Yishun,4.91,Active
D07725,April Fisher,Hatchback,Woodlands,4.12,Active
D07726,Stephen Brown,Suv,Yishun,3.93,Active
D07727,John Sawyer,Sedan,Bishan,4.04,Active
D07728,Gregory Sutton,Mpv,Toa Payoh,4.32,Active
D07729,Charles Sparks,Electric,Tampines,3.58,Inactive
D07730,Cathy Lowe,Suv,Singapore,4.46,Active
D07731,Kristen Terrell,Sedan,Jurong,3.97,Active
D07732,Matthew Lopez,Sedan,Punggol,4.87,Active
D07733,Christina Bradley,Mpv,Woodlands,4.86,Suspended
D07734,Catherine Vaughn,Electric,Yishun,4.64,Active
D07735,Michelle Allen,Electric,Ang Mo Kio,4.71,Inactive
D07736,Jeremy Williams,Suv,Singapore,3.86,Active
D07737,Francisco Graham,Hatchback,Toa Payoh,3.97,Active
D07738,Sean Fernandez,Sedan,Tampines,4.87,Active
D07739,Jill Wright,Hatchback,Punggol,3.94,Active
D07740,Anna Key,Hatchback,Punggol,4.33,Active
D07741,Carla Russo,Sedan,Tampines,4.95,Active
D07742,Gregory Oconnell,Premium,Bishan,3.56,Active
D07743,Sarah Schroeder,Mpv,Jurong,4.35,Inactive
D07744,William Jones,Hatchback,Punggol,4.15,Active
D07745,Joseph Brown,Sedan,Yishun,4.1,Active
D07746,Vanessa Kemp,Suv,Singapore,3.58,Active
D07747,Jessica Banks,Suv,Yishun,4.82,Active
D07748,Brittany Martin,Premium,Bishan,3.68,Active
D07749,Elizabeth Moore,Suv,Singapore,4.35,Active
D07750,George Walsh,Hatchback,Toa Payoh,4.41,Active
D07751,Kenneth Romero,Suv,Tampines,4.66,Inactive
D07752,Lisa Hood,Premium,Bishan,4.98,Active
D07753,Mrs. Rachel Johnson,Sedan,Jurong,3.61,Active
D07754,Amber Moore,Hatchback,Ang Mo Kio,4.52,Active
D07755,Dr. Meagan Brady DDS,Electric,Singapore,4.88,Active
D07756,Mikayla Moore,Sedan,Tampines,3.56,Active
D07757,Mark Glass,Sedan,Toa Payoh,4.82,Inactive
D07758,Bryan Parrish,Hatchback,Woodlands,4.27,Inactive
D07759,Thomas Thomas,Sedan,Jurong,4.27,Active
D07760,Holly Anderson,Electric,Punggol,3.54,Active
D07761,Tiffany Mcdonald,Mpv,Punggol,4.19,Active
D07762,Amy Padilla,Electric,Jurong,4.79,Active
D07763,Courtney Jones,Mpv,Bedok,4.61,Active
D07764,Sandra Bonilla,Hatchback,Tampines,4.42,Active
D07765,Mr. Ryan Parker DVM,Suv,Bishan,3.97,Active
D07766,Todd Cortez,Hatchback,Bedok,4.31,Active
D07767,Sabrina Barker,Premium,Jurong,4.72,Active
D07768,Daniel Campbell,Premium,Jurong,4.17,Active
D07769,Brian Goodman,Suv,Yishun,4.4,Inactive
D07770,Carl Ramos,Sedan,Jurong,3.63,Active
D07771,Danielle Villarreal,Sedan,Ang Mo Kio,4.04,Active
D07772,Desiree Juarez,Hatchback,Ang Mo Kio,4.64,Active
D07773,Denise Rodriguez,Electric,Woodlands,3.54,Active
D07774,Sarah Moyer,Premium,Jurong,4.65,Active
D07775,Julia Smith,Mpv,Bedok,4.93,Active
D07776,Terri Dalton,Electric,Tampines,4.04,Active
D07777,Katrina Ewing,Premium,Tampines,4.91,Active
D07778,Cindy Turner,Suv,Ang Mo Kio,4.51,Active
D07779,Betty Boone,Sedan,Singapore,4.09,Active
D07780,Danny Mills,Electric,Woodlands,3.99,Active
D07781,Lauren Phillips,Premium,Punggol,4.37,Active
D07782,Kathleen Carroll,Suv,Yishun,3.79,Active
D07783,Jordan Short,Sedan,Jurong,3.96,Active
D07784,Renee Parrish,Electric,Jurong,4.32,Active
D07785,Sean Becker,Mpv,Bishan,4.0,Active
D07786,Jeremy George,Hatchback,Punggol,4.88,Active
D07787,Lauren Pena,Premium,Bishan,4.97,Active
D07788,Karen Mason,Hatchback,Bishan,4.88,Active
D07789,Frank Moore,Suv,Singapore,4.71,Active
D07790,Brenda Farmer,Sedan,Bishan,3.61,Active
D07791,Holly Sanchez,Premium,Ang Mo Kio,3.62,Active
D07792,Katherine Gonzales,Hatchback,Bedok,3.87,Active
D07793,Timothy Hernandez,Hatchback,Ang Mo Kio,4.33,Active
D07794,Courtney Kelly,Electric,Singapore,3.96,Active
D07795,Ashley Pennington,Mpv,Ang Mo Kio,3.68,Active
D07796,Joseph Ryan,Suv,Yishun,3.89,Active
D07797,Rachel Brewer,Hatchback,Bedok,4.87,Active
D07798,Doris Parker,Electric,Bishan,3.94,Inactive
D07799,Paul Garcia,Mpv,Ang Mo Kio,4.13,Active
D07800,Justin Gomez,Electric,Tampines,3.64,Active
D07801,Jennifer Garcia,Mpv,Punggol,4.87,Active
D07802,David Mendoza,Electric,Toa Payoh,3.53,Active
D07803,Sheila White,Sedan,Yishun,4.12,Active
D07804,Michael Webster,Hatchback,Woodlands,4.94,Active
D07805,Tammie Cook,Sedan,Singapore,3.61,Active
D07806,Carl Hardy,Premium,Jurong,3.86,Active
D07807,Carl Gross,Suv,Ang Mo Kio,4.52,Active
D07808,Kimberly Jackson,Sedan,Woodlands,4.45,Active
D07809,Stephanie White,Sedan,Bishan,3.68,Active
D07810,Lee Gates,Suv,Jurong,3.71,Active
D07811,Miranda Hoffman,Hatchback,Singapore,3.9,Active
D07812,Amy Jones,Sedan,Ang Mo Kio,4.74,Active
D07813,Rhonda Lara,Hatchback,Bedok,3.6,Active
D07814,Cody Webster,Electric,Tampines,4.9,Active
D07815,Barbara Baker,Electric,Yishun,4.48,Active
D07816,Michael Brown,Premium,Bishan,4.78,Active
D07817,Alex Anderson,Premium,Tampines,4.43,Active
D07818,Mr. Joseph Navarro,Premium,Woodlands,4.09,Inactive
D07819,Daniel Boone,Hatchback,Ang Mo Kio,4.51,Active
D07820,Eric Murphy Jr.,Suv,Singapore,4.87,Active
D07821,Ross Hall,Mpv,Tampines,4.6,Active
D07822,Patty Davis,Electric,Bishan,4.41,Active
D07823,Tina Lee,Premium,Jurong,3.59,Active
D07824,Alexandra Butler,Sedan,Woodlands,4.52,Active
D07825,Patricia Rodgers,Suv,Bishan,4.67,Active
D07826,Theresa Hill,Suv,Jurong,4.17,Active
D07827,Mark Owens,Mpv,Bedok,4.74,Inactive
D07828,Alexander Vazquez,Sedan,Yishun,4.13,Active
D07829,Stephanie Garza,Premium,Bedok,4.31,Active
D07830,Jordan Maxwell,Sedan,Toa Payoh,4.2,Active
D07831,Shannon Griffin,Suv,Toa Payoh,3.62,Active
D07832,Margaret Brown,Sedan,Yishun,4.71,Active
D07833,John Boone,Premium,Punggol,4.28,Active
D07834,Beverly Thomas,Sedan,Tampines,3.92,Active
D07835,Rachel Cruz,Premium,Woodlands,4.35,Active
D07836,Billy Wilson,Mpv,Bedok,4.45,Active
D07837,Thomas Stephenson,Hatchback,Tampines,3.55,Active
D07838,Edward Taylor,Suv,Jurong,3.94,Active
D07839,Desiree Carter,Hatchback,Bedok,3.86,Active
D07840,Melissa Martin,Electric,Punggol,4.43,Active
D07841,Jenna Coleman,Mpv,Tampines,4.17,Active
D07842,Ashley Gonzalez,Sedan,Punggol,3.99,Active
D07843,Brenda White,Electric,Bishan,4.7,Active
D07844,Andrew Wilson,Suv,Bishan,4.03,Active
D07845,Parker Reed,Hatchback,Woodlands,3.88,Active
D07846,Greg Clark,Electric,Tampines,3.71,Active
D07847,Ashley Roberts,Premium,Woodlands,3.71,Active
D07848,James Jones,Mpv,Bedok,4.15,Active
D07849,Joseph Hill,Electric,Bishan,4.54,Active
D07850,Jessica Thompson,Electric,Woodlands,3.93,Active
D07851,Lisa Phillips,Premium,Bishan,4.29,Active
D07852,Robert Blackwell,Hatchback,Bedok,4.46,Active
D07853,Breanna Higgins,Hatchback,Tampines,3.58,Inactive
D07854,Ryan Sullivan,Sedan,Jurong,4.82,Active
D07855,Amber Harper,Hatchback,Toa Payoh,4.54,Active
D07856,Sherri Lee,Suv,Tampines,4.09,Active
D07857,Catherine Bishop,Mpv,Jurong,3.85,Active
D07858,Arthur Aguirre,Mpv,Singapore,4.83,Active
D07859,Denise Wolfe,Hatchback,Punggol,4.55,Active
D07860,Bobby Peters,Sedan,Yishun,3.83,Active
D07861,Jason Jackson,Electric,Singapore,4.83,Inactive
D07862,Michael Wood,Mpv,Woodlands,4.68,Active
D07863,Ana Edwards,Mpv,Toa Payoh,4.06,Active
D07864,Mrs. Lorraine Heath DDS,Mpv,Punggol,3.77,Active
D07865,Nathan Lewis,Mpv,Toa Payoh,4.35,Active
D07866,Thomas Davis,Suv,Bedok,4.05,Active
D07867,Henry Smith,Suv,Bishan,3.51,Active
D07868,Alexis Perez,Electric,Tampines,4.25,Active
D07869,Kristina Arnold,Electric,Woodlands,3.57,Active
D07870,Sarah Madden,Suv,Tampines,3.96,Active
D07871,Maria Finley,Hatchback,Jurong,4.75,Active
D07872,Linda Bentley,Sedan,Punggol,4.82,Active
D07873,Nicholas Rivera,Mpv,Tampines,3.67,Active
D07874,Alexander Eaton,Hatchback,Punggol,4.74,Active
D07875,Sandra Pham,Sedan,Yishun,4.9,Inactive
D07876,Samantha Jennings,Suv,Bishan,3.84,Active
D07877,Jamie Williams,Suv,Toa Payoh,4.4,Active
D07878,Clifford Austin,Electric,Punggol,4.95,Active
D07879,Dustin Huynh,Premium,Tampines,3.92,Active
D07880,Austin Vincent,Mpv,Singapore,4.16,Active
D07881,Jimmy Thompson,Premium,Yishun,3.94,Active
D07882,Dr. Jasmine Guzman,Hatchback,Ang Mo Kio,4.67,Active
D07883,Maurice Ross,Hatchback,Yishun,4.34,Active
D07884,Michael Ramirez,Suv,Singapore,3.76,Active
D07885,Justin Carter,Hatchback,Yishun,3.93,Active
D07886,Steven Villanueva,Hatchback,Ang Mo Kio,3.6,Active
D07887,Anna Taylor,Premium,Ang Mo Kio,3.58,Inactive
D07888,Peggy Rivers,Premium,Bishan,3.8,Active
D07889,Sandra Warner,Hatchback,Ang Mo Kio,3.92,Active
D07890,Jose Austin,Mpv,Toa Payoh,4.42,Active
D07891,Mary Morgan,Sedan,Woodlands,4.85,Active
D07892,Jennifer Schmitt,Mpv,Bedok,3.67,Active
D07893,Jamie Brown,Mpv,Bedok,4.79,Active
D07894,Ryan Torres,Suv,Jurong,4.88,Active
D07895,Cameron Carey,Electric,Singapore,3.5,Active
D07896,Robert Sanchez,Suv,Yishun,3.64,Active
D07897,Karen Reid,Suv,Toa Payoh,4.25,Active
D07898,Joshua Harris,Premium,Ang Mo Kio,3.55,Active
D07899,Michael Fisher,Mpv,Jurong,4.32,Active
D07900,Molly Santiago,Hatchback,Bedok,3.9,Active
D07901,Ana White,Premium,Woodlands,3.95,Active
D07902,James Murray,Electric,Bishan,4.63,Active
D07903,Rachel Rose,Premium,Bishan,4.33,Active
D07904,Regina Clark,Electric,Bedok,4.1,Active
D07905,Alexis Molina,Suv,Woodlands,4.42,Active
D07906,Michael Mendez,Mpv,Toa Payoh,4.82,Inactive
D07907,Margaret Knight,Suv,Bedok,4.31,Active
D07908,Kenneth Cook,Electric,Toa Payoh,4.29,Active
D07909,Andrew Martinez,Hatchback,Tampines,4.81,Active
D07910,Teresa Houston,Mpv,Yishun,4.06,Active
D07911,Carlos Douglas,Mpv,Bishan,4.46,Active
D07912,George Hammond,Hatchback,Bishan,4.5,Active
D07913,Jacqueline Smith,Hatchback,Ang Mo Kio,4.59,Active
D07914,Jessica Hawkins,Hatchback,Punggol,4.2,Active
D07915,Paul Sanders,Electric,Ang Mo Kio,3.74,Active
D07916,John Barajas,Premium,Singapore,4.74,Active
D07917,Joshua Keller,Hatchback,Singapore,3.8,Active
D07918,Ann Ramirez,Hatchback,Woodlands,3.81,Active
D07919,Cheryl Garcia,Electric,Bishan,3.84,Active
D07920,Sarah Bailey,Sedan,Ang Mo Kio,3.6,Active
D07921,Judy Lucero,Electric,Yishun,3.63,Active
D07922,Valerie Snyder,Sedan,Jurong,4.34,Inactive
D07923,Stacy Williams,Suv,Punggol,3.93,Active
D07924,Christopher Mccoy,Suv,Woodlands,4.57,Inactive
D07925,Gabriel Reyes,Suv,Toa Payoh,4.92,Active
D07926,Justin Ramirez,Mpv,Yishun,4.34,Active
D07927,Tamara Nicholson,Hatchback,Toa Payoh,4.57,Active
D07928,Heather Larson,Premium,Punggol,3.54,Active
D07929,Bradley Allen,Hatchback,Toa Payoh,3.99,Active
D07930,Brandy Wilkins,Sedan,Jurong,3.76,Active
D07931,Jose Dixon,Suv,Bedok,4.52,Active
D07932,James Martin,Mpv,Toa Payoh,4.98,Active
D07933,Travis Reed,Premium,Ang Mo Kio,3.87,Active
D07934,Grant Johnson,Premium,Punggol,4.07,Active
D07935,Jasmine Black,Suv,Toa Payoh,3.73,Active
D07936,Michelle Novak,Electric,Punggol,4.34,Active
D07937,Monica Lambert,Hatchback,Toa Payoh,4.83,Active
D07938,Rebecca Miller DDS,Hatchback,Tampines,4.55,Active
D07939,Alan Ward,Suv,Woodlands,4.43,Active
D07940,Michelle Bailey,Suv,Woodlands,4.58,Active
D07941,Alexandria Rivera,Electric,Bedok,4.8,Active
D07942,Jessica Perez,Suv,Toa Payoh,4.03,Active
D07943,Anne Webb,Mpv,Singapore,4.33,Active
D07944,Donald Rodriguez,Mpv,Singapore,4.13,Active
D07945,Renee Anderson,Premium,Yishun,4.99,Active
D07946,Charles Jones,Mpv,Ang Mo Kio,4.04,Active
D07947,Jessica Nash,Premium,Punggol,4.76,Active
D07948,Sara Escobar,Sedan,Ang Mo Kio,4.26,Active
D07949,Richard Wheeler,Premium,Jurong,3.81,Active
D07950,Melissa Reynolds,Hatchback,Bedok,3.9,Active
D07951,William Brown,Hatchback,Bedok,4.43,Active
D07952,Leslie Moss,Suv,Jurong,4.46,Active
D07953,Julia Orozco,Hatchback,Bishan,4.12,Active
D07954,Tyler Brown,Suv,Woodlands,4.35,Active
D07955,Kenneth Tyler,Electric,Bedok,4.78,Active
D07956,Matthew Simpson,Hatchback,Jurong,3.53,Active
D07957,Diamond Ibarra,Sedan,Tampines,4.87,Active
D07958,Jessica Ward,Suv,Bishan,4.66,Active
D07959,Rachel Avila,Suv,Singapore,3.59,Active
D07960,Manuel Carter,Suv,Woodlands,4.17,Active
D07961,Amanda Levine,Hatchback,Toa Payoh,4.56,Active
D07962,Maria Garcia,Suv,Woodlands,3.67,Active
D07963,Jenna Rogers,Hatchback,Singapore,3.7,Active
D07964,Karen Phillips,Mpv,Punggol,4.05,Active
D07965,Crystal Nash,Mpv,Ang Mo Kio,4.41,Active
D07966,Ashley Robertson,Mpv,Bedok,4.08,Active
D07967,Andrew Garcia,Electric,Tampines,4.3,Active
D07968,Eric Sutton,Premium,Woodlands,3.63,Inactive
D07969,Zachary Turner,Hatchback,Bedok,3.74,Active
D07970,David Griffith,Electric,Bedok,4.86,Active
D07971,Mary Gregory,Hatchback,Bedok,4.11,Active
D07972,Sarah Moore,Suv,Punggol,3.78,Active
D07973,Kelly Chambers,Hatchback,Toa Payoh,4.09,Active
D07974,Michele Hamilton,Mpv,Punggol,4.82,Active
D07975,Ian Russell,Electric,Tampines,3.71,Active
D07976,Kathleen Ray,Mpv,Singapore,3.99,Inactive
D07977,Sarah Medina,Electric,Jurong,4.74,Active
D07978,Brandon Ward,Premium,Jurong,3.71,Active
D07979,Michael Warren,Mpv,Bedok,4.82,Active
D07980,Charles Brooks,Mpv,Woodlands,3.93,Active
D07981,Joseph Walker,Suv,Toa Payoh,3.92,Active
D07982,Jessica Carter,Mpv,Singapore,3.7,Active
D07983,Ashley Watson,Sedan,Bishan,4.38,Active
D07984,Richard Mendez,Hatchback,Jurong,3.93,Active
D07985,Jonathan Martin,Suv,Woodlands,4.44,Active
D07986,Julie Johnson,Hatchback,Punggol,4.29,Active
D07987,Maria Lawson,Suv,Toa Payoh,4.18,Inactive
D07988,Joan Miller,Suv,Punggol,4.75,Active
D07989,Michael Dorsey,Sedan,Jurong,4.06,Active
D07990,Ashley Salas,Hatchback,Yishun,4.05,Active
D07991,Erica Miller,Sedan,Bishan,4.2,Active
D07992,Patrick Dalton,Premium,Punggol,4.82,Active
D07993,Dr. Chris Clark,Premium,Bedok,4.03,Active
D07994,Denise Powers,Hatchback,Singapore,4.56,Active
D07995,Marcus Hurst,Sedan,Singapore,4.13,Active
D07996,Jordan Wright,Premium,Bedok,4.34,Active
D07997,Todd Rivera,Sedan,Jurong,4.95,Active
D07998,Ashley Davis,Hatchback,Singapore,4.11,Active
D07999,Amanda Hansen,Hatchback,Toa Payoh,4.85,Active
D08000,Amanda Contreras,Hatchback,Punggol,3.78,Active
D08001,Mrs. Hannah Young,Hatchback,Yishun,3.55,Active
D08002,Brian Jacobson,Mpv,Toa Payoh,3.7,Active
D08003,Manuel Simmons DDS,Suv,Jurong,3.61,Active
D08004,Bruce Gray,Sedan,Tampines,4.67,Active
D08005,Anthony Holmes,Sedan,Tampines,4.58,Inactive
D08006,Alexis Neal,Mpv,Ang Mo Kio,4.45,Active
D08007,Melissa Maddox,Premium,Bedok,4.1,Inactive
D08008,Jennifer Sanchez,Hatchback,Yishun,3.93,Active
D08009,Monica Bell,Sedan,Yishun,4.04,Active
D08010,Willie Guerra,Suv,Singapore,3.77,Active
D08011,Amy Ramos,Electric,Tampines,4.1,Active
D08012,Logan Wilson,Sedan,Singapore,3.93,Active
D08013,Kevin Hunter,Sedan,Ang Mo Kio,4.37,Active
D08014,James Lynch,Premium,Toa Payoh,3.53,Active
D08015,Joshua Henderson,Premium,Yishun,4.63,Active
D08016,Keith White,Hatchback,Punggol,4.18,Active
D08017,Gregory Harrison,Sedan,Ang Mo Kio,3.9,Active
D08018,Jessica Morris,Hatchback,Yishun,4.28,Active
D08019,Paul Hernandez,Sedan,Yishun,3.57,Active
D08020,Roberto Freeman,Sedan,Yishun,4.78,Active
D08021,Jennifer Boone,Suv,Bishan,4.08,Active
D08022,Diana Perez,Electric,Yishun,4.93,Active
D08023,Michelle Schmidt,Suv,Woodlands,4.34,Inactive
D08024,Matthew Kelly,Sedan,Ang Mo Kio,4.91,Active
D08025,Mallory Cooley,Premium,Jurong,4.5,Inactive
D08026,Sarah Hess,Suv,Jurong,3.93,Inactive
D08027,Paul Soto,Hatchback,Yishun,4.73,Active
D08028,Jason Martinez,Electric,Toa Payoh,4.82,Inactive
D08029,Cassandra Williams,Electric,Bishan,3.56,Active
D08030,Megan Byrd,Mpv,Singapore,4.95,Active
D08031,Robert Turner,Hatchback,Toa Payoh,4.64,Active
D08032,Angela Reynolds,Suv,Bedok,4.32,Active
D08033,Cindy Green,Sedan,Ang Mo Kio,3.99,Inactive
D08034,Steven Nichols,Suv,Yishun,3.83,Active
D08035,Edward Johnson,Premium,Bishan,4.24,Active
D08036,Teresa Rivera,Electric,Woodlands,4.72,Active
D08037,Robert Butler,Hatchback,Tampines,4.35,Active
D08038,Martin Mcknight,Electric,Ang Mo Kio,4.61,Active
D08039,Karen Horton,Suv,Ang Mo Kio,4.95,Active
D08040,Sabrina Ryan,Suv,Punggol,4.13,Active
D08041,Scott Ellis,Sedan,Ang Mo Kio,4.07,Active
D08042,Kelsey Ward,Suv,Bedok,4.93,Active
D08043,Timothy Perez,Sedan,Jurong,4.42,Active
D08044,Edward Ferguson,Mpv,Toa Payoh,4.23,Active
D08045,Hunter Wilson,Sedan,Toa Payoh,3.61,Suspended
D08046,Colleen Sandoval,Premium,Singapore,4.58,Active
D08047,Kim Harrison,Electric,Bedok,4.07,Active
D08048,Madeline Robinson,Mpv,Jurong,4.52,Active
D08049,Kimberly Harris,Suv,Tampines,3.88,Active
D08050,Elizabeth Holmes,Mpv,Bedok,4.44,Active
D08051,Timothy Dawson,Suv,Ang Mo Kio,3.91,Active
D08052,Briana Daniels,Mpv,Bedok,4.62,Active
D08053,Casey Morris,Mpv,Ang Mo Kio,4.98,Active
D08054,Sarah Walker,Sedan,Punggol,4.97,Active
D08055,Mary Lee,Premium,Jurong,4.53,Active
D08056,Mark Huang,Sedan,Bishan,3.99,Active
D08057,Wendy Brown,Suv,Singapore,3.78,Active
D08058,Bobby Torres,Premium,Woodlands,3.82,Active
D08059,Allison Mills,Electric,Toa Payoh,4.09,Active
D08060,Crystal Robinson,Electric,Bishan,4.48,Active
D08061,Chase Brown,Hatchback,Woodlands,4.34,Active
D08062,Ashley Wang,Premium,Woodlands,4.65,Active
D08063,Brandy Smith,Hatchback,Singapore,4.33,Active
D08064,Dr. Lindsay Bell,Electric,Ang Mo Kio,4.75,Active
D08065,Stephanie Moore,Suv,Woodlands,4.54,Active
D08066,Sylvia Meadows,Suv,Punggol,4.52,Active
D08067,Jared Gutierrez,Sedan,Punggol,4.89,Active
D08068,Michael Pittman,Suv,Toa Payoh,3.85,Active
D08069,Bryan Taylor,Suv,Singapore,3.71,Inactive
D08070,Robert Hubbard,Electric,Toa Payoh,4.42,Active
D08071,Derek Fox,Hatchback,Bishan,4.73,Active
D08072,Joel Nguyen,Sedan,Bedok,4.32,Active
D08073,David Chambers,Sedan,Punggol,4.88,Active
D08074,Carla Holmes,Hatchback,Toa Payoh,3.89,Inactive
D08075,Carol Gomez,Premium,Jurong,3.53,Active
D08076,Kathy Pacheco,Premium,Toa Payoh,4.02,Active
D08077,Charles May,Suv,Punggol,4.09,Active
D08078,Howard Long,Premium,Punggol,4.65,Active
D08079,Emily Hall,Electric,Bishan,4.12,Active
D08080,Katie Hudson,Premium,Woodlands,4.96,Active
D08081,Sharon Meadows,Suv,Bedok,3.85,Active
D08082,Matthew Oliver,Hatchback,Ang Mo Kio,4.76,Active
D08083,Michael Thompson,Sedan,Tampines,4.07,Active
D08084,James Pearson,Suv,Singapore,4.89,Active
D08085,Courtney Garcia,Sedan,Jurong,4.37,Inactive
D08086,Mr. Alexander Hammond,Suv,Jurong,4.54,Active
D08087,Mrs. Amanda Hudson,Suv,Yishun,4.04,Active
D08088,Peter Cervantes,Sedan,Bishan,4.19,Active
D08089,Melissa Smith,Electric,Yishun,3.6,Active
D08090,Eric Barton,Electric,Bishan,4.49,Active
D08091,Cindy Wilson,Hatchback,Tampines,4.95,Active
D08092,Kimberly Valentine,Hatchback,Bedok,4.34,Suspended
D08093,Troy Wang,Electric,Punggol,4.64,Inactive
D08094,Jesse Edwards,Hatchback,Singapore,4.29,Active
D08095,Dominique Gilbert,Mpv,Jurong,5.0,Active
D08096,Zachary Murphy,Hatchback,Toa Payoh,3.8,Active
D08097,Diana Johnson,Premium,Tampines,4.36,Inactive
D08098,Kevin Cobb,Mpv,Jurong,4.9,Active
D08099,Ronald Villarreal,Electric,Singapore,3.97,Active
D08100,Jonathan Benson,Mpv,Bishan,3.62,Active
D08101,Jessica Johnson,Electric,Woodlands,3.95,Active
D08102,Brandon Sanders,Suv,Jurong,4.37,Active
D08103,Sandra Greene,Sedan,Bishan,4.94,Active
D08104,Angela Ward,Premium,Bishan,4.74,Active
D08105,Cindy Santiago,Suv,Singapore,3.58,Active
D08106,Randy Cherry,Electric,Jurong,3.97,Active
D08107,Carol Jenkins,Suv,Punggol,4.16,Inactive
D08108,William Miller,Premium,Singapore,4.85,Active
D08109,Elizabeth Contreras,Premium,Woodlands,3.61,Active
D08110,Sylvia Randolph,Hatchback,Punggol,4.02,Suspended
D08111,Mary Callahan,Suv,Singapore,3.67,Active
D08112,Richard Ortiz,Premium,Toa Payoh,3.91,Active
D08113,Alfred Lutz,Premium,Yishun,3.81,Active
D08114,Daniel Anderson,Suv,Bishan,4.74,Active
D08115,Cynthia Hayden,Mpv,Bishan,3.75,Active
D08116,David Miller,Premium,Bedok,4.28,Active
D08117,Brian Hatfield,Premium,Ang Mo Kio,3.87,Inactive
D08118,Mary Lara PhD,Sedan,Tampines,3.6,Active
D08119,Lisa Davenport,Electric,Yishun,3.86,Active
D08120,David Blackburn,Hatchback,Jurong,3.74,Active
D08121,Jeremy Fox,Premium,Tampines,4.13,Active
D08122,Cheryl Perez,Hatchback,Bedok,3.53,Active
D08123,Troy Rojas,Premium,Ang Mo Kio,3.95,Active
D08124,James Barton,Electric,Woodlands,4.44,Active
D08125,Kaitlyn Chan DDS,Premium,Bedok,4.19,Active
D08126,Dr. Andrew Fisher,Hatchback,Bishan,4.04,Active
D08127,Beth Mccoy,Sedan,Toa Payoh,3.9,Active
D08128,Lisa Stephens,Hatchback,Jurong,3.89,Inactive
D08129,Nicholas Hendricks,Electric,Jurong,3.95,Active
D08130,Maria Palmer,Premium,Woodlands,4.18,Active
D08131,Jackson Olson,Hatchback,Bishan,4.5,Active
D08132,Tina Monroe,Sedan,Toa Payoh,4.88,Suspended
D08133,Christine Myers,Sedan,Bedok,4.04,Active
D08134,Bradley Duke,Sedan,Jurong,4.03,Active
D08135,Cynthia Castillo,Electric,Jurong,3.69,Active
D08136,Willie Lewis,Sedan,Toa Payoh,4.91,Active
D08137,Linda Peterson,Hatchback,Tampines,4.27,Active
D08138,Jason Ortiz,Suv,Toa Payoh,3.91,Active
D08139,David Brown,Mpv,Woodlands,3.65,Active
D08140,Jessica Wilkinson,Electric,Jurong,4.35,Active
D08141,Karen Baker,Sedan,Bedok,4.04,Active
D08142,Austin Brooks,Hatchback,Singapore,3.56,Active
D08143,Charlene Scott,Electric,Woodlands,3.54,Active
D08144,Jill Conley,Sedan,Tampines,4.29,Active
D08145,Jackson Smith,Mpv,Bishan,4.78,Inactive
D08146,Christian Gilbert,Mpv,Bedok,3.94,Suspended
D08147,Amber Jones,Hatchback,Ang Mo Kio,4.77,Active
D08148,Heather Monroe,Electric,Woodlands,4.46,Active
D08149,Joyce Meyers,Electric,Punggol,4.28,Active
D08150,Kimberly Walker,Suv,Singapore,4.06,Active
D08151,Erin Rivera,Mpv,Toa Payoh,3.66,Active
D08152,Joy Coleman,Mpv,Yishun,3.95,Active
D08153,Rebecca Day,Sedan,Punggol,4.04,Active
D08154,Steven Smith,Mpv,Tampines,4.91,Active
D08155,Erin Blevins,Premium,Bishan,4.36,Active
D08156,Ms. Alicia Goodman,Suv,Punggol,3.61,Active
D08157,Chad Carlson,Hatchback,Woodlands,4.13,Active
D08158,Samantha Smith,Premium,Bishan,4.02,Active
D08159,Patricia Boyd,Premium,Singapore,3.68,Active
D08160,Catherine Snyder,Hatchback,Punggol,3.9,Active
D08161,Stanley Russell,Premium,Jurong,3.85,Active
D08162,Ashley Grant,Suv,Ang Mo Kio,4.05,Active
D08163,Cody Anderson,Mpv,Tampines,3.86,Active
D08164,Gary Dominguez,Hatchback,Woodlands,4.4,Active
D08165,Peter Fleming,Premium,Yishun,3.61,Inactive
D08166,Tracy Davis,Mpv,Jurong,4.93,Active
D08167,Kelly Carter,Mpv,Ang Mo Kio,3.52,Inactive
D08168,Shelby Christensen,Hatchback,Jurong,4.85,Active
D08169,Luis Collins,Suv,Ang Mo Kio,4.85,Active
D08170,Willie Martinez,Suv,Yishun,4.9,Active
D08171,Diana Johnson,Mpv,Bedok,4.9,Inactive
D08172,Kimberly Hall,Suv,Toa Payoh,3.94,Active
D08173,Darlene Porter,Sedan,Bedok,4.16,Active
D08174,Ian Blevins,Premium,Woodlands,4.21,Active
D08175,Tracy Gonzalez,Mpv,Bedok,3.92,Active
D08176,James Mccall,Mpv,Tampines,3.86,Active
D08177,Michelle Smith,Sedan,Toa Payoh,3.65,Active
D08178,Christie Carr,Hatchback,Ang Mo Kio,4.77,Inactive
D08179,Teresa Bennett,Premium,Jurong,4.42,Suspended
D08180,Angelica Villarreal MD,Electric,Jurong,3.76,Active
D08181,Jill Palmer,Suv,Jurong,3.91,Active
D08182,Brian Day,Sedan,Ang Mo Kio,4.22,Active
D08183,Joshua Thomas,Premium,Tampines,4.52,Active
D08184,Scott Simon,Electric,Jurong,4.14,Active
D08185,Brandon Guerra,Mpv,Tampines,4.84,Active
D08186,John Peterson,Mpv,Bedok,4.36,Active
D08187,Christine Sanchez,Sedan,Woodlands,4.89,Active
D08188,Adam Page DDS,Hatchback,Singapore,3.76,Active
D08189,Ricardo Heath,Suv,Ang Mo Kio,3.55,Active
D08190,Dominique Gomez,Hatchback,Bedok,4.44,Active
D08191,Jane Stephenson,Premium,Toa Payoh,3.85,Active
D08192,Deborah Rhodes,Suv,Singapore,4.59,Active
D08193,Rose Finley,Suv,Tampines,4.99,Active
D08194,Catherine Weaver,Electric,Toa Payoh,3.62,Active
D08195,Audrey Chavez,Hatchback,Tampines,3.67,Suspended
D08196,Ethan Rocha,Mpv,Punggol,4.75,Suspended
D08197,Marc Brown,Hatchback,Punggol,4.12,Active
D08198,Thomas Francis,Sedan,Singapore,3.96,Active
D08199,Andre Lynn,Sedan,Bishan,4.82,Active
D08200,Olivia Brady,Suv,Ang Mo Kio,4.13,Active
D08201,Charles Lopez,Electric,Bedok,4.55,Active
D08202,Mary Townsend,Electric,Woodlands,4.43,Inactive
D08203,Wendy Ellis,Sedan,Bishan,3.98,Active
D08204,Brandon Watkins,Mpv,Toa Payoh,4.48,Active
D08205,Chase Anderson,Suv,Tampines,4.24,Active
D08206,Mike Carter,Premium,Bishan,3.7,Active
D08207,Dr. Caitlin Jones,Mpv,Bishan,4.27,Inactive
D08208,Michael Washington,Electric,Toa Payoh,3.88,Active
D08209,Warren Barber,Hatchback,Bishan,4.94,Inactive
D08210,Vincent Trevino,Electric,Tampines,4.08,Active
D08211,Jeffrey Gibbs,Sedan,Punggol,4.16,Active
D08212,Dale Wolfe,Sedan,Ang Mo Kio,3.82,Inactive
D08213,Michael Ross,Mpv,Woodlands,3.9,Active
D08214,James Chase,Sedan,Tampines,4.95,Active
D08215,Deborah Davila,Sedan,Singapore,4.94,Active
D08216,Jeanette Mercer,Premium,Singapore,4.45,Active
D08217,Joel Nguyen,Electric,Ang Mo Kio,4.78,Active
D08218,Ariel Garcia,Sedan,Bedok,4.99,Active
D08219,Heather Cooper,Electric,Toa Payoh,4.35,Active
D08220,Kimberly Dunlap,Hatchback,Bishan,4.97,Active
D08221,Ryan Lopez,Suv,Woodlands,4.57,Active
D08222,Jose Dixon,Premium,Toa Payoh,3.99,Active
D08223,Melvin Jones,Hatchback,Punggol,4.8,Active
D08224,Morgan Hoffman,Electric,Punggol,4.08,Active
D08225,Crystal Robbins,Electric,Toa Payoh,4.77,Active
D08226,Daniel Young,Suv,Yishun,4.85,Inactive
D08227,Melissa Smith,Hatchback,Toa Payoh,4.05,Active
D08228,Carla Barrett,Mpv,Bishan,4.52,Active
D08229,Jamie Saunders,Mpv,Woodlands,4.91,Active
D08230,Bruce Harvey,Premium,Bedok,3.8,Active
D08231,Justin Sherman,Suv,Yishun,3.56,Active
D08232,Heather Perry,Sedan,Toa Payoh,4.91,Suspended
D08233,Kimberly Smith,Premium,Singapore,4.27,Active
D08234,Elizabeth Brooks,Premium,Toa Payoh,4.47,Active
D08235,Angel Mitchell,Hatchback,Bishan,4.66,Active
D08236,Erin Mitchell,Premium,Yishun,4.56,Active
D08237,Lisa Farley,Premium,Toa Payoh,4.01,Active
D08238,Robert Ramsey,Electric,Bishan,4.23,Active
D08239,Mitchell Gonzales,Electric,Tampines,4.71,Active
D08240,William Swanson,Electric,Jurong,3.53,Active
D08241,Mariah Lopez,Hatchback,Bedok,4.53,Active
D08242,Joshua Lopez,Hatchback,Bishan,4.37,Active
D08243,Madeline Williams,Premium,Ang Mo Kio,4.41,Active
D08244,Karen Watkins,Mpv,Bedok,4.26,Active
D08245,Steven Stark,Electric,Yishun,3.67,Active
D08246,Johnathan Garcia,Sedan,Ang Mo Kio,4.44,Active
D08247,Mr. Tony Underwood,Suv,Toa Payoh,4.34,Active
D08248,Jennifer Dennis,Hatchback,Bedok,4.07,Active
D08249,Jennifer Clark,Electric,Toa Payoh,4.46,Active
D08250,Cynthia Thompson,Suv,Tampines,3.99,Active
D08251,Caitlin Jimenez,Electric,Punggol,3.73,Active
D08252,Michele Dean,Electric,Bishan,4.37,Active
D08253,Krystal Patel,Electric,Bishan,4.67,Active
D08254,Kevin Thomas,Premium,Toa Payoh,4.84,Inactive
D08255,Heather Watson,Hatchback,Bishan,3.53,Active
D08256,Ryan Brown,Premium,Punggol,4.07,Active
D08257,Katie Bernard,Sedan,Punggol,3.96,Active
D08258,Kyle Dodson,Sedan,Punggol,4.41,Active
D08259,Donna Sanders,Electric,Singapore,3.54,Inactive
D08260,Benjamin Hill,Premium,Bedok,4.3,Active
D08261,Tasha Lopez,Suv,Woodlands,3.9,Inactive
D08262,Christine Leblanc,Hatchback,Yishun,3.63,Active
D08263,Jacqueline Rose,Electric,Singapore,4.85,Active
D08264,Larry Chung,Premium,Bishan,4.2,Active
D08265,Rebecca Lambert,Sedan,Jurong,3.84,Active
D08266,Tonya Charles,Premium,Yishun,3.72,Active
D08267,Sean Jones,Premium,Jurong,4.87,Active
D08268,Richard Bishop,Hatchback,Singapore,3.62,Active
D08269,Cynthia Allen,Premium,Woodlands,3.81,Active
D08270,Michael Smith,Suv,Bishan,4.19,Inactive
D08271,Sarah Garza,Hatchback,Bishan,4.41,Active
D08272,Bruce Johnson,Electric,Ang Mo Kio,3.71,Active
D08273,Emily Bowen,Sedan,Singapore,4.95,Active
D08274,Arthur Lopez,Mpv,Jurong,4.62,Active
D08275,Paul Mayo,Suv,Bedok,4.06,Active
D08276,Adrienne Donaldson,Mpv,Singapore,4.84,Active
D08277,Allison Moore,Mpv,Bedok,4.97,Active
D08278,James Young,Hatchback,Jurong,4.37,Active
D08279,Judith Thompson,Suv,Ang Mo Kio,3.55,Active
D08280,Brian Graham,Hatchback,Woodlands,3.72,Active
D08281,Heather Williams,Premium,Jurong,3.95,Active
D08282,Michelle Farrell,Sedan,Yishun,4.19,Inactive
D08283,Morgan Castillo,Mpv,Tampines,4.75,Inactive
D08284,Jessica Caldwell,Sedan,Woodlands,4.2,Active
D08285,Amanda Miller,Mpv,Ang Mo Kio,3.81,Active
D08286,Caleb Goodman,Hatchback,Punggol,4.9,Active
D08287,Denise Weber,Premium,Bedok,4.65,Active
D08288,Amber Ward,Suv,Bedok,4.33,Active
D08289,Denise Lopez,Mpv,Punggol,4.76,Active
D08290,Lauren Gilbert,Mpv,Punggol,3.52,Active
D08291,Jonathan Chapman,Electric,Toa Payoh,4.41,Active
D08292,Barbara Palmer,Hatchback,Singapore,4.44,Active
D08293,Mr. Andrew Jenkins,Suv,Punggol,4.29,Active
D08294,Gregory Preston,Hatchback,Ang Mo Kio,4.69,Active
D08295,John Morgan,Premium,Woodlands,4.24,Active
D08296,Ashley Shea,Sedan,Toa Payoh,4.0,Suspended
D08297,Michael Brown,Premium,Bedok,4.39,Active
D08298,Jeffrey Dunn,Sedan,Toa Payoh,4.76,Active
D08299,Jessica Miller,Hatchback,Woodlands,4.94,Active
D08300,Jackson Johnston,Hatchback,Woodlands,4.41,Active
D08301,Robert Serrano,Sedan,Yishun,4.48,Active
D08302,Anthony Greene,Suv,Punggol,3.77,Active
D08303,Mark Alvarez,Premium,Yishun,4.31,Active
D08304,Mary Padilla,Electric,Tampines,3.86,Active
D08305,Michael Gilmore,Mpv,Yishun,3.94,Active
D08306,Sherry Joseph,Hatchback,Jurong,3.97,Active
D08307,Nancy Martinez,Mpv,Toa Payoh,4.85,Active
D08308,Michele Dunlap,Premium,Singapore,4.07,Active
D08309,Alexander Singleton,Hatchback,Singapore,3.96,Active
D08310,Justin Lowery,Hatchback,Toa Payoh,4.57,Active
D08311,David Thomas,Suv,Bishan,3.69,Active
D08312,Carly Bell,Premium,Punggol,4.46,Active
D08313,William Stevenson,Hatchback,Singapore,4.02,Active
D08314,Joseph Johnson,Hatchback,Bishan,4.18,Active
D08315,Daniel Gregory,Suv,Jurong,4.99,Active
D08316,Gregory Farrell,Electric,Bedok,3.59,Active
D08317,Michael Green,Sedan,Yishun,4.96,Active
D08318,James Stone,Electric,Woodlands,4.11,Active
D08319,Leroy Bishop,Electric,Bishan,4.74,Active
D08320,William Solis,Mpv,Singapore,3.9,Active
D08321,Lisa Parsons,Hatchback,Ang Mo Kio,3.97,Active
D08322,Stephen Ewing,Electric,Yishun,3.9,Active
D08323,Sarah Ponce,Mpv,Toa Payoh,3.95,Active
D08324,Kimberly Allen,Mpv,Toa Payoh,4.0,Active
D08325,Michael Holt,Electric,Yishun,3.63,Active
D08326,Jeremy Allen,Mpv,Singapore,4.09,Active
D08327,Timothy Maddox,Hatchback,Jurong,3.76,Active
D08328,Brianna Mcguire,Electric,Bedok,3.92,Active
D08329,Nicolas Riley,Premium,Bedok,4.45,Active
D08330,Shawn Taylor,Suv,Ang Mo Kio,4.7,Active
D08331,Tina Contreras,Premium,Toa Payoh,4.33,Active
D08332,Mary Clark,Suv,Bishan,4.58,Active
D08333,Leslie Padilla,Suv,Woodlands,3.98,Active
D08334,Diana Lee,Premium,Bedok,3.72,Active
D08335,Amber Lopez,Electric,Ang Mo Kio,4.48,Active
D08336,Sylvia Hansen,Sedan,Toa Payoh,3.59,Active
D08337,Antonio Benson,Sedan,Tampines,4.43,Active
D08338,Kevin Ramos,Mpv,Toa Payoh,4.31,Active
D08339,Jose Garcia,Suv,Yishun,4.47,Active
D08340,Catherine Smith,Premium,Bedok,3.71,Active
D08341,Jennifer Martinez,Mpv,Toa Payoh,4.73,Active
D08342,Tanya Hardin,Suv,Tampines,4.11,Active
D08343,Jack Bradford IV,Premium,Jurong,3.96,Inactive
D08344,Eugene Thompson,Suv,Woodlands,4.96,Active
D08345,Kristine Lee,Suv,Punggol,4.65,Active
D08346,Katherine Knox,Sedan,Woodlands,4.13,Active
D08347,Mark Valentine,Hatchback,Bedok,4.34,Active
D08348,Richard Myers,Suv,Jurong,4.82,Suspended
D08349,Pamela Bryan,Mpv,Tampines,3.72,Active
D08350,Jerry Moore,Hatchback,Jurong,4.56,Active
D08351,Wayne Ochoa,Suv,Punggol,4.22,Active
D08352,Michael Mathews,Sedan,Woodlands,4.52,Active
D08353,Vanessa Mullen,Premium,Tampines,3.74,Active
D08354,James Harrison,Sedan,Woodlands,4.89,Active
D08355,Edward Proctor,Sedan,Punggol,3.78,Inactive
D08356,Julie Williams,Hatchback,Ang Mo Kio,3.64,Active
D08357,Julie Myers,Suv,Tampines,3.56,Active
D08358,Ryan Dorsey,Sedan,Woodlands,4.24,Active
D08359,David Mcdonald,Hatchback,Jurong,3.77,Active
D08360,Margaret Roberts,Sedan,Bedok,3.66,Active
D08361,James Mendoza,Sedan,Singapore,4.9,Inactive
D08362,Dr. Hayley Diaz MD,Sedan,Punggol,4.25,Active
D08363,Kimberly Stevenson,Hatchback,Singapore,4.41,Active
D08364,William Lee,Sedan,Toa Payoh,4.91,Active
D08365,Lacey Blackwell,Mpv,Ang Mo Kio,4.56,Active
D08366,Karen Allen,Electric,Ang Mo Kio,3.59,Active
D08367,James Townsend,Suv,Jurong,4.81,Active
D08368,Mr. Chris Moore,Suv,Bishan,4.8,Active
D08369,Edward Williams,Premium,Toa Payoh,3.55,Active
D08370,Mark Cook,Mpv,Singapore,3.87,Active
D08371,Holly Lopez,Electric,Singapore,4.8,Active
D08372,Travis Santos,Hatchback,Punggol,3.92,Active
D08373,Logan King,Hatchback,Tampines,4.3,Active
D08374,Richard King,Premium,Woodlands,4.35,Active
D08375,Andrew Nguyen,Sedan,Bishan,3.79,Active
D08376,Norman Gordon,Suv,Jurong,4.58,Inactive
D08377,Kurt Camacho,Suv,Ang Mo Kio,4.94,Active
D08378,Joanna Foster,Suv,Yishun,4.41,Active
D08379,Samantha Huff,Suv,Ang Mo Kio,4.69,Active
D08380,Christopher Jones,Suv,Bishan,4.73,Active
D08381,Matthew Jenkins,Mpv,Singapore,4.1,Active
D08382,Diana Walters,Suv,Woodlands,4.64,Inactive
D08383,Roy Long,Electric,Toa Payoh,3.67,Active
D08384,Veronica Castaneda,Sedan,Jurong,4.21,Suspended
D08385,Eric Rodriguez,Mpv,Tampines,4.25,Active
D08386,Darren Watkins,Premium,Bedok,4.8,Active
D08387,Sandra Davis,Premium,Bedok,4.13,Active
D08388,Daniel Silva,Mpv,Bishan,4.43,Active
D08389,Latoya James,Suv,Bishan,4.11,Active
D08390,Natasha Dunn,Mpv,Singapore,4.01,Active
D08391,Andrew Nguyen,Premium,Punggol,4.4,Active
D08392,Hailey Garcia,Hatchback,Ang Mo Kio,4.91,Active
D08393,Stefanie White,Mpv,Ang Mo Kio,3.78,Active
D08394,Pamela Cummings,Premium,Toa Payoh,4.41,Active
D08395,Leah Hodges,Mpv,Ang Mo Kio,4.15,Active
D08396,Heidi Nelson,Mpv,Tampines,3.56,Active
D08397,Christopher Baker DDS,Suv,Singapore,3.69,Active
D08398,Susan Francis,Premium,Bishan,4.25,Active
D08399,Laura Robinson,Electric,Toa Payoh,4.59,Active
D08400,Bobby Adams,Electric,Tampines,4.46,Active
D08401,Sheri Fields,Hatchback,Toa Payoh,3.67,Active
D08402,Troy Combs,Mpv,Tampines,3.6,Active
D08403,Cindy Robinson,Electric,Bishan,3.73,Active
D08404,Jessica Hutchinson,Hatchback,Woodlands,4.09,Active
D08405,Shirley Johnson,Suv,Yishun,4.28,Active
D08406,Karen Hensley,Hatchback,Yishun,4.06,Active
D08407,Bryan Bowen,Mpv,Tampines,3.88,Active
D08408,Sarah Meyer,Suv,Bedok,4.39,Active
D08409,James Miller,Sedan,Singapore,4.19,Active
D08410,Kristina Smith,Mpv,Woodlands,4.47,Inactive
D08411,Nicholas Harrison,Sedan,Jurong,4.77,Active
D08412,Jeffery Roberts,Mpv,Woodlands,4.99,Active
D08413,Rachel Williams,Sedan,Bedok,4.83,Active
D08414,John Benitez,Mpv,Toa Payoh,3.93,Active
D08415,Kathryn Moore,Electric,Ang Mo Kio,4.7,Active
D08416,Dustin Brown,Sedan,Bishan,4.79,Active
D08417,Patrick Pham,Premium,Woodlands,4.54,Active
D08418,Robert Knox,Suv,Toa Payoh,3.62,Active
D08419,Derrick Lopez,Hatchback,Ang Mo Kio,4.7,Active
D08420,Gabriel Rivas,Mpv,Bishan,4.45,Active
D08421,Isaac Smith,Premium,Tampines,4.09,Active
D08422,Jennifer Rodriguez,Premium,Tampines,4.61,Active
D08423,Eric Robinson,Suv,Toa Payoh,3.57,Active
D08424,Steven Parker,Electric,Punggol,4.58,Active
D08425,Robert Green,Suv,Punggol,4.37,Active
D08426,Mary Romero,Sedan,Woodlands,4.9,Inactive
D08427,Anthony Phelps MD,Hatchback,Yishun,4.63,Active
D08428,Theodore Schneider,Sedan,Yishun,4.9,Active
D08429,James Alvarez,Electric,Woodlands,4.91,Active
D08430,Timothy Mack,Mpv,Bedok,4.89,Active
D08431,Gabriel Burns,Suv,Ang Mo Kio,4.56,Active
D08432,Gabriela Ortiz,Suv,Woodlands,4.66,Active
D08433,William Petersen,Premium,Jurong,4.68,Active
D08434,Barry Weber,Mpv,Tampines,4.64,Active
D08435,Hannah Phillips,Sedan,Woodlands,4.2,Active
D08436,Thomas Bishop,Mpv,Ang Mo Kio,4.61,Active
D08437,Mr. Brad Doyle,Mpv,Yishun,3.99,Inactive
D08438,David Alexander,Hatchback,Toa Payoh,4.35,Active
D08439,Daniel Marshall,Sedan,Woodlands,4.73,Active
D08440,David Castillo,Premium,Toa Payoh,4.87,Inactive
D08441,Andrea Parker,Mpv,Ang Mo Kio,4.97,Active
D08442,Michelle Carter,Electric,Ang Mo Kio,4.11,Active
D08443,Mr. Andrew Phillips,Mpv,Bedok,4.84,Active
D08444,Nathan Scott,Electric,Woodlands,3.73,Active
D08445,Scott Thompson,Premium,Punggol,3.56,Active
D08446,Rebecca Gardner,Electric,Punggol,4.55,Active
D08447,April Kane,Electric,Woodlands,4.11,Active
D08448,Tina Ramirez,Mpv,Yishun,4.18,Active
D08449,Larry Arnold,Premium,Bedok,4.52,Suspended
D08450,Cassandra Woodard,Premium,Ang Mo Kio,4.72,Active
D08451,Michael Watson,Mpv,Tampines,4.38,Active
D08452,Rachel Ortiz,Suv,Ang Mo Kio,4.66,Active
D08453,Oscar Cox,Electric,Punggol,4.83,Active
D08454,Lauren Porter,Mpv,Toa Payoh,4.1,Active
D08455,Jeffrey Mccarthy,Hatchback,Yishun,4.08,Active
D08456,Alyssa Diaz MD,Suv,Bishan,4.73,Inactive
D08457,William Hernandez,Mpv,Tampines,3.55,Active
D08458,Brad Le,Mpv,Singapore,4.13,Inactive
D08459,Andrew Dixon,Electric,Toa Payoh,4.62,Active
D08460,Charles Stephens,Sedan,Jurong,3.54,Active
D08461,Natalie Andrade,Sedan,Woodlands,4.15,Active
D08462,Jennifer Alvarez,Premium,Singapore,3.84,Active
D08463,Aaron Blevins,Premium,Singapore,3.93,Active
D08464,Joseph Barron,Suv,Punggol,4.42,Active
D08465,Caitlyn Fox,Premium,Singapore,4.75,Active
D08466,Cynthia Murray,Suv,Tampines,4.98,Inactive
D08467,John Woods,Mpv,Jurong,4.81,Active
D08468,Michael Garza,Sedan,Punggol,4.08,Active
D08469,Brian Butler,Sedan,Punggol,4.06,Active
D08470,Evan Knight,Hatchback,Tampines,4.15,Active
D08471,Joseph Lawson,Mpv,Punggol,3.9,Inactive
D08472,Angelica Peterson,Sedan,Bishan,4.25,Inactive
D08473,Dr. Jodi Trevino,Suv,Tampines,4.7,Active
D08474,Stephen Mccormick,Suv,Woodlands,3.96,Active
D08475,Sandra Johnson,Electric,Jurong,3.58,Active
D08476,Maria Henderson,Hatchback,Bishan,4.43,Inactive
D08477,Jessica Whitaker,Hatchback,Jurong,4.11,Active
D08478,Tim Huff,Electric,Bishan,4.26,Active
D08479,Amanda Patterson,Sedan,Tampines,4.04,Active
D08480,Dr. Aaron Brooks II,Sedan,Woodlands,3.73,Active
D08481,Anthony Crawford,Electric,Bedok,4.3,Active
D08482,Karen Valdez,Electric,Punggol,4.52,Active
D08483,Cynthia Sanchez,Sedan,Ang Mo Kio,3.81,Inactive
D08484,Nicholas Warren,Sedan,Bedok,4.39,Active
D08485,Johnny Bennett,Mpv,Ang Mo Kio,4.94,Active
D08486,Michael Herrera,Mpv,Ang Mo Kio,4.2,Active
D08487,Jamie Alexander,Suv,Jurong,4.52,Active
D08488,Christopher Walls,Electric,Bishan,4.54,Active
D08489,Travis Rose,Premium,Tampines,3.9,Suspended
D08490,Sean Stone,Suv,Punggol,3.5,Active
D08491,Jillian Ward MD,Suv,Bedok,4.33,Active
D08492,Bruce Ellis,Electric,Woodlands,4.95,Active
D08493,Crystal Simmons,Suv,Punggol,4.54,Active
D08494,Aaron Barker,Suv,Jurong,4.74,Active
D08495,Gabrielle Freeman,Sedan,Punggol,4.15,Active
D08496,Melissa Scott,Premium,Jurong,4.56,Active
D08497,Nancy Garcia,Hatchback,Tampines,4.19,Active
D08498,Andrew Jenkins,Mpv,Yishun,3.56,Active
D08499,Alexander Williams,Premium,Bishan,4.89,Active
D08500,Raymond Jennings,Electric,Yishun,4.93,Inactive
D08501,Sheena Hawkins,Premium,Ang Mo Kio,4.06,Inactive
D08502,William Taylor,Hatchback,Singapore,4.82,Inactive
D08503,Brandon Decker,Suv,Singapore,3.55,Active
D08504,Tiffany Johnson,Mpv,Toa Payoh,4.94,Active
D08505,Scott Kirk,Hatchback,Jurong,3.78,Active
D08506,John Nguyen,Hatchback,Punggol,4.74,Active
D08507,Richard Glover,Premium,Yishun,3.9,Active
D08508,Aaron Page,Hatchback,Woodlands,3.65,Active
D08509,Jeffrey Oconnor,Hatchback,Tampines,4.9,Active
D08510,Christopher Rivera,Mpv,Bishan,3.57,Active
D08511,Leslie Butler,Electric,Bedok,3.98,Inactive
D08512,Kevin Hill,Hatchback,Ang Mo Kio,5.0,Active
D08513,Gregory Glenn,Electric,Bedok,4.6,Active
D08514,William Alexander,Electric,Bishan,4.66,Active
D08515,Joseph Randall,Electric,Toa Payoh,4.9,Active
D08516,Ronald Hunter,Mpv,Singapore,4.5,Active
D08517,Natalie Schmidt,Suv,Toa Payoh,4.56,Active
D08518,Nicole Butler,Electric,Tampines,4.19,Active
D08519,Melissa Elliott,Mpv,Bedok,3.6,Active
D08520,Michael Oneal,Mpv,Ang Mo Kio,4.79,Active
D08521,Martin Lam,Sedan,Bishan,4.93,Active
D08522,Ryan Kirk,Mpv,Woodlands,4.57,Active
D08523,Jerry Rogers,Premium,Woodlands,4.66,Active
D08524,David Hodges,Hatchback,Toa Payoh,4.96,Active
D08525,Lisa Poole,Sedan,Jurong,3.76,Active
D08526,Harold Hall,Suv,Yishun,4.41,Active
D08527,Brian Copeland,Hatchback,Toa Payoh,4.52,Inactive
D08528,Jennifer Campos,Electric,Jurong,3.51,Suspended
D08529,Amanda Heath,Electric,Tampines,3.63,Suspended
D08530,Megan Griffith,Suv,Ang Mo Kio,4.54,Active
D08531,James Johnson,Hatchback,Punggol,4.83,Active
D08532,Richard Munoz,Premium,Yishun,4.05,Active
D08533,Jacob Cruz,Mpv,Yishun,4.17,Active
D08534,Stacy Gonzalez,Sedan,Toa Payoh,4.32,Active
D08535,Eric Coleman,Mpv,Tampines,3.64,Inactive
D08536,Sara Ramirez,Sedan,Bishan,4.17,Active
D08537,Michael Lowe,Mpv,Bedok,4.84,Inactive
D08538,Sarah Ramos,Sedan,Bishan,4.06,Active
D08539,Mark Gilmore,Hatchback,Bedok,4.15,Active
D08540,Vanessa Mahoney,Suv,Yishun,3.62,Active
D08541,Ryan Meyers,Mpv,Ang Mo Kio,4.03,Active
D08542,Rita Thomas,Sedan,Yishun,4.7,Active
D08543,Scott Hubbard,Mpv,Tampines,4.52,Active
D08544,Joel Simon,Suv,Singapore,3.5,Active
D08545,Mary Garcia,Sedan,Tampines,3.9,Active
D08546,Stephanie Andrews,Hatchback,Yishun,4.79,Inactive
D08547,Chad Pierce,Electric,Bedok,4.54,Active
D08548,William Woodward,Electric,Tampines,4.64,Active
D08549,James Nichols,Premium,Punggol,4.02,Active
D08550,Bradley White,Electric,Bedok,4.98,Active
D08551,John Cardenas,Hatchback,Yishun,4.53,Suspended
D08552,Denise Burgess,Electric,Jurong,4.11,Active
D08553,Jesus Willis,Suv,Tampines,4.07,Active
D08554,Nicole Morgan,Suv,Singapore,4.93,Active
D08555,Kristen Cordova,Sedan,Bishan,4.88,Active
D08556,Caleb Kim,Suv,Yishun,4.11,Active
D08557,Marc Nelson,Electric,Punggol,4.81,Active
D08558,Elizabeth Robinson,Hatchback,Bedok,3.8,Active
D08559,Harry Hamilton,Hatchback,Woodlands,4.56,Active
D08560,Bradley West,Electric,Bishan,4.52,Inactive
D08561,Mrs. Diane Patel,Mpv,Woodlands,3.97,Active
D08562,Kimberly Reid,Premium,Toa Payoh,3.55,Active
D08563,Angel Martinez,Electric,Punggol,3.51,Inactive
D08564,Linda Shannon,Mpv,Yishun,3.8,Active
D08565,Gregory Clark,Mpv,Tampines,3.82,Active
D08566,Stephanie Saunders,Premium,Bedok,4.18,Inactive
D08567,Tina Campbell,Mpv,Yishun,4.81,Active
D08568,Theresa Leonard,Premium,Punggol,4.59,Inactive
D08569,Jonathan Harris,Hatchback,Woodlands,4.68,Active
D08570,Matthew Erickson,Mpv,Yishun,4.97,Active
D08571,Zachary Mullen,Mpv,Bishan,3.73,Active
D08572,Dr. Robert Butler,Suv,Tampines,4.1,Active
D08573,Shawn Anderson,Premium,Woodlands,3.58,Active
D08574,Tracy Clements,Electric,Singapore,4.73,Active
D08575,Suzanne Pham PhD,Sedan,Yishun,4.11,Active
D08576,Amy Ramirez,Premium,Toa Payoh,3.6,Active
D08577,Stacy Mitchell,Hatchback,Woodlands,3.68,Active
D08578,Robert Gonzalez,Premium,Ang Mo Kio,4.9,Active
D08579,Ralph Wolfe,Mpv,Bedok,4.83,Active
D08580,Meagan Rich,Hatchback,Singapore,3.92,Active
D08581,Jeffrey Walker,Mpv,Tampines,3.63,Active
D08582,Bonnie Lawson,Mpv,Bedok,4.58,Active
D08583,Tiffany Leonard,Suv,Bedok,4.33,Active
D08584,Jessica Boyd,Suv,Bedok,3.84,Active
D08585,Diane Chambers,Premium,Yishun,3.64,Active
D08586,Natalie Parker,Hatchback,Singapore,3.85,Active
D08587,Stephanie Benson,Premium,Tampines,4.11,Active
D08588,Mark Roth,Electric,Woodlands,4.07,Active
D08589,Adrienne Howell,Electric,Yishun,4.23,Active
D08590,Raymond Gomez,Premium,Bishan,3.53,Active
D08591,Russell Fernandez,Sedan,Woodlands,4.38,Active
D08592,Jackie Williams,Electric,Singapore,4.51,Active
D08593,Janice Jenkins,Premium,Ang Mo Kio,3.94,Active
D08594,Rebecca Williamson,Suv,Ang Mo Kio,4.76,Active
D08595,Cody Baxter,Electric,Jurong,4.23,Active
D08596,Mr. Anthony Washington,Sedan,Punggol,4.71,Active
D08597,Richard Krause,Electric,Bedok,4.5,Active
D08598,Pamela Shields,Sedan,Bishan,4.13,Active
D08599,Margaret Rivas DDS,Electric,Bedok,4.81,Active
D08600,Joseph Bauer,Electric,Tampines,3.84,Active
D08601,Michael Williamson,Electric,Punggol,4.13,Active
D08602,Jennifer Moore,Premium,Bishan,3.88,Active
D08603,William Hopkins,Hatchback,Woodlands,4.55,Active
D08604,Gina Mora,Sedan,Ang Mo Kio,4.45,Active
D08605,Lisa Harris,Suv,Yishun,3.62,Active
D08606,Taylor Ellis,Sedan,Bishan,4.7,Active
D08607,Christine Lee MD,Sedan,Woodlands,4.36,Active
D08608,Justin Young,Suv,Punggol,4.31,Active
D08609,Richard Schmidt,Hatchback,Punggol,3.65,Active
D08610,Robin Smith,Hatchback,Tampines,4.56,Active
D08611,Kristin Edwards,Sedan,Bishan,4.77,Active
D08612,Erin Reed,Premium,Toa Payoh,3.51,Active
D08613,Devon Cook,Suv,Bishan,4.08,Active
D08614,Colin Potter,Suv,Ang Mo Kio,3.58,Active
D08615,Michael Mora,Mpv,Jurong,4.56,Inactive
D08616,Danielle Hester,Sedan,Ang Mo Kio,4.03,Active
D08617,Scott Ryan,Premium,Woodlands,4.17,Active
D08618,Angela Nelson,Sedan,Singapore,4.87,Active
D08619,Roger Dunn,Electric,Woodlands,4.84,Active
D08620,Eric Norman MD,Premium,Jurong,4.15,Active
D08621,Carolyn Morales,Premium,Toa Payoh,3.64,Active
D08622,Audrey Steele,Electric,Singapore,4.83,Suspended
D08623,Darren Thomas,Sedan,Jurong,4.63,Active
D08624,Amy Bray,Hatchback,Tampines,4.99,Inactive
D08625,Kimberly Brown,Suv,Bedok,4.45,Active
D08626,David Ruiz,Electric,Bedok,4.69,Active
D08627,Caitlin Sanchez,Premium,Jurong,4.7,Inactive
D08628,Paul Welch,Hatchback,Woodlands,4.36,Active
D08629,James Rodriguez,Hatchback,Yishun,4.98,Active
D08630,Shannon King,Hatchback,Ang Mo Kio,4.44,Active
D08631,Patricia Casey,Electric,Ang Mo Kio,4.53,Active
D08632,Andrew Williams,Suv,Yishun,3.89,Active
D08633,James Davis,Hatchback,Punggol,4.74,Active
D08634,Kevin Williams,Suv,Punggol,4.64,Inactive
D08635,William Wilson,Premium,Punggol,3.62,Active
D08636,Jamie Davis,Electric,Bishan,4.32,Active
D08637,Larry Jones,Mpv,Yishun,4.51,Active
D08638,Melissa Morgan,Premium,Singapore,4.8,Active
D08639,Wayne Santiago,Hatchback,Ang Mo Kio,4.97,Inactive
D08640,Donald Howard,Premium,Toa Payoh,3.58,Active
D08641,Andrew Ritter,Suv,Yishun,4.83,Inactive
D08642,Kimberly Tapia,Hatchback,Toa Payoh,4.95,Active
D08643,David Gregory,Premium,Ang Mo Kio,4.87,Active
D08644,Crystal Boyd,Premium,Woodlands,4.44,Active
D08645,Natasha Baldwin,Hatchback,Bishan,3.92,Active
D08646,Brian Howard,Mpv,Tampines,4.04,Active
D08647,Elizabeth Cummings,Premium,Punggol,4.69,Active
D08648,Shane Davidson,Premium,Bishan,4.05,Active
D08649,Edward Stephens,Mpv,Yishun,3.72,Active
D08650,Joshua Andrade,Mpv,Tampines,4.25,Active
D08651,Amanda Porter,Electric,Bedok,4.42,Active
D08652,Shannon Martinez,Sedan,Bishan,4.21,Active
D08653,Jeffrey Huerta,Hatchback,Bedok,4.88,Active
D08654,Amy Bowman,Suv,Toa Payoh,4.45,Active
D08655,Denise Johnson,Mpv,Toa Payoh,4.31,Active
D08656,Kyle Gomez,Electric,Yishun,4.5,Active
D08657,Melanie Oneal,Hatchback,Bedok,4.02,Inactive
D08658,Rebecca Walker PhD,Suv,Singapore,4.78,Active
D08659,Cassie Johnson,Sedan,Yishun,4.82,Inactive
D08660,Todd Gentry,Premium,Punggol,4.77,Active
D08661,Kevin Robertson,Electric,Bishan,3.62,Active
D08662,Kari Mcgee,Mpv,Bedok,4.97,Active
D08663,Julia Collins,Sedan,Tampines,4.0,Active
D08664,Evelyn Burke,Premium,Yishun,3.67,Active
D08665,Dana Hawkins,Hatchback,Punggol,4.1,Active
D08666,Sean Smith,Sedan,Bishan,4.55,Active
D08667,Angela Phillips,Mpv,Bishan,4.4,Active
D08668,Leslie Hopkins,Sedan,Jurong,4.07,Active
D08669,Robert Alvarez,Premium,Punggol,3.94,Active
D08670,Joshua Paul,Premium,Bedok,4.65,Active
D08671,Christine Small,Suv,Tampines,4.95,Active
D08672,David Parker,Premium,Ang Mo Kio,4.9,Active
D08673,Bryan Byrd,Hatchback,Ang Mo Kio,4.55,Active
D08674,Melanie Boyd,Suv,Punggol,3.57,Inactive
D08675,Ruth Clayton,Hatchback,Jurong,4.4,Inactive
D08676,Stephanie Delgado,Sedan,Punggol,3.84,Active
D08677,Cameron Wong,Electric,Jurong,4.28,Active
D08678,Seth Gonzales,Mpv,Punggol,4.79,Active
D08679,Sara Robinson,Sedan,Toa Payoh,4.82,Inactive
D08680,Ryan Patrick,Hatchback,Toa Payoh,3.74,Active
D08681,Dr. Ashley Cline,Sedan,Tampines,4.32,Active
D08682,Christian Mueller,Electric,Punggol,3.55,Active
D08683,Sydney Joseph,Premium,Tampines,3.97,Active
D08684,Ariel Price,Suv,Tampines,4.95,Active
D08685,Chad Rodriguez,Premium,Woodlands,4.52,Active
D08686,Jon Nelson,Hatchback,Ang Mo Kio,4.82,Active
D08687,Paul Frank Jr.,Electric,Jurong,4.97,Active
D08688,Jenna Dominguez,Mpv,Woodlands,3.67,Active
D08689,Brenda Adams,Premium,Jurong,4.59,Active
D08690,Billy Norton,Premium,Ang Mo Kio,4.94,Active
D08691,Manuel Jackson,Suv,Woodlands,4.47,Inactive
D08692,Mary Kim,Electric,Toa Payoh,3.69,Active
D08693,Crystal Howell,Electric,Toa Payoh,4.55,Active
D08694,Craig Anderson,Hatchback,Bedok,3.93,Active
D08695,Kevin Cooper,Mpv,Ang Mo Kio,4.83,Suspended
D08696,Donna Foley,Sedan,Tampines,3.52,Active
D08697,Frank Little,Premium,Punggol,4.8,Active
D08698,Brianna Lewis,Mpv,Yishun,4.53,Inactive
D08699,Steven Mueller,Sedan,Singapore,4.9,Active
D08700,Michelle Johnson,Sedan,Tampines,3.81,Active
D08701,Nicole Watson,Sedan,Punggol,3.95,Active
D08702,Lisa Green,Hatchback,Bedok,4.0,Active
D08703,Daniel Lyons,Suv,Bedok,4.15,Active
D08704,Troy Moore,Sedan,Yishun,4.27,Active
D08705,Gerald White,Hatchback,Ang Mo Kio,4.47,Active
D08706,Stephanie Gibson,Premium,Yishun,5.0,Active
D08707,Matthew Hernandez,Electric,Woodlands,3.73,Active
D08708,John Hernandez,Premium,Bedok,4.99,Active
D08709,Jennifer Schmidt,Mpv,Woodlands,4.34,Active
D08710,Daniel Robertson,Mpv,Woodlands,4.38,Active
D08711,Courtney Jones,Mpv,Punggol,4.1,Active
D08712,Eric Martinez,Suv,Yishun,4.71,Active
D08713,Marcus Gibbs,Premium,Singapore,4.29,Active
D08714,Stephanie Ayala DDS,Sedan,Toa Payoh,4.95,Active
D08715,Jason Grant,Hatchback,Tampines,3.6,Active
D08716,Michelle Phelps,Suv,Jurong,4.66,Active
D08717,Michelle Pineda,Sedan,Singapore,3.64,Active
D08718,Thomas Phillips,Sedan,Tampines,3.81,Active
D08719,Daniel Macdonald,Sedan,Bedok,4.68,Active
D08720,Michelle Porter,Mpv,Yishun,4.82,Active
D08721,Haley Martinez,Suv,Punggol,3.54,Active
D08722,Sharon Martinez,Electric,Jurong,3.65,Suspended
D08723,Robert Stevenson,Electric,Punggol,4.12,Active
D08724,Jay Lopez,Suv,Ang Mo Kio,3.87,Active
D08725,Chad Nguyen,Electric,Jurong,4.47,Active
D08726,Cameron Green,Sedan,Jurong,4.87,Active
D08727,Danny Gutierrez,Hatchback,Toa Payoh,4.4,Active
D08728,Jennifer Turner,Suv,Ang Mo Kio,4.82,Active
D08729,Margaret Matthews,Suv,Jurong,4.09,Active
D08730,Eric Harris,Sedan,Jurong,4.21,Active
D08731,Laura Mendoza,Hatchback,Woodlands,4.82,Active
D08732,Christopher Morgan,Electric,Jurong,4.27,Active
D08733,Theresa Bell,Suv,Tampines,4.39,Active
D08734,Kristin Saunders,Hatchback,Punggol,4.8,Inactive
D08735,Jeremy Miller,Hatchback,Yishun,4.81,Active
D08736,Emily Miller,Premium,Tampines,4.41,Active
D08737,John Smith,Mpv,Punggol,4.65,Inactive
D08738,Christian Thompson,Mpv,Singapore,3.95,Active
D08739,Jordan Reid,Mpv,Woodlands,4.67,Suspended
D08740,Jennifer Contreras,Suv,Bishan,4.84,Active
D08741,Gina Stephenson,Mpv,Punggol,3.73,Active
D08742,Sharon Smith,Hatchback,Punggol,4.59,Active
D08743,Jill Perez,Premium,Jurong,3.8,Active
D08744,Erin Koch,Mpv,Punggol,4.68,Active
D08745,Robert Rogers,Electric,Woodlands,3.64,Active
D08746,Matthew Turner,Electric,Singapore,4.58,Active
D08747,Victoria Carter,Mpv,Tampines,4.49,Active
D08748,Casey Hill,Suv,Singapore,4.97,Active
D08749,Virginia Smith,Hatchback,Bishan,4.08,Active
D08750,Mr. Matthew Kim,Hatchback,Punggol,4.24,Active
D08751,Elizabeth Yu,Electric,Bedok,4.47,Active
D08752,Jose Anderson,Suv,Yishun,3.92,Active
D08753,Keith Carpenter,Suv,Yishun,3.88,Active
D08754,Brian Mason,Electric,Yishun,4.04,Suspended
D08755,Kristin Willis,Sedan,Singapore,4.71,Active
D08756,Elizabeth Clark,Premium,Tampines,4.34,Inactive
D08757,Clayton Hill,Sedan,Bishan,3.6,Active
D08758,Robert Stewart,Hatchback,Bedok,4.62,Active
D08759,Brittany Jackson,Electric,Yishun,3.77,Active
D08760,Frank Hurst,Mpv,Toa Payoh,4.7,Active
D08761,Patrick Collins,Mpv,Woodlands,4.17,Active
D08762,Martin Combs,Hatchback,Singapore,4.55,Active
D08763,Jennifer Villa,Sedan,Yishun,4.39,Active
D08764,Ernest Torres,Electric,Yishun,4.17,Active
D08765,Mathew Martinez,Electric,Toa Payoh,3.76,Active
D08766,Heather Schmidt,Electric,Bedok,4.79,Inactive
D08767,Susan Lopez,Sedan,Bishan,4.09,Suspended
D08768,Abigail Ramos,Mpv,Punggol,4.9,Active
D08769,Dylan Roman,Premium,Punggol,3.61,Active
D08770,Kaitlyn Brown,Premium,Ang Mo Kio,4.55,Active
D08771,Ryan Nelson,Premium,Bedok,3.97,Active
D08772,William Huffman,Electric,Toa Payoh,4.53,Active
D08773,Duane Cobb,Suv,Bishan,3.95,Active
D08774,April Barnes,Sedan,Woodlands,3.85,Active
D08775,Cody Jones MD,Premium,Yishun,3.96,Active
D08776,Cory Mckee,Premium,Yishun,3.62,Active
D08777,Edward Lin,Sedan,Ang Mo Kio,3.63,Active
D08778,Alison Gonzalez,Suv,Bishan,3.86,Active
D08779,Fernando Farrell,Sedan,Woodlands,4.3,Active
D08780,Dr. Janet Landry DDS,Electric,Yishun,3.54,Active
D08781,Dana Bailey,Sedan,Yishun,4.27,Active
D08782,Thomas Oconnor,Hatchback,Punggol,3.56,Active
D08783,Donald Doyle,Premium,Jurong,4.0,Active
D08784,Stephen Stone,Suv,Jurong,4.97,Active
D08785,Gina Phillips,Suv,Punggol,3.54,Active
D08786,Rose Peters,Suv,Tampines,3.86,Active
D08787,Amanda Pineda,Mpv,Ang Mo Kio,4.06,Active
D08788,Kelli Klein,Electric,Bedok,4.17,Active
D08789,Peter Perez,Premium,Woodlands,4.2,Active
D08790,Nicole Heath,Electric,Tampines,4.67,Active
D08791,Steven Brown,Hatchback,Toa Payoh,3.53,Active
D08792,Kristine Johnson,Electric,Singapore,3.69,Active
D08793,Deborah Spears,Hatchback,Toa Payoh,3.58,Active
D08794,Sean Vega,Suv,Punggol,4.38,Active
D08795,Robert Conrad,Electric,Bedok,4.74,Active
D08796,Jackie Smith,Suv,Bedok,4.07,Active
D08797,Timothy Brewer,Hatchback,Singapore,4.14,Active
D08798,Amy Mason,Mpv,Bishan,4.64,Active
D08799,Amy Fisher,Premium,Bishan,4.74,Active
D08800,Vanessa Brown,Suv,Punggol,4.69,Active
D08801,Jeremy Cook,Electric,Tampines,4.69,Active
D08802,Michelle Martinez,Premium,Bishan,3.65,Active
D08803,Monica Moore,Mpv,Bishan,4.02,Active
D08804,Michael Johnson,Mpv,Toa Payoh,4.79,Active
D08805,Thomas Davenport,Suv,Punggol,4.05,Active
D08806,Jason Sheppard,Mpv,Jurong,4.34,Active
D08807,Tracy Reed,Suv,Tampines,3.66,Active
D08808,Michael Rivera,Hatchback,Toa Payoh,3.52,Active
D08809,Christy Mercado,Premium,Tampines,3.96,Active
D08810,Calvin Banks,Suv,Yishun,4.07,Active
D08811,Anthony Leonard,Sedan,Yishun,4.09,Active
D08812,Emily Sweeney,Sedan,Bedok,3.96,Active
D08813,David Ramsey,Suv,Jurong,4.11,Active
D08814,Joseph Jones,Premium,Ang Mo Kio,4.24,Inactive
D08815,Michelle Kelly,Hatchback,Bishan,3.99,Active
D08816,Perry Robinson,Sedan,Toa Payoh,4.83,Active
D08817,Julia Coleman,Electric,Ang Mo Kio,3.51,Inactive
D08818,Debra Sharp,Suv,Bishan,3.55,Active
D08819,Jose Ross,Suv,Singapore,3.68,Inactive
D08820,Adam Henry,Electric,Tampines,4.53,Active
D08821,Dwayne Baker,Mpv,Jurong,3.92,Active
D08822,Thomas Gonzalez,Mpv,Bishan,4.78,Active
D08823,Anna Clark,Sedan,Jurong,4.1,Suspended
D08824,Amy Gonzalez,Suv,Bishan,4.15,Active
D08825,Lori Mason,Suv,Singapore,4.98,Active
D08826,Jaclyn French,Mpv,Ang Mo Kio,4.14,Active
D08827,Bobby Keller,Sedan,Bishan,3.98,Active
D08828,Kyle Ray,Premium,Jurong,4.12,Active
D08829,Tamara Harris,Hatchback,Toa Payoh,4.29,Active
D08830,Mallory Rubio,Premium,Ang Mo Kio,3.81,Active
D08831,Nicholas Rivera,Suv,Tampines,4.04,Active
D08832,Raymond White,Mpv,Tampines,3.9,Active
D08833,Jose Wright,Suv,Singapore,4.35,Active
D08834,Tammy Ramirez,Electric,Punggol,3.92,Active
D08835,Mario Caldwell,Sedan,Singapore,4.2,Active
D08836,Andrea Barnes,Mpv,Yishun,4.42,Active
D08837,Nicholas Arellano,Mpv,Bishan,3.87,Active
D08838,Shannon Snow,Electric,Jurong,3.96,Active
D08839,Mitchell Moody,Suv,Ang Mo Kio,3.72,Active
D08840,Sara Zimmerman,Hatchback,Tampines,4.01,Active
D08841,James Carter,Electric,Singapore,3.59,Active
D08842,Kyle Krueger,Suv,Bishan,4.15,Inactive
D08843,Gary Mendoza,Suv,Yishun,3.99,Active
D08844,Faith Hood,Premium,Tampines,3.66,Active
D08845,Christine Fuller,Suv,Jurong,3.89,Active
D08846,Jennifer Davis,Suv,Ang Mo Kio,4.75,Active
D08847,Megan Rodriguez,Premium,Bishan,4.94,Active
D08848,Andrew Williams,Premium,Bishan,4.61,Active
D08849,Alex Glass Jr.,Mpv,Punggol,4.36,Active
D08850,Mark White,Mpv,Bedok,3.84,Active
D08851,Benjamin Hernandez,Electric,Tampines,4.0,Active
D08852,Andrew Mahoney,Hatchback,Tampines,4.88,Active
D08853,Dennis Miller,Premium,Toa Payoh,3.62,Active
D08854,Arthur Smith,Premium,Tampines,4.94,Active
D08855,Cynthia Ruiz,Mpv,Bedok,3.83,Active
D08856,Seth Mora,Premium,Tampines,4.62,Active
D08857,Joseph Brown,Sedan,Toa Payoh,4.88,Active
D08858,Sarah Dunlap,Electric,Punggol,4.39,Active
D08859,Alejandro Bennett,Hatchback,Tampines,4.06,Active
D08860,Judy Padilla,Hatchback,Bishan,4.17,Active
D08861,Steven Pope,Sedan,Toa Payoh,4.61,Active
D08862,Victoria Rasmussen,Premium,Toa Payoh,4.45,Active
D08863,Michelle Lucas,Sedan,Yishun,4.37,Active
D08864,Brian Alexander,Suv,Bishan,4.02,Active
D08865,Leslie Lopez,Electric,Punggol,4.35,Active
D08866,Robert Mcbride,Sedan,Bedok,4.34,Active
D08867,Jacob Ramos,Hatchback,Jurong,3.75,Active
D08868,Cameron Kelley,Electric,Jurong,4.9,Active
D08869,John Peters,Sedan,Singapore,3.94,Active
D08870,Whitney Hubbard,Electric,Woodlands,4.53,Active
D08871,Sarah Bishop,Premium,Punggol,4.52,Active
D08872,Ryan Smith,Mpv,Singapore,4.13,Active
D08873,Julia Arias,Hatchback,Singapore,3.67,Active
D08874,Christian Avila,Premium,Yishun,3.99,Active
D08875,Donna Matthews,Hatchback,Punggol,4.99,Active
D08876,Kimberly Jones,Mpv,Toa Payoh,4.71,Active
D08877,Lisa Caldwell,Mpv,Toa Payoh,4.07,Active
D08878,Nicholas Cunningham,Suv,Bedok,4.83,Suspended
D08879,Robert Ellis DVM,Sedan,Yishun,4.66,Inactive
D08880,Eileen Velez,Suv,Singapore,4.22,Active
D08881,Tiffany Bullock,Sedan,Woodlands,4.17,Active
D08882,Seth Walker,Premium,Bishan,4.14,Active
D08883,Eric Robbins,Premium,Bishan,4.89,Active
D08884,Ross Villa,Hatchback,Jurong,4.93,Active
D08885,Raymond Munoz,Electric,Ang Mo Kio,4.46,Active
D08886,Caitlin Hodges,Sedan,Jurong,3.56,Active
D08887,Valerie Wang,Sedan,Toa Payoh,4.55,Active
D08888,Melissa Yang,Premium,Singapore,3.91,Active
D08889,Kiara Young,Electric,Ang Mo Kio,4.4,Suspended
D08890,Julia Black,Hatchback,Yishun,4.11,Active
D08891,Christine Bennett,Suv,Yishun,3.59,Active
D08892,Steven Lewis,Electric,Tampines,4.18,Active
D08893,Jennifer Roberts,Mpv,Bishan,4.68,Active
D08894,Claudia Hahn,Premium,Toa Payoh,4.83,Active
D08895,Kelly Rose,Mpv,Bedok,3.56,Active
D08896,Ryan Jones,Electric,Jurong,3.98,Active
D08897,Paul Jones,Suv,Singapore,4.39,Active
D08898,Jeanette Gray,Hatchback,Yishun,3.9,Active
D08899,Troy Wilson,Mpv,Woodlands,3.68,Active
D08900,Tara Odonnell,Hatchback,Jurong,4.02,Active
D08901,Jeremiah Richardson,Mpv,Singapore,4.56,Active
D08902,Michael Aguilar,Hatchback,Punggol,3.89,Active
D08903,Haley Jones,Suv,Bishan,4.92,Active
D08904,Rachael Cruz,Mpv,Ang Mo Kio,4.25,Active
D08905,Joseph Hodges,Mpv,Toa Payoh,3.72,Active
D08906,Zachary Collins,Electric,Bishan,4.14,Active
D08907,Laurie Terrell,Premium,Bishan,4.9,Active
D08908,Jonathan Torres,Suv,Yishun,4.75,Active
D08909,Mary Burton,Electric,Bishan,4.06,Active
D08910,Pamela Bishop,Hatchback,Tampines,3.65,Active
D08911,Janet Cunningham,Electric,Toa Payoh,4.08,Active
D08912,David Ramirez,Hatchback,Punggol,3.92,Active
D08913,Marissa Cook,Premium,Ang Mo Kio,4.83,Active
D08914,Michele Ryan,Suv,Woodlands,3.75,Active
D08915,Robin Hunter,Sedan,Punggol,4.71,Active
D08916,Robert Carroll,Hatchback,Punggol,4.4,Active
D08917,Robert Wagner,Mpv,Bishan,4.75,Active
D08918,Bryan Pennington,Electric,Jurong,4.12,Active
D08919,Andrew Washington,Sedan,Jurong,3.64,Active
D08920,Andrew Stone,Mpv,Yishun,3.86,Active
D08921,Lindsay Kidd,Sedan,Bishan,4.41,Active
D08922,Debra Mitchell,Suv,Tampines,3.55,Active
D08923,Larry Brady,Mpv,Toa Payoh,4.55,Active
D08924,Joseph Smith,Hatchback,Yishun,3.66,Active
D08925,Stephanie White,Mpv,Bedok,4.58,Active
D08926,Douglas Jones,Electric,Tampines,4.23,Active
D08927,Megan Scott,Hatchback,Yishun,4.86,Suspended
D08928,Mary Farmer,Hatchback,Bishan,3.93,Inactive
D08929,Angela Crawford,Electric,Ang Mo Kio,4.99,Active
D08930,Amanda Payne,Hatchback,Woodlands,3.98,Active
D08931,Julia Kent,Sedan,Toa Payoh,4.13,Active
D08932,Frances Murray,Sedan,Bedok,3.95,Active
D08933,Donna Murray,Suv,Woodlands,4.44,Active
D08934,Dylan Lopez,Suv,Ang Mo Kio,4.63,Active
D08935,Gary Baker,Sedan,Yishun,4.34,Active
D08936,Michael Byrd,Premium,Woodlands,4.08,Active
D08937,Samantha Walker,Mpv,Tampines,4.57,Active
D08938,Stephen Welch,Hatchback,Woodlands,4.1,Active
D08939,Daniel Blevins,Premium,Ang Mo Kio,4.16,Active
D08940,Andrew Lambert,Hatchback,Woodlands,3.51,Inactive
D08941,Cody Nichols,Mpv,Bedok,4.82,Active
D08942,Rebecca Johnson,Premium,Toa Payoh,3.94,Active
D08943,Deborah Mendez,Suv,Jurong,4.85,Active
D08944,Carmen Bridges,Mpv,Bedok,4.17,Inactive
D08945,Robert Hall,Premium,Yishun,4.05,Active
D08946,John Brown,Mpv,Punggol,4.87,Active
D08947,Jessica Vega,Electric,Jurong,3.95,Active
D08948,Jesse Christensen,Hatchback,Bishan,4.34,Active
D08949,Jennifer Stephens,Hatchback,Woodlands,3.82,Active
D08950,Kristen Bates,Suv,Tampines,4.42,Active
D08951,Mallory Williams,Premium,Yishun,3.99,Active
D08952,Larry Hernandez,Mpv,Bishan,4.69,Active
D08953,Russell Parker,Sedan,Tampines,3.53,Active
D08954,Claudia Ho,Sedan,Toa Payoh,4.67,Active
D08955,Karen Rosario,Suv,Yishun,3.53,Inactive
D08956,Connor Ramirez,Mpv,Tampines,3.99,Active
D08957,Sharon Mclaughlin,Mpv,Woodlands,4.81,Active
D08958,Daniel Chavez,Hatchback,Tampines,4.3,Active
D08959,Emily Atkins,Premium,Punggol,4.91,Active
D08960,David White,Mpv,Ang Mo Kio,3.93,Active
D08961,Julie Williams,Electric,Ang Mo Kio,4.31,Active
D08962,Stephen Lewis,Suv,Yishun,4.38,Active
D08963,Peter Hester,Electric,Punggol,3.51,Active
D08964,Victoria Hernandez,Electric,Tampines,4.94,Active
D08965,Philip Kim,Premium,Ang Mo Kio,4.37,Active
D08966,Jason Ferguson,Mpv,Bedok,4.85,Active
D08967,Theresa Smith,Electric,Bishan,4.38,Active
D08968,Eddie Todd,Electric,Bishan,4.92,Active
D08969,Cameron Smith MD,Sedan,Tampines,4.71,Active
D08970,Victoria Williams,Mpv,Punggol,3.85,Active
D08971,Brent Hunter,Sedan,Punggol,4.19,Active
D08972,Terri Franklin,Hatchback,Punggol,3.9,Active
D08973,Victoria Arias,Mpv,Bedok,4.74,Active
D08974,Jennifer Gonzalez,Hatchback,Ang Mo Kio,4.81,Active
D08975,Tracey Waters,Electric,Tampines,3.56,Active
D08976,David Jackson,Electric,Jurong,4.05,Active
D08977,Elizabeth Wood,Electric,Woodlands,3.72,Active
D08978,Patrick Blanchard,Hatchback,Ang Mo Kio,3.82,Inactive
D08979,Christine Morton,Premium,Jurong,4.45,Active
D08980,Adam Mills,Premium,Punggol,4.17,Active
D08981,Mariah Jones,Electric,Bishan,4.14,Active
D08982,Debra Contreras,Electric,Punggol,4.35,Active
D08983,Gabriel Smith,Mpv,Yishun,4.68,Active
D08984,Jacob Gregory,Mpv,Toa Payoh,3.86,Inactive
D08985,Jared Terrell,Premium,Bedok,4.73,Active
D08986,Amanda Weber,Electric,Bedok,4.69,Active
D08987,David Howe,Electric,Toa Payoh,3.52,Inactive
D08988,Eddie Sanders,Premium,Toa Payoh,3.95,Inactive
D08989,Dustin Chan,Premium,Punggol,4.8,Active
D08990,Deborah Davis,Mpv,Woodlands,4.86,Active
D08991,Tara Noble,Electric,Jurong,4.17,Active
D08992,Michael Green,Suv,Ang Mo Kio,4.14,Active
D08993,Kim Chaney,Hatchback,Woodlands,4.73,Active
D08994,Donald Gray,Sedan,Ang Mo Kio,4.48,Active
D08995,Mary Peterson,Hatchback,Woodlands,4.67,Active
D08996,Joshua Simon,Sedan,Tampines,3.53,Active
D08997,Anna Berry,Premium,Bedok,4.91,Active
D08998,Jeffrey Cobb,Sedan,Ang Mo Kio,3.53,Active
D08999,Thomas Stone,Premium,Singapore,3.59,Active
D09000,David Rojas,Mpv,Toa Payoh,3.65,Active
D09001,Scott Ross,Hatchback,Punggol,4.58,Active
D09002,Victor Welch,Hatchback,Ang Mo Kio,3.99,Active
D09003,Luis Harmon,Suv,Jurong,3.52,Active
D09004,Laura Houston,Suv,Toa Payoh,3.92,Active
D09005,Duane Smith,Electric,Singapore,4.12,Active
D09006,Colleen Walker,Hatchback,Punggol,3.79,Active
D09007,Kevin Robinson,Sedan,Bedok,4.14,Active
D09008,Jennifer Wilcox DVM,Mpv,Jurong,4.91,Active
D09009,Sharon Odom,Hatchback,Bedok,4.48,Active
D09010,Scott Klein,Suv,Yishun,3.99,Active
D09011,Margaret Gilbert,Hatchback,Bedok,3.62,Active
D09012,Nicholas Benson,Hatchback,Singapore,4.43,Inactive
D09013,Beverly Heath,Suv,Ang Mo Kio,3.83,Active
D09014,Heidi Flowers,Hatchback,Bedok,4.07,Active
D09015,Omar Hobbs,Hatchback,Yishun,3.87,Active
D09016,Joshua Anthony,Hatchback,Yishun,4.3,Active
D09017,Edward Knox,Premium,Toa Payoh,3.51,Active
D09018,Diana Davis,Sedan,Yishun,4.91,Active
D09019,Ashley Mosley,Suv,Punggol,4.1,Active
D09020,Angel Collins,Suv,Yishun,3.9,Active
D09021,Melanie Mcdowell,Electric,Singapore,3.5,Active
D09022,Jenny Reyes,Premium,Bedok,3.61,Inactive
D09023,Kelly Bryan,Hatchback,Yishun,3.9,Active
D09024,Charles Burnett,Sedan,Bishan,4.02,Active
D09025,Dustin Webb,Electric,Ang Mo Kio,4.58,Active
D09026,James Richardson,Suv,Woodlands,4.41,Active
D09027,Marcus Moore,Hatchback,Ang Mo Kio,3.51,Active
D09028,Clinton Blackwell,Suv,Toa Payoh,3.88,Active
D09029,Savannah Robles,Sedan,Ang Mo Kio,4.78,Active
D09030,Melanie Wallace,Mpv,Singapore,4.46,Active
D09031,Elizabeth Washington,Mpv,Bishan,3.71,Active
D09032,Amanda Mahoney,Hatchback,Bishan,4.33,Active
D09033,Erin Harvey,Suv,Ang Mo Kio,4.18,Active
D09034,Carlos Martinez,Electric,Singapore,4.7,Inactive
D09035,Elizabeth Ibarra,Suv,Ang Mo Kio,4.12,Active
D09036,Duane Sims,Sedan,Woodlands,5.0,Active
D09037,Christopher Bishop,Electric,Jurong,4.73,Active
D09038,Lindsay Anderson,Premium,Tampines,3.65,Active
D09039,Denise Peterson,Electric,Jurong,4.91,Active
D09040,Mark Barnes,Hatchback,Bishan,4.25,Active
D09041,Joel Davis,Premium,Punggol,4.49,Active
D09042,Julie Walker,Sedan,Bishan,4.26,Active
D09043,Carrie Gray,Electric,Yishun,3.53,Active
D09044,Carl Woods,Mpv,Yishun,3.7,Active
D09045,Lawrence Russell,Premium,Bedok,4.0,Active
D09046,Eric Garcia,Hatchback,Bedok,4.01,Inactive
D09047,Brandon Melendez,Premium,Tampines,4.66,Active
D09048,John Phillips,Premium,Ang Mo Kio,4.77,Inactive
D09049,Jennifer Johnson,Premium,Toa Payoh,4.24,Active
D09050,Laura Wagner,Hatchback,Bedok,3.91,Active
D09051,Donna Rasmussen,Mpv,Jurong,4.99,Active
D09052,Brandon Mercado,Suv,Yishun,4.14,Active
D09053,Shane Johnson,Electric,Singapore,3.78,Active
D09054,Lucas Jones,Premium,Woodlands,4.43,Active
D09055,Lindsey Holmes,Sedan,Tampines,4.57,Active
D09056,Adriana Fuller,Sedan,Tampines,3.63,Active
D09057,Kevin Stanton,Premium,Toa Payoh,4.71,Active
D09058,Brittany Johnson,Hatchback,Tampines,3.74,Active
D09059,Micheal Mcpherson,Premium,Bishan,3.62,Active
D09060,Ashley Morrison,Suv,Woodlands,3.9,Active
D09061,Sarah Lucas,Electric,Punggol,4.49,Active
D09062,Jessica Mueller,Premium,Bishan,4.28,Inactive
D09063,Katrina Clark,Sedan,Jurong,4.14,Active
D09064,Ricardo White,Hatchback,Singapore,4.96,Active
D09065,Ashlee Harris,Sedan,Jurong,4.8,Active
D09066,Karen Copeland,Premium,Jurong,3.63,Active
D09067,Mario Downs,Mpv,Toa Payoh,4.45,Active
D09068,Jamie Gibson,Electric,Woodlands,3.97,Active
D09069,Erica Clark,Premium,Bishan,4.76,Active
D09070,Cheryl Williams,Hatchback,Bedok,4.53,Active
D09071,Monica Decker,Sedan,Yishun,5.0,Active
D09072,Russell Yang,Mpv,Ang Mo Kio,4.18,Active
D09073,Tyler Stanton,Premium,Woodlands,4.95,Active
D09074,Jonathan Smith,Premium,Ang Mo Kio,4.3,Active
D09075,Jeffrey Hayes,Sedan,Singapore,4.64,Active
D09076,Michael Cook,Premium,Bedok,3.54,Active
D09077,Mike Gill,Sedan,Toa Payoh,3.81,Active
D09078,Mason Le,Premium,Bedok,4.45,Active
D09079,Ray Carlson,Mpv,Bishan,4.53,Active
D09080,Todd Gonzalez,Hatchback,Jurong,4.26,Active
D09081,Maria Taylor,Sedan,Jurong,4.61,Active
D09082,Catherine Hart,Sedan,Punggol,3.68,Active
D09083,Lisa Jackson,Mpv,Woodlands,3.88,Active
D09084,Andrea Bradley,Hatchback,Punggol,4.37,Active
D09085,Tracy Garrett,Sedan,Ang Mo Kio,4.81,Active
D09086,Michelle Bell,Electric,Toa Payoh,4.34,Active
D09087,Charles Gonzales,Sedan,Bishan,4.16,Active
D09088,Cody Cochran,Electric,Punggol,4.83,Active
D09089,Juan Spencer,Sedan,Tampines,4.44,Active
D09090,Adrian Rodriguez,Hatchback,Bedok,4.57,Active
D09091,Michael Dunlap,Hatchback,Woodlands,3.56,Inactive
D09092,Erica Patel,Hatchback,Ang Mo Kio,3.96,Active
D09093,Christopher Villarreal,Suv,Jurong,3.96,Active
D09094,Kevin Collins,Sedan,Tampines,4.03,Inactive
D09095,Nicholas Ross,Premium,Bishan,4.56,Active
D09096,Holly Lynch,Electric,Ang Mo Kio,4.43,Active
D09097,Michelle Romero,Suv,Toa Payoh,3.78,Active
D09098,Amber Hood,Mpv,Ang Mo Kio,4.53,Active
D09099,James White,Sedan,Woodlands,4.26,Inactive
D09100,David Brown,Hatchback,Punggol,3.98,Active
D09101,Jacqueline Serrano,Electric,Jurong,3.54,Active
D09102,Christopher Pratt,Suv,Punggol,4.06,Active
D09103,Kaitlyn Mosley,Suv,Punggol,4.97,Inactive
D09104,Kelli Johnson,Premium,Woodlands,3.78,Active
D09105,Krystal Johnson,Hatchback,Bishan,4.93,Active
D09106,Kevin Miranda,Electric,Yishun,4.87,Active
D09107,Jessica Torres,Hatchback,Jurong,4.4,Inactive
D09108,Alyssa Johnson,Electric,Singapore,4.49,Active
D09109,Eric Williams,Premium,Woodlands,4.24,Active
D09110,Christy Sandoval,Premium,Bedok,3.71,Active
D09111,Kylie Padilla,Sedan,Bedok,3.55,Active
D09112,Vanessa Moore,Suv,Yishun,3.73,Active
D09113,Kenneth Kelley,Sedan,Punggol,3.98,Active
D09114,Erik Green,Suv,Bedok,4.08,Active
D09115,Kelly Reynolds,Mpv,Singapore,3.7,Active
D09116,Michael Mccullough,Hatchback,Bedok,3.87,Active
D09117,Ryan Ewing,Hatchback,Yishun,4.43,Active
D09118,Karen Thomas,Suv,Jurong,3.68,Inactive
D09119,Dwayne Newton,Premium,Jurong,4.61,Active
D09120,Catherine Herman,Premium,Bishan,3.59,Active
D09121,Joan Wilson,Premium,Bedok,4.97,Active
D09122,Brian Savage,Mpv,Woodlands,3.62,Active
D09123,Stephen Snyder,Suv,Yishun,4.21,Active
D09124,Brenda Ryan,Electric,Ang Mo Kio,4.04,Active
D09125,Glenda Rodriguez,Hatchback,Bedok,4.38,Active
D09126,John Martinez,Sedan,Tampines,4.72,Active
D09127,Gary Anderson,Sedan,Bishan,4.31,Active
D09128,Maria Wallace,Electric,Woodlands,4.02,Active
D09129,Michelle Whitaker,Premium,Bishan,4.78,Active
D09130,Carl Davidson,Sedan,Jurong,3.83,Active
D09131,Patrick Freeman,Mpv,Singapore,3.79,Active
D09132,Kyle Gomez,Premium,Punggol,4.92,Active
D09133,Barbara Graves,Mpv,Woodlands,4.19,Active
D09134,Cheryl Walker,Electric,Yishun,4.72,Active
D09135,Brandon Butler,Suv,Toa Payoh,3.57,Active
D09136,Hannah Lee,Suv,Tampines,3.74,Active
D09137,Carol Thomas,Suv,Woodlands,4.08,Active
D09138,Jessica Webb,Premium,Tampines,3.98,Active
D09139,Lawrence Ochoa,Electric,Bishan,4.96,Active
D09140,Meghan Chambers,Premium,Punggol,4.27,Active
D09141,George Hall,Mpv,Singapore,4.79,Active
D09142,Kevin Kemp,Mpv,Yishun,4.17,Active
D09143,Brian Klein,Electric,Bishan,4.13,Active
D09144,Ana Powers,Hatchback,Ang Mo Kio,3.94,Active
D09145,Patrick Kelly,Mpv,Singapore,4.32,Active
D09146,Candice Huerta,Mpv,Jurong,4.8,Active
D09147,Veronica Beck,Hatchback,Singapore,4.65,Active
D09148,Amy Lopez,Sedan,Bishan,3.83,Active
D09149,Amy Tucker,Hatchback,Toa Payoh,3.75,Active
D09150,Christopher Parsons,Hatchback,Bishan,3.9,Active
D09151,Marc Ball,Hatchback,Bishan,4.62,Active
D09152,Autumn Davis,Hatchback,Ang Mo Kio,3.56,Active
D09153,Gary Silva,Premium,Singapore,3.92,Active
D09154,James Freeman,Electric,Jurong,3.66,Active
D09155,Michelle George,Suv,Singapore,4.96,Active
D09156,Michael Brooks,Hatchback,Tampines,4.79,Active
D09157,Christopher Simpson,Hatchback,Bedok,3.73,Active
D09158,Laura Fernandez,Suv,Yishun,4.17,Active
D09159,Justin Rogers,Suv,Bedok,4.55,Active
D09160,Gabriella Wallace,Sedan,Yishun,3.95,Active
D09161,Roger Pierce,Hatchback,Singapore,4.15,Active
D09162,Tina Pennington,Mpv,Yishun,4.48,Active
D09163,Crystal Rhodes,Suv,Jurong,4.34,Active
D09164,Kimberly Coleman,Sedan,Bishan,3.81,Active
D09165,Michael Hill,Sedan,Ang Mo Kio,4.72,Active
D09166,Jacqueline Murphy,Premium,Bedok,4.1,Active
D09167,George Logan,Mpv,Toa Payoh,3.85,Active
D09168,Kiara Rodriguez,Hatchback,Toa Payoh,4.6,Active
D09169,Wendy Sellers,Suv,Singapore,3.78,Active
D09170,Mary Cross,Suv,Punggol,4.35,Active
D09171,Travis Barajas,Premium,Punggol,3.68,Active
D09172,Sherry Barber,Premium,Tampines,4.3,Inactive
D09173,Dominic Cooper,Sedan,Bedok,4.48,Active
D09174,Richard Hill,Hatchback,Singapore,4.07,Inactive
D09175,Earl Martin,Mpv,Bedok,3.74,Active
D09176,Christopher Bell,Hatchback,Jurong,4.25,Active
D09177,Jeffrey Obrien,Premium,Ang Mo Kio,4.72,Active
D09178,Ellen Young,Hatchback,Yishun,3.76,Active
D09179,Charles Nichols,Suv,Punggol,4.12,Active
D09180,Jennifer Martin,Sedan,Bedok,3.78,Active
D09181,Grant Garcia,Electric,Bedok,4.07,Active
D09182,Scott Jones,Mpv,Singapore,4.86,Active
D09183,Victoria Morgan,Sedan,Jurong,4.22,Active
D09184,Adam Walker,Electric,Jurong,3.93,Active
D09185,Thomas Davis,Electric,Singapore,4.57,Active
D09186,Joseph English,Suv,Bishan,3.82,Active
D09187,Amanda Conway,Hatchback,Jurong,3.87,Active
D09188,Laura Myers,Electric,Bedok,3.72,Active
D09189,Charles Brewer,Suv,Ang Mo Kio,4.85,Inactive
D09190,Daniel Ellis,Premium,Ang Mo Kio,4.85,Active
D09191,Jackie Collins,Suv,Toa Payoh,4.24,Active
D09192,Sarah West,Electric,Woodlands,3.57,Active
D09193,Debra Johnson,Hatchback,Bishan,3.87,Active
D09194,Jason Hunt,Sedan,Yishun,4.48,Active
D09195,Benjamin Rodriguez,Hatchback,Tampines,3.59,Active
D09196,Carlos Hawkins,Mpv,Ang Mo Kio,3.68,Active
D09197,David Case,Electric,Woodlands,4.92,Active
D09198,Justin Aguilar,Hatchback,Bishan,4.98,Active
D09199,Peter Johnson,Sedan,Bishan,4.54,Active
D09200,Rachel Miller,Suv,Tampines,4.07,Active
D09201,Jon George,Premium,Bedok,3.76,Active
D09202,Jonathan Romero,Sedan,Jurong,4.87,Active
D09203,Stephen Patterson,Sedan,Ang Mo Kio,4.34,Active
D09204,Kristen Davis,Suv,Bishan,3.76,Active
D09205,Beth Robles,Hatchback,Tampines,3.66,Active
D09206,Stacey Rosales,Mpv,Jurong,4.52,Active
D09207,Mary Smith,Electric,Woodlands,4.17,Active
D09208,Brittany Stewart,Mpv,Ang Mo Kio,4.49,Active
D09209,Jessica Diaz,Electric,Singapore,4.14,Active
D09210,Robin Roberts,Suv,Singapore,3.85,Active
D09211,Richard Graves,Electric,Bishan,4.36,Active
D09212,Jesse Torres,Suv,Singapore,4.15,Active
D09213,Mike Johnson,Electric,Yishun,4.72,Active
D09214,Lance Morrison,Hatchback,Punggol,4.31,Active
D09215,Dr. Christopher Mcpherson DVM,Sedan,Tampines,4.83,Active
D09216,Christopher Rodriguez,Hatchback,Punggol,4.95,Active
D09217,Maria Jensen,Suv,Tampines,4.05,Active
D09218,Robin Mitchell,Premium,Ang Mo Kio,4.61,Active
D09219,Marvin Anderson,Mpv,Jurong,3.82,Active
D09220,Joshua Haney,Hatchback,Toa Payoh,4.54,Active
D09221,Taylor Harmon,Electric,Punggol,4.67,Active
D09222,Kevin Alexander,Premium,Ang Mo Kio,3.54,Active
D09223,Michael Sanchez,Electric,Bishan,3.63,Active
D09224,Amanda Perez,Hatchback,Ang Mo Kio,4.88,Active
D09225,Deanna Thompson,Premium,Bishan,4.14,Active
D09226,Nicole Walters,Sedan,Punggol,4.95,Active
D09227,Natalie Taylor,Sedan,Tampines,4.37,Active
D09228,Jeremy Ward,Electric,Bedok,4.02,Active
D09229,Amanda Wilkerson,Electric,Bishan,4.11,Active
D09230,Tyler Bell,Suv,Bishan,3.82,Inactive
D09231,Kelsey Lee,Electric,Tampines,3.54,Active
D09232,Ashley Anderson,Sedan,Woodlands,4.85,Active
D09233,Christopher Hampton,Hatchback,Yishun,3.59,Active
D09234,Jordan Parrish,Hatchback,Toa Payoh,4.79,Active
D09235,Andrea Hubbard,Sedan,Singapore,3.95,Suspended
D09236,Jerry Padilla,Premium,Bedok,3.66,Inactive
D09237,Aaron Rangel,Sedan,Ang Mo Kio,3.75,Active
D09238,Jesse Velez,Sedan,Toa Payoh,4.51,Active
D09239,Patricia Hancock,Sedan,Singapore,3.57,Active
D09240,Mason Freeman,Electric,Bishan,4.28,Active
D09241,Michelle Cunningham,Suv,Yishun,3.91,Active
D09242,Sarah Burke,Hatchback,Yishun,4.38,Active
D09243,Madison Smith,Hatchback,Bishan,4.26,Active
D09244,Jonathan Williams,Mpv,Yishun,4.34,Active
D09245,Alexis Woods,Sedan,Tampines,4.18,Suspended
D09246,Dorothy Davis,Mpv,Ang Mo Kio,4.95,Active
D09247,Lisa Hunt,Electric,Woodlands,4.58,Active
D09248,Kelly Tran,Sedan,Yishun,3.9,Inactive
D09249,Joseph Jensen,Electric,Tampines,4.94,Suspended
D09250,Chloe Martinez DDS,Mpv,Jurong,4.56,Active
D09251,Patrick Butler,Sedan,Toa Payoh,3.67,Active
D09252,David Morgan,Hatchback,Tampines,4.34,Active
D09253,Mario Hughes,Premium,Punggol,4.44,Active
D09254,Elizabeth Johnson,Premium,Jurong,4.79,Active
D09255,Sarah Cox,Sedan,Singapore,4.72,Inactive
D09256,Michael Stone,Sedan,Yishun,3.79,Active
D09257,Victoria Wilson,Hatchback,Bedok,4.92,Active
D09258,Victor Thompson,Electric,Bedok,4.44,Active
D09259,Carla Grimes,Sedan,Tampines,3.68,Active
D09260,Carl Rosales,Hatchback,Singapore,3.56,Active
D09261,Benjamin Hendricks,Mpv,Tampines,3.94,Active
D09262,Mrs. Lindsey Haney,Mpv,Punggol,4.02,Active
D09263,Shawn Hopkins,Mpv,Punggol,4.66,Active
D09264,Kaitlyn Fowler,Suv,Ang Mo Kio,4.97,Active
D09265,Chelsea Mathews,Electric,Bishan,4.57,Active
D09266,David Hernandez,Mpv,Tampines,4.11,Active
D09267,Marco Washington,Premium,Woodlands,4.01,Inactive
D09268,Ashley Martinez,Hatchback,Bedok,3.6,Active
D09269,Robert Mayer,Sedan,Woodlands,4.5,Inactive
D09270,Andrea Anderson,Mpv,Tampines,4.56,Inactive
D09271,Richard Davis,Suv,Tampines,3.95,Active
D09272,Grace Robinson,Sedan,Yishun,4.28,Active
D09273,Ryan Landry,Hatchback,Jurong,3.65,Active
D09274,Brian Mccormick,Suv,Singapore,3.54,Active
D09275,Walter Carroll,Suv,Ang Mo Kio,3.54,Active
D09276,Erika Williams,Electric,Bedok,4.47,Active
D09277,Melissa Kennedy,Premium,Tampines,4.16,Active
D09278,Daisy Williams,Mpv,Bedok,3.64,Active
D09279,Keith Nguyen,Hatchback,Ang Mo Kio,3.81,Active
D09280,Victoria Cunningham,Mpv,Ang Mo Kio,4.59,Active
D09281,Ronnie Weiss,Premium,Bedok,4.35,Active
D09282,Shannon Barajas,Mpv,Bishan,4.65,Active
D09283,Janice Wilson,Premium,Woodlands,3.63,Active
D09284,Richard Reid,Mpv,Toa Payoh,3.63,Active
D09285,Susan Rodriguez,Mpv,Bedok,3.99,Active
D09286,Johnny Berry,Mpv,Toa Payoh,4.8,Active
D09287,Jason Rodriguez,Hatchback,Tampines,3.76,Active
D09288,Jasmin Robinson,Mpv,Woodlands,3.83,Active
D09289,Anna Jones MD,Sedan,Bedok,4.44,Active
D09290,Abigail Yu,Mpv,Bishan,3.61,Active
D09291,Michael Robinson,Sedan,Ang Mo Kio,4.99,Active
D09292,Connor Wilson,Sedan,Bishan,4.24,Active
D09293,Brandon Rodriguez,Premium,Woodlands,3.79,Active
D09294,Robin Fleming,Hatchback,Yishun,3.91,Active
D09295,Kelli Bailey,Sedan,Jurong,3.84,Active
D09296,Renee Schmidt,Mpv,Ang Mo Kio,3.9,Active
D09297,Bradley White,Electric,Bedok,4.34,Inactive
D09298,Sara Gonzalez,Electric,Jurong,4.08,Active
D09299,Vanessa Thomas,Hatchback,Jurong,4.52,Active
D09300,Bradley King,Premium,Bedok,4.86,Active
D09301,Jeffrey Oconnor,Suv,Woodlands,4.26,Active
D09302,Abigail Jackson,Suv,Bishan,4.59,Active
D09303,Lauren Davis,Hatchback,Toa Payoh,4.2,Active
D09304,Andrea Adams,Suv,Bishan,3.72,Inactive
D09305,Connor Griffin,Electric,Tampines,4.39,Active
D09306,Dr. Sharon Huynh,Sedan,Jurong,4.28,Active
D09307,Megan Little,Hatchback,Bishan,3.8,Active
D09308,Jason Duncan,Mpv,Bedok,4.31,Inactive
D09309,Samuel Melton,Mpv,Bishan,4.74,Active
D09310,Preston Williams,Hatchback,Bedok,4.02,Active
D09311,Ethan Villegas,Mpv,Yishun,4.81,Active
D09312,Samantha Cruz,Sedan,Woodlands,3.71,Active
D09313,Donald Adams,Mpv,Bishan,3.52,Active
D09314,Pamela Douglas,Hatchback,Woodlands,4.09,Active
D09315,Mary Lynch,Premium,Punggol,4.27,Active
D09316,Jeremy Gamble,Mpv,Singapore,4.07,Active
D09317,Jason Hughes,Mpv,Yishun,3.96,Active
D09318,Jessica Tanner,Hatchback,Punggol,4.59,Suspended
D09319,Richard Smith,Sedan,Punggol,4.95,Active
D09320,Nancy Martin,Sedan,Toa Payoh,4.1,Active
D09321,John Miller,Hatchback,Bishan,3.61,Active
D09322,Michael Cooper,Sedan,Singapore,4.74,Active
D09323,Sarah Adams,Electric,Bishan,3.66,Active
D09324,Christopher Yu,Sedan,Jurong,4.27,Active
D09325,Dave Thomas,Electric,Bishan,4.27,Active
D09326,Jordan Harmon,Electric,Jurong,4.16,Active
D09327,Mr. Joseph Carney DDS,Electric,Tampines,4.71,Active
D09328,Margaret Mckee,Sedan,Bishan,4.25,Active
D09329,Austin Moore,Hatchback,Singapore,3.56,Active
D09330,Darren Hanson,Suv,Toa Payoh,4.5,Active
D09331,Mindy Davenport,Sedan,Singapore,4.44,Active
D09332,Olivia Pineda,Sedan,Punggol,4.09,Active
D09333,Devin Berger,Mpv,Bishan,3.87,Inactive
D09334,William Bryan,Premium,Tampines,3.69,Active
D09335,Thomas Bryan MD,Premium,Tampines,4.25,Active
D09336,Alicia Velasquez,Sedan,Bishan,4.16,Active
D09337,Austin Hale,Electric,Woodlands,4.83,Active
D09338,Douglas Cox,Hatchback,Ang Mo Kio,4.82,Suspended
D09339,Debbie Gomez,Sedan,Singapore,4.04,Active
D09340,Teresa Sosa,Premium,Singapore,4.22,Inactive
D09341,Meredith Mercer,Premium,Punggol,4.82,Active
D09342,Sheila Flowers,Suv,Toa Payoh,4.53,Active
D09343,Mark Tyler,Electric,Toa Payoh,4.65,Active
D09344,Kenneth Smith,Hatchback,Yishun,4.14,Active
D09345,Jeremy Mills,Premium,Yishun,3.81,Active
D09346,William Blevins,Suv,Jurong,4.7,Active
D09347,Anthony Perry,Hatchback,Ang Mo Kio,4.33,Active
D09348,Richard Nguyen,Hatchback,Bishan,3.89,Active
D09349,Daniel Nicholson,Premium,Woodlands,4.58,Active
D09350,Rebekah Durham,Sedan,Bedok,3.79,Active
D09351,Christopher Short,Mpv,Toa Payoh,3.75,Active
D09352,Jonathan Miller,Mpv,Woodlands,4.92,Active
D09353,Robert Smith,Hatchback,Singapore,3.73,Active
D09354,Andrea Bowen,Hatchback,Toa Payoh,4.52,Active
D09355,Gloria Todd,Hatchback,Bishan,4.06,Inactive
D09356,Kristi Allen,Sedan,Woodlands,3.99,Suspended
D09357,William Miller,Sedan,Jurong,4.68,Active
D09358,Heather Weaver,Hatchback,Punggol,4.8,Active
D09359,Michael Powell,Sedan,Punggol,4.16,Active
D09360,Janice Howard,Electric,Bedok,4.43,Active
D09361,Joseph Paul,Mpv,Woodlands,4.5,Active
D09362,Christina Parrish,Premium,Jurong,4.44,Active
D09363,Bruce Hamilton,Hatchback,Bishan,3.93,Inactive
D09364,Michelle Hobbs,Hatchback,Bishan,4.41,Active
D09365,Alicia Nelson,Mpv,Jurong,4.02,Active
D09366,Mrs. Catherine Hutchinson,Mpv,Punggol,4.66,Active
D09367,Matthew Lawrence,Sedan,Toa Payoh,3.88,Active
D09368,Courtney Smith DDS,Hatchback,Singapore,4.47,Active
D09369,Daniel Jordan,Electric,Ang Mo Kio,4.21,Inactive
D09370,Robert Carson,Premium,Bishan,4.64,Active
D09371,Gerald Roberts,Suv,Jurong,4.18,Active
D09372,Timothy Taylor,Premium,Jurong,3.56,Active
D09373,Katie Fuller,Premium,Jurong,4.03,Active
D09374,Carolyn Evans,Electric,Singapore,3.76,Active
D09375,Christopher Rodriguez,Hatchback,Toa Payoh,4.63,Active
D09376,Manuel Garza,Mpv,Toa Payoh,4.62,Active
D09377,Alyssa Salas,Electric,Toa Payoh,4.84,Active
D09378,Daniel Mcbride,Suv,Woodlands,4.82,Active
D09379,Tracey Lopez,Electric,Ang Mo Kio,4.95,Active
D09380,Marcus Larson,Premium,Singapore,4.6,Active
D09381,Kimberly Boyle,Electric,Bishan,4.88,Active
D09382,Jacob Griffin,Electric,Yishun,4.46,Active
D09383,Mark Kemp,Premium,Jurong,4.62,Active
D09384,John Cordova,Premium,Bishan,3.68,Active
D09385,Phyllis Ellis,Electric,Jurong,3.53,Active
D09386,Paul Sherman,Suv,Punggol,4.99,Active
D09387,Nathan Fisher,Mpv,Punggol,4.8,Active
D09388,Sarah Velasquez,Sedan,Yishun,4.39,Active
D09389,Lauren Cardenas,Electric,Tampines,3.8,Active
D09390,Cynthia Norris,Suv,Woodlands,3.74,Active
D09391,Alicia Silva,Premium,Yishun,3.56,Active
D09392,Jack Wilson,Sedan,Tampines,3.64,Active
D09393,Jonathan Harvey,Mpv,Woodlands,3.64,Active
D09394,Michael Smith,Electric,Singapore,3.95,Active
D09395,Isaiah Hernandez,Electric,Toa Payoh,4.54,Active
D09396,April West,Hatchback,Yishun,4.16,Active
D09397,Mike Jones,Suv,Bishan,3.65,Active
D09398,Denise Cooley,Sedan,Yishun,4.72,Inactive
D09399,Joseph Delgado,Electric,Bedok,4.08,Active
D09400,Donna Brown,Sedan,Toa Payoh,3.8,Active
D09401,John Herring,Hatchback,Tampines,4.4,Active
D09402,Stanley Wu,Sedan,Bedok,3.77,Active
D09403,Gerald Elliott,Sedan,Tampines,3.9,Active
D09404,Danielle Lawson,Electric,Bedok,3.81,Active
D09405,Gordon Garrett,Suv,Bishan,4.84,Active
D09406,Bryan Cervantes,Premium,Singapore,4.34,Active
D09407,Brittany Acosta,Hatchback,Yishun,4.95,Active
D09408,David Fuentes,Sedan,Tampines,4.8,Active
D09409,Anne Mahoney,Sedan,Ang Mo Kio,4.38,Active
D09410,Tyler Fletcher,Sedan,Bedok,4.57,Inactive
D09411,Steven Young,Mpv,Bedok,4.81,Active
D09412,Kathy Diaz,Suv,Punggol,4.48,Active
D09413,Lori Perez,Premium,Tampines,4.92,Active
D09414,Rodney Lawson,Suv,Yishun,4.06,Active
D09415,Elizabeth Thompson,Sedan,Singapore,4.08,Active
D09416,Judith Mcguire,Sedan,Jurong,3.71,Active
D09417,Bradley Riley,Sedan,Singapore,4.65,Active
D09418,Brian Casey MD,Electric,Singapore,4.86,Active
D09419,Steven Anderson,Sedan,Tampines,3.87,Active
D09420,Crystal Blankenship,Sedan,Toa Payoh,4.42,Active
D09421,Maria Case,Hatchback,Tampines,4.5,Active
D09422,Jacob Gutierrez,Hatchback,Ang Mo Kio,3.77,Active
D09423,Christopher Williams,Premium,Toa Payoh,4.15,Active
D09424,Michael Hernandez,Sedan,Bishan,4.93,Active
D09425,Melissa Blankenship,Premium,Singapore,3.96,Active
D09426,Diana Palmer,Mpv,Ang Mo Kio,4.32,Active
D09427,Crystal Miller,Electric,Tampines,4.26,Active
D09428,Mark Smith,Hatchback,Jurong,4.7,Active
D09429,Dana Pennington,Hatchback,Tampines,4.34,Inactive
D09430,Aaron Garcia,Premium,Ang Mo Kio,4.89,Active
D09431,Alexandra Aguilar,Hatchback,Bishan,3.68,Active
D09432,Kristina Wong,Premium,Toa Payoh,3.79,Active
D09433,Jesus Clark,Sedan,Singapore,4.92,Active
D09434,Lindsay Wood,Suv,Singapore,3.7,Active
D09435,Jonathan Barker,Electric,Singapore,4.78,Active
D09436,Selena Thomas,Suv,Punggol,4.39,Active
D09437,Yolanda Hernandez,Suv,Yishun,4.68,Active
D09438,Kathleen Roberts,Electric,Bishan,4.95,Active
D09439,Deanna Rogers,Mpv,Punggol,3.77,Active
D09440,Amanda Martinez,Premium,Singapore,3.61,Active
D09441,Samantha Mcbride,Electric,Ang Mo Kio,4.78,Active
D09442,Lisa Carpenter,Electric,Bishan,4.59,Active
D09443,Dylan Robertson,Premium,Tampines,4.8,Active
D09444,Tyler Hill,Suv,Bishan,4.6,Active
D09445,Michael Kaiser,Hatchback,Punggol,4.9,Active
D09446,Brian Watson,Electric,Bedok,3.74,Active
D09447,Shawn Porter,Premium,Bishan,4.92,Active
D09448,Hannah Fleming,Mpv,Toa Payoh,4.79,Active
D09449,Stacey Kline,Mpv,Punggol,4.35,Active
D09450,Dawn Hawkins,Hatchback,Toa Payoh,3.96,Active
D09451,Mr. David Blankenship,Mpv,Jurong,4.83,Active
D09452,Austin Cunningham,Premium,Tampines,4.13,Active
D09453,Carly Pollard,Electric,Singapore,4.34,Active
D09454,Denise Moran,Electric,Toa Payoh,3.83,Active
D09455,Kimberly Pratt,Premium,Singapore,3.62,Active
D09456,Albert Calderon MD,Sedan,Bedok,4.18,Active
D09457,Phillip Thompson,Hatchback,Yishun,3.91,Active
D09458,Charles Nelson,Mpv,Singapore,4.13,Active
D09459,Luis Potter,Mpv,Punggol,4.91,Active
D09460,Juan Ortiz,Mpv,Ang Mo Kio,4.06,Active
D09461,Michael Wood,Hatchback,Bishan,4.94,Active
D09462,Mr. Bobby Mcfarland,Mpv,Singapore,3.88,Active
D09463,James Murphy,Suv,Ang Mo Kio,4.47,Active
D09464,Morgan Wallace,Electric,Bishan,3.5,Active
D09465,Kenneth Thomas,Sedan,Jurong,4.96,Active
D09466,Joel Marsh,Hatchback,Punggol,3.78,Active
D09467,Natasha Steele,Premium,Bishan,4.66,Inactive
D09468,Elizabeth Hull,Sedan,Ang Mo Kio,4.58,Active
D09469,Nicholas Perez,Premium,Punggol,4.57,Active
D09470,Kelly Miller,Electric,Bishan,4.64,Active
D09471,Jason Faulkner,Hatchback,Woodlands,3.97,Active
D09472,Michael Sanchez,Premium,Tampines,4.15,Active
D09473,Alexis Haney,Sedan,Bedok,4.66,Suspended
D09474,Jose Mata,Electric,Bishan,4.22,Active
D09475,Charles Baird,Mpv,Toa Payoh,4.82,Active
D09476,Marcia Murphy,Hatchback,Ang Mo Kio,4.59,Active
D09477,Sean Alexander,Electric,Woodlands,3.96,Inactive
D09478,Craig Powell,Mpv,Woodlands,4.7,Active
D09479,Trevor Zhang,Premium,Punggol,3.76,Active
D09480,Kylie Rios,Electric,Toa Payoh,4.52,Active
D09481,Emily Allen,Mpv,Yishun,4.14,Active
D09482,Felicia Hayden,Suv,Singapore,3.68,Suspended
D09483,Ross Marquez,Suv,Bishan,4.44,Active
D09484,Rebecca Flores,Electric,Toa Payoh,4.69,Active
D09485,Victor Romero,Electric,Tampines,4.84,Active
D09486,Cory Roberts,Suv,Bedok,3.79,Active
D09487,Amber Smith,Hatchback,Bishan,4.94,Active
D09488,Samuel Cooper,Hatchback,Punggol,4.36,Active
D09489,Kimberly Leach,Premium,Punggol,3.68,Active
D09490,Jeremy Peters,Suv,Bishan,4.63,Active
D09491,Jeremy Stevens,Premium,Ang Mo Kio,4.97,Active
D09492,Joe Lawson,Suv,Toa Payoh,4.54,Active
D09493,Jason Black,Hatchback,Punggol,3.81,Active
D09494,Jessica Brown,Electric,Bishan,4.37,Active
D09495,Lauren Nelson,Hatchback,Toa Payoh,3.54,Active
D09496,Laura Moore,Sedan,Bishan,4.86,Active
D09497,Michael Johnson,Electric,Jurong,4.71,Active
D09498,Eric Ford,Suv,Bishan,4.8,Active
D09499,Lance Friedman,Suv,Bedok,4.84,Active
D09500,Nicole Brown,Sedan,Ang Mo Kio,4.93,Active
D09501,Mark Cardenas,Sedan,Bedok,3.52,Active
D09502,Isaac Garcia,Hatchback,Toa Payoh,4.62,Active
D09503,Kimberly Yates,Suv,Jurong,4.45,Active
D09504,James Patel,Suv,Jurong,4.07,Suspended
D09505,Paul Fuller,Electric,Jurong,3.53,Active
D09506,Vincent Mcgee,Hatchback,Singapore,4.35,Active
D09507,Michael Farrell,Electric,Toa Payoh,4.64,Active
D09508,Aaron Graham,Premium,Punggol,4.12,Active
D09509,Laura Elliott,Electric,Bishan,4.63,Inactive
D09510,Benjamin Fields,Suv,Ang Mo Kio,4.73,Active
D09511,Ashley Howard,Suv,Jurong,4.95,Active
D09512,Sarah Tate,Hatchback,Punggol,4.28,Active
D09513,Jill Small,Suv,Toa Payoh,4.39,Active
D09514,Justin Jensen,Electric,Bedok,4.37,Active
D09515,Anthony Pham,Mpv,Punggol,4.75,Active
D09516,James Allen,Electric,Ang Mo Kio,3.59,Active
D09517,Dr. Ralph Diaz,Suv,Woodlands,4.42,Active
D09518,Laura Evans,Suv,Tampines,3.54,Active
D09519,Jim Hammond,Premium,Tampines,4.93,Active
D09520,Danny Williams,Hatchback,Tampines,4.09,Active
D09521,Joshua Hoffman,Suv,Ang Mo Kio,4.27,Active
D09522,Rachel Bell,Premium,Bedok,4.2,Active
D09523,Carolyn Ashley,Electric,Toa Payoh,4.15,Active
D09524,Robert Wong,Mpv,Yishun,4.82,Active
D09525,Scott Nguyen,Mpv,Woodlands,4.88,Active
D09526,Misty Beasley,Premium,Bedok,3.71,Active
D09527,Derek Lane,Premium,Singapore,3.85,Active
D09528,Lisa Burgess,Electric,Bishan,4.64,Active
D09529,Morgan Davis,Sedan,Ang Mo Kio,3.67,Active
D09530,Charles Ball,Premium,Singapore,4.25,Active
D09531,Steven Cummings,Hatchback,Ang Mo Kio,4.92,Active
D09532,Lisa Crosby,Mpv,Woodlands,4.31,Active
D09533,Kevin Brady,Suv,Singapore,4.2,Active
D09534,Steven Mills,Premium,Bedok,3.72,Inactive
D09535,Kelly Petersen,Suv,Punggol,4.82,Active
D09536,Mary Adams,Electric,Ang Mo Kio,4.0,Active
D09537,Hunter Savage,Mpv,Bishan,4.95,Active
D09538,Tamara Thompson,Sedan,Ang Mo Kio,4.12,Active
D09539,Randy Harvey,Electric,Toa Payoh,4.01,Active
D09540,David Choi,Mpv,Jurong,3.61,Inactive
D09541,Elizabeth Miller,Premium,Punggol,3.55,Active
D09542,Matthew Vasquez,Premium,Jurong,4.64,Active
D09543,Elizabeth Martin,Suv,Tampines,3.94,Active
D09544,Richard Barnett,Mpv,Bishan,3.68,Inactive
D09545,Matthew Whitney,Hatchback,Yishun,4.51,Active
D09546,Charles Walker,Hatchback,Yishun,4.2,Active
D09547,Stacey Lee,Electric,Singapore,4.74,Active
D09548,Patrick Hart,Sedan,Toa Payoh,4.22,Active
D09549,Eddie Waller,Hatchback,Woodlands,4.14,Active
D09550,Joseph Bell,Mpv,Tampines,4.03,Active
D09551,Jasmine Martinez DDS,Hatchback,Toa Payoh,4.43,Inactive
D09552,Teresa Norton,Mpv,Tampines,3.64,Active
D09553,Patricia Nguyen,Sedan,Bishan,4.96,Active
D09554,Amber Christensen,Premium,Bedok,4.16,Active
D09555,Stacey Elliott,Mpv,Toa Payoh,4.79,Active
D09556,Paul Santana,Suv,Ang Mo Kio,4.18,Active
D09557,Timothy Rodriguez,Electric,Ang Mo Kio,3.8,Suspended
D09558,Kimberly Gonzalez,Hatchback,Bishan,4.06,Active
D09559,Martin Moore,Hatchback,Yishun,4.09,Active
D09560,Brenda Castillo,Hatchback,Toa Payoh,3.66,Active
D09561,Jasmine Bernard,Sedan,Bishan,4.69,Active
D09562,Tiffany Gilbert,Suv,Yishun,4.16,Active
D09563,Catherine Lee,Suv,Jurong,4.14,Active
D09564,Erica Howard,Suv,Tampines,3.78,Active
D09565,James Franklin,Electric,Punggol,4.95,Active
D09566,Briana Gardner,Mpv,Ang Mo Kio,4.9,Active
D09567,Joel Harris,Premium,Toa Payoh,4.95,Active
D09568,Nicholas Johnson,Suv,Singapore,4.34,Active
D09569,Nicholas Rios,Electric,Punggol,4.99,Active
D09570,Melissa Mitchell MD,Mpv,Singapore,4.04,Active
D09571,Ashley Martinez,Hatchback,Bedok,4.13,Active
D09572,Connie Maldonado,Suv,Bedok,3.94,Active
D09573,Randy Lewis,Premium,Yishun,3.75,Active
D09574,Renee Reilly,Hatchback,Jurong,4.25,Inactive
D09575,Justin Lucas,Premium,Punggol,4.75,Active
D09576,Kiara Butler,Premium,Jurong,4.03,Active
D09577,Daniel Smith,Hatchback,Bedok,3.9,Active
D09578,Brandon Green,Mpv,Yishun,4.17,Active
D09579,Courtney Thomas,Electric,Toa Payoh,5.0,Active
D09580,Danny Carr,Electric,Ang Mo Kio,4.16,Active
D09581,Mrs. Mary Robinson,Premium,Tampines,4.47,Active
D09582,Pamela Walters,Electric,Jurong,4.97,Active
D09583,Jessica Brown,Suv,Woodlands,4.39,Active
D09584,Jonathan Reyes,Sedan,Punggol,3.97,Active
D09585,Tiffany Smith,Premium,Bedok,4.54,Active
D09586,Christopher Donovan,Electric,Singapore,3.89,Active
D09587,Andre Gray,Suv,Yishun,4.96,Active
D09588,Thomas Wright,Hatchback,Bedok,4.52,Active
D09589,Brittany Miller,Mpv,Singapore,3.52,Active
D09590,David Murphy,Mpv,Jurong,4.38,Active
D09591,Debra Robinson,Mpv,Yishun,4.88,Active
D09592,Steven Mcdowell,Premium,Bedok,4.65,Active
D09593,Kelli Andrews,Suv,Singapore,4.61,Active
D09594,Jaime Huerta,Electric,Bishan,4.06,Active
D09595,Chelsea Silva,Suv,Bishan,3.73,Active
D09596,Tamara Barnes,Mpv,Jurong,4.27,Active
D09597,Carolyn Evans,Suv,Yishun,3.77,Active
D09598,Holly Novak,Sedan,Woodlands,4.81,Active
D09599,Christopher Jackson,Hatchback,Punggol,3.82,Active
D09600,Richard Austin,Hatchback,Yishun,4.96,Active
D09601,Melissa Salas,Sedan,Singapore,4.88,Active
D09602,Raymond Morgan,Suv,Tampines,4.8,Active
D09603,Melissa Mercado,Electric,Punggol,4.22,Active
D09604,Leslie Alexander,Suv,Ang Mo Kio,4.87,Active
D09605,Katherine Brown,Mpv,Bedok,4.53,Active
D09606,Mary Coleman,Sedan,Bedok,4.39,Inactive
D09607,Brittany Taylor,Mpv,Woodlands,4.3,Active
D09608,Aaron Thomas,Mpv,Bishan,4.66,Active
D09609,Joseph Guerrero,Sedan,Tampines,3.95,Active
D09610,Robin Bates,Electric,Singapore,4.24,Active
D09611,Cassandra Vazquez,Mpv,Singapore,4.3,Active
D09612,John Fry,Mpv,Singapore,4.64,Active
D09613,Susan White,Suv,Toa Payoh,3.7,Active
D09614,Joshua Merritt,Sedan,Bishan,4.52,Active
D09615,Keith Johnson,Sedan,Yishun,4.48,Active
D09616,Amanda Weeks,Premium,Woodlands,3.74,Active
D09617,Sara Pruitt,Premium,Woodlands,4.46,Active
D09618,Kathryn Phillips,Hatchback,Woodlands,5.0,Inactive
D09619,Cassandra Smith,Suv,Bedok,4.25,Active
D09620,Matthew Stark Jr.,Mpv,Ang Mo Kio,3.95,Active
D09621,Joshua Miller,Hatchback,Punggol,4.15,Active
D09622,Michael Davis,Electric,Woodlands,3.89,Active
D09623,Thomas Sweeney,Sedan,Woodlands,4.08,Active
D09624,Scott Werner,Suv,Bishan,4.59,Active
D09625,Shannon Perez,Mpv,Ang Mo Kio,3.63,Active
D09626,Terri Kennedy,Electric,Punggol,4.86,Active
D09627,Gerald Hansen,Electric,Jurong,4.7,Inactive
D09628,Gabrielle Shaw,Sedan,Singapore,4.14,Active
D09629,Deanna Patterson,Premium,Yishun,3.6,Active
D09630,Brent Mcdonald,Sedan,Tampines,3.99,Active
D09631,Dorothy Phelps,Premium,Ang Mo Kio,4.69,Active
D09632,Casey Kelly,Mpv,Bishan,4.54,Active
D09633,Terry Jones,Sedan,Tampines,3.7,Active
D09634,Maria Wells,Sedan,Yishun,3.87,Active
D09635,Robert Oconnor,Sedan,Punggol,4.33,Active
D09636,Sergio Nguyen,Hatchback,Jurong,4.38,Active
D09637,Joseph Randolph,Sedan,Ang Mo Kio,4.97,Active
D09638,Ashlee Rose,Suv,Toa Payoh,3.83,Active
D09639,Sharon Cole,Hatchback,Punggol,4.94,Active
D09640,Destiny Johnson,Sedan,Yishun,4.6,Active
D09641,Denise Gill,Hatchback,Toa Payoh,4.76,Active
D09642,Charles Smith,Mpv,Bedok,3.7,Active
D09643,Lauren Beltran,Hatchback,Woodlands,4.52,Active
D09644,Lisa Brown,Hatchback,Woodlands,3.81,Active
D09645,Amanda Clark,Electric,Tampines,4.99,Active
D09646,James Nguyen,Sedan,Woodlands,3.53,Active
D09647,Keith Nelson,Suv,Punggol,4.24,Active
D09648,Anna Harris,Hatchback,Woodlands,3.91,Active
D09649,Crystal Henderson,Premium,Toa Payoh,4.72,Inactive
D09650,Gary Mills,Hatchback,Punggol,4.05,Active
D09651,Jonathan Robbins,Premium,Jurong,4.22,Active
D09652,Holly Patton,Hatchback,Woodlands,3.99,Active
D09653,Charles Leblanc,Hatchback,Jurong,3.84,Active
D09654,Christine Allen,Hatchback,Jurong,4.6,Active
D09655,Emma Green,Sedan,Punggol,4.79,Active
D09656,Steven Dean,Suv,Bishan,4.14,Active
D09657,Larry Johnson,Suv,Ang Mo Kio,4.31,Active
D09658,Amber Nguyen,Sedan,Singapore,3.62,Inactive
D09659,Thomas Norton,Mpv,Yishun,3.87,Active
D09660,Teresa Chavez,Sedan,Jurong,4.15,Inactive
D09661,Daniel Baker,Hatchback,Yishun,4.46,Active
D09662,Jacqueline Garcia,Mpv,Bedok,3.68,Active
D09663,Christopher Sims,Electric,Singapore,4.09,Active
D09664,Ian Pacheco,Mpv,Toa Payoh,4.07,Active
D09665,Christopher Clarke,Hatchback,Tampines,4.81,Active
D09666,Gabriel Anderson,Premium,Singapore,4.73,Active
D09667,Hannah Rodriguez,Premium,Toa Payoh,4.94,Active
D09668,Tracy Ray,Mpv,Jurong,4.36,Active
D09669,Tony Lucero,Premium,Yishun,4.96,Active
D09670,Tara Mueller,Electric,Tampines,3.83,Active
D09671,Joseph Howard,Suv,Tampines,3.57,Active
D09672,Shannon Jensen,Hatchback,Bedok,3.76,Active
D09673,Carolyn Madden,Hatchback,Punggol,3.69,Active
D09674,Brandi Lynch,Hatchback,Toa Payoh,3.75,Active
D09675,Taylor Adams,Suv,Woodlands,3.59,Active
D09676,Jonathan Hale,Hatchback,Yishun,4.05,Active
D09677,James Ramos,Sedan,Ang Mo Kio,4.46,Active
D09678,Aaron Jackson,Sedan,Bedok,4.63,Active
D09679,Hannah Hill,Premium,Yishun,4.28,Active
D09680,Jeremy Barker,Suv,Toa Payoh,4.0,Active
D09681,Brian Bailey,Sedan,Punggol,4.28,Active
D09682,Angela Perry,Sedan,Ang Mo Kio,4.53,Inactive
D09683,Andrew Hernandez,Suv,Toa Payoh,4.64,Active
D09684,Jessica Rose,Sedan,Ang Mo Kio,4.4,Active
D09685,Tracy Fernandez,Electric,Bedok,4.58,Active
D09686,Michelle Powell,Sedan,Woodlands,4.97,Active
D09687,Sarah Daniel,Suv,Woodlands,4.72,Active
D09688,Tracy Kim,Sedan,Toa Payoh,3.65,Inactive
D09689,Thomas Franco,Sedan,Punggol,3.99,Active
D09690,Ethan Harper,Sedan,Tampines,4.99,Active
D09691,Sean Wilkinson,Suv,Bedok,4.72,Active
D09692,Nathan Bailey,Sedan,Yishun,3.86,Active
D09693,Jamie Goodwin,Suv,Ang Mo Kio,3.54,Active
D09694,Mark Mitchell,Electric,Yishun,3.63,Active
D09695,Jill Brooks,Hatchback,Tampines,4.49,Inactive
D09696,Anthony Gomez,Premium,Bedok,4.14,Active
D09697,Gina Collier,Hatchback,Singapore,3.68,Active
D09698,Cindy Salazar,Electric,Toa Payoh,4.13,Active
D09699,Nicole Miller,Suv,Bishan,4.47,Active
D09700,Sean Hernandez,Sedan,Bedok,4.45,Active
D09701,Abigail Shaw,Electric,Bishan,4.62,Active
D09702,Michael Miller,Hatchback,Toa Payoh,3.67,Inactive
D09703,John Rivera,Electric,Toa Payoh,4.42,Active
D09704,John Stephens,Mpv,Tampines,4.36,Active
D09705,Eduardo Rangel,Suv,Jurong,4.99,Active
D09706,Joy Torres,Hatchback,Bishan,3.98,Active
D09707,Ryan Powers,Suv,Bedok,4.34,Active
D09708,Kathleen Young,Sedan,Tampines,4.05,Active
D09709,Abigail Jones,Suv,Singapore,3.74,Inactive
D09710,Kevin Weber Jr.,Electric,Punggol,4.34,Active
D09711,David Smith,Premium,Toa Payoh,3.77,Active
D09712,Jeffrey Green,Mpv,Woodlands,4.81,Active
D09713,Cheryl Johnson,Premium,Toa Payoh,4.41,Active
D09714,Hunter Callahan,Hatchback,Ang Mo Kio,3.96,Active
D09715,Lori Butler,Premium,Tampines,3.59,Active
D09716,Robert Nguyen,Sedan,Jurong,4.67,Active
D09717,Kevin Mcgee,Electric,Punggol,4.71,Active
D09718,Antonio Walker,Hatchback,Bishan,4.52,Active
D09719,Marcus Mays,Hatchback,Jurong,4.19,Active
D09720,Travis Baker,Suv,Tampines,4.52,Active
D09721,Summer Cobb,Premium,Ang Mo Kio,4.23,Active
D09722,Jennifer Robinson,Hatchback,Woodlands,4.04,Active
D09723,Austin Aguilar,Suv,Jurong,4.4,Active
D09724,Aimee Walker,Sedan,Woodlands,4.38,Active
D09725,Kelli Barker,Suv,Bedok,3.98,Active
D09726,Mark Johnson,Mpv,Tampines,3.74,Active
D09727,Julie Sandoval,Suv,Bedok,4.97,Active
D09728,Cynthia Decker,Mpv,Tampines,4.67,Active
D09729,Lindsey Smith,Suv,Bishan,3.89,Active
D09730,Michelle Murray,Premium,Singapore,4.67,Active
D09731,Kevin Mcbride,Mpv,Tampines,3.66,Active
D09732,Taylor Richards,Electric,Punggol,4.46,Active
D09733,Dorothy Hurley,Hatchback,Woodlands,4.36,Active
D09734,Jeremy Gilmore,Sedan,Jurong,3.74,Active
D09735,Samantha Jones,Suv,Yishun,4.0,Active
D09736,Kaitlin Johnson,Mpv,Bishan,4.93,Active
D09737,Joseph Day,Electric,Jurong,3.85,Active
D09738,Taylor Long,Suv,Toa Payoh,4.0,Active
D09739,Kayla Rojas,Mpv,Toa Payoh,4.99,Inactive
D09740,Nicole Campbell,Suv,Jurong,3.99,Active
D09741,Taylor Scott,Hatchback,Ang Mo Kio,4.97,Active
D09742,Meagan Lee,Sedan,Toa Payoh,4.67,Active
D09743,Stephanie Pearson,Electric,Woodlands,4.13,Inactive
D09744,Randall Lewis,Sedan,Bishan,3.9,Active
D09745,Andrew Villanueva,Electric,Bedok,3.77,Active
D09746,David Dorsey,Premium,Bishan,3.82,Active
D09747,Jeremy Ritter,Mpv,Tampines,3.56,Active
D09748,Stephen Farrell,Electric,Singapore,3.84,Active
D09749,Kenneth Trevino,Premium,Yishun,3.99,Active
D09750,Misty Spence,Electric,Bedok,4.95,Active
D09751,Michelle Lopez,Hatchback,Woodlands,3.51,Active
D09752,Thomas Sellers,Sedan,Singapore,4.4,Active
D09753,Melissa Cook,Premium,Ang Mo Kio,3.93,Active
D09754,Jennifer Jackson,Premium,Ang Mo Kio,3.83,Active
D09755,Morgan Miller,Hatchback,Yishun,4.33,Active
D09756,Molly Bailey,Mpv,Punggol,3.67,Active
D09757,Ivan Wells,Mpv,Bishan,4.55,Active
D09758,Maria Jefferson,Suv,Bishan,3.81,Active
D09759,Kimberly Vazquez,Hatchback,Woodlands,4.1,Active
D09760,Mr. Brendan Miller,Mpv,Yishun,4.4,Active
D09761,Kelly Foley,Electric,Toa Payoh,4.64,Suspended
D09762,George Thomas,Premium,Bishan,3.88,Inactive
D09763,Donna James,Suv,Bedok,4.53,Active
D09764,Nathan Kane,Sedan,Punggol,4.21,Inactive
D09765,Jonathan Stewart,Electric,Ang Mo Kio,3.82,Active
D09766,Kathleen Ryan,Suv,Ang Mo Kio,4.98,Active
D09767,Isaiah Garza,Mpv,Bedok,3.61,Active
D09768,Jorge Mcdonald,Premium,Bishan,4.69,Active
D09769,Vanessa Gomez,Premium,Singapore,4.55,Active
D09770,Thomas Solis,Premium,Toa Payoh,4.78,Active
D09771,Ashley Higgins MD,Electric,Jurong,4.45,Active
D09772,Monica Flores,Electric,Tampines,3.71,Active
D09773,Christopher Lambert,Sedan,Punggol,3.84,Active
D09774,Curtis Castillo,Suv,Yishun,3.87,Active
D09775,John Gonzalez,Mpv,Punggol,4.19,Inactive
D09776,Dr. Joshua Cruz,Sedan,Bedok,4.55,Active
D09777,Samantha Morton,Hatchback,Punggol,4.26,Active
D09778,Emily Neal,Mpv,Ang Mo Kio,4.97,Active
D09779,Allen Payne,Mpv,Bishan,4.63,Active
D09780,Cristina Powers,Premium,Singapore,3.7,Active
D09781,Kimberly Garcia,Premium,Singapore,4.27,Active
D09782,Lauren Castro,Suv,Yishun,3.58,Active
D09783,Chad Mullen,Premium,Singapore,3.97,Active
D09784,Brittany Frye,Suv,Punggol,4.76,Active
D09785,Douglas Valencia,Sedan,Punggol,4.07,Inactive
D09786,Raymond Thompson,Hatchback,Bedok,4.62,Active
D09787,Lee Miller,Hatchback,Toa Payoh,4.53,Active
D09788,Kaylee Sampson,Electric,Bishan,4.56,Active
D09789,Daisy Riley,Hatchback,Jurong,3.86,Inactive
D09790,John Smith,Hatchback,Bedok,4.12,Active
D09791,Catherine Johnson,Hatchback,Bedok,4.27,Active
D09792,Randall James,Hatchback,Bishan,3.62,Active
D09793,Kara Gonzales,Mpv,Woodlands,4.89,Active
D09794,Wayne Sanders,Hatchback,Tampines,4.45,Suspended
D09795,Mark Hatfield,Premium,Jurong,4.7,Active
D09796,John Sparks,Hatchback,Yishun,3.65,Active
D09797,Jessica Barton,Premium,Bishan,3.84,Active
D09798,Alyssa Luna,Electric,Yishun,3.98,Active
D09799,William Barrera,Electric,Punggol,4.57,Active
D09800,Joan Garza,Suv,Jurong,3.93,Active
D09801,Jimmy Francis,Mpv,Punggol,3.53,Suspended
D09802,Mark Walters,Suv,Woodlands,3.81,Active
D09803,Natasha Burnett,Mpv,Singapore,4.56,Active
D09804,Nina Wiley,Sedan,Jurong,4.02,Active
D09805,James Hill,Premium,Yishun,4.04,Active
D09806,Theresa Butler,Mpv,Bishan,3.74,Active
D09807,Jacob Good,Premium,Woodlands,4.9,Active
D09808,Julie Huffman,Hatchback,Jurong,3.92,Active
D09809,Oscar Miller,Premium,Jurong,3.8,Active
D09810,Jordan Carpenter,Electric,Yishun,4.3,Inactive
D09811,Michael Evans,Premium,Bishan,3.9,Active
D09812,Jason Butler,Electric,Punggol,4.29,Active
D09813,Linda Barnes,Sedan,Woodlands,4.45,Active
D09814,Christina Rivera,Electric,Ang Mo Kio,4.9,Active
D09815,Joshua Blackwell,Hatchback,Bishan,4.02,Active
D09816,Michael Mitchell,Electric,Bedok,4.95,Active
D09817,Kathryn Carter,Sedan,Woodlands,3.54,Active
D09818,Tracy Russell,Sedan,Bishan,3.71,Active
D09819,Roberta Martin,Suv,Yishun,4.36,Active
D09820,Julia Peterson,Hatchback,Woodlands,3.69,Suspended
D09821,Joseph Phillips,Hatchback,Jurong,4.93,Active
D09822,Dawn Nixon,Sedan,Woodlands,4.49,Active
D09823,Amanda Johnson,Premium,Woodlands,4.26,Inactive
D09824,Kenneth Gates,Suv,Jurong,4.99,Active
D09825,Kimberly Manning,Hatchback,Bishan,4.24,Active
D09826,Matthew Villanueva,Mpv,Ang Mo Kio,4.73,Active
D09827,Amanda Campbell,Sedan,Bedok,3.93,Active
D09828,Suzanne Bryant,Electric,Bishan,4.41,Inactive
D09829,Bradley Erickson,Suv,Jurong,4.87,Active
D09830,Crystal Poole,Mpv,Bedok,3.89,Active
D09831,Jason Archer,Sedan,Yishun,4.79,Active
D09832,Pamela Jenkins,Suv,Yishun,3.76,Active
D09833,Jill Reed,Suv,Woodlands,3.66,Active
D09834,Tammy Skinner,Sedan,Singapore,3.71,Active
D09835,Haley Rollins,Hatchback,Singapore,4.15,Active
D09836,Lisa Porter,Premium,Bishan,3.69,Active
D09837,Sharon Williams,Suv,Yishun,4.45,Active
D09838,Gerald Cooper,Hatchback,Woodlands,4.54,Active
D09839,Frank Robertson,Sedan,Punggol,4.13,Active
D09840,Cameron Douglas,Sedan,Jurong,4.37,Active
D09841,Thomas Owens,Premium,Yishun,4.92,Active
D09842,Barry Lee,Suv,Ang Mo Kio,4.58,Inactive
D09843,Lisa Hall,Sedan,Singapore,3.88,Active
D09844,Isaac Arias,Electric,Tampines,3.9,Active
D09845,Rachel Thomas,Hatchback,Toa Payoh,4.02,Active
D09846,Michael Contreras,Premium,Woodlands,4.23,Inactive
D09847,Nicholas Munoz,Premium,Ang Mo Kio,3.5,Active
D09848,Cynthia Lambert,Hatchback,Toa Payoh,4.41,Active
D09849,Heather Perez,Mpv,Toa Payoh,4.72,Active
D09850,Hunter Tyler,Premium,Woodlands,4.97,Suspended
D09851,Crystal Leblanc,Suv,Bedok,4.26,Active
D09852,Peter Olson,Mpv,Jurong,4.9,Inactive
D09853,Daniel Douglas,Electric,Bishan,4.1,Active
D09854,Ryan Miller,Premium,Ang Mo Kio,3.76,Active
D09855,William Woodard,Premium,Woodlands,4.5,Active
D09856,Barry Gordon,Mpv,Punggol,4.03,Active
D09857,Austin Davis,Suv,Tampines,4.41,Active
D09858,David Kennedy,Electric,Woodlands,3.59,Active
D09859,Kenneth Webb,Hatchback,Bishan,3.75,Active
D09860,Theresa Anderson,Sedan,Woodlands,4.26,Active
D09861,David Vasquez,Premium,Bedok,4.35,Active
D09862,Adrian Marshall,Premium,Toa Payoh,4.41,Inactive
D09863,Joseph Mcconnell,Hatchback,Toa Payoh,4.32,Active
D09864,Cathy Nelson,Suv,Punggol,4.85,Active
D09865,Brittany Howard,Suv,Ang Mo Kio,4.84,Active
D09866,Hayley Thomas,Hatchback,Punggol,3.51,Active
D09867,Dale Austin,Hatchback,Singapore,4.15,Active
D09868,Haley Osborn,Premium,Woodlands,3.88,Active
D09869,Teresa Schmidt,Electric,Toa Payoh,4.18,Active
D09870,Sherri Henry,Sedan,Punggol,4.01,Active
D09871,Christopher Long,Suv,Yishun,3.97,Active
D09872,Justin Anderson,Suv,Jurong,4.72,Active
D09873,Kyle Brown,Electric,Jurong,3.79,Active
D09874,Jason Elliott,Sedan,Singapore,4.47,Active
D09875,Catherine Hensley,Electric,Bishan,4.45,Active
D09876,Michael Kennedy,Sedan,Ang Mo Kio,4.62,Inactive
D09877,Deborah Townsend,Mpv,Yishun,4.52,Active
D09878,Christine Shaffer,Sedan,Bedok,3.85,Active
D09879,Matthew Sellers,Suv,Bishan,3.78,Active
D09880,William Thomas,Electric,Woodlands,4.03,Active
D09881,Samuel Robinson,Sedan,Bishan,4.67,Active
D09882,Sharon Bell,Premium,Ang Mo Kio,4.59,Active
D09883,Jeffrey Johnson,Mpv,Toa Payoh,4.09,Inactive
D09884,Michael Porter,Suv,Bedok,5.0,Active
D09885,Jennifer Montes,Hatchback,Tampines,4.09,Active
D09886,Carolyn Townsend,Hatchback,Ang Mo Kio,4.93,Active
D09887,Audrey Johnson,Electric,Bishan,4.76,Active
D09888,Michael Sanders,Suv,Bishan,3.8,Active
D09889,Leah Hendricks,Sedan,Punggol,3.51,Active
D09890,George Gonzales,Sedan,Yishun,4.42,Active
D09891,Michael Yang,Suv,Toa Payoh,3.63,Active
D09892,Sarah Schmidt,Mpv,Bishan,4.33,Active
D09893,April Davis,Mpv,Yishun,4.31,Active
D09894,Mrs. Kelly Kim,Mpv,Jurong,4.39,Active
D09895,Amber Smith,Premium,Punggol,3.81,Active
D09896,Mark Roberts,Suv,Tampines,4.52,Active
D09897,Kristin Ayala,Sedan,Yishun,3.96,Active
D09898,Terry Phillips,Sedan,Ang Mo Kio,4.88,Suspended
D09899,Curtis Becker,Sedan,Punggol,4.03,Active
D09900,David Lucero,Suv,Woodlands,4.74,Inactive
D09901,Austin Williams,Premium,Yishun,4.85,Suspended
D09902,Shannon Calhoun,Mpv,Ang Mo Kio,4.8,Active
D09903,Brian Hernandez,Mpv,Tampines,4.79,Active
D09904,Frank Lee,Premium,Bedok,4.64,Inactive
D09905,Tom Wilson,Hatchback,Singapore,4.05,Active
D09906,Debra Ruiz,Electric,Singapore,4.36,Active
D09907,Sue Johnson,Sedan,Punggol,3.79,Active
D09908,Kristen Thompson,Electric,Punggol,4.97,Active
D09909,Kristin Pace,Electric,Toa Payoh,3.72,Active
D09910,Andrew Meyer,Premium,Tampines,4.26,Active
D09911,Hunter Stanton,Suv,Yishun,3.58,Active
D09912,Marcus Deleon,Hatchback,Ang Mo Kio,4.42,Active
D09913,Miss Angela Mason DDS,Suv,Bishan,4.97,Active
D09914,Monica Brown,Sedan,Woodlands,3.93,Active
D09915,Audrey Morrow,Premium,Bishan,4.32,Active
D09916,Kathleen Cameron,Premium,Woodlands,3.73,Active
D09917,Jesse Shelton,Electric,Singapore,4.49,Active
D09918,Kevin Murphy,Suv,Ang Mo Kio,4.97,Active
D09919,Michelle Lewis,Mpv,Jurong,4.27,Active
D09920,Kelsey Moore,Suv,Jurong,3.57,Active
D09921,John Spencer,Electric,Bishan,3.95,Active
D09922,Kirk Williams,Sedan,Punggol,4.51,Active
D09923,Sharon Murphy,Electric,Yishun,4.47,Active
D09924,Daniel Melendez,Electric,Ang Mo Kio,4.82,Active
D09925,Brent Arnold,Suv,Tampines,4.72,Active
D09926,Lance Garcia,Sedan,Punggol,4.69,Active
D09927,Scott David,Premium,Yishun,4.22,Active
D09928,Diana Smith,Suv,Bishan,4.69,Active
D09929,Marco Lyons,Electric,Bishan,4.51,Active
D09930,Bobby Boyd,Suv,Yishun,3.84,Active
D09931,Jose Carter,Premium,Bishan,3.79,Active
D09932,Karla Collins,Premium,Ang Mo Kio,4.37,Active
D09933,Sarah Huber,Suv,Tampines,3.73,Active
D09934,Laura Johnson,Electric,Jurong,4.9,Active
D09935,Kaitlyn Hardy,Premium,Toa Payoh,4.49,Active
D09936,Jeffrey Johnson,Mpv,Bedok,4.91,Active
D09937,Melanie James,Suv,Woodlands,3.77,Active
D09938,Justin Wolf,Premium,Toa Payoh,3.8,Active
D09939,Valerie Thompson,Hatchback,Bedok,3.5,Active
D09940,Anthony Robles,Sedan,Bedok,4.65,Active
D09941,Bonnie Smith,Electric,Woodlands,3.56,Active
D09942,George Frazier,Electric,Singapore,3.57,Active
D09943,Ronald Lang,Electric,Jurong,4.32,Active
D09944,Rachel Foley,Sedan,Jurong,3.87,Inactive
D09945,Roy Graves,Hatchback,Bedok,3.6,Active
D09946,Lauren Maynard,Hatchback,Punggol,4.15,Active
D09947,Daniel Thompson,Hatchback,Toa Payoh,4.61,Active
D09948,Jeffrey Castro,Premium,Toa Payoh,4.92,Active
D09949,Monica Crawford,Premium,Woodlands,3.62,Active
D09950,Ronald Franklin DVM,Electric,Jurong,4.74,Active
D09951,Lori Wise,Sedan,Toa Payoh,4.05,Active
D09952,Penny Garcia,Sedan,Bishan,4.2,Active
D09953,Breanna Parker,Mpv,Woodlands,4.1,Active
D09954,Ryan Wolf,Sedan,Ang Mo Kio,4.36,Active
D09955,Lauren Andrews,Hatchback,Woodlands,3.86,Active
D09956,Sharon Smith,Electric,Punggol,4.57,Active
D09957,Danielle Vaughan,Sedan,Punggol,4.41,Active
D09958,Cody Rose,Mpv,Toa Payoh,4.53,Active
D09959,Jeff Leon,Sedan,Bedok,3.64,Active
D09960,Mr. James Welch,Hatchback,Bishan,4.39,Inactive
D09961,Darlene Johnson,Hatchback,Ang Mo Kio,4.62,Active
D09962,Jennifer Thomas,Sedan,Bedok,3.62,Active
D09963,Lisa Howell,Premium,Bedok,4.15,Inactive
D09964,Anthony King,Hatchback,Singapore,4.23,Active
D09965,Jennifer Bartlett,Suv,Bishan,4.58,Active
D09966,Brooke Wilson,Electric,Bishan,4.26,Active
D09967,Michael Lewis,Mpv,Punggol,3.93,Active
D09968,Lauren Castillo MD,Electric,Toa Payoh,4.42,Active
D09969,Shirley Wagner,Mpv,Ang Mo Kio,3.83,Active
D09970,Carlos Johnson,Premium,Yishun,3.58,Inactive
D09971,Anthony Lopez,Mpv,Punggol,4.65,Active
D09972,James Gutierrez,Mpv,Toa Payoh,3.8,Inactive
D09973,Gina Gillespie,Electric,Woodlands,3.7,Active
D09974,Jonathan Brown,Electric,Bishan,3.78,Active
D09975,Traci Fisher,Mpv,Tampines,4.77,Active
D09976,Lisa Andrade,Sedan,Yishun,4.87,Inactive
D09977,Sharon Phillips,Electric,Jurong,4.58,Inactive
D09978,Brianna Morgan,Electric,Singapore,4.23,Active
D09979,Alex Erickson,Hatchback,Singapore,4.05,Active
D09980,Christopher Morris,Sedan,Bedok,3.6,Active
D09981,Ralph Martin,Sedan,Bishan,4.77,Active
D09982,Patricia Ortiz,Sedan,Woodlands,3.68,Active
D09983,Ryan Gibson,Hatchback,Tampines,4.9,Active
D09984,Michele Holden,Premium,Ang Mo Kio,3.7,Active
D09985,James Jones,Suv,Singapore,4.38,Active
D09986,Daniel Duffy,Hatchback,Ang Mo Kio,4.46,Active
D09987,Troy Allison,Premium,Yishun,3.74,Active
D09988,Drew Lewis,Sedan,Toa Payoh,4.1,Active
D09989,Christopher Walter,Electric,Yishun,4.04,Active
D09990,Christopher Cardenas,Sedan,Bedok,4.46,Active
D09991,Cheryl Sutton,Premium,Singapore,4.4,Active
D09992,David Rodriguez,Sedan,Ang Mo Kio,4.44,Active
D09993,William Gardner,Electric,Tampines,4.77,Inactive
D09994,Christopher Davis,Electric,Toa Payoh,4.89,Active
D09995,Miguel Knapp,Premium,Tampines,4.9,Active
D09996,Brian Duffy,Suv,Toa Payoh,4.32,Active
D09997,Lisa Ryan,Sedan,Woodlands,3.83,Active
D09998,Joshua Jones,Mpv,Tampines,4.78,Inactive
D09999,Melissa Garcia,Electric,Yishun,4.58,Active
D10000,Cynthia Holden,Hatchback,Jurong,3.93,Inactive
