driver_id,driver_name,vehicle_type,city,join_date,rating,status
D00001,Jacqueline Coleman,Sedan,Singapore,2021-07-24,4.33,Active
D00002,Justin Lane,Sedan,Toa Payoh,2018-11-18,4.15,Active
D00003,Steven Hamilton PhD,SUV,Jurong,2020-08-03,4.95,Active
D00004,Jason Robinson,Sedan,Tampines,2023-05-02,3.74,Active
D00005,Natasha Anderson,Premium,Jurong,2025-10-09,4.79,Active
D00006,Wayne Miller Jr.,Premium,Bishan,2021-09-20,4.09,Active
D00007,Adam King,MPV,Bedok,2019-02-09,4.81,Active
D00008,Leslie Dennis,Sedan,Punggol,2020-03-14,4.28,Active
D00009,Ronald Ellis,SUV,Bishan,2020-01-03,3.94,Active
D00010,Tyler Johnston,Electric,Tampines,2024-02-20,4.9,Active
D00011,Mark Mitchell,SUV,Woodlands,2024-11-05,3.8,Active
D00012,Mark Larson,SUV,Bedok,2022-05-05,4.75,Suspended
D00013,Lisa White,Premium,Yishun,2020-10-25,3.93,Active
D00014,Arthur Brown,Premium,Woodlands,2018-09-06,4.75,Active
D00015,Melanie Warner,Premium,Bishan,2019-09-01,4.48,Inactive
D00016,Mr. Marcus Cook,SUV,Punggol,2024-03-11,3.74,Inactive
D00017,Anthony Branch,MPV,Bedok,2021-09-27,4.26,Inactive
D00018,Austin Lee,Premium,Yishun,2024-05-05,4.7,Active
D00019,Daniel Miller,Hatchback,Woodlands,2025-07-17,3.68,Active
D00020,Lisa Johnson,Hatchback,Jurong,2025-06-12,4.34,Active
D00021,Brenda Bowen,Premium,Punggol,2023-09-04,4.64,Active
D00022,Daniel Wright,Premium,Jurong,2021-05-12,3.97,Inactive
D00023,Michele Mitchell,Electric,Toa Payoh,2023-11-08,4.94,Active
D00024,Christopher Barry,SUV,Toa Payoh,2022-04-02,3.78,Active
D00025,Krista Boyd,SUV,Woodlands,2024-05-12,3.52,Active
D00026,David Williams,Hatchback,Jurong,2023-03-16,4.07,Inactive
D00027,Anna Chang,Premium,Singapore,2024-09-07,4.92,Active
D00028,Dorothy Wood,Sedan,Jurong,2023-05-02,4.68,Active
D00029,Erin Newman,Electric,Punggol,2023-07-24,4.63,Active
D00030,Laura Murphy,Electric,Woodlands,2022-01-03,4.53,Active
D00031,Cindy Carson,Hatchback,Bishan,2020-09-04,4.91,Inactive
D00032,Matthew Brooks,Sedan,Bedok,2024-02-29,3.64,Active
D00033,Katherine Barajas,Hatchback,Bishan,2026-02-02,4.4,Active
D00034,Andrew Rivera,SUV,Tampines,2024-08-11,4.01,Active
D00035,Eric Kelly,Hatchback,Woodlands,2021-10-03,3.77,Inactive
D00036,Mr. Jeffrey Martin,Hatchback,Yishun,2021-10-21,3.93,Active
D00037,Kevin Fox,Electric,Jurong,2023-12-30,4.91,Inactive
D00038,Mrs. Janet Baker,Electric,Yishun,2021-08-11,4.76,Active
D00039,Amber Cochran,Hatchback,Bedok,2023-01-28,4.14,Active
D00040,Heather Brown,Electric,Toa Payoh,2024-06-15,3.76,Active
D00041,Nicholas Cooke,MPV,Yishun,2024-05-08,4.42,Active
D00042,Ashley Pearson,Hatchback,Jurong,2026-03-06,4.94,Active
D00043,Kelly Kim,MPV,Toa Payoh,2021-11-24,4.65,Active
D00044,Jack Kane,Hatchback,Woodlands,2025-01-21,4.76,Active
D00045,Lisa Rodgers,Hatchback,Yishun,2022-02-14,4.9,Active
D00046,Donna Barnes,Electric,Ang Mo Kio,2022-03-14,3.53,Active
D00047,Jacqueline Mayo,Sedan,Woodlands,2024-06-23,4.28,Active
D00048,Jennifer Pollard,Sedan,Tampines,2025-04-16,4.09,Active
D00049,Donald Brady,Hatchback,Woodlands,2022-07-01,4.25,Active
D00050,David Ryan,Premium,Tampines,2024-01-17,4.41,Active
D00051,Phillip Watson,Hatchback,Bedok,2020-03-26,4.57,Active
D00052,Daniel Cunningham,SUV,Punggol,2020-09-13,4.1,Active
D00053,Donald Scott,Premium,Woodlands,2019-04-03,4.3,Active
D00054,Joshua Gonzalez,Sedan,Yishun,2019-02-06,4.13,Active
D00055,Charles Brown,Electric,Ang Mo Kio,2019-08-01,3.66,Active
D00056,Kyle Hester,Premium,Tampines,2020-01-12,3.81,Active
D00057,Kelly Combs,Electric,Toa Payoh,2024-08-25,4.51,Active
D00058,George Mitchell,MPV,Ang Mo Kio,2023-08-17,4.95,Active
D00059,Steven Nguyen,Sedan,Tampines,2020-01-31,4.24,Active
D00060,Beth Watts,Hatchback,Toa Payoh,2024-09-01,4.11,Inactive
D00061,Michele Strickland,Electric,Punggol,2020-08-07,4.56,Active
D00062,Jorge Powers,Sedan,Tampines,2022-05-05,4.92,Active
D00063,Katelyn Farmer,MPV,Tampines,2022-08-27,4.1,Inactive
D00064,David Stewart,Hatchback,Punggol,2020-01-15,4.83,Active
D00065,Jerry Pitts,Sedan,Jurong,2024-09-17,4.46,Active
D00066,Caitlin Gordon,Premium,Ang Mo Kio,2022-08-24,3.53,Active
D00067,Shelly Sullivan,Hatchback,Tampines,2024-12-07,4.08,Active
D00068,Ashley Armstrong,Hatchback,Punggol,2019-02-15,3.5,Active
D00069,Christopher Evans,MPV,Woodlands,2025-02-16,4.24,Active
D00070,Rebecca Roy,SUV,Toa Payoh,2021-12-27,4.92,Active
D00071,Sarah Buck,Hatchback,Yishun,2020-01-12,3.63,Active
D00072,Jerry Martin,MPV,Bishan,2022-07-14,4.92,Inactive
D00073,Gary Delgado,Electric,Bedok,2023-08-27,4.48,Active
D00074,James Ross,Premium,Yishun,2020-08-03,3.82,Active
D00075,Robert Martin,Electric,Woodlands,2020-12-31,3.73,Active
D00076,Martin Russo,Sedan,Singapore,2019-12-13,4.49,Active
D00077,Sharon Hudson,MPV,Ang Mo Kio,2025-08-05,4.18,Active
D00078,Justin Garcia,SUV,Bishan,2022-01-09,4.79,Active
D00079,David Cooper,Sedan,Bishan,2025-11-01,4.45,Active
D00080,Isabel Johnson,MPV,Ang Mo Kio,2021-08-19,3.51,Active
D00081,Cassandra Hill,Electric,Tampines,2023-06-18,3.99,Active
D00082,Matthew Romero,Sedan,Singapore,2021-02-18,3.86,Active
D00083,Adam Schroeder,Electric,Tampines,2025-09-03,4.53,Active
D00084,Stephanie Cox,Sedan,Bedok,2018-12-06,4.65,Active
D00085,Carol Morse,Sedan,Singapore,2024-07-14,3.65,Active
D00086,Jessica Harper,MPV,Jurong,2022-08-13,4.72,Active
D00087,Matthew Allen,Sedan,Woodlands,2023-01-12,4.65,Active
D00088,Tim Phillips,MPV,Jurong,2023-04-25,4.56,Active
D00089,Don Moran,MPV,Ang Mo Kio,2025-10-06,4.59,Active
D00090,Austin Robinson,Hatchback,Punggol,2019-03-10,4.06,Active
D00091,Stephanie Caldwell,Premium,Yishun,2019-09-18,4.79,Active
D00092,Marcus Anderson,MPV,Yishun,2025-09-11,3.53,Active
D00093,Tracy Mercado,SUV,Ang Mo Kio,2024-09-01,4.59,Active
D00094,Bryan Smith,SUV,Yishun,2025-10-05,4.37,Active
D00095,Michael Cameron,Hatchback,Jurong,2024-05-21,4.72,Active
D00096,Jessica Garcia,Hatchback,Punggol,2022-08-07,4.21,Suspended
D00097,Mark Wilson,Sedan,Bedok,2021-02-03,3.53,Active
D00098,Mrs. Becky Martin,SUV,Singapore,2023-03-24,4.34,Active
D00099,Timothy Armstrong,MPV,Tampines,2021-11-23,4.92,Active
D00100,Adam Gonzalez,Hatchback,Toa Payoh,2025-12-30,3.88,Active
D00101,David Reed,Electric,Bishan,2022-03-06,4.28,Active
D00102,Bobby Perez,Premium,Yishun,2022-06-20,4.24,Active
D00103,Jesse Melton,MPV,Punggol,2022-01-10,3.87,Active
D00104,Cory Cantrell,MPV,Bishan,2020-10-09,4.89,Active
D00105,Phyllis Pittman,Sedan,Toa Payoh,2024-11-10,3.85,Active
D00106,Kirk Davis,Sedan,Jurong,2023-12-15,4.26,Active
D00107,Stephanie Mills,Hatchback,Ang Mo Kio,2024-09-23,4.07,Active
D00108,Danny Bridges,Sedan,Jurong,2024-07-22,4.7,Active
D00109,Marie Knight,Sedan,Ang Mo Kio,2024-08-14,3.51,Active
D00110,Gregory Lynch,Sedan,Bishan,2026-04-21,3.75,Active
D00111,Ryan Washington,Sedan,Toa Payoh,2025-12-20,4.89,Active
D00112,Yvette Peck,Electric,Jurong,2024-06-20,3.51,Active
D00113,Samuel Pierce,Hatchback,Bedok,2020-02-17,4.08,Active
D00114,Bryan Thompson,MPV,Ang Mo Kio,2022-03-22,3.83,Active
D00115,William Wilson,MPV,Yishun,2021-04-10,4.73,Inactive
D00116,Meghan Griffin,Electric,Bedok,2021-01-14,3.88,Active
D00117,Elizabeth Cole,Electric,Punggol,2023-02-11,3.99,Active
D00118,Laura Willis,MPV,Ang Mo Kio,2021-11-16,3.72,Active
D00119,Tiffany Mcguire,MPV,Singapore,2024-06-19,4.35,Active
D00120,Sandra Fleming,Premium,Bishan,2021-08-29,3.98,Active
D00121,Elizabeth Lewis,MPV,Jurong,2024-05-10,4.72,Active
D00122,Robert Thomas Jr.,Premium,Ang Mo Kio,2024-04-16,3.6,Active
D00123,David Wolf,Sedan,Tampines,2019-11-12,4.62,Inactive
D00124,Kathleen Miller,SUV,Singapore,2022-04-24,4.26,Active
D00125,Cassie Davis DDS,Sedan,Woodlands,2025-02-19,4.24,Active
D00126,Amanda Stout,Electric,Toa Payoh,2021-05-18,4.75,Inactive
D00127,Patricia Taylor,Sedan,Ang Mo Kio,2024-12-12,4.67,Active
D00128,Caitlin Cook,SUV,Jurong,2023-01-26,4.1,Active
D00129,Vanessa Rivera,SUV,Bishan,2026-03-29,4.24,Active
D00130,Jeffrey Galvan,Sedan,Punggol,2019-09-05,4.47,Active
D00131,Amanda Jackson,Premium,Yishun,2020-12-01,3.54,Active
D00132,Peggy Shaw,MPV,Woodlands,2018-12-02,4.88,Active
D00133,Nicole Fields,Sedan,Yishun,2021-02-02,4.71,Active
D00134,Meghan Aguilar,Electric,Punggol,2025-03-02,4.58,Active
D00135,Kevin Bradford,Electric,Tampines,2020-04-26,4.03,Active
D00136,Mallory Hebert MD,Electric,Jurong,2021-02-19,3.65,Active
D00137,Kristin Young,Premium,Singapore,2018-08-04,4.55,Active
D00138,Kimberly King,Electric,Toa Payoh,2025-08-07,4.66,Active
D00139,Elizabeth Mata,Premium,Jurong,2025-05-01,3.61,Active
D00140,Joseph Benton,MPV,Woodlands,2020-02-28,3.81,Active
D00141,Kevin Gibbs,Electric,Bedok,2020-11-28,4.5,Active
D00142,Jessica Kennedy,SUV,Singapore,2022-06-17,4.87,Active
D00143,Lisa Potts,Sedan,Bishan,2021-02-07,4.61,Active
D00144,Jason Saunders,SUV,Toa Payoh,2025-11-22,3.73,Active
D00145,Yesenia Sullivan,Hatchback,Yishun,2022-02-23,4.85,Active
D00146,Christopher Payne,MPV,Bishan,2023-09-25,4.72,Active
D00147,Martha Carter,Electric,Toa Payoh,2020-03-02,3.63,Active
D00148,Steven Townsend,MPV,Ang Mo Kio,2019-03-22,4.79,Active
D00149,Karen Smith,Sedan,Ang Mo Kio,2026-07-22,4.48,Active
D00150,Renee Reynolds,Electric,Ang Mo Kio,2023-06-20,4.16,Active
D00151,Daniel Mclean,MPV,Woodlands,2019-04-19,3.7,Active
D00152,Brandon Roach,Electric,Bedok,2025-12-05,3.94,Active
D00153,Betty Baldwin,Electric,Ang Mo Kio,2023-01-28,4.74,Active
D00154,Wendy Reed,Premium,Jurong,2023-03-23,3.9,Active
D00155,Lisa Morris,Electric,Bedok,2024-07-14,3.59,Active
D00156,Matthew Parks,Hatchback,Punggol,2023-07-05,4.79,Active
D00157,Daniel Vazquez,Sedan,Jurong,2023-12-11,4.06,Active
D00158,Sara Dickson,MPV,Singapore,2020-09-23,3.99,Inactive
D00159,Michelle Moore,Electric,Woodlands,2020-07-15,3.65,Active
D00160,Dr. Alex Martin,Hatchback,Woodlands,2019-07-07,4.44,Active
D00161,Angelica Mckenzie,Sedan,Singapore,2021-04-12,4.1,Active
D00162,Cindy Sanders,SUV,Yishun,2026-05-28,4.72,Active
D00163,Jared Joseph,Electric,Tampines,2024-01-08,4.18,Active
D00164,Cameron Newman,Sedan,Punggol,2025-03-13,4.16,Active
D00165,Mitchell Garner,Premium,Jurong,2025-03-08,4.42,Active
D00166,Joseph Martinez,MPV,Singapore,2025-06-03,4.47,Active
D00167,Jessica Decker,Electric,Woodlands,2019-11-30,3.92,Active
D00168,Teresa Kennedy,Premium,Bedok,2026-05-01,3.82,Active
D00169,Crystal Hammond,Sedan,Yishun,2019-01-17,4.92,Active
D00170,Jimmy Graves,MPV,Jurong,2023-09-24,4.19,Active
D00171,Frank Armstrong,Hatchback,Tampines,2024-06-09,3.96,Active
D00172,Maria Silva,SUV,Ang Mo Kio,2023-09-10,3.73,Active
D00173,Jeff Phillips,SUV,Bishan,2025-08-18,4.55,Active
D00174,Scott Bryant,Premium,Bishan,2023-01-17,3.59,Active
D00175,Daniel Sparks,Hatchback,Bedok,2021-09-19,4.87,Active
D00176,Christina Mckenzie MD,SUV,Punggol,2019-04-25,4.94,Inactive
D00177,Erika Henderson,MPV,Jurong,2018-08-26,4.36,Active
D00178,Luis Mills,Sedan,Ang Mo Kio,2020-12-28,4.76,Active
D00179,Susan Armstrong,Electric,Toa Payoh,2023-09-13,4.05,Active
D00180,Timothy Sims,Sedan,Woodlands,2022-02-21,4.25,Active
D00181,Tamara Pitts,Premium,Woodlands,2024-09-19,4.55,Active
D00182,Daniel Davis,Premium,Ang Mo Kio,2025-06-11,3.9,Active
D00183,James Woods,Hatchback,Tampines,2021-04-30,3.87,Active
D00184,Richard Booker,MPV,Tampines,2024-06-25,4.88,Active
D00185,Sandra Gross,Electric,Punggol,2026-04-12,4.87,Active
D00186,Sherry Wheeler,MPV,Jurong,2021-07-14,4.11,Active
D00187,Jacob Kim,Premium,Bedok,2024-02-28,4.89,Active
D00188,William Silva,Premium,Singapore,2022-08-12,4.16,Active
D00189,Valerie Vasquez,Sedan,Woodlands,2023-06-05,4.88,Active
D00190,Kelly Clark,Sedan,Bishan,2019-10-13,4.84,Active
D00191,Joseph Mckenzie,Electric,Yishun,2024-07-17,3.88,Active
D00192,William Calhoun,Sedan,Bedok,2023-01-30,4.68,Active
D00193,Connor Ayers,Hatchback,Bishan,2020-09-23,3.63,Active
D00194,Michelle Figueroa,Premium,Bishan,2022-07-06,4.29,Active
D00195,Jaime Boyd,Premium,Bishan,2025-08-29,4.18,Active
D00196,Jeremy Garrett,Hatchback,Yishun,2021-08-25,3.8,Active
D00197,Karen Gates,SUV,Singapore,2019-05-07,4.6,Active
D00198,Tony Lloyd,Premium,Bedok,2020-03-20,4.41,Active
D00199,Nichole Conner,Hatchback,Bishan,2024-06-07,4.19,Active
D00200,Tonya Jackson,MPV,Singapore,2019-03-05,4.06,Active
D00201,Eric Kirby,Premium,Woodlands,2022-02-21,4.68,Active
D00202,Monica Summers,SUV,Punggol,2022-04-29,4.12,Active
D00203,Gregory Elliott,SUV,Singapore,2020-08-30,4.49,Active
D00204,Connor Odom,Sedan,Punggol,2022-10-19,3.56,Active
D00205,Ronald Thompson,Premium,Bishan,2020-08-14,4.6,Suspended
D00206,Patrick Bush,Premium,Bedok,2024-08-26,3.66,Active
D00207,Andrew Thompson,Premium,Singapore,2019-06-15,4.29,Active
D00208,Gina Nguyen,MPV,Tampines,2024-06-27,3.68,Active
D00209,Mary Walton,Hatchback,Jurong,2024-06-25,5.0,Active
D00210,Craig Burnett,Sedan,Jurong,2021-01-03,4.77,Active
D00211,Richard Barry,Hatchback,Yishun,2019-10-13,3.96,Active
D00212,Samantha Glass,Premium,Tampines,2023-05-26,4.68,Active
D00213,Erin Adkins,Hatchback,Ang Mo Kio,2021-06-29,4.61,Active
D00214,Troy Caldwell,Premium,Jurong,2020-05-03,4.82,Active
D00215,Jennifer Thomas,Sedan,Jurong,2018-08-30,3.53,Active
D00216,Hannah Johnson,SUV,Bedok,2019-10-01,4.61,Active
D00217,Michael Cox,Sedan,Jurong,2018-12-29,4.15,Active
D00218,Dr. David Abbott DVM,Hatchback,Tampines,2022-06-13,4.57,Active
D00219,Anthony Thomas,SUV,Punggol,2019-11-10,4.23,Inactive
D00220,Patrick Brown,MPV,Woodlands,2021-12-25,3.78,Active
D00221,Matthew Carr,SUV,Bedok,2025-04-02,4.59,Active
D00222,Andrew Jacobs,MPV,Tampines,2021-09-13,4.82,Active
D00223,Manuel Long,Premium,Toa Payoh,2021-12-31,4.01,Active
D00224,Mallory Lewis,Electric,Tampines,2022-10-20,4.6,Active
D00225,Nathan Nguyen,SUV,Ang Mo Kio,2019-09-04,3.85,Inactive
D00226,Aaron White,Electric,Punggol,2019-10-08,4.55,Active
D00227,John Baker,Hatchback,Bishan,2019-03-13,4.96,Active
D00228,Marisa Wallace,MPV,Ang Mo Kio,2021-04-18,3.59,Active
D00229,Philip Edwards,Electric,Bedok,2022-09-26,3.78,Active
D00230,Tiffany Graham,Electric,Woodlands,2019-02-05,3.91,Active
D00231,Ryan Fletcher,SUV,Punggol,2023-04-28,4.86,Active
D00232,Martin Hernandez,MPV,Woodlands,2026-04-07,3.71,Active
D00233,James Leon,SUV,Bishan,2026-05-02,3.61,Active
D00234,Vincent Mahoney,Sedan,Bishan,2018-10-10,4.57,Active
D00235,Vincent Rogers,Electric,Punggol,2024-03-04,4.33,Active
D00236,Stacy Holmes,Sedan,Bedok,2023-04-19,4.96,Active
D00237,Courtney Morris,SUV,Ang Mo Kio,2026-02-02,4.51,Active
D00238,Christopher Duncan,Sedan,Ang Mo Kio,2023-03-02,4.27,Active
D00239,Stacey Powell,Sedan,Yishun,2024-07-29,4.5,Active
D00240,Mr. John Williams,Premium,Punggol,2021-12-09,4.53,Active
D00241,Jamie Hill,Hatchback,Jurong,2020-06-30,4.59,Active
D00242,Michael Norris,Electric,Jurong,2019-09-10,4.34,Active
D00243,Melissa Sparks,Hatchback,Yishun,2020-11-15,4.72,Active
D00244,Ernest Cox,SUV,Jurong,2019-05-02,3.79,Active
D00245,Stacy Cruz,Premium,Toa Payoh,2026-04-27,4.79,Active
D00246,Jessica Palmer,MPV,Ang Mo Kio,2023-07-20,4.41,Active
D00247,Philip Short,SUV,Ang Mo Kio,2020-10-28,4.84,Inactive
D00248,John Brown,Hatchback,Tampines,2025-05-11,3.83,Active
D00249,Christopher Curtis,Hatchback,Bedok,2020-10-04,4.54,Active
D00250,Herbert Potts,Electric,Punggol,2021-01-16,3.66,Active
D00251,Laura Logan,MPV,Toa Payoh,2019-10-16,4.84,Active
D00252,Heather Marsh,SUV,Yishun,2023-05-20,3.91,Active
D00253,Johnathan Pace,SUV,Singapore,2019-09-20,4.79,Active
D00254,Mary Lopez,Hatchback,Toa Payoh,2023-04-10,4.38,Active
D00255,Bethany Vazquez,Premium,Yishun,2022-11-22,4.11,Active
D00256,Kimberly Oneill,Premium,Yishun,2022-10-01,3.7,Active
D00257,Elizabeth Mcdonald,SUV,Bishan,2020-04-24,4.57,Active
D00258,Joan Rios MD,Electric,Woodlands,2022-09-24,4.57,Active
D00259,Paula Luna,SUV,Toa Payoh,2024-06-23,4.82,Active
D00260,Laura Fitzpatrick,Sedan,Toa Payoh,2023-10-18,4.24,Active
D00261,Alejandro Peterson,Premium,Tampines,2020-12-06,4.42,Active
D00262,Lisa Thompson,Premium,Ang Mo Kio,2020-07-23,4.63,Active
D00263,Jessica Mason,Premium,Tampines,2024-11-28,4.13,Active
D00264,Daniel Butler,Hatchback,Tampines,2019-04-24,4.13,Active
D00265,William Stewart,MPV,Singapore,2018-10-27,4.68,Active
D00266,Jon Garcia,Hatchback,Ang Mo Kio,2019-05-13,3.81,Active
D00267,Kelly Boyer MD,MPV,Bishan,2025-10-25,4.86,Active
D00268,Julian Turner,Sedan,Toa Payoh,2025-09-03,4.49,Active
D00269,Stephanie Rodriguez,Hatchback,Tampines,2021-03-29,4.01,Active
D00270,Elizabeth Reynolds,SUV,Yishun,2021-06-20,3.97,Active
D00271,Wendy Mccarthy,Sedan,Woodlands,2024-09-09,4.24,Active
D00272,Christopher Whitaker,Premium,Woodlands,2024-01-24,3.65,Active
D00273,Steven Holland,MPV,Yishun,2019-02-28,4.96,Active
D00274,Rachel Reyes,Hatchback,Ang Mo Kio,2021-04-03,4.37,Active
D00275,Sandra Tucker,Sedan,Woodlands,2024-04-20,3.61,Active
D00276,Leslie Mclaughlin,Hatchback,Toa Payoh,2026-05-07,4.94,Active
D00277,Steven Stewart,Electric,Ang Mo Kio,2026-02-28,3.87,Active
D00278,Kevin Davis,Premium,Bedok,2021-01-16,4.32,Active
D00279,Katherine Soto,Premium,Ang Mo Kio,2019-07-05,4.05,Active
D00280,Olivia Friedman,Electric,Bishan,2020-02-08,3.99,Active
D00281,Thomas Porter,Hatchback,Punggol,2025-01-08,3.94,Active
D00282,Brandon Lopez,MPV,Tampines,2023-03-28,4.73,Active
D00283,Barbara Alvarez,Premium,Woodlands,2022-04-26,4.69,Active
D00284,Ricky Alvarado,SUV,Toa Payoh,2026-01-06,4.85,Active
D00285,Ryan Ho,Sedan,Woodlands,2023-07-26,4.42,Active
D00286,Sandra Riddle,SUV,Tampines,2025-01-24,3.69,Suspended
D00287,David Wilson,Sedan,Bishan,2023-10-02,4.24,Active
D00288,Michael Leonard,SUV,Bedok,2024-08-12,3.54,Active
D00289,Paul Williams,Hatchback,Jurong,2025-06-11,4.6,Active
D00290,Rachel Dillon,SUV,Toa Payoh,2020-02-12,4.94,Active
D00291,Michelle Hawkins,MPV,Singapore,2026-07-18,4.12,Active
D00292,Amy Collins,SUV,Ang Mo Kio,2023-10-25,4.26,Active
D00293,Robert Hernandez,SUV,Singapore,2021-06-06,4.69,Active
D00294,Thomas Smith,Electric,Ang Mo Kio,2020-08-09,4.6,Active
D00295,Marcus Thomas,SUV,Jurong,2021-04-02,4.91,Active
D00296,Gregory Warren,SUV,Yishun,2024-03-15,3.97,Active
D00297,Ricky Wallace DDS,MPV,Singapore,2024-06-04,4.37,Suspended
D00298,Lindsay Shields,Electric,Tampines,2025-05-12,4.32,Active
D00299,Kimberly Scott,Sedan,Punggol,2019-03-11,3.88,Active
D00300,John Wilson,Sedan,Bishan,2024-12-26,4.98,Active
D00301,Susan Riley,Electric,Toa Payoh,2021-01-13,4.08,Active
D00302,Ronald Brown,Electric,Punggol,2025-06-27,4.97,Active
D00303,Richard Peterson,Premium,Punggol,2018-11-23,4.35,Active
D00304,Cody Spence,SUV,Punggol,2023-10-12,3.64,Active
D00305,Timothy Harrell,MPV,Woodlands,2021-04-28,4.97,Active
D00306,Travis Duran,MPV,Toa Payoh,2023-07-18,4.65,Active
D00307,Mariah Mcgee,SUV,Toa Payoh,2023-02-10,4.91,Active
D00308,Heather Morris,Sedan,Punggol,2019-09-08,4.39,Active
D00309,Rebecca Decker,Premium,Woodlands,2024-11-22,4.97,Inactive
D00310,Victoria Alexander,Sedan,Bedok,2019-05-02,3.99,Active
D00311,Aaron Collins,Premium,Bishan,2022-08-11,4.71,Active
D00312,Christopher Hernandez,Electric,Woodlands,2018-09-10,4.33,Active
D00313,Steven Pitts,MPV,Bedok,2026-05-21,3.56,Active
D00314,Paul Tate,Premium,Yishun,2024-03-17,4.1,Inactive
D00315,Lauren Dominguez,Sedan,Woodlands,2026-02-01,4.74,Active
D00316,Erica Sosa,SUV,Toa Payoh,2026-04-28,4.29,Inactive
D00317,Austin Evans Jr.,Premium,Ang Mo Kio,2019-03-15,4.34,Active
D00318,Mark Wheeler,Hatchback,Jurong,2020-11-28,4.05,Active
D00319,Andre Coleman,Hatchback,Yishun,2026-05-21,3.75,Active
D00320,Dean Perry,Premium,Yishun,2024-10-13,3.71,Active
D00321,Xavier Malone,Hatchback,Woodlands,2022-10-20,3.97,Active
D00322,James Cunningham,SUV,Punggol,2021-05-04,4.44,Active
D00323,Victor Silva,Premium,Woodlands,2025-06-30,3.6,Active
D00324,Lynn Jackson,SUV,Bedok,2021-04-05,4.63,Active
D00325,Sandra Hall,Premium,Punggol,2026-01-12,3.83,Active
D00326,Tammy Johnson,Premium,Woodlands,2020-09-09,4.32,Active
D00327,Jeffery Cooper,MPV,Woodlands,2023-09-26,3.83,Active
D00328,Lynn Gray,MPV,Singapore,2025-01-17,4.35,Active
D00329,Tara Weaver,MPV,Ang Mo Kio,2024-06-16,4.48,Active
D00330,Heather Mills,MPV,Singapore,2022-06-10,3.89,Active
D00331,Sarah Grimes,Electric,Bedok,2022-01-19,4.19,Active
D00332,Stephanie Thomas,Electric,Punggol,2018-10-30,3.51,Active
D00333,Mitchell James,Premium,Toa Payoh,2023-02-06,3.92,Inactive
D00334,Alexis Jordan,Premium,Bedok,2020-07-13,4.35,Active
D00335,Michael Young,MPV,Bishan,2026-01-06,4.82,Active
D00336,Dominique Harris,Electric,Tampines,2019-10-04,4.84,Active
D00337,Frank Miller,SUV,Toa Payoh,2026-01-19,3.6,Inactive
D00338,Timothy Cooper,Electric,Ang Mo Kio,2026-05-08,3.93,Active
D00339,Ashley Harvey,Premium,Bedok,2021-03-21,4.73,Active
D00340,Calvin Estrada,MPV,Singapore,2019-01-05,3.58,Active
D00341,Jeffrey Gibson,MPV,Bedok,2020-01-08,4.16,Active
D00342,Steven Ruiz,Hatchback,Jurong,2023-11-27,3.73,Active
D00343,Nicholas Mathews,MPV,Woodlands,2025-12-17,3.52,Active
D00344,Daniel Lee,Sedan,Punggol,2023-07-25,4.68,Active
D00345,Elaine Sampson,Hatchback,Jurong,2022-11-23,3.58,Active
D00346,Paige Roberts,MPV,Singapore,2022-07-05,4.58,Active
D00347,Michael Young,Sedan,Ang Mo Kio,2021-06-01,4.91,Active
D00348,Jonathan Palmer,Electric,Bishan,2024-05-21,4.86,Active
D00349,John Gillespie,SUV,Yishun,2019-01-09,4.4,Active
D00350,Larry Solis,SUV,Ang Mo Kio,2021-07-09,3.65,Active
D00351,Morgan Reese,Sedan,Jurong,2021-06-03,4.58,Active
D00352,James Haynes,MPV,Ang Mo Kio,2019-04-25,4.29,Active
D00353,Mary Thompson,Electric,Punggol,2021-02-14,3.94,Inactive
D00354,Heather Brennan DVM,Sedan,Ang Mo Kio,2024-04-27,4.73,Active
D00355,Kimberly Torres,Hatchback,Ang Mo Kio,2019-09-03,4.83,Active
D00356,Lucas Griffith,SUV,Punggol,2022-11-27,3.63,Active
D00357,Barry Young,SUV,Singapore,2020-08-26,4.4,Suspended
D00358,Philip Ross,Premium,Bishan,2019-09-01,4.12,Active
D00359,Angela Nguyen DVM,Electric,Singapore,2021-01-19,3.53,Active
D00360,Sarah Hall,Sedan,Bedok,2024-01-07,4.49,Active
D00361,Pamela Roman,Sedan,Jurong,2025-07-19,4.99,Active
D00362,Colin Barr,Electric,Punggol,2020-11-20,3.74,Active
D00363,Ryan Ramsey,Electric,Woodlands,2026-05-23,4.63,Inactive
D00364,Kristie Jones,SUV,Singapore,2019-01-19,4.43,Inactive
D00365,Tyler Rodriguez,Hatchback,Ang Mo Kio,2025-07-07,3.53,Active
D00366,Natalie Green,MPV,Tampines,2025-11-09,4.37,Active
D00367,Justin Elliott,Premium,Singapore,2021-02-28,4.86,Active
D00368,Jessica Levy,Premium,Yishun,2023-04-26,4.71,Active
D00369,Yesenia Coleman,MPV,Toa Payoh,2021-12-10,3.71,Active
D00370,Stephen Brown,Premium,Jurong,2021-11-18,4.67,Active
D00371,Crystal King,Sedan,Toa Payoh,2019-12-07,3.73,Active
D00372,Cody Smith,Hatchback,Toa Payoh,2019-02-09,3.81,Active
D00373,Christine King,Premium,Bedok,2019-12-23,3.58,Suspended
D00374,Julia Johnson,Premium,Bishan,2020-08-16,4.01,Active
D00375,Richard Andersen,Hatchback,Punggol,2022-01-14,4.29,Active
D00376,Charles Russell,Hatchback,Woodlands,2024-05-11,4.4,Active
D00377,Michael Nguyen,SUV,Tampines,2022-10-26,4.93,Active
D00378,Shelby Garcia,Hatchback,Ang Mo Kio,2020-06-08,4.73,Active
D00379,James Bryant,SUV,Punggol,2021-02-19,4.57,Active
D00380,Donna Anderson,Premium,Punggol,2022-07-18,4.27,Active
D00381,Paige Perez,Electric,Bishan,2023-04-14,4.38,Active
D00382,Chelsea Flores,Hatchback,Toa Payoh,2026-04-20,3.73,Active
D00383,Debra Schmitt,MPV,Toa Payoh,2023-08-07,4.83,Inactive
D00384,Carol Beasley,Sedan,Yishun,2026-02-17,3.64,Active
D00385,Christopher Schmidt DDS,SUV,Yishun,2021-04-18,4.99,Active
D00386,Melanie Garcia,Sedan,Singapore,2019-10-04,3.62,Active
D00387,Aaron Leonard,MPV,Punggol,2024-06-15,4.44,Active
D00388,Ian Mayo,MPV,Tampines,2024-01-14,3.86,Active
D00389,Heather Monroe,Premium,Woodlands,2021-07-25,3.7,Active
D00390,Jordan Drake DDS,Premium,Woodlands,2020-04-22,3.88,Active
D00391,James Brandt,Hatchback,Toa Payoh,2018-10-25,4.65,Active
D00392,Daniel Riley,Electric,Punggol,2025-08-20,4.83,Active
D00393,Louis Joseph,Premium,Bishan,2025-01-06,4.19,Active
D00394,Tanya Orozco,SUV,Woodlands,2018-10-18,3.52,Active
D00395,Nichole Schmidt,Sedan,Toa Payoh,2025-08-13,4.44,Inactive
D00396,Melissa Cordova,MPV,Jurong,2025-03-06,4.27,Active
D00397,Courtney Hogan,Sedan,Toa Payoh,2020-08-31,4.51,Active
D00398,Mrs. Victoria Johnston,SUV,Bedok,2024-04-18,3.8,Active
D00399,Autumn Webb,Sedan,Bishan,2020-03-23,4.8,Active
D00400,Derek Mckinney,MPV,Ang Mo Kio,2026-07-01,4.41,Active
D00401,Carl Barnes,Electric,Bishan,2020-10-21,4.26,Inactive
D00402,Leonard Roberson,MPV,Woodlands,2023-06-11,4.88,Active
D00403,Cesar Davis,Premium,Yishun,2021-03-13,4.53,Active
D00404,Xavier Kirby,Sedan,Jurong,2026-06-09,3.7,Active
D00405,Timothy Hayes,Premium,Toa Payoh,2021-02-17,4.6,Active
D00406,Daniel West,SUV,Ang Mo Kio,2023-02-25,4.08,Active
D00407,Destiny Bryant,Hatchback,Tampines,2020-05-24,3.99,Active
D00408,Christina Cook,Hatchback,Woodlands,2018-10-10,4.75,Active
D00409,Meghan Walker,SUV,Toa Payoh,2020-04-04,4.98,Active
D00410,Corey Lawrence,Electric,Punggol,2024-12-02,3.66,Inactive
D00411,Miss Diamond Fitzpatrick,MPV,Tampines,2022-08-09,4.11,Active
D00412,Ashley Johnson,MPV,Yishun,2020-08-02,3.6,Active
D00413,Rebecca Brown,SUV,Punggol,2026-05-03,4.38,Active
D00414,Brenda Duke,Premium,Tampines,2020-06-26,4.15,Active
D00415,Tina Smith,SUV,Singapore,2019-06-11,4.33,Active
D00416,Jordan Holt,Sedan,Toa Payoh,2022-09-29,4.25,Active
D00417,Robert King,Sedan,Bishan,2026-01-02,4.7,Active
D00418,Alexander Castillo,MPV,Woodlands,2026-04-10,4.51,Active
D00419,Nancy Martin,Premium,Jurong,2023-08-20,4.09,Inactive
D00420,Jacob Munoz,Sedan,Bishan,2023-07-01,4.86,Active
D00421,Brittany Mullins,Electric,Punggol,2024-03-05,4.88,Active
D00422,Robert Kelley,SUV,Woodlands,2022-09-06,4.92,Active
D00423,Lauren Cook,Electric,Toa Payoh,2021-05-01,3.6,Active
D00424,Robert Gallegos,Electric,Punggol,2021-08-05,3.72,Active
D00425,Jesse Pierce,Sedan,Bedok,2025-06-17,3.74,Active
D00426,Christopher Dawson,Sedan,Yishun,2023-11-09,3.79,Active
D00427,Wanda Mcgrath,MPV,Ang Mo Kio,2024-03-23,4.48,Active
D00428,Russell Garcia,MPV,Ang Mo Kio,2023-11-06,4.27,Active
D00429,Alexandra Johnson,Sedan,Yishun,2023-08-28,3.67,Active
D00430,Ricardo Kelly,MPV,Ang Mo Kio,2020-08-20,4.8,Active
D00431,Matthew Mckinney,Electric,Tampines,2019-09-12,3.67,Active
D00432,Pam Freeman,Hatchback,Bishan,2024-05-18,4.79,Active
D00433,Dylan Carr,MPV,Woodlands,2018-12-10,3.96,Active
D00434,Kimberly Castillo,MPV,Yishun,2021-06-07,3.96,Active
D00435,Terri Patrick,MPV,Yishun,2019-12-06,3.91,Active
D00436,Heather Banks,MPV,Jurong,2025-08-28,4.34,Active
D00437,Mr. Michael Malone PhD,Hatchback,Toa Payoh,2026-06-21,4.04,Active
D00438,Joseph Mccormick,SUV,Bishan,2026-03-14,4.62,Inactive
D00439,William Barton,Sedan,Woodlands,2026-02-02,4.93,Active
D00440,Sean Bush,Sedan,Punggol,2023-11-13,4.81,Active
D00441,Thomas Webster,MPV,Yishun,2019-12-23,3.75,Active
D00442,Joe Hayes,Premium,Bedok,2023-08-19,4.54,Active
D00443,Heather Morse,Sedan,Tampines,2022-10-13,4.06,Active
D00444,Jeff Walton,Hatchback,Toa Payoh,2024-07-24,3.87,Active
D00445,Kevin Callahan,MPV,Jurong,2026-04-29,4.74,Active
D00446,Curtis Ward,Hatchback,Jurong,2020-04-11,4.43,Inactive
D00447,Kristi Bernard,Electric,Singapore,2023-09-26,4.38,Active
D00448,Steven Knight,Premium,Toa Payoh,2025-02-10,4.44,Active
D00449,Rebecca Johnson,Electric,Tampines,2024-05-15,4.33,Active
D00450,Melissa Humphrey,Hatchback,Bedok,2019-07-09,4.23,Active
D00451,Shelley Wood,MPV,Punggol,2020-08-18,4.06,Active
D00452,Caitlin Hess,MPV,Ang Mo Kio,2025-07-06,3.58,Active
D00453,Jill Hernandez,SUV,Bishan,2022-09-07,4.74,Active
D00454,Donald Acevedo,Sedan,Singapore,2020-08-03,4.17,Active
D00455,Debbie Allison,MPV,Toa Payoh,2024-07-04,4.66,Active
D00456,Kayla Fowler,MPV,Bishan,2020-09-17,3.87,Active
D00457,Cheryl Harvey,MPV,Ang Mo Kio,2024-02-01,4.94,Active
D00458,Joshua Brown,SUV,Toa Payoh,2022-08-20,4.16,Active
D00459,Tonya Jones,Hatchback,Ang Mo Kio,2024-10-31,3.71,Active
D00460,Brenda Martinez,MPV,Tampines,2018-09-04,4.93,Active
D00461,Emily Wells,Premium,Bedok,2024-02-21,4.17,Active
D00462,Ryan Bailey Jr.,Hatchback,Yishun,2026-04-03,4.6,Active
D00463,Robert Greene,MPV,Yishun,2023-01-20,4.94,Active
D00464,Christine Chavez,Hatchback,Singapore,2023-07-03,4.42,Active
D00465,Stacey Fitzgerald,Hatchback,Bishan,2021-05-18,4.82,Active
D00466,Nathaniel Stone,Electric,Punggol,2023-09-25,4.48,Active
D00467,Diana Rangel,Sedan,Tampines,2024-10-30,3.96,Active
D00468,Brenda Flynn,Premium,Jurong,2023-03-17,3.97,Active
D00469,Mark Holland,Premium,Yishun,2020-10-21,4.22,Active
D00470,Nicole Hammond,MPV,Bedok,2020-10-28,3.56,Active
D00471,Dakota Brown,Sedan,Punggol,2023-03-24,3.5,Active
D00472,Zachary Mclean,Electric,Woodlands,2020-09-12,3.57,Active
D00473,Christopher Martin,SUV,Jurong,2019-06-28,4.83,Active
D00474,Krystal Walker,Premium,Yishun,2022-02-07,4.76,Inactive
D00475,Sandra Salazar,Hatchback,Punggol,2023-04-25,4.09,Inactive
D00476,Christine Mora,SUV,Yishun,2018-11-24,4.84,Active
D00477,Linda Obrien,Electric,Ang Mo Kio,2024-08-20,4.37,Active
D00478,Madeline Foster,Hatchback,Toa Payoh,2025-12-30,4.5,Active
D00479,Eric Rodriguez,SUV,Ang Mo Kio,2023-09-17,4.7,Active
D00480,Jessica Knox,MPV,Yishun,2026-04-18,3.83,Active
D00481,Corey Oconnor,Electric,Yishun,2026-07-07,3.88,Active
D00482,Bradley Davidson,Electric,Bedok,2025-04-25,4.97,Active
D00483,Dana Black,Premium,Punggol,2023-02-25,4.7,Active
D00484,Mike Crane,Premium,Punggol,2022-11-10,4.71,Active
D00485,Matthew Mills,MPV,Bedok,2022-06-18,3.77,Active
D00486,Tyler Krause,SUV,Punggol,2023-06-20,4.16,Active
D00487,Kenneth Walsh,MPV,Tampines,2022-02-26,4.11,Suspended
D00488,Joseph Phillips,SUV,Singapore,2022-04-23,4.91,Active
D00489,Brendan Ware,Premium,Toa Payoh,2024-08-25,4.57,Inactive
D00490,Steven Carey,Premium,Yishun,2026-03-07,4.46,Active
D00491,Kimberly Salinas,Sedan,Jurong,2023-09-12,4.25,Inactive
D00492,Brendan Johnston,Hatchback,Bishan,2020-09-03,4.25,Active
D00493,Jose Carlson,SUV,Woodlands,2025-06-17,4.15,Active
D00494,Chris Lara,Hatchback,Woodlands,2018-09-26,3.61,Active
D00495,Tiffany Welch,MPV,Toa Payoh,2023-12-03,4.38,Active
D00496,Tina Gamble,Sedan,Singapore,2024-08-29,3.81,Inactive
D00497,Jamie Robbins,MPV,Singapore,2021-04-22,4.48,Inactive
D00498,Michelle Burton,Sedan,Punggol,2019-12-16,4.58,Inactive
D00499,Erin Lambert,MPV,Jurong,2020-10-22,4.86,Active
D00500,Justin Brown,Sedan,Yishun,2024-05-10,4.13,Inactive
D00501,Lisa Lewis,MPV,Singapore,2019-03-31,4.93,Inactive
D00502,Katelyn Jensen,MPV,Woodlands,2018-11-04,4.67,Active
D00503,Hunter Mendez,Hatchback,Woodlands,2024-07-26,4.7,Active
D00504,Elizabeth Gould,Electric,Toa Payoh,2019-03-10,3.64,Active
D00505,Jamie Farley,Sedan,Ang Mo Kio,2020-04-30,4.07,Active
D00506,Erika Fletcher,Hatchback,Yishun,2024-03-24,3.93,Active
D00507,Dawn Arnold,Hatchback,Tampines,2024-06-29,3.9,Inactive
D00508,Aaron Morales,MPV,Woodlands,2019-05-05,4.19,Active
D00509,Daniel Serrano,Sedan,Toa Payoh,2023-05-20,4.65,Active
D00510,Dominique Rowland,Sedan,Woodlands,2021-06-07,4.02,Inactive
D00511,Christopher Johnson,Electric,Punggol,2020-01-08,4.15,Active
D00512,Alyssa Peterson,Electric,Punggol,2022-04-14,4.99,Active
D00513,Jill Hickman,Electric,Ang Mo Kio,2026-04-30,3.61,Active
D00514,Lauren Jimenez,MPV,Bedok,2022-05-27,4.98,Active
D00515,Stephen Hart,SUV,Bishan,2024-05-04,3.86,Active
D00516,Latoya Moore,Premium,Yishun,2022-01-07,3.56,Active
D00517,Daniel Gonzales,Premium,Bishan,2024-04-16,4.85,Active
D00518,Gary Carr,MPV,Yishun,2023-12-27,3.7,Active
D00519,Sean Rollins,Sedan,Ang Mo Kio,2020-06-27,4.19,Active
D00520,Charlotte Rogers,Sedan,Yishun,2019-04-05,3.5,Active
D00521,Hannah Thompson,Premium,Bishan,2019-11-10,3.68,Active
D00522,Douglas Carlson,SUV,Yishun,2019-09-13,3.85,Active
D00523,Joseph Jackson,Sedan,Woodlands,2022-12-16,3.58,Active
D00524,Kevin Diaz,Premium,Ang Mo Kio,2019-10-14,3.81,Active
D00525,Chelsea Diaz,MPV,Woodlands,2020-07-09,3.76,Active
D00526,Steven Thomas,SUV,Bishan,2026-01-12,3.54,Active
D00527,Laura Mckee,Premium,Toa Payoh,2022-04-01,4.18,Active
D00528,Marisa Allen,SUV,Yishun,2024-12-22,4.03,Active
D00529,Lori English,SUV,Tampines,2024-08-15,4.38,Active
D00530,Nicholas Glenn,Hatchback,Punggol,2025-12-13,3.79,Active
D00531,Laura Olson,Hatchback,Woodlands,2020-07-13,3.82,Active
D00532,Jennifer Arnold,Electric,Bedok,2018-11-09,4.75,Active
D00533,Maria Wilson,SUV,Singapore,2020-08-06,3.55,Active
D00534,Laura Jones,Sedan,Bedok,2026-03-10,3.56,Active
D00535,Joseph Vasquez,Sedan,Toa Payoh,2019-10-04,4.63,Active
D00536,Christopher Reese,SUV,Toa Payoh,2022-07-19,4.85,Inactive
D00537,Diana Graham,Premium,Singapore,2019-12-15,3.73,Active
D00538,Emily Nicholson,Hatchback,Bedok,2019-05-13,4.87,Active
D00539,Andrea Moore,Premium,Bishan,2019-08-16,4.27,Active
D00540,Joan Payne,Premium,Jurong,2025-05-15,3.85,Active
D00541,John Trujillo,MPV,Jurong,2019-12-22,4.66,Active
D00542,Brett Acosta,Hatchback,Yishun,2024-10-31,4.73,Active
D00543,John Marsh DDS,Electric,Singapore,2020-08-16,3.64,Active
D00544,Brian Fox MD,SUV,Tampines,2019-11-07,4.64,Inactive
D00545,Jennifer Sullivan,MPV,Tampines,2018-09-25,4.31,Active
D00546,Olivia Hughes,MPV,Punggol,2020-04-07,3.87,Active
D00547,Ronald Bentley,Sedan,Bishan,2023-08-14,4.27,Active
D00548,Timothy Benjamin,SUV,Toa Payoh,2019-12-04,4.29,Active
D00549,Marilyn Ward,MPV,Toa Payoh,2022-08-27,3.63,Active
D00550,Kathleen Reyes,Electric,Jurong,2024-08-01,4.87,Active
D00551,Laura Miranda,Hatchback,Punggol,2023-09-10,3.91,Active
D00552,Rachel Foster,Premium,Bishan,2026-07-11,4.57,Active
D00553,Robert Brown,Sedan,Bishan,2024-01-12,3.51,Active
D00554,Kelly Pace,SUV,Singapore,2025-12-22,3.63,Inactive
D00555,Cathy Farrell,Premium,Tampines,2023-06-17,4.61,Active
D00556,Trevor Allen,Electric,Ang Mo Kio,2026-04-27,3.63,Active
D00557,Antonio Simmons,SUV,Woodlands,2021-10-01,4.04,Active
D00558,Debra King,Hatchback,Singapore,2019-09-22,4.32,Active
D00559,Mary Nash,Electric,Jurong,2021-04-18,4.99,Active
D00560,Robert Conley,Sedan,Bedok,2025-08-16,3.87,Active
D00561,James Guerrero,SUV,Tampines,2024-02-18,3.88,Active
D00562,Eric Foster,Premium,Ang Mo Kio,2024-06-20,4.21,Active
D00563,Nancy Acevedo,SUV,Singapore,2020-04-24,4.61,Inactive
D00564,Jason Lee,Sedan,Jurong,2021-02-21,4.42,Active
D00565,Vickie Hendricks,Sedan,Ang Mo Kio,2025-05-29,4.38,Active
D00566,Michael James,Premium,Bedok,2022-09-11,4.34,Active
D00567,Sandra Williams,SUV,Ang Mo Kio,2024-12-26,4.53,Active
D00568,Stephanie Hughes,MPV,Jurong,2024-05-01,4.17,Active
D00569,Katie Deleon,Hatchback,Jurong,2026-05-24,4.93,Active
D00570,Cynthia George,Hatchback,Bedok,2022-07-20,4.06,Active
D00571,John Peterson,Sedan,Tampines,2025-03-25,4.84,Active
D00572,Vanessa Sanders,Sedan,Bishan,2025-02-24,4.31,Active
D00573,Tonya Booth,Premium,Yishun,2023-06-01,4.9,Suspended
D00574,Christina Estrada,Hatchback,Ang Mo Kio,2024-08-25,4.69,Active
D00575,Douglas Sharp,Sedan,Tampines,2022-06-29,4.13,Active
D00576,Tonya Gibson,SUV,Yishun,2021-12-09,3.82,Inactive
D00577,Anthony Rodriguez,MPV,Tampines,2025-02-18,3.54,Active
D00578,Michael Morrison,SUV,Jurong,2025-06-06,4.11,Active
D00579,Mr. Nathaniel Robertson,Premium,Bedok,2019-03-29,3.59,Active
D00580,Victor Hughes,MPV,Bishan,2021-11-16,4.08,Active
D00581,Matthew Hall,Sedan,Bedok,2024-03-19,4.28,Inactive
D00582,Pamela Floyd,MPV,Bishan,2020-11-15,4.42,Active
D00583,Jonathan Le,Electric,Ang Mo Kio,2023-10-09,4.78,Active
D00584,Colin Lee,Electric,Woodlands,2022-02-11,4.38,Active
D00585,Scott King,Electric,Jurong,2026-03-30,4.19,Active
D00586,Frederick Finley,Hatchback,Yishun,2026-02-26,4.77,Active
D00587,Andrew Frederick,Hatchback,Ang Mo Kio,2019-05-04,4.07,Active
D00588,Nicholas Zuniga,Hatchback,Toa Payoh,2020-09-03,3.75,Inactive
D00589,Amanda Smith,Premium,Jurong,2018-11-06,3.74,Active
D00590,Jessica Thompson,Premium,Singapore,2023-02-26,4.39,Active
D00591,Anthony Lewis,MPV,Punggol,2024-02-08,3.94,Active
D00592,Robyn Garrett,Hatchback,Bishan,2025-12-14,3.8,Active
D00593,Thomas Stewart,Electric,Tampines,2019-07-09,3.88,Active
D00594,Jessica Day,Hatchback,Woodlands,2024-01-02,4.3,Active
D00595,Jennifer Sherman,MPV,Bishan,2024-03-03,4.14,Active
D00596,Grant Wilson,Electric,Bedok,2025-04-18,4.7,Active
D00597,David George,Electric,Tampines,2025-10-20,3.84,Active
D00598,Sonya Miller,Hatchback,Tampines,2019-04-01,3.72,Active
D00599,Erika Vasquez,SUV,Tampines,2022-04-30,3.65,Active
D00600,Molly Thompson,Premium,Punggol,2023-11-12,4.48,Active
D00601,Larry Fleming,SUV,Ang Mo Kio,2025-02-23,3.74,Active
D00602,Morgan Flores,MPV,Jurong,2019-08-22,3.56,Active
D00603,Lawrence Martin,Electric,Yishun,2024-03-17,4.55,Active
D00604,Tonya Duran,Electric,Jurong,2021-06-24,4.41,Active
D00605,Kyle Perez,Premium,Punggol,2022-04-23,3.56,Active
D00606,Cindy Ibarra,Electric,Punggol,2025-02-27,4.95,Active
D00607,John Lee,Electric,Bedok,2018-11-10,4.26,Active
D00608,Christopher Valdez,Hatchback,Yishun,2022-08-13,4.32,Active
D00609,Andrea Davis,Sedan,Toa Payoh,2021-01-19,3.62,Active
D00610,David Griffin,Hatchback,Bishan,2021-06-16,4.08,Active
D00611,Lindsey Diaz,Premium,Ang Mo Kio,2023-03-27,4.4,Active
D00612,Charles Bell,Sedan,Singapore,2019-04-06,3.84,Active
D00613,Chad Flores,SUV,Punggol,2024-11-12,3.9,Active
D00614,Stacey Carpenter,MPV,Singapore,2021-11-04,3.92,Active
D00615,Russell Garcia,Sedan,Woodlands,2019-12-26,4.36,Active
D00616,Elizabeth Wilson,Premium,Yishun,2026-05-06,4.12,Active
D00617,William Miranda,SUV,Singapore,2023-08-21,4.79,Active
D00618,William Williams,Electric,Yishun,2025-06-10,4.46,Active
D00619,Nancy Grant,Premium,Bishan,2019-10-17,4.71,Active
D00620,Felicia Smith,Electric,Jurong,2022-05-18,3.89,Active
D00621,Michael Riley,Hatchback,Bedok,2024-06-06,4.72,Active
D00622,David Shepherd,MPV,Singapore,2020-10-14,4.93,Active
D00623,Lori Munoz MD,Sedan,Toa Payoh,2022-01-31,3.62,Active
D00624,Brittany Christian,Electric,Bishan,2026-07-09,4.55,Active
D00625,Christian Bray,SUV,Woodlands,2020-02-18,3.82,Active
D00626,Michael Brady,Electric,Yishun,2021-10-20,4.29,Active
D00627,Stacy Ross MD,Hatchback,Woodlands,2020-10-01,4.65,Active
D00628,Caleb Taylor,SUV,Woodlands,2018-11-27,3.96,Active
D00629,Ronald Coleman,Sedan,Bishan,2020-06-09,4.38,Active
D00630,John Flores,Sedan,Yishun,2020-05-20,4.9,Active
D00631,Ronald Gutierrez,Hatchback,Yishun,2023-08-04,4.25,Active
D00632,Jamie Underwood,Premium,Punggol,2024-08-10,4.91,Active
D00633,Norma Fox,Premium,Woodlands,2024-04-07,4.03,Active
D00634,Cole Arnold,Electric,Tampines,2018-09-19,4.39,Active
D00635,Andrea Clark,MPV,Toa Payoh,2018-12-12,4.33,Active
D00636,Christopher Brown,SUV,Bedok,2018-10-09,4.81,Suspended
D00637,James Norman,Electric,Ang Mo Kio,2020-07-10,3.74,Active
D00638,Ann Valenzuela,Electric,Toa Payoh,2019-09-25,4.6,Active
D00639,Amy Woods,MPV,Bishan,2020-09-15,3.83,Active
D00640,William Chambers,SUV,Ang Mo Kio,2021-10-27,4.19,Active
D00641,Frank Munoz,MPV,Tampines,2022-12-26,4.32,Active
D00642,Alicia Mathews,MPV,Yishun,2021-08-10,4.36,Active
D00643,Amanda Anderson,Premium,Ang Mo Kio,2019-11-03,4.71,Active
D00644,Jacqueline Deleon,MPV,Bishan,2020-03-22,3.99,Active
D00645,Gregory Hodge,MPV,Toa Payoh,2021-12-02,4.33,Active
D00646,Lindsay Mccoy,Premium,Bedok,2025-08-19,3.74,Active
D00647,Jennifer Wright,Hatchback,Tampines,2022-08-08,4.6,Active
D00648,Adam Jones,SUV,Jurong,2023-07-04,4.56,Active
D00649,Linda Vargas,SUV,Singapore,2019-11-01,3.74,Active
D00650,Emily Ferguson,Electric,Singapore,2020-05-17,3.95,Active
D00651,Luis Obrien,Premium,Woodlands,2024-08-01,3.66,Active
D00652,Rebecca May,SUV,Yishun,2022-03-23,3.9,Active
D00653,Amber Hicks,Hatchback,Ang Mo Kio,2021-03-10,3.88,Active
D00654,Karen Hill,MPV,Jurong,2021-05-17,3.63,Active
D00655,Daniel Stephens,Premium,Ang Mo Kio,2020-12-03,4.9,Active
D00656,Jacob Lee,Electric,Toa Payoh,2024-04-16,4.11,Active
D00657,Benjamin Chang,MPV,Ang Mo Kio,2020-03-26,3.79,Active
D00658,James Sweeney,Electric,Singapore,2026-01-13,4.55,Active
D00659,Joseph Mcclain,Hatchback,Jurong,2024-08-28,3.66,Active
D00660,Fernando Johnson,Hatchback,Singapore,2021-05-05,4.98,Active
D00661,Kevin Cook,Sedan,Bishan,2021-10-28,4.91,Active
D00662,Steven Mcmillan,Premium,Tampines,2023-01-13,3.61,Active
D00663,Felicia Williams,Electric,Woodlands,2019-07-12,4.08,Active
D00664,Eric Mathis,Sedan,Bedok,2023-02-07,3.65,Suspended
D00665,Gary Murphy,Electric,Singapore,2024-07-14,4.89,Active
D00666,Michael Lopez,MPV,Woodlands,2023-02-13,4.83,Active
D00667,Heather Vaughan,Hatchback,Punggol,2019-05-08,3.79,Active
D00668,Linda Fry,Sedan,Punggol,2020-07-18,4.69,Active
D00669,Scott Costa,Premium,Bishan,2021-09-02,4.3,Active
D00670,Christina Tran,Premium,Tampines,2023-04-18,3.7,Active
D00671,Stephanie Henderson,SUV,Jurong,2025-10-16,4.11,Active
D00672,Terry Moreno,Sedan,Yishun,2021-04-04,3.7,Active
D00673,Lori Johnson,Sedan,Bedok,2026-05-28,3.73,Active
D00674,Ryan Henderson,Hatchback,Singapore,2023-12-11,3.72,Inactive
D00675,Pamela Smith,MPV,Yishun,2021-11-26,4.31,Inactive
D00676,Mrs. Mary Morris,Electric,Ang Mo Kio,2023-07-08,4.6,Active
D00677,Mary Salinas,Sedan,Toa Payoh,2019-12-07,3.83,Active
D00678,Megan Goodman,Premium,Punggol,2023-04-28,3.99,Active
D00679,Garrett Hernandez,MPV,Yishun,2020-10-24,3.67,Active
D00680,Ariel Shelton,SUV,Tampines,2020-06-15,3.51,Active
D00681,Jeffrey Diaz,Sedan,Yishun,2020-08-16,3.63,Active
D00682,Amanda Brooks,Electric,Punggol,2026-02-13,4.27,Active
D00683,Zachary Curtis,Hatchback,Punggol,2020-06-24,3.85,Active
D00684,Catherine Goodman,MPV,Tampines,2024-10-10,4.7,Active
D00685,Patricia Duran,Sedan,Singapore,2021-05-22,3.7,Inactive
D00686,Travis Boyd,Premium,Ang Mo Kio,2026-06-09,4.26,Inactive
D00687,Jeanne Morales,Sedan,Bedok,2021-12-15,3.94,Active
D00688,Lisa Harper,Hatchback,Woodlands,2018-07-29,3.61,Active
D00689,Jennifer Blake,Hatchback,Bishan,2022-03-06,4.91,Active
D00690,Kenneth Miller,Premium,Bedok,2019-08-15,4.77,Active
D00691,Justin Bush,MPV,Bishan,2026-01-11,4.61,Active
D00692,Pamela Greer,MPV,Bedok,2024-02-29,4.24,Active
D00693,Jason Holden,Hatchback,Punggol,2025-04-08,4.07,Active
D00694,Katherine Cameron,Sedan,Jurong,2020-09-29,4.1,Active
D00695,Beth Johnson,Electric,Ang Mo Kio,2024-04-22,3.86,Active
D00696,Michael Hicks,MPV,Tampines,2023-05-18,4.44,Active
D00697,Warren Bryan,Sedan,Punggol,2021-08-05,4.56,Active
D00698,Darren Weaver,Electric,Woodlands,2021-04-04,4.44,Active
D00699,Matthew Carson,MPV,Jurong,2020-11-26,4.74,Active
D00700,Cynthia Davis,SUV,Jurong,2021-06-15,4.49,Active
D00701,April Miller,Premium,Toa Payoh,2025-03-02,3.83,Active
D00702,William Nelson,Hatchback,Yishun,2023-03-14,3.71,Suspended
D00703,Tyler Castro,Sedan,Singapore,2025-10-14,3.83,Active
D00704,Vanessa Roman,SUV,Bishan,2021-01-09,4.12,Active
D00705,Cindy Smith,Hatchback,Bishan,2025-05-19,4.41,Active
D00706,Jacob Fuller,MPV,Yishun,2020-02-03,4.7,Active
D00707,Isabel Reyes,Premium,Tampines,2024-07-19,3.64,Active
D00708,Maurice Williams,Premium,Yishun,2021-02-05,3.74,Inactive
D00709,Michael Gentry,Hatchback,Jurong,2020-12-27,4.16,Active
D00710,Jon Le,Sedan,Jurong,2025-08-14,4.76,Active
D00711,Sarah Miranda,Premium,Bishan,2020-07-05,4.14,Active
D00712,Eric Delgado,Sedan,Punggol,2022-07-06,4.46,Active
D00713,Erin Mendez,SUV,Tampines,2025-08-18,3.85,Active
D00714,Cheyenne White,Electric,Woodlands,2021-08-02,4.02,Active
D00715,Marc Smith,MPV,Ang Mo Kio,2022-02-18,4.04,Active
D00716,David Rosales,Hatchback,Bishan,2023-03-25,4.73,Active
D00717,Gary Porter,Electric,Yishun,2022-09-16,3.9,Active
D00718,Bridget Murillo,Electric,Yishun,2024-08-30,3.73,Active
D00719,Debra Phillips,SUV,Bedok,2023-04-13,4.72,Active
D00720,Leslie Grimes,Electric,Yishun,2022-12-01,4.83,Active
D00721,Oscar Marsh,MPV,Jurong,2025-05-09,4.56,Active
D00722,Catherine Jenkins,MPV,Bishan,2023-07-16,3.99,Active
D00723,Amanda Brock,Electric,Jurong,2025-02-11,4.98,Active
D00724,Kathryn Kennedy,Premium,Yishun,2024-02-28,3.66,Active
D00725,Mary Ewing,MPV,Woodlands,2021-01-26,4.97,Active
D00726,Megan Hernandez,Hatchback,Bedok,2022-06-28,4.52,Suspended
D00727,Jermaine Thornton,Hatchback,Punggol,2024-09-04,3.88,Active
D00728,Nathan Mitchell,Electric,Woodlands,2026-01-02,3.73,Active
D00729,Michael Kelly,Electric,Ang Mo Kio,2019-08-26,4.16,Active
D00730,Krista Fox,SUV,Ang Mo Kio,2018-07-31,3.52,Active
D00731,Ryan Foster,MPV,Punggol,2026-03-11,4.66,Active
D00732,Michael Brown,Premium,Tampines,2023-01-19,4.98,Active
D00733,Molly Hawkins,Electric,Bishan,2019-09-07,4.13,Active
D00734,Lori Hernandez,Electric,Toa Payoh,2019-08-31,3.58,Active
D00735,Melody Brown,SUV,Woodlands,2021-08-11,5.0,Active
D00736,Antonio Nguyen,MPV,Tampines,2024-02-26,4.2,Active
D00737,Tiffany Clark,Hatchback,Tampines,2020-07-16,3.5,Active
D00738,Jennifer Payne,Sedan,Woodlands,2021-12-24,4.19,Active
D00739,Mark Kelly,SUV,Bedok,2026-06-18,3.78,Active
D00740,Katie Ware,Sedan,Tampines,2020-06-08,4.71,Active
D00741,Alex Simpson,Electric,Toa Payoh,2021-09-27,3.59,Active
D00742,Amanda Martinez,MPV,Singapore,2019-10-31,4.9,Active
D00743,Joseph Davis,Electric,Punggol,2022-07-19,4.4,Active
D00744,Julia Nelson,MPV,Ang Mo Kio,2020-03-31,4.57,Active
D00745,Alicia Freeman,SUV,Yishun,2025-06-14,4.54,Active
D00746,Thomas Crosby,Sedan,Ang Mo Kio,2024-07-10,4.68,Active
D00747,Lynn Smith,Hatchback,Woodlands,2022-07-09,4.23,Active
D00748,Penny Goodwin,Hatchback,Yishun,2022-12-20,4.17,Active
D00749,Sean Foster,Hatchback,Jurong,2021-05-17,4.24,Active
D00750,Rachel Price,SUV,Jurong,2024-09-14,3.78,Active
D00751,Scott Ellis,Hatchback,Tampines,2019-06-03,4.25,Active
D00752,Barbara Ramos,Electric,Bedok,2022-04-08,4.65,Active
D00753,Keith Farley,SUV,Yishun,2023-03-27,4.63,Active
D00754,Ann Hicks,MPV,Bedok,2023-10-29,4.87,Active
D00755,William Ellis,MPV,Bedok,2024-02-08,4.71,Active
D00756,Robert Burns,SUV,Bedok,2022-03-08,4.47,Active
D00757,Jennifer Gordon,Electric,Singapore,2025-05-01,4.27,Suspended
D00758,Robin Sanders,Premium,Jurong,2018-10-01,3.56,Active
D00759,Diana Thompson,Hatchback,Ang Mo Kio,2024-10-09,4.54,Active
D00760,Stephanie Durham,Sedan,Singapore,2023-07-02,3.76,Active
D00761,Ashlee Rose,Premium,Ang Mo Kio,2025-12-29,4.24,Active
D00762,Jordan Ramirez,Hatchback,Tampines,2023-02-27,3.86,Active
D00763,Bryan Dixon,MPV,Yishun,2018-10-24,3.74,Active
D00764,Tiffany Bryant,MPV,Ang Mo Kio,2020-08-24,4.77,Suspended
D00765,Brandi Day,Electric,Yishun,2021-11-02,4.24,Active
D00766,Dawn Fields,MPV,Jurong,2020-02-25,4.99,Active
D00767,Robert Andrews,Hatchback,Bedok,2023-11-14,3.98,Active
D00768,Phillip Brown,Electric,Toa Payoh,2022-10-17,3.68,Active
D00769,Paul Burnett,Hatchback,Yishun,2024-04-12,4.83,Active
D00770,Zachary Beard,Hatchback,Woodlands,2024-06-08,4.92,Active
D00771,Evan Gonzalez,SUV,Bishan,2020-04-21,3.61,Active
D00772,Amanda Perry,SUV,Tampines,2022-01-03,4.54,Active
D00773,Michael Munoz,Premium,Woodlands,2021-12-25,4.82,Active
D00774,Ms. Stacey Rodriguez MD,SUV,Woodlands,2018-08-09,4.13,Active
D00775,Jessica Warren,Electric,Jurong,2019-10-12,4.54,Active
D00776,Eric Bartlett,Electric,Jurong,2023-03-01,3.7,Active
D00777,Stephanie Mcgee,MPV,Toa Payoh,2023-02-09,4.57,Active
D00778,Matthew Brown,Hatchback,Tampines,2024-01-31,4.92,Active
D00779,Dawn Montgomery,Premium,Punggol,2019-01-27,4.62,Active
D00780,Wendy Hicks,Premium,Jurong,2023-04-16,4.49,Active
D00781,Megan Garcia,Sedan,Bishan,2025-02-13,4.29,Active
D00782,Robert Thomas,MPV,Tampines,2026-05-05,4.2,Active
D00783,Shannon Vincent,MPV,Singapore,2020-08-20,4.53,Active
D00784,John Garcia,Sedan,Bishan,2018-09-20,3.66,Suspended
D00785,Teresa Fowler,Sedan,Singapore,2021-03-25,4.46,Active
D00786,David Walker,MPV,Bishan,2020-02-25,4.08,Active
D00787,Mr. Donald Robertson,Sedan,Bishan,2019-06-23,4.15,Active
D00788,Katie Jackson,Electric,Yishun,2025-01-19,3.77,Active
D00789,Gloria Wallace,Sedan,Tampines,2024-01-28,4.61,Active
D00790,Melissa Bishop DVM,Premium,Yishun,2021-12-24,4.19,Active
D00791,Crystal Davis,MPV,Toa Payoh,2025-05-12,4.55,Active
D00792,Janet Delgado,SUV,Bedok,2021-11-04,4.5,Active
D00793,Meghan Larson,MPV,Tampines,2024-08-05,4.77,Active
D00794,Amy Soto,Electric,Punggol,2025-08-08,3.53,Active
D00795,Michael Rowland,SUV,Bedok,2022-07-06,4.49,Active
D00796,Ashley Powell,SUV,Yishun,2025-10-27,4.74,Active
D00797,Richard Rowe,MPV,Singapore,2018-08-03,4.28,Active
D00798,Christopher Gonzalez II,Electric,Ang Mo Kio,2021-12-22,4.65,Inactive
D00799,Julie Navarro,Electric,Yishun,2020-04-27,3.56,Active
D00800,Emily Harvey,Hatchback,Yishun,2022-07-25,3.77,Active
D00801,Vicki Brown,Hatchback,Bishan,2021-04-02,4.99,Active
D00802,Melvin Taylor,Premium,Bishan,2026-06-14,4.51,Active
D00803,Mrs. Ann Klein,Hatchback,Ang Mo Kio,2022-07-26,4.65,Active
D00804,Jennifer Hughes,Hatchback,Punggol,2023-06-07,3.56,Active
D00805,Amy Taylor,Sedan,Ang Mo Kio,2022-12-22,4.48,Inactive
D00806,Steven Chapman,MPV,Singapore,2023-02-18,4.25,Active
D00807,Mark Harvey,Electric,Bedok,2025-06-30,4.0,Active
D00808,Latoya Schultz,SUV,Bedok,2026-03-18,4.2,Active
D00809,James Banks,MPV,Bishan,2023-03-06,4.12,Active
D00810,William Doyle,Premium,Singapore,2026-04-17,4.86,Active
D00811,Wanda Bradford,Electric,Singapore,2025-03-23,3.56,Active
D00812,Tiffany Nelson,Premium,Jurong,2025-08-02,4.94,Active
D00813,Teresa Simmons,SUV,Punggol,2022-09-08,4.83,Active
D00814,Christina Gaines,MPV,Ang Mo Kio,2021-05-19,4.28,Active
D00815,Kristy Collins,MPV,Bishan,2018-08-30,4.55,Active
D00816,Lisa Simon,Premium,Jurong,2022-05-27,4.78,Active
D00817,Mary Douglas,SUV,Woodlands,2023-12-22,4.59,Active
D00818,Lauren Harris,SUV,Ang Mo Kio,2024-08-29,3.57,Active
D00819,Michelle Stafford,Electric,Bedok,2025-04-30,4.69,Active
D00820,Brittany Jones,Premium,Jurong,2024-05-19,4.0,Active
D00821,David Krause,SUV,Tampines,2019-03-12,4.2,Active
D00822,Joshua Summers,SUV,Bedok,2021-06-02,3.93,Active
D00823,Kevin Wilkinson Jr.,SUV,Singapore,2020-08-06,3.91,Active
D00824,Hannah Hampton,SUV,Jurong,2024-10-18,4.16,Active
D00825,Joshua Tyler,Sedan,Ang Mo Kio,2022-04-04,4.86,Active
D00826,Heather Olsen,Electric,Punggol,2018-08-30,3.85,Active
D00827,Michael Joyce,SUV,Yishun,2026-01-30,3.51,Active
D00828,Jason Lopez,Electric,Toa Payoh,2021-05-20,4.82,Active
D00829,Kimberly Wright,Electric,Ang Mo Kio,2020-03-10,4.43,Active
D00830,Douglas Snyder,Electric,Woodlands,2026-04-09,4.89,Active
D00831,Alexandra Doyle,Hatchback,Toa Payoh,2018-11-12,3.98,Active
D00832,Jon Jacobs,MPV,Toa Payoh,2023-06-22,4.21,Active
D00833,Oscar Thomas,Sedan,Jurong,2026-03-25,4.52,Active
D00834,Jake Brown,Hatchback,Yishun,2025-01-26,4.83,Inactive
D00835,Morgan Woods,Premium,Bedok,2026-04-18,3.52,Active
D00836,Michael Avila,SUV,Bedok,2020-01-20,4.31,Active
D00837,Bradley Brown,Premium,Singapore,2021-10-08,4.25,Active
D00838,Victoria Goodwin,Premium,Punggol,2023-03-18,3.67,Active
D00839,Cindy Perez,MPV,Ang Mo Kio,2020-09-25,3.81,Active
D00840,Allison Thompson,Electric,Ang Mo Kio,2024-05-08,3.85,Active
D00841,Patrick Lee,Hatchback,Yishun,2022-05-02,4.56,Inactive
D00842,Aaron Brown,Hatchback,Ang Mo Kio,2025-08-23,4.37,Active
D00843,David Rowland,Hatchback,Yishun,2023-11-29,4.08,Active
D00844,Cathy Norris,MPV,Bishan,2026-01-06,4.06,Active
D00845,Alexander Wilson,Electric,Ang Mo Kio,2023-07-08,3.65,Active
D00846,George Alexander,Electric,Ang Mo Kio,2019-06-14,4.68,Active
D00847,Hannah Johnson MD,Premium,Bishan,2026-06-17,3.55,Active
D00848,Joshua Gordon,Sedan,Toa Payoh,2021-07-06,3.57,Active
D00849,Amy Shields,SUV,Ang Mo Kio,2019-01-08,3.57,Active
D00850,Ryan Chambers,MPV,Yishun,2020-04-16,4.77,Active
D00851,Kristin Lewis,Premium,Toa Payoh,2023-06-07,4.7,Active
D00852,Dr. Jordan Hughes,Electric,Bishan,2026-01-14,4.4,Active
D00853,Jessica Smith,Electric,Jurong,2025-04-19,3.87,Active
D00854,Samuel Cantu,Electric,Woodlands,2020-08-22,4.86,Active
D00855,Calvin Sims,Hatchback,Woodlands,2026-06-30,4.02,Inactive
D00856,David Cunningham,Hatchback,Toa Payoh,2022-05-13,4.47,Active
D00857,Kristina Franco,Electric,Tampines,2020-05-17,4.61,Active
D00858,Gary Martinez,MPV,Singapore,2022-06-19,3.66,Active
D00859,Jodi Russell,Premium,Bedok,2022-12-13,4.86,Active
D00860,Derek Anderson,SUV,Yishun,2023-10-18,3.83,Active
D00861,Erin Taylor,MPV,Jurong,2023-06-27,4.93,Active
D00862,Kristina Daugherty,Hatchback,Woodlands,2022-03-30,3.84,Active
D00863,Alyssa Henderson,Electric,Woodlands,2025-01-09,4.47,Inactive
D00864,Michael Clay,SUV,Punggol,2020-11-22,4.81,Active
D00865,Justin Wood,Sedan,Bedok,2020-12-02,3.77,Active
D00866,Shelley Brown,SUV,Jurong,2021-08-10,4.09,Active
D00867,Kevin Ross,SUV,Singapore,2022-10-23,3.9,Active
D00868,Kenneth Lee,MPV,Tampines,2022-11-22,4.99,Active
D00869,Suzanne Powell,MPV,Woodlands,2024-11-28,4.23,Active
D00870,Rose Vasquez,Sedan,Woodlands,2022-07-31,4.11,Active
D00871,Jill Schneider,Hatchback,Yishun,2020-06-06,3.58,Active
D00872,Jason Thompson,SUV,Yishun,2021-01-24,3.74,Active
D00873,Tanner Harris,Electric,Bedok,2019-08-08,4.38,Active
D00874,Ashlee Perez,Electric,Jurong,2021-02-24,4.52,Active
D00875,Andrea Spence,Premium,Jurong,2019-04-20,4.9,Inactive
D00876,Cynthia Ramirez,Premium,Tampines,2019-03-17,3.83,Active
D00877,Joann Stevens,Electric,Singapore,2020-11-02,3.85,Active
D00878,Christopher Hill,MPV,Yishun,2024-02-09,4.84,Active
D00879,Theresa Miller,Sedan,Singapore,2018-11-14,4.02,Inactive
D00880,Lisa Zhang,Sedan,Yishun,2021-06-19,3.55,Active
D00881,Belinda Johnson,Hatchback,Jurong,2026-07-23,4.58,Active
D00882,Andrew Smith,MPV,Toa Payoh,2026-07-13,4.08,Active
D00883,Monique Miller,Hatchback,Tampines,2023-04-26,4.67,Active
D00884,Gary Park,Sedan,Woodlands,2021-07-17,3.97,Active
D00885,Samantha Chambers,Hatchback,Jurong,2026-02-18,4.64,Active
D00886,Brett Miller DDS,MPV,Ang Mo Kio,2022-05-16,4.9,Active
D00887,Stacie Taylor,MPV,Bedok,2025-12-29,4.65,Inactive
D00888,Rebecca Banks,MPV,Yishun,2019-05-06,3.7,Active
D00889,Joseph Clark,SUV,Tampines,2025-03-10,4.64,Active
D00890,Aaron Allen,Hatchback,Bedok,2022-10-18,4.76,Active
D00891,Jesse Suarez,Sedan,Singapore,2022-08-03,3.89,Active
D00892,Sheryl Mcdonald,Hatchback,Singapore,2019-09-17,4.3,Active
D00893,Richard Garcia,Electric,Bedok,2024-07-06,3.74,Active
D00894,Brittany Rios,MPV,Singapore,2023-07-02,4.33,Active
D00895,Guy Richards,Electric,Yishun,2023-09-24,4.81,Inactive
D00896,Brooke Burgess,SUV,Tampines,2021-04-10,4.37,Active
D00897,Shane Henderson,Hatchback,Ang Mo Kio,2023-03-09,4.94,Active
D00898,Charles Monroe,MPV,Tampines,2019-12-06,4.86,Active
D00899,Lawrence Villa,MPV,Ang Mo Kio,2024-04-20,3.78,Active
D00900,Kelly Grimes,Sedan,Bishan,2022-05-03,4.02,Active
D00901,David Smith,Premium,Punggol,2020-06-25,4.62,Active
D00902,Daniel Roberts,Sedan,Bedok,2024-06-14,3.94,Active
D00903,Carrie Banks,Sedan,Bedok,2023-05-11,4.95,Active
D00904,Robert Andrews,Sedan,Jurong,2020-12-10,4.82,Active
D00905,Joseph Young,MPV,Bedok,2019-04-17,3.72,Active
D00906,Cody Salazar,MPV,Tampines,2020-04-13,4.23,Active
D00907,Craig Harris,Electric,Toa Payoh,2025-11-28,4.75,Active
D00908,Julie Hooper,SUV,Yishun,2026-07-23,4.37,Active
D00909,Cameron Wolfe,SUV,Tampines,2025-01-09,4.41,Active
D00910,Heather Mclean,Premium,Bishan,2020-07-04,3.66,Inactive
D00911,Connie Johnson,MPV,Bishan,2023-05-20,4.96,Active
D00912,Jackie Rodriguez,Electric,Bedok,2019-07-23,3.79,Active
D00913,Melissa Martin,Sedan,Bedok,2026-06-01,3.53,Active
D00914,Tyler Brooks,Electric,Yishun,2022-07-07,4.16,Inactive
D00915,Ana Lane,Premium,Toa Payoh,2019-03-15,3.87,Active
D00916,Brandon Buckley,Premium,Woodlands,2018-12-29,4.38,Active
D00917,Christopher Ross,Electric,Toa Payoh,2024-08-03,4.27,Active
D00918,Terry Day,Sedan,Ang Mo Kio,2022-12-02,4.49,Active
D00919,Kevin Dean,Hatchback,Ang Mo Kio,2020-08-26,4.53,Active
D00920,Kayla Singleton,Electric,Bishan,2022-11-03,3.69,Suspended
D00921,Sandra Mills,MPV,Toa Payoh,2020-04-09,3.52,Active
D00922,Emily Richardson,Sedan,Jurong,2020-06-03,4.63,Active
D00923,Dave Stein,Sedan,Jurong,2022-07-22,4.37,Active
D00924,Alyssa Lozano,Premium,Singapore,2025-04-22,4.38,Active
D00925,Victor Burton,Hatchback,Bishan,2019-01-27,4.12,Inactive
D00926,Angela Gonzalez,Premium,Bishan,2023-10-11,4.26,Suspended
D00927,Susan Cuevas,Hatchback,Bishan,2024-07-14,4.8,Active
D00928,Elijah Beck,SUV,Singapore,2025-10-18,4.47,Active
D00929,Joanne Kelly,MPV,Ang Mo Kio,2026-03-05,4.67,Active
D00930,Jacob Joseph,Hatchback,Punggol,2025-01-15,3.85,Active
D00931,Juan Duran,MPV,Bedok,2025-01-27,4.47,Active
D00932,Chloe Cox,Hatchback,Bishan,2021-01-30,4.11,Active
D00933,Jordan White,SUV,Singapore,2025-06-05,4.72,Active
D00934,Gerald Campos,SUV,Toa Payoh,2024-05-14,4.51,Active
D00935,Jacqueline Jensen,Sedan,Yishun,2025-09-09,4.72,Active
D00936,Robert Ross,Electric,Yishun,2021-04-09,4.78,Active
D00937,James Bullock,SUV,Singapore,2025-01-25,4.94,Active
D00938,Michael Graham,Premium,Bishan,2024-10-08,4.15,Active
D00939,Sharon Simmons,MPV,Singapore,2021-03-09,3.83,Active
D00940,Veronica Coleman,Electric,Punggol,2025-09-22,4.8,Active
D00941,Janice Maxwell,Sedan,Woodlands,2019-12-24,4.32,Active
D00942,Rebecca Wood,Hatchback,Woodlands,2024-01-14,4.85,Active
D00943,Monica Erickson,Sedan,Singapore,2026-01-02,4.17,Inactive
D00944,Randall Lam,Sedan,Jurong,2025-09-25,3.83,Active
D00945,Todd Parker,Premium,Punggol,2021-07-13,4.48,Active
D00946,Kim Cameron,Electric,Singapore,2023-03-23,4.98,Active
D00947,Nicole Harris,Hatchback,Jurong,2026-02-26,4.03,Active
D00948,Tamara Young,MPV,Tampines,2019-11-08,3.74,Active
D00949,James Cooper,MPV,Singapore,2026-03-13,4.91,Active
D00950,Brenda Choi,MPV,Bishan,2023-09-03,4.82,Inactive
D00951,William Harper,Hatchback,Singapore,2020-04-07,3.77,Active
D00952,Brian Roach,Sedan,Bedok,2025-09-18,4.47,Suspended
D00953,Richard Brown,Premium,Punggol,2022-12-23,3.56,Active
D00954,Nancy Tran,Hatchback,Woodlands,2025-06-05,3.94,Active
D00955,Daniel Goodwin,MPV,Toa Payoh,2026-06-30,4.29,Active
D00956,Lisa Mcmillan,Hatchback,Ang Mo Kio,2019-12-26,4.04,Active
D00957,Valerie Ellison,MPV,Woodlands,2025-04-22,4.37,Active
D00958,Jordan Pham,Sedan,Ang Mo Kio,2023-01-19,4.22,Active
D00959,Jordan Moss,Hatchback,Bedok,2019-05-28,4.55,Inactive
D00960,Tammy Smith,MPV,Tampines,2025-04-05,4.39,Active
D00961,Julie Griffin,Electric,Woodlands,2022-05-13,4.85,Active
D00962,Gina Cannon,Electric,Bishan,2022-09-08,4.49,Active
D00963,Steve Davidson,Premium,Bishan,2022-05-03,4.05,Active
D00964,Kevin Fuller,Electric,Tampines,2024-10-21,4.87,Active
D00965,Micheal Young,SUV,Toa Payoh,2026-02-24,3.65,Active
D00966,Tyler Smith,SUV,Toa Payoh,2022-03-12,4.84,Active
D00967,Michael Butler,Electric,Ang Mo Kio,2021-02-02,3.74,Active
D00968,Tracy Booker MD,Hatchback,Woodlands,2023-03-22,3.69,Active
D00969,Carl Payne,MPV,Toa Payoh,2019-02-06,3.72,Inactive
D00970,Darryl Navarro MD,MPV,Punggol,2022-06-30,4.21,Active
D00971,Ryan Abbott,Sedan,Punggol,2022-07-23,4.51,Inactive
D00972,Dawn Chen,SUV,Woodlands,2022-05-05,4.28,Active
D00973,Alan Liu,SUV,Singapore,2020-07-01,3.74,Active
D00974,Victor Cantrell,Sedan,Toa Payoh,2023-12-07,4.55,Active
D00975,Kenneth Castro,SUV,Punggol,2022-05-12,4.1,Active
D00976,Nicole Maddox,SUV,Tampines,2025-06-30,3.57,Active
D00977,Tamara Fischer,Sedan,Bedok,2020-06-01,4.08,Active
D00978,Anthony Duffy,Premium,Jurong,2025-05-24,4.5,Active
D00979,Adam Shields,SUV,Singapore,2022-03-19,3.99,Active
D00980,Kyle Nguyen,Electric,Toa Payoh,2024-12-04,4.22,Active
D00981,Debra Warren,Sedan,Singapore,2022-04-02,4.72,Inactive
D00982,Charles Greene,Premium,Tampines,2022-01-09,3.57,Active
D00983,Brandon Riley,SUV,Tampines,2021-08-08,3.94,Inactive
D00984,Louis Brown,MPV,Singapore,2022-08-26,4.09,Inactive
D00985,James Stewart,Premium,Bishan,2020-12-12,3.56,Active
D00986,Jason Hunter,SUV,Bishan,2024-05-27,4.09,Active
D00987,Stephanie Patel,Premium,Toa Payoh,2020-10-27,4.23,Active
D00988,Ryan Taylor,Hatchback,Woodlands,2024-03-13,3.79,Active
D00989,Dawn Scott,Hatchback,Toa Payoh,2020-09-20,4.24,Active
D00990,Kimberly Colon,Sedan,Bishan,2021-12-16,4.83,Active
D00991,Thomas Christian,Electric,Toa Payoh,2021-10-05,3.65,Active
D00992,Amber Mooney,MPV,Punggol,2018-12-31,4.57,Active
D00993,Emily Lawrence,Electric,Bedok,2018-09-22,4.31,Active
D00994,Jessica Juarez,Hatchback,Ang Mo Kio,2021-07-05,4.95,Active
D00995,Paul Williams,Hatchback,Ang Mo Kio,2020-11-25,3.95,Active
D00996,Andrea Crane,Hatchback,Tampines,2020-07-10,4.33,Active
D00997,Ryan Glover,Sedan,Bishan,2021-10-31,4.13,Active
D00998,Michael Gallagher,Hatchback,Yishun,2018-12-04,4.98,Active
D00999,Jessica Rogers,Electric,Punggol,2026-03-30,4.4,Active
D01000,Thomas Duarte,SUV,Punggol,2019-03-02,4.33,Active
D01001,James Banks,SUV,Yishun,2019-05-11,4.89,Active
D01002,Melissa Cortez,MPV,Jurong,2020-11-14,4.76,Active
D01003,Tina Williams,Premium,Tampines,2018-12-15,3.8,Active
D01004,Jacob Brown,SUV,Tampines,2024-08-28,4.53,Active
D01005,Lindsey Meza,Electric,Woodlands,2019-07-04,4.41,Active
D01006,Anna Jenkins,SUV,Tampines,2025-10-23,4.05,Active
D01007,Alan Harper,Premium,Ang Mo Kio,2019-05-22,4.14,Active
D01008,Kimberly Evans,Sedan,Ang Mo Kio,2020-12-17,4.37,Active
D01009,Nathan Valenzuela,Premium,Punggol,2021-04-28,4.92,Active
D01010,Troy Flores,Premium,Punggol,2024-05-06,4.58,Active
D01011,Jacqueline Rowe,Premium,Woodlands,2024-07-25,4.18,Active
D01012,Stephen Knapp,SUV,Bedok,2020-10-18,3.87,Inactive
D01013,Stephen Gross,Premium,Yishun,2023-02-26,3.6,Active
D01014,Amanda Greene,SUV,Ang Mo Kio,2020-09-30,4.01,Active
D01015,Jeffrey Grant,Sedan,Jurong,2024-08-28,3.94,Active
D01016,John Price,Hatchback,Singapore,2019-01-15,4.22,Active
D01017,Kevin Wilson,Hatchback,Tampines,2020-08-15,4.67,Active
D01018,Tina Ruiz,MPV,Singapore,2021-12-02,4.53,Active
D01019,Joshua Cole,Premium,Toa Payoh,2022-04-03,4.97,Active
D01020,Heather Hanson,Hatchback,Bishan,2020-12-02,3.92,Active
D01021,Teresa Duncan,SUV,Toa Payoh,2020-12-03,3.71,Active
D01022,Shane Mann,Sedan,Toa Payoh,2026-01-11,4.73,Active
D01023,Heather Pope,Sedan,Jurong,2019-07-31,4.39,Active
D01024,Ethan Salinas,Hatchback,Woodlands,2022-12-21,3.66,Active
D01025,Katherine Munoz,Hatchback,Ang Mo Kio,2021-07-31,4.32,Inactive
D01026,Alicia Hess,SUV,Ang Mo Kio,2021-12-20,4.21,Active
D01027,Jessica Baker,Hatchback,Punggol,2021-05-19,4.09,Active
D01028,Andrew Hoover,Hatchback,Ang Mo Kio,2020-05-09,4.37,Inactive
D01029,Suzanne Swanson,SUV,Jurong,2024-08-22,4.67,Active
D01030,Mr. Micheal Jones MD,Hatchback,Punggol,2024-10-18,4.23,Suspended
D01031,Victor Conrad,Electric,Jurong,2021-02-12,4.15,Inactive
D01032,Patricia Williams,MPV,Jurong,2022-09-06,4.87,Active
D01033,Adrian Adams,Hatchback,Bedok,2019-02-14,4.47,Inactive
D01034,Michael Johnson,Electric,Yishun,2024-03-06,4.43,Active
D01035,Dwayne Matthews,Hatchback,Singapore,2021-11-10,3.98,Active
D01036,Courtney Watson,Premium,Woodlands,2024-02-19,4.55,Inactive
D01037,Robert Moon,Hatchback,Yishun,2018-12-31,4.71,Active
D01038,Anthony Sellers,Sedan,Jurong,2018-11-05,4.57,Active
D01039,Kimberly Le,SUV,Bishan,2020-06-04,4.89,Active
D01040,Lynn Washington,Electric,Punggol,2023-07-16,3.98,Active
D01041,Jodi Carson,Hatchback,Jurong,2021-10-10,4.69,Active
D01042,Nancy Baxter,Electric,Bedok,2019-12-22,4.66,Inactive
D01043,Ashley Hernandez,Electric,Punggol,2023-01-19,3.81,Active
D01044,Alex Johnson,Hatchback,Toa Payoh,2020-04-17,4.76,Active
D01045,Ann Lee,Sedan,Bedok,2018-12-14,4.56,Active
D01046,Abigail Miller,Sedan,Woodlands,2024-02-12,4.39,Active
D01047,Jon Zuniga,Electric,Singapore,2020-08-30,4.37,Active
D01048,Diane Johnson,Sedan,Bedok,2024-03-16,4.38,Active
D01049,Larry Hill,Premium,Tampines,2024-11-19,3.51,Active
D01050,Timothy Howard,Sedan,Yishun,2019-05-27,4.11,Active
D01051,Megan Kelly,MPV,Toa Payoh,2024-09-28,4.04,Active
D01052,Stephanie Lopez,Hatchback,Toa Payoh,2022-01-09,3.53,Active
D01053,Andrew Hayes,Hatchback,Bishan,2025-05-12,4.22,Active
D01054,Kathleen Baxter,MPV,Yishun,2024-07-08,4.62,Active
D01055,John Williams,Electric,Toa Payoh,2025-08-04,3.81,Active
D01056,Jeremy Pope,SUV,Singapore,2025-02-13,4.38,Active
D01057,Louis Wang,Electric,Jurong,2022-11-07,4.28,Active
D01058,Gregory Wilcox,Premium,Bedok,2023-11-11,4.53,Active
D01059,Stacey Ellis,MPV,Bishan,2018-10-21,4.06,Active
D01060,Christopher Buchanan,Electric,Punggol,2019-06-18,4.27,Active
D01061,Laura Marquez,MPV,Toa Payoh,2022-02-05,3.85,Inactive
D01062,David Perkins,Hatchback,Woodlands,2018-08-31,3.55,Active
D01063,Jackson Cervantes,Premium,Singapore,2024-01-22,4.06,Active
D01064,Keith Salas,MPV,Jurong,2020-05-12,3.57,Active
D01065,Laura Hernandez,Premium,Singapore,2022-10-30,4.46,Active
D01066,Marie Simpson,Electric,Tampines,2024-02-24,3.82,Active
D01067,Joshua Bates,MPV,Woodlands,2025-09-22,3.96,Active
D01068,Elizabeth Kelley,MPV,Tampines,2020-03-07,3.84,Active
D01069,Kristen Sanchez,MPV,Tampines,2021-06-26,3.97,Active
D01070,James Brown,Electric,Tampines,2026-01-21,4.56,Active
D01071,Linda Edwards,Premium,Woodlands,2023-10-25,4.26,Active
D01072,Stacey Neal,Electric,Yishun,2025-12-23,3.7,Active
D01073,Justin Taylor,Electric,Yishun,2019-11-26,3.61,Active
D01074,Elizabeth Wright,Hatchback,Singapore,2019-04-13,4.15,Active
D01075,Kevin Rosales,Hatchback,Singapore,2024-07-10,4.24,Active
D01076,Samantha Wilson,Sedan,Bishan,2022-10-04,4.58,Active
D01077,Jacob Burke,Sedan,Tampines,2020-04-30,4.36,Active
D01078,Beth Roach,SUV,Yishun,2024-03-10,3.74,Active
D01079,Ryan Taylor,MPV,Bishan,2019-05-09,4.14,Active
D01080,Amy Hobbs,Premium,Yishun,2020-10-27,4.48,Active
D01081,Stephen Jensen,Hatchback,Yishun,2025-12-30,4.62,Active
D01082,Jennifer Moses,Premium,Bedok,2022-10-18,3.75,Active
D01083,Wendy Wade,Premium,Tampines,2019-10-04,4.72,Active
D01084,Ryan Morales,SUV,Singapore,2021-10-05,4.96,Active
D01085,Kristy Stewart,SUV,Tampines,2018-08-31,3.94,Active
D01086,Gregory Lopez,SUV,Punggol,2021-10-21,4.72,Active
D01087,Alexandria Rivera,SUV,Tampines,2019-03-20,3.69,Active
D01088,Angela Benson,Sedan,Jurong,2024-02-13,4.68,Active
D01089,Barbara Campos,Sedan,Jurong,2020-07-04,4.82,Active
D01090,Juan Stewart,Electric,Toa Payoh,2026-06-06,3.79,Active
D01091,John Garrett,Electric,Tampines,2021-11-07,4.31,Active
D01092,Walter Ellis,Electric,Ang Mo Kio,2026-06-10,4.48,Active
D01093,Peter Diaz,Premium,Yishun,2025-01-30,4.06,Suspended
D01094,Tammy Brown,Premium,Punggol,2019-11-07,4.27,Suspended
D01095,Keith Rose,Hatchback,Tampines,2019-11-20,4.49,Active
D01096,Debra Wagner,Electric,Singapore,2024-04-12,4.45,Active
D01097,Elizabeth Campos,MPV,Tampines,2025-01-26,4.41,Active
D01098,Jeffrey Taylor,Sedan,Bedok,2021-04-26,4.86,Inactive
D01099,Suzanne Marks,Sedan,Punggol,2021-10-09,4.48,Active
D01100,Ivan Flowers,Electric,Singapore,2024-08-09,3.9,Active
D01101,Sarah Douglas,MPV,Yishun,2023-02-18,3.71,Active
D01102,Ryan Powers,Hatchback,Ang Mo Kio,2025-10-30,3.71,Active
D01103,William Saunders,Sedan,Jurong,2019-03-09,4.11,Active
D01104,Randall Walker,Hatchback,Jurong,2021-05-21,4.78,Active
D01105,Dale Gibson,Premium,Woodlands,2022-11-17,4.15,Active
D01106,Joan Espinoza,SUV,Tampines,2019-01-05,3.63,Active
D01107,Alicia Butler,MPV,Toa Payoh,2024-06-07,4.14,Active
D01108,Kimberly Velazquez,Hatchback,Jurong,2026-01-22,4.69,Active
D01109,Ricardo Armstrong,Sedan,Tampines,2022-07-19,4.53,Active
D01110,Benjamin Rodriguez,Sedan,Yishun,2019-03-12,4.8,Active
D01111,Frederick Martin,Premium,Singapore,2022-01-20,3.51,Active
D01112,Amanda Davis,SUV,Woodlands,2020-12-01,4.58,Active
D01113,Charles Ramirez,Premium,Toa Payoh,2022-03-02,4.02,Active
D01114,Brian Nielsen,SUV,Bedok,2024-01-19,4.6,Active
D01115,Mr. Patrick Smith DDS,SUV,Bedok,2019-05-29,4.63,Active
D01116,Steven Fisher,Sedan,Jurong,2019-02-05,4.5,Active
D01117,Jill Bailey,Hatchback,Jurong,2020-03-19,4.44,Active
D01118,Jennifer Alvarez,SUV,Yishun,2024-06-19,3.84,Active
D01119,Joe Peters,SUV,Woodlands,2019-12-29,3.67,Active
D01120,Adam Meyer,Hatchback,Bedok,2024-11-19,4.36,Active
D01121,Richard James,SUV,Toa Payoh,2018-12-20,4.92,Active
D01122,Alexandra Colon,Premium,Bedok,2021-03-14,4.81,Active
D01123,Robert Hendrix,Premium,Yishun,2023-07-04,4.0,Active
D01124,David Ortega,Sedan,Woodlands,2024-06-05,4.62,Active
D01125,Evan Delacruz,Premium,Bedok,2021-08-29,4.97,Active
D01126,Jason Jones,MPV,Bishan,2024-07-01,3.8,Active
D01127,Thomas Wilson,Electric,Woodlands,2024-03-10,4.68,Active
D01128,Nicole Salinas,Hatchback,Woodlands,2025-03-05,4.7,Active
D01129,Lisa Palmer,Hatchback,Yishun,2025-01-06,4.27,Active
D01130,Jeffery Gray,SUV,Tampines,2022-10-04,3.63,Active
D01131,Becky Blair,Premium,Singapore,2022-09-30,4.8,Active
D01132,Jose Gamble,SUV,Singapore,2021-04-14,3.55,Inactive
D01133,Johnny Gonzales,Premium,Punggol,2018-08-16,3.64,Active
D01134,William Gentry,SUV,Bishan,2018-08-05,4.93,Inactive
D01135,Dr. Russell Zuniga,MPV,Bishan,2026-03-08,4.55,Active
D01136,Lauren Harmon,Hatchback,Jurong,2020-02-14,4.6,Active
D01137,Michael Moody,SUV,Ang Mo Kio,2025-10-14,3.74,Active
D01138,Daniel Brown,Electric,Bishan,2022-02-17,4.43,Inactive
D01139,Amber Hamilton,Hatchback,Woodlands,2021-12-20,4.79,Inactive
D01140,Ralph Jennings,Hatchback,Ang Mo Kio,2024-08-05,4.86,Active
D01141,Andrew Daniels,Premium,Singapore,2026-03-02,4.34,Active
D01142,Cynthia Garza,Hatchback,Singapore,2022-12-09,4.03,Active
D01143,Nancy Reese,Electric,Bedok,2021-02-04,4.18,Active
D01144,Christina Moore,Hatchback,Toa Payoh,2020-05-15,4.31,Active
D01145,Stacy Dunn,MPV,Toa Payoh,2020-12-23,3.57,Active
D01146,Christian Garcia,SUV,Bedok,2025-04-16,4.46,Active
D01147,Jonathan Solis,MPV,Bedok,2025-09-08,3.91,Active
D01148,Mark Mathews,Electric,Tampines,2023-04-15,4.21,Active
D01149,Maria Davidson,Premium,Yishun,2026-04-05,4.71,Active
D01150,Brandi Robertson,Hatchback,Jurong,2025-01-12,3.68,Suspended
D01151,Robert Morales,Electric,Ang Mo Kio,2026-04-29,3.73,Inactive
D01152,Kathleen Garza,MPV,Toa Payoh,2020-01-21,3.88,Active
D01153,Thomas Garcia,Electric,Tampines,2022-10-13,4.8,Active
D01154,Melanie Gomez,SUV,Bishan,2025-09-13,3.87,Active
D01155,Melissa Nichols,Sedan,Ang Mo Kio,2022-02-05,4.56,Active
D01156,Michael Adams,SUV,Singapore,2021-01-20,4.62,Active
D01157,Melissa Kelley,Hatchback,Punggol,2023-04-20,3.84,Active
D01158,Alexander Anderson,Premium,Singapore,2023-06-02,4.22,Inactive
D01159,Dawn Henry,MPV,Punggol,2020-05-24,3.86,Active
D01160,Annette Hunter,Electric,Yishun,2019-02-26,4.31,Active
D01161,Sarah Gonzales,Hatchback,Singapore,2022-03-04,4.63,Active
D01162,Brooke Young,Hatchback,Punggol,2020-01-28,3.94,Active
D01163,James Delgado,Premium,Toa Payoh,2023-02-28,4.57,Active
D01164,Morgan Lawson,Premium,Punggol,2022-03-13,3.93,Active
D01165,Michael Mendoza,Sedan,Jurong,2021-03-30,3.87,Inactive
D01166,Tina Liu,Hatchback,Jurong,2020-11-20,4.02,Active
D01167,Annette Barr,Premium,Tampines,2025-08-22,4.11,Active
D01168,Teresa Gordon,Electric,Ang Mo Kio,2025-06-22,4.85,Active
D01169,Stacey Olson,Sedan,Punggol,2022-10-26,4.84,Active
D01170,Gabriella Carter,Hatchback,Tampines,2024-08-16,4.88,Active
D01171,Nicole Murphy,MPV,Singapore,2024-08-23,3.93,Active
D01172,Laura Gibson,Hatchback,Ang Mo Kio,2025-01-14,3.58,Inactive
D01173,Lauren Miller,Sedan,Bedok,2022-01-22,3.75,Active
D01174,Bradley Nelson,Premium,Jurong,2026-01-31,4.77,Active
D01175,Linda Johnson,MPV,Tampines,2025-09-06,3.89,Active
D01176,Matthew Vaughn,Sedan,Punggol,2019-03-21,4.78,Active
D01177,Carmen Ferrell,SUV,Yishun,2023-01-05,4.72,Active
D01178,Eric Nichols,MPV,Tampines,2021-05-10,4.58,Active
D01179,Rachel Mora,Sedan,Jurong,2023-10-27,3.85,Active
D01180,Brenda Stevenson,MPV,Toa Payoh,2023-05-14,4.75,Active
D01181,Michael Anderson,Sedan,Bedok,2019-04-10,4.27,Active
D01182,Brandon Tyler,Sedan,Ang Mo Kio,2024-09-11,4.66,Active
D01183,Latoya Rodriguez,SUV,Yishun,2025-01-29,4.12,Active
D01184,Janice Todd,Electric,Punggol,2024-09-30,4.55,Active
D01185,Keith Diaz,MPV,Bedok,2020-09-21,3.83,Suspended
D01186,Deborah Parker DDS,Electric,Bishan,2021-07-19,4.82,Active
D01187,Jonathan Flores,SUV,Singapore,2022-09-16,4.63,Active
D01188,Danielle Lowery,Hatchback,Woodlands,2022-03-28,4.4,Inactive
D01189,Glenda Mckenzie,Electric,Bishan,2021-11-17,3.7,Active
D01190,Christopher Ray,SUV,Woodlands,2025-10-26,4.89,Active
D01191,Christopher Smith,SUV,Bedok,2026-04-29,4.73,Active
D01192,Randall Patton,Electric,Woodlands,2023-07-22,4.18,Active
D01193,Cynthia Cochran,MPV,Jurong,2022-01-10,3.55,Active
D01194,Adam Scott,MPV,Toa Payoh,2019-03-18,4.88,Inactive
D01195,Robin Duke,SUV,Bishan,2023-03-21,4.19,Active
D01196,Ryan Potter,Sedan,Ang Mo Kio,2021-08-20,4.96,Active
D01197,Carlos Reilly,Hatchback,Toa Payoh,2022-06-15,4.1,Active
D01198,Katrina Porter,MPV,Bedok,2025-07-18,4.56,Active
D01199,Matthew Day,MPV,Singapore,2020-06-07,4.36,Active
D01200,Brittany Steele,Hatchback,Ang Mo Kio,2021-01-14,4.78,Active
D01201,Joshua Snyder,MPV,Bedok,2024-05-13,4.13,Active
D01202,Misty Reid,Hatchback,Jurong,2019-04-16,4.31,Active
D01203,Matthew Haynes,Electric,Ang Mo Kio,2025-01-09,4.67,Active
D01204,Andrea White,Premium,Yishun,2026-07-10,3.78,Active
D01205,Christine Gonzalez,Sedan,Toa Payoh,2022-11-17,4.97,Active
D01206,Kristin Scott,SUV,Woodlands,2022-05-16,4.21,Active
D01207,Wendy Smith,Hatchback,Punggol,2022-02-25,3.97,Active
D01208,Sandra Serrano,Premium,Singapore,2023-09-09,4.76,Active
D01209,Matthew Smith,Premium,Toa Payoh,2025-08-06,3.79,Active
D01210,Dr. Pamela Stevens,Electric,Toa Payoh,2020-06-19,4.13,Active
D01211,Daniel Gonzales,MPV,Punggol,2020-10-07,4.25,Active
D01212,Jorge Wilcox,Hatchback,Punggol,2026-06-27,4.58,Active
D01213,Justin Clements,SUV,Singapore,2019-06-09,4.63,Active
D01214,Nicole Smith,Electric,Yishun,2019-10-17,4.06,Inactive
D01215,Randy Nguyen,Hatchback,Tampines,2018-10-10,4.88,Active
D01216,Sarah Shaw,SUV,Yishun,2018-11-14,3.92,Active
D01217,Todd Henry,Premium,Bedok,2019-09-16,3.61,Active
D01218,Cory Butler,Premium,Punggol,2023-06-07,4.97,Active
D01219,Francis Huang,Hatchback,Toa Payoh,2020-01-11,4.29,Active
D01220,Mariah Diaz,Premium,Punggol,2020-04-02,3.74,Active
D01221,Ms. Linda Schmidt,Premium,Bedok,2024-02-01,4.04,Active
D01222,Joseph Keith,Electric,Bishan,2024-01-06,4.86,Active
D01223,Emily Robinson,Electric,Woodlands,2023-03-19,4.67,Active
D01224,Michael Morgan,Hatchback,Bishan,2021-10-29,3.98,Active
D01225,Tamara Evans,SUV,Jurong,2025-08-12,3.9,Active
D01226,Elijah Casey,MPV,Toa Payoh,2019-12-03,4.7,Active
D01227,James Bell,Electric,Bedok,2021-05-01,4.87,Active
D01228,Melissa Hobbs,Premium,Woodlands,2026-04-19,4.63,Active
D01229,Donna White,MPV,Yishun,2024-05-03,4.11,Active
D01230,Melissa Parker,Hatchback,Tampines,2021-11-25,4.27,Active
D01231,Jay Harrison,SUV,Yishun,2025-10-08,4.08,Active
D01232,Jeffrey Miranda,MPV,Jurong,2024-10-13,3.56,Inactive
D01233,Peter Hurley,MPV,Bishan,2023-07-17,3.65,Active
D01234,Justin Blake,Sedan,Yishun,2025-05-13,3.89,Active
D01235,Brian Willis,Sedan,Bedok,2023-04-08,3.97,Active
D01236,Sarah Brooks,SUV,Woodlands,2024-03-04,4.49,Active
D01237,Michael Barr,Sedan,Punggol,2018-09-01,4.85,Suspended
D01238,Sally Barker,Electric,Punggol,2023-08-09,3.83,Active
D01239,Tammy Johnson,Electric,Jurong,2021-08-25,3.67,Active
D01240,Jason Ramirez,Sedan,Yishun,2022-11-19,3.53,Inactive
D01241,Mary Wilson DVM,SUV,Bedok,2024-10-27,3.84,Active
D01242,George Murphy,Sedan,Jurong,2025-11-18,4.3,Active
D01243,John Jimenez,SUV,Tampines,2026-01-28,4.05,Active
D01244,Ryan Gardner,Electric,Bishan,2026-04-11,3.77,Active
D01245,Logan Walls IV,Premium,Woodlands,2019-02-12,4.89,Active
D01246,Alvin Foley,SUV,Punggol,2024-02-03,3.98,Active
D01247,Antonio Harvey,Hatchback,Toa Payoh,2025-09-24,3.86,Active
D01248,Michele Bryant,MPV,Bedok,2023-07-02,4.98,Active
D01249,Sabrina Stone,Electric,Ang Mo Kio,2019-09-27,3.55,Active
D01250,Nancy Nelson,MPV,Bedok,2019-09-05,4.81,Active
D01251,Michael King,SUV,Jurong,2023-11-23,3.57,Active
D01252,Brenda Andrews,Sedan,Woodlands,2022-09-14,3.74,Active
D01253,Dr. Mike Gonzalez,SUV,Jurong,2020-05-11,3.93,Active
D01254,Kendra Krause,Sedan,Woodlands,2024-07-16,4.85,Inactive
D01255,Marie Barker,Electric,Woodlands,2023-02-26,4.5,Active
D01256,Nicholas Jensen,Sedan,Ang Mo Kio,2020-05-26,4.17,Active
D01257,Victoria Brown,Hatchback,Tampines,2025-12-08,4.07,Active
D01258,Teresa Lambert,Sedan,Punggol,2019-04-27,3.78,Active
D01259,Dr. Michele Morales,Premium,Bedok,2023-01-17,4.65,Active
D01260,Dale Lee,MPV,Singapore,2019-04-15,3.79,Active
D01261,Alexa Thompson,Electric,Punggol,2020-11-04,3.65,Active
D01262,Linda Campbell,Electric,Toa Payoh,2020-01-23,4.18,Active
D01263,Sheri Mcdonald,Electric,Yishun,2021-01-30,4.9,Inactive
D01264,Michelle Mcintyre,SUV,Ang Mo Kio,2023-07-21,4.6,Active
D01265,Amber Williams,SUV,Toa Payoh,2022-08-17,4.47,Active
D01266,Katie Weaver,SUV,Bishan,2025-09-01,3.95,Active
D01267,Robin Morse,Premium,Toa Payoh,2024-06-19,4.68,Active
D01268,Aaron Hayes,MPV,Singapore,2024-02-02,4.1,Active
D01269,Sandra Smith,Hatchback,Punggol,2019-08-14,3.76,Active
D01270,Victor Clark,SUV,Tampines,2026-05-25,3.94,Inactive
D01271,Lauren Mcclure,Electric,Yishun,2021-10-13,4.7,Active
D01272,Anthony Phillips,Hatchback,Bedok,2018-12-09,4.46,Active
D01273,Keith Smith,SUV,Woodlands,2025-06-18,4.45,Active
D01274,Sarah Villanueva,Electric,Punggol,2018-08-21,4.83,Active
D01275,Christopher Christensen,MPV,Yishun,2018-10-04,3.78,Active
D01276,Caroline Cruz,SUV,Yishun,2021-10-18,3.54,Active
D01277,Teresa Yates,SUV,Punggol,2024-05-08,3.92,Active
D01278,Yolanda Sheppard,Electric,Singapore,2026-05-15,4.85,Active
D01279,Steven Parrish,Sedan,Tampines,2018-08-15,4.2,Active
D01280,Kimberly Cruz,Premium,Punggol,2023-11-20,4.0,Active
D01281,Darius Whitney,Hatchback,Ang Mo Kio,2025-12-05,4.21,Active
D01282,Barbara Hicks,Hatchback,Bishan,2023-05-10,4.28,Active
D01283,Christian Pugh DVM,Electric,Punggol,2025-07-27,4.32,Active
D01284,Jacqueline Pratt,Electric,Bedok,2022-11-21,4.63,Inactive
D01285,Patrick Young,Electric,Jurong,2024-05-17,4.48,Active
D01286,Leslie Michael,MPV,Punggol,2021-01-12,4.76,Active
D01287,Erica Smith,MPV,Toa Payoh,2019-07-05,4.34,Active
D01288,Charles Garza,Premium,Punggol,2019-04-21,3.71,Active
D01289,Tara Garcia,MPV,Toa Payoh,2019-06-17,4.33,Active
D01290,Alexander Murphy,Sedan,Woodlands,2022-12-15,4.9,Active
D01291,Michael Stewart,Sedan,Yishun,2023-03-18,3.8,Active
D01292,Thomas Lucas DVM,Electric,Tampines,2021-05-15,4.11,Inactive
D01293,Vanessa Heath,Premium,Toa Payoh,2021-04-13,3.93,Inactive
D01294,Erin Ramirez,Hatchback,Punggol,2023-11-30,4.86,Active
D01295,Samantha Morris,MPV,Tampines,2019-04-10,4.74,Active
D01296,John Schneider,Premium,Ang Mo Kio,2025-05-17,4.54,Active
D01297,Kevin Cannon,Sedan,Punggol,2025-11-18,3.82,Active
D01298,Albert Hudson,SUV,Ang Mo Kio,2019-03-20,4.74,Active
D01299,Bridget Perez,Hatchback,Woodlands,2026-05-20,4.29,Active
D01300,Steven Cook,SUV,Jurong,2021-10-18,3.59,Inactive
D01301,Richard Ochoa,Premium,Tampines,2024-10-01,3.88,Active
D01302,Eric Drake,MPV,Bedok,2019-04-19,4.85,Active
D01303,Amber Suarez,Premium,Bedok,2020-04-25,4.83,Active
D01304,Jose Williams,Premium,Bishan,2022-07-03,4.17,Active
D01305,Michelle Roman,Sedan,Punggol,2022-12-16,4.64,Active
D01306,Dr. Kimberly Mills DDS,Premium,Yishun,2025-04-03,4.83,Active
D01307,William Taylor,SUV,Yishun,2025-05-28,4.19,Active
D01308,Mr. Jacob Landry,SUV,Jurong,2019-11-10,4.95,Active
D01309,Samuel Navarro,Premium,Tampines,2024-12-21,4.13,Active
D01310,Heather Myers,Electric,Woodlands,2021-05-01,4.86,Suspended
D01311,Jesse Holloway,SUV,Punggol,2025-10-12,3.63,Active
D01312,Jacqueline Lynch,MPV,Singapore,2020-10-06,3.63,Active
D01313,Charles Nelson,Sedan,Tampines,2024-02-18,3.9,Active
D01314,Charles Case,Electric,Jurong,2025-03-27,4.19,Suspended
D01315,Sherry Levine,SUV,Bishan,2025-04-06,4.95,Active
D01316,Amy Davis,Premium,Yishun,2024-11-13,3.81,Active
D01317,Robert Booker,Hatchback,Singapore,2026-05-14,4.77,Active
D01318,Jennifer Pierce,SUV,Woodlands,2020-11-03,3.64,Active
D01319,John Thompson,SUV,Woodlands,2025-10-01,4.85,Inactive
D01320,Julie Roberts,Hatchback,Bishan,2026-01-05,4.69,Active
D01321,Audrey Jackson,SUV,Yishun,2024-08-30,3.63,Suspended
D01322,Laura Garrison,SUV,Bishan,2021-10-20,4.42,Active
D01323,Eileen White,SUV,Bishan,2021-03-10,4.96,Active
D01324,Tami Jimenez,Hatchback,Woodlands,2025-01-18,3.93,Active
D01325,Melissa Perez,Hatchback,Bedok,2023-05-01,4.35,Active
D01326,Lisa Vaughn,MPV,Bedok,2023-01-21,3.63,Active
D01327,Fernando Mills,Premium,Bishan,2023-01-06,4.58,Active
D01328,Michael Harris,SUV,Toa Payoh,2023-02-13,4.38,Suspended
D01329,Justin Kelly,MPV,Toa Payoh,2025-11-16,3.51,Active
D01330,Jacob Mccoy,MPV,Bishan,2024-09-29,4.46,Active
D01331,Kelly Murphy,SUV,Yishun,2023-11-30,4.14,Active
D01332,Bradley Massey,Premium,Bishan,2020-10-15,4.71,Active
D01333,Alisha Matthews,SUV,Singapore,2019-02-05,4.67,Active
D01334,Pamela Gardner,SUV,Ang Mo Kio,2022-03-01,4.32,Active
D01335,Brett Wells,Hatchback,Jurong,2020-11-07,4.13,Active
D01336,Kimberly Tanner,Sedan,Jurong,2023-07-20,4.33,Active
D01337,Katherine Thomas,Sedan,Punggol,2024-04-12,4.75,Active
D01338,Jennifer Turner,Electric,Punggol,2026-05-02,4.87,Active
D01339,Dr. Joseph Cox,SUV,Tampines,2026-02-16,4.64,Active
D01340,Christy Floyd,Electric,Yishun,2021-09-16,3.52,Active
D01341,Sarah Ramirez,SUV,Yishun,2023-01-17,4.38,Active
D01342,Ronald Mcintyre,SUV,Bedok,2018-12-07,4.66,Inactive
D01343,Christopher Daniel,Premium,Woodlands,2025-07-24,4.61,Active
D01344,Brandon Nichols,MPV,Punggol,2022-07-20,4.84,Active
D01345,William Price,SUV,Tampines,2026-04-26,4.38,Active
D01346,Keith Yates,SUV,Singapore,2024-11-08,4.88,Active
D01347,James Nelson,Hatchback,Bishan,2019-07-06,3.9,Active
D01348,Susan Ross,SUV,Bishan,2018-10-23,4.31,Active
D01349,John Ellison,Hatchback,Tampines,2026-06-05,4.42,Active
D01350,Natasha Rodriguez,Electric,Singapore,2021-09-17,4.02,Active
D01351,Nathaniel Berg,Hatchback,Toa Payoh,2025-10-07,3.7,Active
D01352,Kimberly Barnett,Hatchback,Tampines,2023-04-25,4.65,Active
D01353,Kendra Garcia,Hatchback,Ang Mo Kio,2026-01-28,3.73,Active
D01354,Sylvia Lozano,Hatchback,Punggol,2023-06-10,4.72,Active
D01355,Lydia Rodriguez,Sedan,Yishun,2024-09-30,3.83,Active
D01356,Anthony Miller,Sedan,Punggol,2025-04-15,4.97,Active
D01357,Julie Pace,Premium,Punggol,2026-03-05,4.37,Active
D01358,Terry Morris,Premium,Jurong,2025-12-30,4.9,Active
D01359,Emma Perry,Premium,Bedok,2022-05-23,4.56,Active
D01360,Justin Martinez,Sedan,Tampines,2021-10-12,4.67,Active
D01361,Sharon Johnson,Electric,Tampines,2022-05-12,3.67,Active
D01362,Jason Nguyen,Hatchback,Punggol,2018-08-22,3.77,Active
D01363,Jason Harper,Sedan,Woodlands,2020-07-05,3.87,Active
D01364,Cody Simmons,Hatchback,Yishun,2019-09-05,3.75,Active
D01365,Zachary Barnes,Electric,Bedok,2018-11-17,4.71,Active
D01366,Michael Miller,Electric,Bedok,2023-06-28,3.55,Active
D01367,Catherine Clark,MPV,Yishun,2019-08-18,3.83,Active
D01368,Katherine Hunter,Premium,Bedok,2020-09-17,4.04,Inactive
D01369,Nathaniel Anderson,MPV,Tampines,2020-08-05,3.86,Active
D01370,Valerie Jordan,SUV,Jurong,2022-06-07,4.31,Active
D01371,Richard Cunningham,Electric,Tampines,2019-07-22,4.2,Active
D01372,Victoria Ramirez,Premium,Ang Mo Kio,2023-07-02,4.33,Active
D01373,William Watkins,Sedan,Woodlands,2023-12-11,3.74,Active
D01374,Brandon Rivas,SUV,Woodlands,2023-11-15,3.61,Active
D01375,Sally Munoz,Sedan,Jurong,2022-01-26,4.27,Active
D01376,Thomas Lopez,Sedan,Woodlands,2022-04-21,3.79,Active
D01377,Martin Aguilar,MPV,Yishun,2023-08-08,3.85,Active
D01378,Christopher Peters,Premium,Tampines,2018-08-02,3.92,Active
D01379,Jason Alexander,MPV,Woodlands,2026-04-02,3.9,Active
D01380,Maria Melton,MPV,Yishun,2024-05-05,3.87,Active
D01381,Destiny Wong,Sedan,Singapore,2021-03-13,4.14,Inactive
D01382,Russell Burns,SUV,Singapore,2023-06-19,4.51,Active
D01383,Connie Campbell,MPV,Bedok,2024-08-30,4.95,Active
D01384,Paul Smith,Electric,Woodlands,2022-10-02,3.91,Active
D01385,Michael Decker,Electric,Woodlands,2018-10-13,3.65,Active
D01386,Jennifer Williams,Hatchback,Toa Payoh,2026-04-15,4.69,Active
D01387,Patrick Gordon,Premium,Jurong,2021-01-30,4.75,Inactive
D01388,Kyle Goodman,Sedan,Bedok,2024-01-17,4.72,Active
D01389,Natasha Shelton,Sedan,Toa Payoh,2026-02-26,4.94,Active
D01390,Marcus Taylor,Hatchback,Ang Mo Kio,2019-12-04,4.94,Active
D01391,Kerri Mcbride,MPV,Toa Payoh,2024-02-12,4.56,Active
D01392,Donna Murphy,MPV,Jurong,2023-11-19,4.38,Active
D01393,Katrina Allen,Sedan,Jurong,2019-06-28,4.85,Active
D01394,Travis Foster,Electric,Singapore,2024-09-25,4.08,Active
D01395,Karen Peck,MPV,Yishun,2024-12-27,3.94,Active
D01396,Ariana Dillon,Sedan,Bishan,2018-11-23,3.69,Inactive
D01397,Bryan Roman,SUV,Tampines,2021-10-29,4.32,Active
D01398,Heather Bradley,MPV,Bishan,2024-02-07,3.83,Active
D01399,Jeffrey Williams,Hatchback,Jurong,2025-11-10,3.93,Active
D01400,Matthew Cole,Electric,Toa Payoh,2021-09-20,4.4,Active
D01401,Chad James,Sedan,Jurong,2023-05-16,3.91,Active
D01402,Veronica Quinn,Sedan,Tampines,2024-07-01,4.34,Active
D01403,Robert Schneider,Electric,Bedok,2021-11-15,4.14,Suspended
D01404,Susan Parker,SUV,Woodlands,2024-08-23,4.38,Active
D01405,Joseph Mccarthy,SUV,Singapore,2023-03-25,4.58,Active
D01406,Michael Reilly,Hatchback,Toa Payoh,2023-10-12,4.45,Inactive
D01407,Andrew Robinson,Sedan,Woodlands,2024-09-23,4.64,Active
D01408,Tony Green,MPV,Bedok,2025-04-21,3.92,Active
D01409,Daniel Freeman,Premium,Punggol,2021-11-19,4.01,Active
D01410,Christine Perez,Electric,Toa Payoh,2021-03-28,3.64,Active
D01411,Yvonne Lara,Hatchback,Jurong,2022-10-14,4.29,Active
D01412,Cody Gill,MPV,Jurong,2020-03-26,3.77,Active
D01413,Morgan Taylor,SUV,Punggol,2021-08-23,4.73,Active
D01414,Cody Ho,SUV,Singapore,2026-02-10,4.06,Active
D01415,Ray Goodman,Electric,Yishun,2022-12-11,4.43,Active
D01416,Tiffany Hayes,Hatchback,Yishun,2026-05-08,4.99,Active
D01417,Johnathan Rodriguez,MPV,Woodlands,2023-09-07,4.03,Active
D01418,Jennifer Martinez,Sedan,Bedok,2026-02-24,4.58,Inactive
D01419,Jennifer Gallagher,Electric,Bedok,2024-05-13,3.95,Active
D01420,Sara Pena,SUV,Toa Payoh,2021-10-11,4.61,Active
D01421,Timothy Goodwin,Premium,Punggol,2023-06-12,3.92,Active
D01422,Michael Phillips,SUV,Bishan,2022-12-15,4.23,Active
D01423,Jose Moore,MPV,Bishan,2024-12-07,4.13,Active
D01424,Cindy Daniels,Sedan,Toa Payoh,2018-12-18,4.25,Active
D01425,Craig Smith,Premium,Bedok,2025-11-15,4.76,Active
D01426,Carlos Gardner,MPV,Tampines,2020-09-13,4.9,Active
D01427,Carrie Mitchell,Hatchback,Bedok,2024-05-26,3.7,Active
D01428,Dylan Hubbard,MPV,Punggol,2022-07-06,4.39,Active
D01429,Becky Hansen,SUV,Yishun,2019-06-10,3.62,Inactive
D01430,Trevor Rodriguez,Premium,Toa Payoh,2025-03-25,3.61,Active
D01431,Dustin Robinson,SUV,Bedok,2020-02-23,3.52,Active
D01432,Mary Gonzales,Sedan,Punggol,2025-03-18,4.06,Active
D01433,Christina Miller,Electric,Ang Mo Kio,2024-09-16,4.37,Active
D01434,Jerry Morris,Hatchback,Toa Payoh,2019-11-01,3.65,Active
D01435,Douglas Johnson MD,Sedan,Toa Payoh,2020-07-28,4.62,Inactive
D01436,Christy Ruiz,Hatchback,Bedok,2020-08-02,3.57,Active
D01437,Jaime Hamilton,Sedan,Punggol,2026-02-22,3.85,Active
D01438,Andrea Tucker,SUV,Ang Mo Kio,2022-02-22,4.69,Active
D01439,Taylor Johnson,Sedan,Tampines,2025-11-22,3.92,Active
D01440,Mario Schwartz,Premium,Punggol,2022-12-04,3.58,Inactive
D01441,Terry Preston,SUV,Bishan,2021-04-01,4.7,Inactive
D01442,Jonathan Perez,Hatchback,Jurong,2020-01-17,4.45,Active
D01443,Jessica Mack,Premium,Singapore,2025-04-16,4.47,Active
D01444,Christine Ward,Electric,Punggol,2023-08-25,3.59,Active
D01445,Brian Allen,Hatchback,Bishan,2019-07-01,4.8,Active
D01446,Robert Ellis,MPV,Punggol,2021-02-21,4.66,Suspended
D01447,Kimberly Torres,SUV,Toa Payoh,2022-07-27,3.89,Active
D01448,Steve Wolfe,Electric,Yishun,2019-04-13,4.61,Active
D01449,Hunter Valdez,Hatchback,Woodlands,2021-02-14,4.52,Active
D01450,Michelle Galloway,SUV,Singapore,2026-01-04,4.16,Active
D01451,Barbara Valencia,Electric,Ang Mo Kio,2018-12-09,4.34,Active
D01452,Deborah Waters,Premium,Jurong,2025-04-20,4.71,Active
D01453,Adam Phillips,MPV,Bishan,2025-07-02,4.31,Active
D01454,Joshua King,Electric,Woodlands,2020-02-03,4.92,Active
D01455,David Brown,SUV,Jurong,2026-02-09,3.71,Active
D01456,Kelli Robinson,MPV,Singapore,2023-04-12,4.92,Active
D01457,Susan Cooke,MPV,Ang Mo Kio,2022-11-03,4.97,Active
D01458,Kevin Diaz,Electric,Singapore,2019-10-15,3.65,Active
D01459,Rebecca Everett,Sedan,Toa Payoh,2021-03-17,4.56,Inactive
D01460,Shelly Reeves,SUV,Bishan,2019-07-08,3.8,Active
D01461,Richard Cook,Electric,Jurong,2023-12-08,3.5,Active
D01462,Nicholas Davis,MPV,Singapore,2022-09-15,4.77,Active
D01463,Thomas Torres,Premium,Tampines,2020-11-20,4.37,Active
D01464,Curtis Velazquez,Electric,Bedok,2019-10-01,4.72,Active
D01465,Dr. Debra Fitzgerald,Hatchback,Bedok,2022-11-12,3.93,Active
D01466,David Hill,Premium,Tampines,2025-11-14,4.1,Active
D01467,James Lee,Hatchback,Toa Payoh,2020-11-24,4.41,Active
D01468,Stephanie Baker,SUV,Jurong,2021-05-05,3.86,Active
D01469,Monica Mann,Premium,Ang Mo Kio,2025-05-28,3.9,Active
D01470,Mariah James,Hatchback,Yishun,2025-10-13,4.4,Active
D01471,Crystal Sanders,Hatchback,Bishan,2022-01-13,3.69,Active
D01472,Christian White,Premium,Singapore,2020-02-05,4.51,Active
D01473,Tracy Caldwell,Sedan,Singapore,2018-11-23,4.49,Active
D01474,Emily Farmer,Sedan,Toa Payoh,2020-04-30,4.6,Active
D01475,Kelsey Cooke,Hatchback,Bishan,2023-10-11,3.89,Active
D01476,Angel Armstrong,Hatchback,Toa Payoh,2019-08-05,3.96,Active
D01477,Joseph Lowe,Electric,Woodlands,2025-12-27,4.85,Active
D01478,Natalie Stewart,Premium,Tampines,2025-08-04,3.69,Active
D01479,Danielle Phillips,Electric,Woodlands,2021-04-02,4.7,Active
D01480,Dana Jones,Hatchback,Bedok,2026-02-14,4.26,Active
D01481,Lisa Dean,Sedan,Jurong,2026-01-02,4.98,Active
D01482,Carla Washington,Electric,Bishan,2020-07-30,4.99,Active
D01483,Kevin Robertson,SUV,Toa Payoh,2021-08-30,3.99,Active
D01484,Brandon Roth,Premium,Yishun,2023-05-07,4.38,Inactive
D01485,Elizabeth Jones,SUV,Woodlands,2020-04-30,4.76,Active
D01486,Julia Mann,MPV,Bedok,2024-10-25,3.51,Active
D01487,Rachel Summers,Sedan,Tampines,2020-10-24,3.59,Suspended
D01488,Megan Mccarthy,MPV,Punggol,2021-12-13,3.77,Active
D01489,Renee Dalton,MPV,Ang Mo Kio,2022-03-01,4.63,Active
D01490,Melinda Ellis,SUV,Yishun,2025-04-14,3.95,Active
D01491,James Palmer,MPV,Toa Payoh,2024-03-11,4.08,Active
D01492,Laura Green,Premium,Punggol,2021-04-19,3.98,Active
D01493,Jill Perez,SUV,Toa Payoh,2021-07-02,4.28,Active
D01494,William Hughes,MPV,Punggol,2018-11-29,3.73,Active
D01495,Carla Tucker,Hatchback,Bedok,2019-06-08,4.56,Active
D01496,Scott Boyer,Premium,Toa Payoh,2020-02-23,3.65,Active
D01497,David Miller,Sedan,Yishun,2025-07-16,4.39,Active
D01498,Felicia Buchanan,Electric,Bishan,2022-09-17,4.82,Active
D01499,Cassandra Owens,Sedan,Yishun,2025-07-17,4.83,Active
D01500,Alyssa Ponce,SUV,Tampines,2024-11-19,4.02,Active
D01501,John Bennett,Hatchback,Tampines,2025-01-04,4.11,Active
D01502,Roger Nelson,SUV,Toa Payoh,2026-05-12,4.11,Active
D01503,Melissa Cook,Hatchback,Singapore,2019-06-15,3.68,Active
D01504,David Garcia,Hatchback,Tampines,2019-11-17,3.84,Active
D01505,Aaron Mack,Hatchback,Bedok,2024-01-21,4.01,Active
D01506,Mrs. Molly Mcpherson,Hatchback,Jurong,2018-08-20,3.94,Active
D01507,William Hanson,MPV,Bedok,2023-09-11,4.76,Active
D01508,Lisa Ramos,Hatchback,Jurong,2022-04-11,3.58,Inactive
D01509,Justin Garcia,MPV,Ang Mo Kio,2022-08-11,4.11,Active
D01510,Erika Jackson,Premium,Woodlands,2024-01-22,4.35,Active
D01511,Jeffrey Newton,MPV,Jurong,2022-01-02,4.43,Active
D01512,Victor Carpenter,Sedan,Punggol,2019-07-30,3.51,Active
D01513,Robert Anderson,Electric,Toa Payoh,2022-08-08,4.0,Active
D01514,Lori Rojas,Electric,Tampines,2023-03-22,4.96,Active
D01515,Marie Ortega,Sedan,Ang Mo Kio,2023-12-19,3.97,Inactive
D01516,Heather Alexander,MPV,Singapore,2019-09-24,3.68,Active
D01517,Carlos Gutierrez,MPV,Toa Payoh,2025-09-03,3.78,Active
D01518,Nathan Joyce,Premium,Yishun,2026-01-13,4.68,Active
D01519,Daniel Lowe,MPV,Yishun,2026-07-23,3.76,Active
D01520,Rebekah Edwards,SUV,Bedok,2025-07-23,4.46,Active
D01521,Jeffrey Morales,Hatchback,Jurong,2026-02-11,3.5,Active
D01522,Scott Mitchell,Premium,Woodlands,2022-12-10,4.57,Active
D01523,Johnny Patton,Sedan,Woodlands,2022-02-27,4.75,Active
D01524,Alicia Walker,MPV,Singapore,2021-04-25,4.09,Active
D01525,Julie Holmes,Premium,Ang Mo Kio,2019-09-04,3.96,Active
D01526,Benjamin Wang,Hatchback,Toa Payoh,2018-10-12,4.97,Active
D01527,Alan Hernandez,SUV,Bedok,2021-09-12,4.57,Active
D01528,Kelly Hernandez,Sedan,Ang Mo Kio,2024-03-10,4.27,Active
D01529,Carrie Frank,Sedan,Singapore,2022-08-10,3.82,Active
D01530,Jennifer Thomas,Hatchback,Singapore,2025-12-10,4.13,Inactive
D01531,William Jimenez,Sedan,Toa Payoh,2025-04-27,4.12,Active
D01532,Francisco Miranda,Electric,Toa Payoh,2025-08-19,3.67,Active
D01533,Michael Dennis,Electric,Woodlands,2025-07-11,4.0,Active
D01534,Susan Wilson,Hatchback,Ang Mo Kio,2019-03-28,3.7,Active
D01535,Andrea Lambert,MPV,Bedok,2025-07-10,4.53,Active
D01536,Robert Campbell MD,SUV,Ang Mo Kio,2019-06-13,4.88,Inactive
D01537,Heather Johnson,MPV,Bedok,2018-08-03,4.73,Active
D01538,Thomas Chandler,Sedan,Yishun,2019-02-17,3.76,Suspended
D01539,Charles Miller,SUV,Ang Mo Kio,2024-06-09,4.27,Active
D01540,Jessica Jimenez,Sedan,Bishan,2018-10-31,4.84,Active
D01541,Jennifer Brooks,MPV,Woodlands,2019-03-02,4.87,Active
D01542,Steven Sullivan,Hatchback,Tampines,2023-04-12,3.7,Active
D01543,Christopher Soto,MPV,Punggol,2019-12-30,4.9,Active
D01544,Pamela Arnold,MPV,Yishun,2022-12-22,4.7,Active
D01545,Stacy Preston,MPV,Bishan,2024-05-30,3.77,Active
D01546,Desiree Richards,Premium,Tampines,2024-07-14,4.1,Active
D01547,Debra Williams,SUV,Bishan,2025-03-15,3.97,Active
D01548,Carl Johnson,Hatchback,Punggol,2022-10-17,4.88,Active
D01549,Angela Fleming,Premium,Yishun,2020-03-28,4.37,Active
D01550,Jessica Nelson,Premium,Bishan,2021-06-23,3.54,Active
D01551,Nicole Rodriguez,Electric,Toa Payoh,2020-06-28,3.8,Active
D01552,Aaron Lynn,Sedan,Punggol,2021-12-16,4.53,Active
D01553,Larry Brown,Hatchback,Punggol,2019-08-09,4.63,Inactive
D01554,Taylor Jenkins,MPV,Toa Payoh,2021-07-31,4.08,Active
D01555,Lisa Miller,MPV,Bishan,2022-05-31,3.57,Active
D01556,Nicholas Kelly,Premium,Yishun,2026-04-25,4.91,Active
D01557,Christopher Robertson,Hatchback,Tampines,2022-02-07,3.76,Active
D01558,David Francis,SUV,Singapore,2020-08-09,4.23,Active
D01559,Michael Watson,Hatchback,Bedok,2021-09-09,3.53,Active
D01560,Tracey Herring,SUV,Bishan,2024-03-28,4.78,Active
D01561,Thomas Burgess,Premium,Yishun,2026-02-06,4.77,Active
D01562,Richard Anderson,Premium,Toa Payoh,2023-12-30,4.2,Active
D01563,Jenna Simmons,Electric,Bedok,2024-09-12,4.43,Active
D01564,Richard Newman,MPV,Bishan,2021-06-21,3.76,Active
D01565,Stephen Donovan,Electric,Bedok,2025-08-30,4.69,Active
D01566,Erin Pena,Premium,Singapore,2025-07-17,4.15,Active
D01567,Rebecca Ferguson,Electric,Woodlands,2022-10-16,3.93,Active
D01568,Susan Brewer,SUV,Woodlands,2018-12-22,3.51,Active
D01569,Lisa Galloway,Sedan,Bishan,2022-01-09,4.24,Active
D01570,Dr. Jeffrey Valenzuela,SUV,Bedok,2022-03-07,3.74,Inactive
D01571,Vincent Larson,MPV,Toa Payoh,2022-09-25,4.04,Active
D01572,Michael Clarke,MPV,Punggol,2024-04-09,3.58,Active
D01573,Mrs. Jennifer Cooper,MPV,Bedok,2023-03-02,4.76,Active
D01574,Randy Carroll,Sedan,Toa Payoh,2023-11-29,4.23,Active
D01575,Lori Robinson,Premium,Tampines,2023-05-06,4.73,Active
D01576,Anthony Webster,Premium,Bishan,2018-08-31,4.19,Active
D01577,Kenneth Mason,MPV,Jurong,2018-11-22,4.97,Active
D01578,Jessica Hawkins,Sedan,Jurong,2019-11-17,4.22,Active
D01579,Rachel Walker,Electric,Bedok,2020-03-31,4.47,Active
D01580,Rebecca Gonzales,Hatchback,Singapore,2021-07-26,4.89,Active
D01581,Jeffrey Terrell,SUV,Yishun,2025-09-05,3.66,Active
D01582,Andrea Roberson,Electric,Bedok,2026-03-09,4.81,Active
D01583,Adam Evans,MPV,Jurong,2021-01-20,4.3,Active
D01584,Monica Mccoy,Hatchback,Jurong,2026-01-17,3.72,Active
D01585,Lisa Schneider,MPV,Punggol,2022-04-09,4.0,Active
D01586,Alexander Daniels,MPV,Yishun,2025-02-17,4.65,Active
D01587,Sean Kemp,Hatchback,Toa Payoh,2026-05-27,4.01,Active
D01588,Isaiah Howard,MPV,Toa Payoh,2024-12-17,4.57,Active
D01589,Sarah Brown,Electric,Bedok,2023-10-25,4.51,Active
D01590,James Wood,Premium,Jurong,2023-06-14,3.73,Active
D01591,Shannon Taylor,Hatchback,Yishun,2023-01-03,4.66,Active
D01592,Margaret Adams,Electric,Jurong,2023-05-06,4.23,Active
D01593,David Williams,Hatchback,Jurong,2021-09-21,3.87,Active
D01594,Anthony Miller,Hatchback,Punggol,2021-09-13,3.97,Active
D01595,Antonio Reed,Hatchback,Bedok,2025-12-24,4.01,Active
D01596,David Morgan,Electric,Tampines,2022-03-24,4.28,Active
D01597,Robert Castillo,MPV,Bedok,2023-12-18,3.97,Active
D01598,Christine Ward,Premium,Punggol,2021-03-18,4.8,Active
D01599,Julie Savage,MPV,Jurong,2019-02-13,3.79,Active
D01600,Michael Callahan,Hatchback,Ang Mo Kio,2022-10-03,4.38,Active
D01601,Stacy Roman,Premium,Bishan,2021-08-09,4.22,Active
D01602,Elizabeth Harris,Electric,Jurong,2021-08-14,4.9,Active
D01603,Brittany Larson,Hatchback,Singapore,2023-01-29,4.42,Active
D01604,Kevin Bradshaw,Sedan,Tampines,2023-12-27,4.42,Active
D01605,Patrick Kelly,Hatchback,Yishun,2020-12-15,4.81,Active
D01606,Mark Miller,SUV,Toa Payoh,2023-02-28,4.5,Active
D01607,Bradley Williams,SUV,Yishun,2022-06-17,4.87,Active
D01608,David Chapman,Hatchback,Bedok,2021-10-25,4.66,Inactive
D01609,Julie Miller,SUV,Ang Mo Kio,2021-12-24,3.6,Active
D01610,Jason Beasley,MPV,Ang Mo Kio,2023-10-25,3.93,Active
D01611,Linda Brown,MPV,Bishan,2022-11-11,3.61,Active
D01612,Steven Gonzalez,Electric,Ang Mo Kio,2022-03-20,3.81,Active
D01613,Steven Meyer,SUV,Punggol,2022-06-11,3.55,Active
D01614,Phillip Gardner,SUV,Tampines,2022-07-30,3.84,Active
D01615,Steven Moran,Premium,Yishun,2024-01-17,3.97,Inactive
D01616,Marcus Perry,Electric,Singapore,2024-10-29,3.88,Active
D01617,Kathryn Nelson,Sedan,Jurong,2019-12-02,4.27,Active
D01618,Stephanie Wilson,Premium,Yishun,2021-02-18,4.16,Active
D01619,Tami Rhodes,MPV,Bedok,2024-04-12,4.69,Active
D01620,Briana Sherman,SUV,Punggol,2021-06-30,4.48,Active
D01621,Victor Baker,MPV,Ang Mo Kio,2023-09-14,3.97,Active
D01622,Patricia Thomas,Hatchback,Singapore,2021-03-08,4.72,Active
D01623,Douglas White,Premium,Bishan,2020-04-06,4.52,Active
D01624,Madison Mullins,MPV,Bishan,2020-01-17,4.32,Active
D01625,Kenneth Price,Electric,Toa Payoh,2021-03-22,3.6,Active
D01626,Shane Ross,Electric,Singapore,2020-09-17,4.47,Inactive
D01627,Anthony King,MPV,Ang Mo Kio,2023-09-22,4.71,Active
D01628,Brad Hahn,Premium,Bedok,2021-04-23,3.79,Active
D01629,Brandon Mitchell,Hatchback,Ang Mo Kio,2018-09-07,4.29,Active
D01630,Mark Pope,Electric,Yishun,2026-02-02,3.58,Active
D01631,Alec Jackson,Electric,Toa Payoh,2025-09-26,4.32,Active
D01632,Scott White,Hatchback,Bedok,2025-10-03,4.59,Active
D01633,Krista Arias DDS,Premium,Punggol,2018-10-21,4.95,Active
D01634,Andrew Oliver,MPV,Tampines,2019-11-24,3.54,Active
D01635,Brittney Stewart,SUV,Singapore,2024-05-14,4.21,Active
D01636,Mikayla Yates,Hatchback,Woodlands,2025-03-30,3.86,Active
D01637,John Nolan,Hatchback,Yishun,2023-10-01,4.17,Active
D01638,Daniel Roth,Sedan,Woodlands,2023-08-20,3.79,Suspended
D01639,James Johnston,Sedan,Jurong,2020-05-07,3.5,Active
D01640,Sara Patel,SUV,Jurong,2023-03-11,4.12,Active
D01641,Jesse Guerra,Hatchback,Yishun,2023-06-11,4.46,Active
D01642,Jeanette Williams,MPV,Woodlands,2019-02-20,3.56,Inactive
D01643,Shawn Hubbard,Hatchback,Ang Mo Kio,2025-10-23,4.69,Active
D01644,Diane Pratt,Hatchback,Bedok,2023-11-10,4.37,Active
D01645,Christine Rogers,MPV,Woodlands,2023-09-02,4.72,Active
D01646,Erin Torres,SUV,Tampines,2019-11-17,4.91,Active
D01647,Kathryn Friedman,Sedan,Bedok,2020-11-28,4.61,Inactive
D01648,Alyssa Rivera,Sedan,Jurong,2025-08-24,4.22,Active
D01649,Bobby Brown,SUV,Singapore,2023-10-31,4.46,Active
D01650,Michelle Massey,Premium,Woodlands,2019-10-25,3.66,Active
D01651,Steven Bean,SUV,Tampines,2022-09-12,4.05,Suspended
D01652,Deborah Jones,MPV,Singapore,2026-07-15,4.18,Active
D01653,Shannon Walls,Premium,Jurong,2022-02-11,4.4,Active
D01654,Rhonda Hayes,MPV,Yishun,2026-01-04,4.67,Active
D01655,Nathan Nelson,Premium,Woodlands,2024-03-23,4.51,Active
D01656,Levi Jenkins,Premium,Bishan,2022-04-12,3.73,Active
D01657,Brianna Reed,Electric,Singapore,2025-11-29,4.5,Active
D01658,Andres Peterson,Sedan,Ang Mo Kio,2021-12-25,3.74,Active
D01659,James Thomas,Hatchback,Jurong,2024-03-07,3.89,Active
D01660,Emily Mueller,Sedan,Ang Mo Kio,2022-04-18,4.46,Active
D01661,Sherry Fleming,Premium,Punggol,2020-05-24,4.37,Inactive
D01662,Christine Bush,MPV,Singapore,2021-07-28,3.89,Active
D01663,Mallory Williams,Premium,Bedok,2021-03-27,4.65,Active
D01664,Erin Dennis,MPV,Singapore,2023-07-24,3.95,Active
D01665,Daniel Brown,Sedan,Tampines,2018-08-24,4.83,Active
D01666,Anthony Burke,Premium,Ang Mo Kio,2021-07-30,4.58,Active
D01667,Cole Murray,Sedan,Singapore,2021-11-18,4.84,Active
D01668,Ruth Guzman,Premium,Bishan,2019-11-23,4.03,Active
D01669,Sherry Rivera,Premium,Yishun,2022-01-01,3.6,Active
D01670,Kathleen Lopez,Premium,Tampines,2026-01-11,3.75,Active
D01671,James Watson,SUV,Punggol,2020-09-18,4.73,Active
D01672,James Young,Premium,Bedok,2024-08-27,4.31,Active
D01673,John Mcdonald,SUV,Woodlands,2021-11-13,3.76,Active
D01674,Madeline Benitez,Premium,Toa Payoh,2020-02-23,4.53,Active
D01675,Karen Newman,Premium,Bishan,2026-01-08,3.64,Active
D01676,Carl Ballard,Sedan,Bedok,2021-01-30,4.55,Active
D01677,Geoffrey Moran,Sedan,Punggol,2021-12-19,3.84,Active
D01678,Amanda Davis,Hatchback,Jurong,2019-05-09,4.37,Active
D01679,Audrey Cooke,Electric,Ang Mo Kio,2018-12-28,4.53,Active
D01680,Diana Boone,SUV,Singapore,2021-03-20,4.09,Active
D01681,Christine Wilson,Premium,Singapore,2022-08-07,4.75,Active
D01682,Joel Davis,Premium,Bedok,2022-01-18,3.57,Active
D01683,George Silva,Hatchback,Yishun,2026-01-06,4.01,Active
D01684,Pam Vargas,Premium,Woodlands,2019-09-29,4.2,Active
D01685,David Young,Electric,Tampines,2026-05-20,4.88,Active
D01686,Virginia Wagner,Electric,Singapore,2018-12-14,4.85,Active
D01687,Holly Webster,SUV,Bedok,2025-09-07,4.17,Active
D01688,Mrs. Alicia Cox,Hatchback,Tampines,2024-01-08,3.9,Inactive
D01689,Jessica Jones,Hatchback,Punggol,2022-05-11,4.39,Active
D01690,Mitchell Cox,Electric,Tampines,2019-06-04,4.9,Active
D01691,Suzanne Swanson,Electric,Punggol,2019-05-18,4.45,Active
D01692,Ms. Morgan Poole,Electric,Ang Mo Kio,2024-04-17,4.61,Active
D01693,Breanna Williams,Sedan,Jurong,2020-04-21,4.52,Active
D01694,Beth Nelson,Premium,Woodlands,2022-01-16,4.19,Active
D01695,Loretta Clark,SUV,Woodlands,2021-10-23,3.65,Active
D01696,Mark Patel,Sedan,Tampines,2018-12-13,4.23,Active
D01697,Bridget Hatfield,Sedan,Woodlands,2024-06-06,4.44,Active
D01698,Thomas Young,MPV,Toa Payoh,2021-10-23,4.36,Active
D01699,Jay Crawford,MPV,Singapore,2022-03-15,4.52,Active
D01700,Brenda Morse,Hatchback,Singapore,2021-07-15,4.21,Active
D01701,Richard Johnson,Sedan,Singapore,2025-03-01,3.51,Inactive
D01702,Wanda Durham,Hatchback,Jurong,2025-04-29,4.62,Inactive
D01703,Jennifer Young,SUV,Singapore,2018-10-16,4.02,Active
D01704,Samuel Cantu,Electric,Yishun,2024-08-31,3.77,Active
D01705,Matthew Gardner,Hatchback,Yishun,2025-03-10,4.62,Active
D01706,Amanda Atkinson,MPV,Tampines,2023-12-24,4.86,Active
D01707,Lauren Flowers,MPV,Bedok,2026-04-27,4.77,Active
D01708,Barbara Clark,Hatchback,Singapore,2020-09-13,4.8,Active
D01709,Jennifer Kennedy,Hatchback,Singapore,2023-12-15,3.97,Active
D01710,Justin Carroll DDS,Premium,Tampines,2018-09-29,3.8,Active
D01711,Nancy Macdonald,SUV,Bedok,2022-09-05,3.64,Active
D01712,David Mullen,MPV,Bedok,2022-10-11,4.64,Active
D01713,Karen Allen,SUV,Jurong,2019-11-01,3.77,Active
D01714,Walter Fox,SUV,Yishun,2018-08-25,4.67,Active
D01715,Jessica Hoffman,Hatchback,Yishun,2019-06-19,3.98,Active
D01716,Rebecca Martinez,MPV,Ang Mo Kio,2021-05-08,4.49,Active
D01717,Kim Warner,MPV,Punggol,2024-06-27,4.26,Active
D01718,Daniel Lang,Electric,Tampines,2025-08-16,4.97,Active
D01719,James Shah,Sedan,Singapore,2026-02-08,3.7,Active
D01720,Alexis Navarro,Electric,Punggol,2023-09-27,4.24,Active
D01721,Jeremy Boyd,Premium,Woodlands,2021-08-10,3.75,Active
D01722,Alisha Liu,SUV,Ang Mo Kio,2026-07-27,4.48,Active
D01723,James Thompson,Hatchback,Tampines,2026-06-27,4.86,Active
D01724,Jackie Wagner,MPV,Yishun,2021-12-13,4.67,Active
D01725,Ashley Gilbert,Sedan,Singapore,2023-04-08,4.87,Active
D01726,Joel Wilson,Hatchback,Ang Mo Kio,2020-09-11,4.42,Active
D01727,Adam Burgess,SUV,Tampines,2024-03-01,4.85,Active
D01728,Judith Lara,MPV,Jurong,2020-11-13,4.44,Active
D01729,Christopher Waters,Premium,Bishan,2024-04-10,4.47,Active
D01730,Jennifer Thomas,Hatchback,Yishun,2020-10-11,4.85,Active
D01731,Alex Nolan,Premium,Singapore,2019-09-07,4.11,Active
D01732,Steven Johnson,Sedan,Singapore,2024-07-05,3.92,Active
D01733,Joe Garcia,Sedan,Bedok,2021-02-01,4.91,Active
D01734,David Rice,Hatchback,Woodlands,2022-07-18,3.81,Active
D01735,Melissa Gilmore,Sedan,Jurong,2025-06-08,4.17,Active
D01736,Lisa Schroeder,MPV,Bishan,2022-02-02,3.89,Active
D01737,Jacob Hayes,Hatchback,Punggol,2020-10-08,4.21,Active
D01738,Suzanne Cohen,Electric,Bedok,2021-03-15,3.8,Active
D01739,Stephanie Watts,Hatchback,Ang Mo Kio,2023-01-28,3.87,Active
D01740,Alan Rose,SUV,Punggol,2025-01-03,3.86,Active
D01741,Kathryn Todd,Sedan,Woodlands,2025-10-25,3.88,Active
D01742,Daniel Rhodes,Hatchback,Yishun,2019-02-08,4.66,Active
D01743,Samuel Moore,Premium,Woodlands,2025-08-12,4.1,Active
D01744,Meghan Jones,Sedan,Singapore,2023-05-28,4.62,Active
D01745,Brent Johnson,Hatchback,Bedok,2023-04-24,4.93,Active
D01746,Cameron Cruz,MPV,Jurong,2023-01-08,3.6,Active
D01747,Erica Cook,Hatchback,Yishun,2023-02-04,3.87,Active
D01748,Gary Brown,Sedan,Bedok,2022-09-25,4.46,Active
D01749,Wanda Alexander,Electric,Bishan,2019-04-19,4.44,Active
D01750,Erin Zimmerman,MPV,Jurong,2023-04-22,3.52,Active
D01751,Abigail Baker DVM,SUV,Woodlands,2021-04-16,4.87,Active
D01752,John Rush,MPV,Tampines,2021-07-13,3.67,Active
D01753,Robert Anderson,SUV,Toa Payoh,2025-05-07,3.97,Active
D01754,Mr. Luis Haynes,Hatchback,Woodlands,2025-12-17,4.57,Active
D01755,Timothy Parker,Premium,Toa Payoh,2025-10-30,4.91,Active
D01756,Douglas Carter,Sedan,Yishun,2021-10-15,4.75,Active
D01757,Ms. Mariah Fischer,Electric,Bedok,2025-08-30,4.84,Active
D01758,Billy Murphy,Hatchback,Jurong,2024-04-11,4.89,Active
D01759,Justin Mcneil,Sedan,Yishun,2019-10-25,4.44,Active
D01760,Katie Rivers,Sedan,Jurong,2025-04-02,4.38,Active
D01761,Robert Morgan,Electric,Punggol,2023-07-26,4.14,Active
D01762,Nathaniel Silva,SUV,Toa Payoh,2020-05-08,4.49,Active
D01763,Casey Thompson,SUV,Ang Mo Kio,2022-10-04,3.85,Active
D01764,Jordan Meyers,Hatchback,Bishan,2024-03-23,3.58,Active
D01765,Edward Campbell,SUV,Toa Payoh,2023-05-17,4.8,Active
D01766,Joseph Boyd,MPV,Jurong,2020-04-12,5.0,Active
D01767,Calvin Acosta,Premium,Bishan,2020-05-25,4.55,Active
D01768,Patricia Bates,MPV,Singapore,2026-05-06,4.3,Active
D01769,Peggy Reid,MPV,Jurong,2019-04-04,4.2,Active
D01770,Christopher Dalton,MPV,Bedok,2023-03-21,4.11,Active
D01771,Megan Walters,Electric,Bedok,2024-02-22,4.98,Active
D01772,Douglas Cox,Sedan,Jurong,2026-01-15,3.9,Active
D01773,Thomas Rocha,Sedan,Singapore,2018-08-11,4.99,Active
D01774,John Cruz,Hatchback,Jurong,2024-03-12,4.26,Active
D01775,Jonathan Brown,SUV,Punggol,2021-01-11,3.98,Active
D01776,Lawrence Jones,Premium,Yishun,2020-06-14,4.42,Active
D01777,Lucas Simpson,Electric,Bishan,2023-03-13,5.0,Active
D01778,Nicholas Wright,MPV,Ang Mo Kio,2023-11-09,3.84,Active
D01779,Katherine Johnson,Premium,Punggol,2025-08-22,4.13,Active
D01780,Mary Brown,SUV,Toa Payoh,2020-03-15,3.67,Active
D01781,Deborah Ford,Premium,Singapore,2024-03-21,4.34,Active
D01782,Brittany Francis,Electric,Woodlands,2023-06-25,4.96,Active
D01783,Vanessa Lee,Hatchback,Toa Payoh,2023-08-02,3.91,Active
D01784,David Johnston,Electric,Jurong,2019-01-05,4.05,Active
D01785,Tiffany Juarez,Premium,Punggol,2022-04-04,3.58,Active
D01786,Larry Brown,Electric,Toa Payoh,2023-08-31,4.11,Active
D01787,Dana Day,MPV,Jurong,2018-08-19,4.1,Active
D01788,Alexandra Holmes,Premium,Singapore,2024-09-13,4.79,Active
D01789,Daniel Gray,Hatchback,Bedok,2023-10-29,4.6,Inactive
D01790,Peggy Miller,Premium,Tampines,2023-03-30,4.74,Active
D01791,Cheyenne Taylor,Hatchback,Bishan,2024-06-07,3.87,Active
D01792,William Foster,Sedan,Tampines,2025-06-23,4.16,Active
D01793,Cathy Gray,SUV,Bishan,2025-12-28,3.75,Active
D01794,Derrick Brooks,MPV,Ang Mo Kio,2023-03-15,4.96,Active
D01795,Angelica Boyd,Hatchback,Woodlands,2025-02-10,4.5,Active
D01796,Matthew Decker,Premium,Singapore,2025-02-26,4.24,Active
D01797,Sharon Sanchez,MPV,Ang Mo Kio,2026-05-01,3.6,Active
D01798,Sydney Lopez,Sedan,Bedok,2024-10-29,4.06,Active
D01799,Jessica Rodriguez,Sedan,Singapore,2020-05-23,4.96,Active
D01800,Kayla Cross,MPV,Ang Mo Kio,2019-10-03,4.73,Inactive
D01801,Diana Lewis,Premium,Singapore,2021-01-28,4.18,Active
D01802,Katherine Stewart,Sedan,Bishan,2020-05-26,3.53,Active
D01803,Vicki Smith,SUV,Ang Mo Kio,2021-01-17,3.77,Active
D01804,Carolyn Thomas,MPV,Jurong,2023-02-20,3.52,Active
D01805,Ethan Wells,Sedan,Yishun,2019-06-01,4.95,Inactive
D01806,James Snyder,Electric,Bishan,2023-12-01,4.28,Active
D01807,Joshua Rhodes,Electric,Toa Payoh,2023-01-13,4.5,Active
D01808,Elizabeth Jordan,SUV,Jurong,2020-08-17,4.96,Active
D01809,John Burton,SUV,Toa Payoh,2026-04-07,4.37,Active
D01810,Jeffrey Compton,Hatchback,Singapore,2022-12-13,4.46,Active
D01811,Tamara Perry,Premium,Woodlands,2023-08-03,4.02,Active
D01812,Gina Foster,Premium,Punggol,2019-04-25,4.54,Active
D01813,Tina Harvey,Hatchback,Yishun,2024-01-02,3.9,Inactive
D01814,William Ramsey,Sedan,Bedok,2019-01-23,4.36,Active
D01815,Susan Wallace,Hatchback,Ang Mo Kio,2025-09-03,3.82,Active
D01816,Kevin Zhang,Premium,Ang Mo Kio,2022-07-02,4.21,Active
D01817,Carla Mueller,Hatchback,Jurong,2023-04-16,4.85,Active
D01818,Gene Merritt,Sedan,Woodlands,2021-12-15,3.79,Active
D01819,Jonathan Russo,MPV,Toa Payoh,2024-09-25,4.21,Active
D01820,Courtney Moreno,Premium,Punggol,2024-01-05,4.02,Active
D01821,Xavier Gibbs,SUV,Yishun,2025-01-04,4.01,Active
D01822,Christine Miller,Premium,Bedok,2024-03-19,4.73,Active
D01823,Vincent Stevenson,MPV,Toa Payoh,2024-03-16,4.41,Active
D01824,Deborah Murphy,MPV,Singapore,2019-06-07,4.66,Active
D01825,Kimberly Hamilton,Electric,Bishan,2022-04-30,4.77,Active
D01826,Dr. Juan Fisher,Sedan,Jurong,2024-03-12,4.4,Active
D01827,Jessica Archer,Hatchback,Woodlands,2020-06-12,3.54,Active
D01828,Kimberly Fuller,Hatchback,Singapore,2024-03-05,3.68,Inactive
D01829,Rodney Whitney,Electric,Punggol,2018-10-24,3.68,Active
D01830,Nancy Hatfield,SUV,Singapore,2019-07-12,3.88,Inactive
D01831,Stephen Kelly,Premium,Tampines,2026-05-11,4.56,Active
D01832,Mary Green,SUV,Tampines,2021-04-19,4.95,Active
D01833,Haley Smith,Electric,Punggol,2024-07-26,4.96,Active
D01834,Bradley Lopez,Premium,Punggol,2026-03-20,3.73,Suspended
D01835,Linda Martin,MPV,Bishan,2022-07-01,3.86,Inactive
D01836,Scott Hardy,MPV,Yishun,2021-05-28,4.54,Active
D01837,Brenda James,Hatchback,Jurong,2025-06-29,4.27,Active
D01838,Fernando Ramirez,Premium,Jurong,2023-02-08,4.56,Active
D01839,Julie Diaz,Electric,Ang Mo Kio,2019-12-03,4.13,Active
D01840,Eric Willis,SUV,Yishun,2023-01-29,4.89,Active
D01841,Gary Hall,Sedan,Woodlands,2022-09-06,4.2,Active
D01842,Scott Carr,Hatchback,Tampines,2020-07-12,4.43,Active
D01843,Dr. Erik Duffy,Premium,Singapore,2024-11-27,4.96,Active
D01844,Carolyn Smith,MPV,Bedok,2018-10-22,3.61,Active
D01845,Lindsay Fisher,Premium,Bishan,2024-11-08,4.56,Active
D01846,Willie Vargas,Electric,Woodlands,2019-05-24,4.76,Active
D01847,Patrick Herrera,Sedan,Tampines,2020-02-18,4.49,Active
D01848,Craig Rice,Sedan,Toa Payoh,2025-09-07,3.62,Active
D01849,Patricia King DDS,Hatchback,Punggol,2026-03-05,4.91,Active
D01850,Roy Knapp DVM,Electric,Punggol,2022-11-25,4.88,Active
D01851,Rodney Mason,MPV,Tampines,2021-02-08,3.73,Active
D01852,Brittany Richardson,SUV,Yishun,2023-01-13,3.85,Active
D01853,Connor Hayes,SUV,Ang Mo Kio,2025-03-05,4.14,Inactive
D01854,Daniel Berry,Electric,Ang Mo Kio,2025-05-16,3.91,Active
D01855,Cindy Flores,SUV,Toa Payoh,2024-01-22,4.98,Active
D01856,Brian Sims,Premium,Jurong,2023-10-19,4.15,Active
D01857,Michelle Oliver,SUV,Punggol,2025-09-28,4.82,Active
D01858,Regina Sherman,Premium,Bishan,2018-11-30,4.81,Active
D01859,Morgan Lawrence,Hatchback,Punggol,2020-05-25,3.7,Inactive
D01860,Penny Contreras,SUV,Bishan,2024-04-12,4.02,Active
D01861,Michelle Davis,MPV,Ang Mo Kio,2021-02-20,3.59,Active
D01862,Emily Gonzales,Hatchback,Bedok,2020-08-02,4.16,Inactive
D01863,Abigail Hoffman,Hatchback,Bedok,2020-02-06,4.24,Active
D01864,Brian Marquez,Premium,Bishan,2022-07-07,4.19,Active
D01865,Kyle Blair,Premium,Singapore,2020-08-06,4.6,Active
D01866,Stephen Werner,Sedan,Singapore,2024-10-22,4.6,Active
D01867,Jessica Arnold,MPV,Toa Payoh,2025-04-02,4.98,Active
D01868,Angelica Archer,SUV,Tampines,2019-01-28,4.94,Inactive
D01869,William Payne,Hatchback,Singapore,2019-10-07,4.4,Active
D01870,Darryl Hoover,Premium,Tampines,2025-06-17,4.68,Active
D01871,Penny Ryan,Premium,Tampines,2020-08-27,4.66,Active
D01872,Jay Brown,MPV,Bishan,2022-08-14,3.59,Active
D01873,Jeffrey Hernandez,SUV,Ang Mo Kio,2026-02-13,4.43,Active
D01874,Vanessa Buckley,Sedan,Jurong,2025-06-23,4.61,Active
D01875,Jennifer Hart,SUV,Bedok,2020-07-29,4.26,Active
D01876,Amy Evans,SUV,Singapore,2024-03-11,4.03,Active
D01877,Angela Brewer,Electric,Jurong,2021-03-10,4.11,Active
D01878,Deborah Reyes,SUV,Jurong,2018-08-05,4.37,Inactive
D01879,Levi Ferguson,Hatchback,Yishun,2026-05-26,4.44,Active
D01880,James Parker,Sedan,Punggol,2018-10-27,4.81,Active
D01881,Julian Esparza,Sedan,Tampines,2019-01-29,4.52,Active
D01882,Sarah Warren,MPV,Punggol,2021-04-24,3.52,Active
D01883,Stephanie Vargas,Premium,Toa Payoh,2026-05-14,4.56,Active
D01884,Valerie Gomez,Premium,Toa Payoh,2020-03-11,4.72,Active
D01885,Erin Miller,Sedan,Tampines,2024-07-25,4.04,Active
D01886,Hannah Perez,SUV,Woodlands,2022-01-14,4.56,Active
D01887,Edward Reyes,Sedan,Tampines,2020-02-05,4.53,Active
D01888,Shelby Colon,Sedan,Singapore,2019-07-18,4.4,Active
D01889,David Cooper,Electric,Ang Mo Kio,2021-11-15,4.22,Inactive
D01890,Catherine Moran,MPV,Singapore,2023-10-11,4.46,Active
D01891,Andrew Garcia,Electric,Ang Mo Kio,2022-05-20,4.47,Inactive
D01892,Paula Fernandez,Electric,Singapore,2021-08-19,3.98,Active
D01893,Elizabeth Lopez,Premium,Toa Payoh,2023-10-11,3.8,Active
D01894,Taylor Jones,Electric,Woodlands,2025-11-20,4.08,Active
D01895,Luis Johnson,Premium,Punggol,2025-04-03,3.57,Active
D01896,Michelle Cannon,Electric,Toa Payoh,2018-10-22,4.5,Active
D01897,Sara Mullins,Hatchback,Bedok,2021-10-08,3.86,Active
D01898,Jennifer Ward,Premium,Singapore,2025-03-03,4.49,Active
D01899,Timothy Harrison,MPV,Toa Payoh,2026-01-27,3.82,Active
D01900,Jon Smith,MPV,Toa Payoh,2021-04-27,3.53,Active
D01901,James Ramos,Premium,Ang Mo Kio,2024-04-15,4.65,Active
D01902,Lauren Perez,Sedan,Jurong,2024-02-25,4.53,Active
D01903,Elizabeth Evans,Premium,Toa Payoh,2021-04-30,3.98,Active
D01904,Joanna Owens,SUV,Bedok,2026-06-20,3.8,Inactive
D01905,Robert Hernandez,SUV,Yishun,2021-12-27,4.19,Active
D01906,Carlos Duncan,MPV,Punggol,2025-04-29,4.43,Active
D01907,Richard Moore,Electric,Toa Payoh,2023-06-16,4.11,Inactive
D01908,Rickey Hanson,Hatchback,Ang Mo Kio,2024-12-26,4.09,Active
D01909,Rebecca Wyatt,Electric,Yishun,2022-02-03,3.84,Active
D01910,Alexander Carter,Premium,Singapore,2021-03-31,5.0,Active
D01911,Nicole Mcconnell,MPV,Yishun,2026-03-29,3.59,Active
D01912,Carolyn Jones,Sedan,Bishan,2024-02-24,4.54,Active
D01913,Cory Salinas,Premium,Yishun,2018-08-16,4.51,Active
D01914,Thomas Parks,Sedan,Yishun,2025-03-08,4.47,Active
D01915,Keith Johnson,SUV,Tampines,2020-02-06,3.67,Active
D01916,Angela Larsen,Premium,Punggol,2024-07-29,4.53,Active
D01917,Michael Ellison,SUV,Ang Mo Kio,2020-07-03,4.57,Active
D01918,John Williams,MPV,Ang Mo Kio,2021-09-10,4.35,Active
D01919,Alison Skinner,Hatchback,Tampines,2019-01-19,3.82,Active
D01920,Kevin Ponce,Sedan,Singapore,2024-06-01,4.57,Active
D01921,Sara Matthews,SUV,Punggol,2018-09-25,3.61,Active
D01922,David Vargas,Hatchback,Bishan,2020-07-06,3.55,Active
D01923,Mrs. Dawn Howard,SUV,Woodlands,2026-05-10,4.34,Active
D01924,Susan Torres,Electric,Yishun,2024-08-14,4.29,Inactive
D01925,Andrew Clarke,Premium,Tampines,2019-12-14,4.97,Active
D01926,Troy Cox,SUV,Punggol,2026-07-15,4.83,Active
D01927,Christopher Miller,Premium,Toa Payoh,2020-08-21,4.46,Active
D01928,Justin Baker,Premium,Toa Payoh,2023-04-27,4.2,Inactive
D01929,Joy Jones DDS,MPV,Toa Payoh,2022-10-24,4.96,Active
D01930,Kyle Kirby,Sedan,Ang Mo Kio,2023-03-12,3.9,Suspended
D01931,Ryan Johnson,Premium,Tampines,2019-12-29,4.16,Active
D01932,Rebecca Horton,Premium,Ang Mo Kio,2025-01-23,3.63,Active
D01933,Lisa Gonzalez,Sedan,Punggol,2024-09-23,3.93,Active
D01934,Chad Mendoza,Sedan,Tampines,2022-12-02,3.78,Active
D01935,Mr. Justin Stanton,SUV,Bedok,2023-04-22,4.94,Active
D01936,Ryan Becker,Sedan,Jurong,2025-10-24,3.58,Active
D01937,Glenn Brady,Hatchback,Bedok,2023-03-18,4.07,Active
D01938,David Reyes,Premium,Jurong,2020-09-26,4.23,Active
D01939,Keith Garcia,Hatchback,Ang Mo Kio,2024-02-14,4.84,Active
D01940,Amber Martinez,Electric,Punggol,2023-04-01,4.63,Active
D01941,David Collins,Electric,Punggol,2022-10-24,4.28,Active
D01942,Albert Harrell DDS,SUV,Bishan,2019-01-06,3.71,Active
D01943,Charles Smith,Electric,Toa Payoh,2024-07-04,3.66,Active
D01944,Crystal Pruitt,SUV,Tampines,2021-02-03,4.75,Active
D01945,Mark Jackson,Hatchback,Tampines,2021-09-08,4.68,Active
D01946,Jennifer Kirk,Hatchback,Tampines,2020-06-06,3.98,Inactive
D01947,Christopher Hernandez,Electric,Toa Payoh,2021-08-23,4.5,Active
D01948,Kevin Oneal,Electric,Toa Payoh,2024-02-25,4.49,Active
D01949,Robert Hayden,SUV,Bedok,2024-09-01,4.74,Active
D01950,Oscar Farmer,Premium,Ang Mo Kio,2019-12-04,4.5,Active
D01951,Jared Peters,Electric,Woodlands,2022-01-04,4.78,Active
D01952,Amy Rogers,Premium,Punggol,2024-03-01,4.38,Active
D01953,Shawn Wade,Hatchback,Yishun,2021-08-10,3.71,Active
D01954,Brittany Mcclure,Sedan,Bedok,2018-10-25,3.84,Active
D01955,Jackie Harmon,Electric,Punggol,2021-06-14,3.93,Active
D01956,Michael Guzman,Sedan,Punggol,2023-05-28,4.11,Active
D01957,Denise Curtis,MPV,Bedok,2021-10-05,3.92,Suspended
D01958,Amy Roberts,Sedan,Woodlands,2023-08-25,4.78,Active
D01959,Samantha Scott,Hatchback,Yishun,2020-07-13,4.91,Active
D01960,Curtis Ortiz,Premium,Yishun,2023-06-14,4.59,Active
D01961,Mario Jenkins,Premium,Yishun,2022-07-25,4.87,Active
D01962,Jennifer Livingston,SUV,Ang Mo Kio,2022-03-07,4.26,Active
D01963,Elizabeth Brown,Sedan,Toa Payoh,2025-11-15,4.75,Active
D01964,Jacob Hudson,MPV,Tampines,2020-07-29,3.8,Active
D01965,Kimberly Williams,MPV,Tampines,2026-06-29,3.6,Active
D01966,Isaac Davis,MPV,Singapore,2020-03-09,4.0,Active
D01967,Natalie Stephens,Electric,Singapore,2021-10-08,3.87,Active
D01968,Robert Ewing,Premium,Yishun,2023-09-04,4.28,Active
D01969,Christine Green,SUV,Yishun,2018-10-08,4.29,Active
D01970,Melissa Walters,MPV,Singapore,2026-03-15,4.01,Active
D01971,Donald Flores,MPV,Punggol,2021-05-09,4.22,Inactive
D01972,Rebecca Stanley,MPV,Singapore,2022-09-23,4.52,Active
D01973,Jimmy Gallagher,Electric,Punggol,2022-02-08,4.64,Active
D01974,Donna Larson,Hatchback,Woodlands,2026-02-11,3.98,Active
D01975,Jill Morrison,Hatchback,Jurong,2024-05-20,4.36,Active
D01976,Kyle Oneill,SUV,Toa Payoh,2020-06-28,3.69,Active
D01977,Mary Wilson,Hatchback,Yishun,2023-09-11,3.78,Active
D01978,Tyler Peters,Premium,Singapore,2023-12-05,3.96,Active
D01979,Ryan Forbes,Electric,Bishan,2023-03-09,4.62,Active
D01980,Nathan Bailey,MPV,Toa Payoh,2019-10-18,4.35,Active
D01981,Taylor Wyatt,Sedan,Punggol,2023-03-14,4.57,Active
D01982,Linda Gallegos,Premium,Woodlands,2019-09-15,4.87,Active
D01983,Krystal Carroll,MPV,Toa Payoh,2020-01-21,4.17,Active
D01984,Kevin Wilson,Sedan,Toa Payoh,2023-06-18,3.53,Active
D01985,Kimberly Gordon,Sedan,Punggol,2022-06-20,4.66,Active
D01986,Nicole Fields,Electric,Tampines,2020-02-29,3.83,Active
D01987,Nichole Holt,Electric,Ang Mo Kio,2024-05-18,3.59,Active
D01988,Frank Hancock,Premium,Punggol,2025-09-12,4.21,Active
D01989,James Schwartz,Hatchback,Bedok,2024-02-22,4.4,Active
D01990,Cristian Johnson,SUV,Singapore,2019-07-01,4.32,Active
D01991,Dr. Jerry Hunter PhD,Electric,Bedok,2021-12-15,3.96,Active
D01992,Kevin Gibson,Sedan,Bishan,2019-12-20,3.51,Active
D01993,Jason Warner,Electric,Yishun,2019-04-10,4.72,Suspended
D01994,Cassie Williamson,Hatchback,Toa Payoh,2024-04-05,3.75,Active
D01995,Aaron Ford,SUV,Woodlands,2022-03-08,4.59,Suspended
D01996,Christopher Howard,MPV,Yishun,2020-10-20,4.01,Active
D01997,Stephanie Cox,SUV,Bishan,2026-06-21,4.4,Active
D01998,Brooke Fields,Electric,Woodlands,2021-12-31,3.73,Active
D01999,Megan Rios,SUV,Yishun,2024-08-28,4.86,Active
D02000,Taylor Drake,Premium,Toa Payoh,2019-04-04,3.52,Active
D02001,Jordan Lee,Hatchback,Tampines,2019-01-23,4.81,Active
D02002,Hector Church,Electric,Woodlands,2021-05-03,4.41,Active
D02003,Andrea Cooper,Electric,Toa Payoh,2023-07-28,4.37,Active
D02004,Brian Butler Jr.,MPV,Tampines,2022-06-12,4.21,Active
D02005,Todd Murphy,SUV,Yishun,2026-04-22,4.19,Active
D02006,Jamie Salinas,Sedan,Bishan,2021-02-24,3.58,Inactive
D02007,Amber Welch,MPV,Jurong,2021-10-13,4.95,Inactive
D02008,James Chapman,Hatchback,Bishan,2024-02-15,4.19,Active
D02009,Anthony Morgan,SUV,Toa Payoh,2025-06-23,4.78,Active
D02010,Nicholas Smith,Premium,Bishan,2022-09-06,3.72,Active
D02011,Howard Cline,Hatchback,Punggol,2018-09-04,4.98,Suspended
D02012,Jose Price,SUV,Toa Payoh,2019-01-31,4.8,Active
D02013,Dwayne Foley,Hatchback,Ang Mo Kio,2019-12-25,4.91,Active
D02014,Monica Strickland,Sedan,Punggol,2024-12-24,4.43,Active
D02015,Christopher Garcia,Premium,Bishan,2022-05-02,4.2,Active
D02016,Emily Arnold,SUV,Yishun,2022-09-25,3.98,Active
D02017,Donna Wolf,MPV,Yishun,2022-05-19,4.23,Inactive
D02018,Randall Wells,Premium,Yishun,2020-08-20,4.36,Active
D02019,Kevin Cortez,Electric,Yishun,2022-05-25,4.04,Active
D02020,Jesse Lee,Premium,Bedok,2022-04-05,3.85,Active
D02021,Heidi Sanders,Sedan,Punggol,2024-03-16,4.04,Active
D02022,Andrew Archer,MPV,Ang Mo Kio,2018-09-25,4.12,Inactive
D02023,Darryl Hill,Hatchback,Bishan,2021-09-19,3.8,Inactive
D02024,Adam Arellano,Sedan,Singapore,2026-07-28,4.25,Active
D02025,Jason Cox,Hatchback,Tampines,2026-04-16,3.77,Active
D02026,James Stephens,Premium,Singapore,2024-09-04,3.96,Active
D02027,George Hoffman,SUV,Tampines,2024-02-03,4.76,Active
D02028,Alexandra Henderson,MPV,Woodlands,2020-01-26,4.53,Active
D02029,Crystal King,Hatchback,Singapore,2021-04-25,4.39,Active
D02030,Julie Simpson,Premium,Bedok,2022-10-02,4.03,Active
D02031,Catherine Walker,Premium,Ang Mo Kio,2021-08-03,4.64,Active
D02032,Lindsey Brown,Electric,Singapore,2023-10-28,4.11,Active
D02033,Wendy Mcdonald,Sedan,Tampines,2019-03-22,4.06,Active
D02034,Michael Jackson,Hatchback,Ang Mo Kio,2021-04-20,4.06,Active
D02035,Yolanda Kelley,SUV,Yishun,2019-11-12,3.78,Active
D02036,Andre Wade,Premium,Punggol,2022-05-18,4.29,Active
D02037,Amanda Ramos,SUV,Singapore,2019-08-31,3.98,Active
D02038,Noah Murray,Sedan,Singapore,2021-08-10,4.11,Active
D02039,Chad Edwards,MPV,Bishan,2022-05-20,3.57,Active
D02040,Julia Medina,Electric,Punggol,2024-04-30,4.21,Active
D02041,Lisa Zimmerman,Hatchback,Jurong,2024-06-01,4.37,Active
D02042,Laura Matthews,Hatchback,Bishan,2022-02-16,4.41,Active
D02043,Joshua Hall,Electric,Yishun,2023-05-02,4.72,Active
D02044,Matthew Edwards,Sedan,Tampines,2024-11-08,4.14,Active
D02045,Jerry Frank,Electric,Bishan,2022-12-16,4.21,Active
D02046,Brandon Hansen,MPV,Jurong,2021-06-15,3.7,Active
D02047,Julia Carney,SUV,Tampines,2024-07-30,4.4,Active
D02048,Miguel Beck,Electric,Tampines,2019-06-19,3.98,Active
D02049,Miranda Coleman,Electric,Ang Mo Kio,2024-12-25,4.13,Active
D02050,Barbara Cooper,MPV,Punggol,2024-07-14,4.15,Active
D02051,Kyle Duarte,MPV,Ang Mo Kio,2025-08-06,4.6,Active
D02052,Donald James,Electric,Yishun,2020-01-06,4.04,Active
D02053,Leonard Cox,Hatchback,Singapore,2021-09-19,4.83,Active
D02054,Logan Cook,Sedan,Woodlands,2021-01-12,3.98,Active
D02055,April Meza,Premium,Bishan,2019-02-21,3.55,Active
D02056,Alexander Young,Hatchback,Toa Payoh,2023-02-11,4.27,Active
D02057,Beth Boyd,SUV,Singapore,2018-11-09,4.17,Active
D02058,Robert Boyd,Sedan,Ang Mo Kio,2024-01-10,4.59,Active
D02059,Jamie Chen,Premium,Jurong,2022-06-04,4.5,Active
D02060,Sandy Jenkins,MPV,Bishan,2022-03-02,4.64,Active
D02061,Levi Sanchez,Premium,Tampines,2020-09-08,3.69,Active
D02062,Andrew Velazquez,Premium,Tampines,2019-11-27,4.39,Active
D02063,Mary Gonzalez,Sedan,Bishan,2021-07-14,4.28,Active
D02064,Jason Price,MPV,Bedok,2026-03-06,4.59,Active
D02065,Jason Rocha,MPV,Punggol,2019-08-22,3.82,Active
D02066,Rebecca Gonzalez,Premium,Woodlands,2023-10-14,4.84,Active
D02067,Maria Moody,Sedan,Tampines,2020-03-30,4.79,Active
D02068,Christopher Hensley,SUV,Yishun,2020-08-20,3.66,Suspended
D02069,Claudia Thomas,Electric,Bedok,2023-11-07,3.87,Active
D02070,Matthew Burton,Premium,Ang Mo Kio,2026-02-01,3.95,Active
D02071,Xavier Jacobs,MPV,Ang Mo Kio,2025-07-24,3.92,Active
D02072,Nancy Campos,Sedan,Ang Mo Kio,2021-03-31,4.4,Active
D02073,Elaine Gilbert,MPV,Toa Payoh,2020-05-13,3.82,Active
D02074,Joshua Davis,SUV,Bishan,2026-02-14,4.6,Active
D02075,Matthew Brown,Hatchback,Yishun,2023-09-05,4.38,Active
D02076,Cynthia Scott,Sedan,Toa Payoh,2021-05-12,4.78,Active
D02077,Jennifer Flores,Electric,Tampines,2021-06-14,3.73,Active
D02078,Amanda Valdez,Sedan,Bedok,2025-11-26,4.43,Active
D02079,Alison Hall,Sedan,Ang Mo Kio,2022-03-10,4.64,Active
D02080,Laura Smith,MPV,Punggol,2021-01-21,4.77,Active
D02081,Charles Smith,Hatchback,Jurong,2020-09-15,4.83,Inactive
D02082,Diane Williams,MPV,Ang Mo Kio,2021-05-19,3.63,Active
D02083,Michael Thomas,SUV,Tampines,2023-05-31,3.75,Active
D02084,Derek Sanchez,SUV,Bishan,2026-04-01,3.67,Active
D02085,Matthew Jackson,SUV,Bishan,2024-01-04,4.78,Active
D02086,Patrick Howard,SUV,Toa Payoh,2021-07-23,4.2,Active
D02087,Marc Murphy,Electric,Woodlands,2018-10-21,4.27,Active
D02088,Lindsey Moore,Premium,Yishun,2021-12-14,4.0,Active
D02089,Erika Wilcox,Electric,Woodlands,2021-09-09,3.75,Active
D02090,Sharon Oliver,Hatchback,Singapore,2023-02-27,4.55,Active
D02091,Karen Alvarez,Hatchback,Yishun,2019-09-06,3.7,Active
D02092,Matthew Stein,Sedan,Jurong,2022-10-29,4.2,Active
D02093,Erin Jackson,SUV,Ang Mo Kio,2019-04-28,4.62,Active
D02094,Lisa Baldwin,Hatchback,Bishan,2020-01-10,4.54,Active
D02095,Antonio Cox,Sedan,Yishun,2019-10-11,4.26,Active
D02096,Jacob Stephens,SUV,Bishan,2021-01-02,4.89,Inactive
D02097,Hannah Hammond,MPV,Ang Mo Kio,2022-07-09,4.61,Active
D02098,Amy Green,Hatchback,Punggol,2019-11-14,4.4,Active
D02099,Tony Anderson,MPV,Toa Payoh,2021-11-29,3.91,Active
D02100,Meredith Johnson,Hatchback,Woodlands,2023-08-28,3.88,Active
D02101,Diana Smith,MPV,Toa Payoh,2019-10-21,4.6,Active
D02102,Steve Perry,SUV,Tampines,2020-10-20,4.91,Active
D02103,Lauren Marshall,Electric,Ang Mo Kio,2019-10-15,4.46,Active
D02104,Robert Booth,Hatchback,Ang Mo Kio,2019-10-07,4.38,Active
D02105,Robert Nichols,MPV,Bishan,2024-02-07,3.59,Active
D02106,Adrienne Davis,Hatchback,Jurong,2021-01-02,3.83,Active
D02107,Kayla Burke,Sedan,Bishan,2022-03-25,4.92,Active
D02108,Catherine Hunter,Sedan,Punggol,2021-11-03,4.34,Active
D02109,Mrs. Emma Murray,Sedan,Punggol,2026-02-04,3.71,Active
D02110,Sally Green,Hatchback,Yishun,2019-02-28,4.94,Active
D02111,Robert May,MPV,Ang Mo Kio,2023-10-11,3.98,Active
D02112,Teresa Taylor,Sedan,Bedok,2020-03-25,3.67,Active
D02113,Kathleen Cohen,SUV,Woodlands,2024-10-17,4.18,Active
D02114,Eric Evans,SUV,Tampines,2020-11-24,3.55,Active
D02115,Michael Thompson,Electric,Bishan,2019-03-21,4.13,Active
D02116,Laura Smith,Sedan,Punggol,2019-03-15,4.41,Active
D02117,Summer Moore,Sedan,Punggol,2023-03-01,3.72,Active
D02118,Stacey Armstrong,Electric,Ang Mo Kio,2021-03-12,4.76,Inactive
D02119,Dustin Fowler,Premium,Tampines,2020-08-30,4.15,Active
D02120,Matthew Nguyen,Premium,Punggol,2021-04-23,4.13,Active
D02121,Samantha Petersen,Hatchback,Bedok,2019-05-08,3.77,Active
D02122,Keith Lane,Sedan,Toa Payoh,2021-02-07,3.75,Active
D02123,Tiffany Maldonado,Electric,Woodlands,2024-09-13,4.82,Active
D02124,Brian Wade,Electric,Toa Payoh,2021-09-23,3.72,Active
D02125,Jamie Yu,MPV,Toa Payoh,2023-09-29,4.09,Active
D02126,James Morgan,Premium,Tampines,2025-04-19,4.03,Active
D02127,Kristina Joseph,Electric,Toa Payoh,2024-07-26,4.19,Active
D02128,David Taylor,Sedan,Yishun,2026-03-29,4.79,Active
D02129,Jimmy Farmer,MPV,Ang Mo Kio,2023-12-27,4.91,Active
D02130,John Stewart,Sedan,Jurong,2025-04-17,4.27,Active
D02131,Matthew Scott,Hatchback,Woodlands,2024-07-07,4.17,Active
D02132,Ronnie Phillips,Hatchback,Punggol,2024-08-14,4.36,Active
D02133,Cynthia Juarez,MPV,Jurong,2020-10-16,4.5,Active
D02134,Jessica Wallace,Premium,Tampines,2021-11-17,4.25,Active
D02135,Renee Smith,MPV,Bedok,2019-03-21,3.81,Active
D02136,Stacy Velasquez,Premium,Ang Mo Kio,2023-09-17,4.43,Active
D02137,Shannon Woods,Electric,Bedok,2024-04-08,4.36,Active
D02138,Connor Washington,Sedan,Punggol,2022-06-03,3.84,Active
D02139,Sara Mcdonald,MPV,Bedok,2024-09-24,3.59,Active
D02140,Elizabeth Carlson,Hatchback,Ang Mo Kio,2025-02-22,4.5,Active
D02141,Brian Raymond,SUV,Bishan,2021-08-30,4.28,Active
D02142,Julie Stephens,Premium,Bishan,2022-09-24,4.12,Active
D02143,Jack Brown,Sedan,Toa Payoh,2022-10-19,4.42,Active
D02144,Daniel Miles,Hatchback,Yishun,2023-03-09,4.63,Active
D02145,Steven Ortiz,Electric,Tampines,2026-03-27,4.61,Active
D02146,Joshua Martinez,Electric,Toa Payoh,2026-03-16,4.03,Active
D02147,Max Bray,Electric,Singapore,2019-01-07,4.99,Active
D02148,Morgan Silva,Premium,Yishun,2026-05-02,4.72,Active
D02149,Taylor Kelly,Hatchback,Bedok,2024-02-02,3.51,Active
D02150,Kylie Roman,Sedan,Punggol,2019-08-31,4.35,Active
D02151,Benjamin Hancock,SUV,Woodlands,2025-10-26,4.22,Active
D02152,Jackson Tran,Sedan,Bedok,2026-03-05,3.62,Active
D02153,Christina Blair,Electric,Toa Payoh,2021-05-05,3.96,Active
D02154,Ryan Aguilar,Sedan,Punggol,2025-05-21,4.54,Active
D02155,Caroline Sullivan,Hatchback,Ang Mo Kio,2022-10-23,3.98,Active
D02156,Jim Grant,Premium,Tampines,2019-03-10,4.19,Inactive
D02157,Tracy Parker,Electric,Bishan,2024-08-14,4.82,Active
D02158,Scott Sanders,SUV,Bishan,2022-03-27,4.78,Active
D02159,Mary Santiago,Sedan,Toa Payoh,2019-03-19,3.83,Active
D02160,Robert Wagner,SUV,Bishan,2021-05-21,4.44,Active
D02161,Tracy Cunningham,Premium,Punggol,2026-06-26,4.02,Active
D02162,Michael Hernandez,MPV,Jurong,2020-04-24,3.86,Active
D02163,Shawn Bailey,Premium,Yishun,2026-04-19,4.95,Active
D02164,John Hunter,Electric,Jurong,2026-03-24,3.82,Active
D02165,Audrey Ponce,Sedan,Punggol,2021-10-27,4.32,Active
D02166,Kelly Odom,Electric,Bishan,2018-09-10,4.49,Active
D02167,Bryan Zimmerman,MPV,Bedok,2020-07-06,3.93,Active
D02168,Heather Williams,SUV,Jurong,2021-05-09,4.61,Active
D02169,Marvin Robles,Electric,Toa Payoh,2025-02-12,4.59,Active
D02170,Carmen Warren,SUV,Bishan,2023-08-17,4.48,Active
D02171,Mason Skinner,MPV,Punggol,2026-07-13,4.74,Active
D02172,Dennis Smith,SUV,Woodlands,2023-05-11,4.14,Active
D02173,Daniel Thompson,Electric,Yishun,2018-11-13,4.26,Active
D02174,Amber Gordon,SUV,Ang Mo Kio,2021-12-12,3.53,Inactive
D02175,Carrie Davis,MPV,Yishun,2023-10-30,4.64,Active
D02176,James Baker,Premium,Woodlands,2025-11-20,4.01,Active
D02177,Emily Contreras,Electric,Woodlands,2019-06-12,4.44,Active
D02178,Lauren Davis,Hatchback,Bedok,2022-09-05,3.84,Active
D02179,Jessica Cox,Hatchback,Woodlands,2018-10-06,4.22,Active
D02180,Elizabeth Austin,Sedan,Toa Payoh,2020-09-18,4.36,Active
D02181,James Castillo,Electric,Toa Payoh,2019-08-18,4.85,Active
D02182,Wayne Snyder,Sedan,Tampines,2026-05-18,4.94,Active
D02183,Kimberly Walker MD,SUV,Tampines,2020-06-14,3.59,Inactive
D02184,Natalie Villegas,Premium,Woodlands,2023-11-08,4.57,Active
D02185,John Lewis,Premium,Punggol,2023-09-10,3.83,Active
D02186,Terry Mcdonald,Electric,Singapore,2026-03-12,4.95,Inactive
D02187,Christopher Rodriguez,MPV,Ang Mo Kio,2024-05-06,3.71,Active
D02188,Jessica Miles,Sedan,Singapore,2022-09-21,3.93,Inactive
D02189,Carrie Golden,Electric,Jurong,2021-09-16,4.25,Active
D02190,David Long,Premium,Ang Mo Kio,2018-12-28,4.55,Suspended
D02191,Maureen Glass,Premium,Bedok,2022-04-05,4.7,Active
D02192,Natalie Herman,SUV,Punggol,2022-06-21,4.68,Inactive
D02193,Luke Walters,Electric,Bishan,2025-05-08,4.95,Active
D02194,Mrs. Ashley Williams,Sedan,Ang Mo Kio,2024-09-12,4.15,Active
D02195,Peter Sullivan,MPV,Singapore,2025-10-11,3.96,Active
D02196,Jessica Rollins,Hatchback,Ang Mo Kio,2022-04-29,3.6,Inactive
D02197,Michelle Thompson,MPV,Bishan,2020-11-21,4.46,Active
D02198,Heather Irwin,Hatchback,Ang Mo Kio,2023-07-02,3.66,Active
D02199,Russell Guerra,Sedan,Tampines,2023-11-08,3.77,Active
D02200,Charles Patton,Sedan,Bishan,2019-08-01,4.49,Active
D02201,April Barajas,Hatchback,Tampines,2023-07-10,4.37,Active
D02202,Charles Johnson,Premium,Bedok,2021-03-13,4.66,Active
D02203,Colin Munoz,Premium,Jurong,2026-07-18,3.64,Active
D02204,Andrea Hansen,Hatchback,Punggol,2020-12-08,4.42,Active
D02205,Dorothy Long DDS,Electric,Ang Mo Kio,2025-05-03,4.35,Active
D02206,Jennifer Bailey,MPV,Jurong,2020-06-09,4.66,Active
D02207,Kyle Mccarthy,Electric,Bedok,2019-02-28,4.3,Active
D02208,Raymond Flores Jr.,MPV,Jurong,2021-10-05,4.21,Active
D02209,Ethan Lewis,Electric,Yishun,2023-05-29,4.86,Active
D02210,Robert Cain,SUV,Bedok,2020-06-10,4.38,Active
D02211,Peggy Burton,Premium,Ang Mo Kio,2020-03-19,4.9,Active
D02212,Brian Elliott,Electric,Punggol,2018-12-08,3.98,Active
D02213,Dana Thompson,Premium,Jurong,2021-04-21,3.86,Active
D02214,Melinda Potter,MPV,Jurong,2020-11-08,4.7,Active
D02215,Edwin Delgado,SUV,Ang Mo Kio,2019-09-12,4.32,Active
D02216,Jennifer Taylor,SUV,Woodlands,2021-01-02,4.35,Inactive
D02217,William Terry,MPV,Woodlands,2026-05-28,3.62,Active
D02218,Justin Clark,SUV,Woodlands,2019-10-26,3.52,Active
D02219,Lacey Flynn,Hatchback,Toa Payoh,2019-09-04,4.87,Active
D02220,Michele Williams,MPV,Bedok,2020-11-14,4.92,Active
D02221,Kenneth Padilla,Premium,Singapore,2024-07-01,4.15,Active
D02222,Evan Bender,Hatchback,Yishun,2026-01-05,4.15,Active
D02223,Sean Meyer,SUV,Punggol,2021-04-12,4.69,Active
D02224,Melissa Copeland,Hatchback,Ang Mo Kio,2022-03-13,4.27,Active
D02225,Maria Henry,Electric,Toa Payoh,2023-12-12,4.17,Active
D02226,Tina Cohen,Hatchback,Punggol,2020-11-23,3.85,Active
D02227,Seth Mcmillan,Hatchback,Woodlands,2021-09-02,3.54,Active
D02228,Jessica White,MPV,Ang Mo Kio,2025-07-17,3.71,Active
D02229,Aaron Richardson,Hatchback,Singapore,2019-11-17,3.64,Active
D02230,Stephanie Ali,SUV,Punggol,2019-04-28,4.2,Active
D02231,Daniel Barron,Hatchback,Bishan,2019-04-11,5.0,Active
D02232,Michelle Gill,MPV,Toa Payoh,2019-06-03,4.59,Active
D02233,Joseph Webb,MPV,Jurong,2022-07-27,4.73,Active
D02234,Cassandra Walsh,MPV,Toa Payoh,2022-08-23,4.92,Active
D02235,Daniel Francis,Sedan,Tampines,2025-02-28,4.28,Active
D02236,Benjamin White,Premium,Bishan,2021-07-30,3.89,Inactive
D02237,Juan Hart,Sedan,Bishan,2022-02-27,4.97,Active
D02238,Alexis Duran,MPV,Punggol,2022-11-23,4.03,Active
D02239,Kevin Martinez,Sedan,Punggol,2021-09-13,3.88,Active
D02240,John George,Premium,Woodlands,2022-01-07,4.63,Active
D02241,Brandi Bates,Sedan,Toa Payoh,2020-09-07,4.78,Active
D02242,Jennifer Smith,SUV,Bishan,2025-01-21,4.53,Active
D02243,Kevin Foster,Sedan,Bedok,2025-03-30,4.54,Active
D02244,Edward Gillespie,Sedan,Toa Payoh,2019-06-17,4.87,Active
D02245,Robin Ball,MPV,Woodlands,2026-01-27,4.81,Active
D02246,Albert Jensen,Premium,Jurong,2022-09-26,3.75,Active
D02247,Eric Perry,Sedan,Jurong,2021-08-23,4.55,Inactive
D02248,Veronica Davis,Electric,Woodlands,2022-04-23,4.21,Active
D02249,Michael Kennedy,Hatchback,Toa Payoh,2021-02-19,3.9,Active
D02250,Dawn Ingram,Premium,Woodlands,2022-11-28,4.62,Active
D02251,Nathan Reilly,MPV,Toa Payoh,2024-02-24,3.63,Active
D02252,Richard Potter,MPV,Jurong,2026-04-14,4.11,Active
D02253,Andrew Lee,Electric,Bishan,2019-01-03,3.53,Active
D02254,Heather Grimes,Premium,Ang Mo Kio,2025-12-02,4.44,Active
D02255,Anthony Thompson,Premium,Tampines,2026-04-28,3.59,Active
D02256,Joseph George,Sedan,Yishun,2023-05-23,3.79,Active
D02257,Christopher Wright,Hatchback,Punggol,2019-07-15,3.87,Active
D02258,Jennifer Baker,SUV,Bedok,2019-03-29,4.86,Active
D02259,Louis Kennedy,SUV,Punggol,2021-04-20,3.89,Active
D02260,David Garcia,Electric,Jurong,2019-06-05,3.76,Active
D02261,Jeffrey Burns,Premium,Woodlands,2021-11-18,3.6,Active
D02262,Lucas Miller,Sedan,Ang Mo Kio,2024-02-04,4.08,Active
D02263,Haley Dean,Premium,Jurong,2025-01-26,4.75,Inactive
D02264,Kristen Hess,SUV,Ang Mo Kio,2020-11-29,3.84,Active
D02265,Crystal Rice,Premium,Ang Mo Kio,2026-02-08,4.54,Active
D02266,Michael Hall,Electric,Punggol,2022-07-07,4.39,Active
D02267,Kaitlin Evans,Premium,Jurong,2026-05-21,3.57,Active
D02268,Brittany Cooper,SUV,Bishan,2024-05-13,4.98,Active
D02269,Stephen Watts,SUV,Yishun,2022-01-18,3.99,Active
D02270,Randy Larson,SUV,Yishun,2020-01-02,3.62,Active
D02271,Melissa Sampson,Hatchback,Singapore,2025-03-07,3.77,Active
D02272,Joshua Robinson,Hatchback,Bishan,2023-09-01,3.66,Active
D02273,Mark Savage,Sedan,Toa Payoh,2020-02-15,4.56,Active
D02274,Aaron King,Electric,Bedok,2026-01-02,4.81,Active
D02275,Olivia Hall,Hatchback,Yishun,2024-01-19,4.19,Active
D02276,Joshua Foster,Premium,Singapore,2022-09-03,4.26,Active
D02277,Anthony Perez,Sedan,Bedok,2019-11-28,3.5,Active
D02278,Cody Daniel DVM,SUV,Woodlands,2022-05-07,4.13,Inactive
D02279,Kevin Vargas,Sedan,Toa Payoh,2025-08-12,4.43,Active
D02280,Eric Richardson,Electric,Ang Mo Kio,2020-11-24,3.71,Active
D02281,Denise Castro,SUV,Singapore,2024-12-07,4.85,Active
D02282,Christine Molina,SUV,Punggol,2022-03-05,4.0,Active
D02283,Rhonda Leonard,MPV,Woodlands,2025-02-01,4.38,Active
D02284,Debra Quinn,MPV,Bishan,2020-05-14,3.54,Active
D02285,John Vaughn,Hatchback,Ang Mo Kio,2026-03-08,4.99,Active
D02286,Sarah Price,Electric,Bishan,2025-08-27,4.06,Active
D02287,Marissa Mann,Sedan,Woodlands,2019-05-26,4.07,Active
D02288,Kristin Morris,Hatchback,Punggol,2021-07-28,4.77,Active
D02289,Ryan Horton,Hatchback,Singapore,2026-05-28,4.45,Active
D02290,Nicole Marshall,MPV,Bishan,2021-11-01,4.07,Active
D02291,Matthew Hopkins,Premium,Jurong,2019-08-28,3.98,Active
D02292,Jose Kramer,Premium,Bedok,2022-04-13,4.38,Active
D02293,Joseph Lucas,Sedan,Bishan,2026-02-21,3.54,Active
D02294,Brandon Quinn,Hatchback,Bedok,2026-03-19,4.22,Active
D02295,Matthew George,Electric,Tampines,2022-02-24,3.58,Active
D02296,Sarah Serrano,MPV,Yishun,2025-04-04,3.71,Active
D02297,Robert Hayes,Premium,Bedok,2019-07-18,4.03,Active
D02298,Cory Gonzalez,SUV,Jurong,2020-12-07,4.42,Active
D02299,Sonya Jones,MPV,Toa Payoh,2025-07-04,3.93,Active
D02300,Matthew Jackson,Electric,Woodlands,2023-05-03,4.47,Active
D02301,Susan Salinas,MPV,Tampines,2025-02-12,4.82,Active
D02302,Daniel Smith,Premium,Toa Payoh,2021-05-31,4.58,Active
D02303,Cynthia Richmond,Electric,Punggol,2024-06-28,4.99,Active
D02304,Kathleen Barber,Electric,Woodlands,2019-04-08,4.18,Inactive
D02305,Brandon Cox,Electric,Tampines,2021-08-19,3.62,Active
D02306,Bradley Lutz,Sedan,Yishun,2026-02-07,4.15,Active
D02307,John Leon,MPV,Woodlands,2022-07-24,3.78,Active
D02308,Allen Henderson,SUV,Bishan,2021-11-16,4.64,Active
D02309,William Davis,Premium,Woodlands,2025-06-10,3.68,Active
D02310,Laura Jackson,Electric,Woodlands,2022-06-19,3.88,Active
D02311,Jamie Freeman,Premium,Punggol,2020-07-31,4.31,Active
D02312,Dwayne Rodriguez,Sedan,Jurong,2022-12-10,4.79,Active
D02313,Courtney Crawford,Premium,Bishan,2020-11-06,3.9,Active
D02314,Tracy Perez,Premium,Woodlands,2024-02-13,3.96,Active
D02315,Jeffrey Brown,Electric,Punggol,2018-08-10,4.54,Active
D02316,Robert Rivera,Premium,Bishan,2025-11-18,4.94,Active
D02317,Amy Williams,Premium,Ang Mo Kio,2023-07-25,3.93,Active
D02318,Brandon Hoover,Sedan,Tampines,2021-09-08,4.81,Active
D02319,Adam Johnson,Electric,Jurong,2025-12-19,3.78,Active
D02320,Olivia Parsons,Premium,Ang Mo Kio,2025-01-22,3.93,Active
D02321,Lauren Torres,SUV,Yishun,2025-02-20,4.33,Active
D02322,Richard Franklin,Premium,Woodlands,2024-10-09,4.6,Active
D02323,Brandon Stephens,Premium,Toa Payoh,2020-07-19,4.72,Active
D02324,Kelly Mack,Premium,Tampines,2020-11-20,3.79,Active
D02325,Rhonda Valencia,Sedan,Yishun,2019-08-03,3.64,Active
D02326,James Bishop,MPV,Yishun,2020-12-25,4.84,Inactive
D02327,Ryan Medina,Premium,Toa Payoh,2023-03-16,4.95,Active
D02328,Jeffrey Mills,SUV,Tampines,2022-05-04,4.13,Inactive
D02329,Patricia Martinez,Premium,Yishun,2019-07-31,3.88,Active
D02330,Jeremy Fernandez,Electric,Bishan,2021-10-26,3.88,Active
D02331,Brett Keller,MPV,Tampines,2021-07-29,3.93,Active
D02332,Zachary Williamson,SUV,Ang Mo Kio,2023-07-14,4.08,Active
D02333,Erik Bullock,Sedan,Bedok,2024-04-13,4.61,Active
D02334,Autumn Christian,Electric,Bishan,2018-08-13,4.53,Inactive
D02335,Erin Gardner,SUV,Bishan,2019-10-04,4.79,Active
D02336,Samantha Keller,MPV,Toa Payoh,2024-07-23,4.39,Inactive
D02337,Brent Jensen,Premium,Woodlands,2022-02-26,4.73,Active
D02338,Monica Cuevas PhD,MPV,Tampines,2022-09-16,4.32,Active
D02339,Jonathan Cross,Sedan,Yishun,2021-11-04,4.15,Active
D02340,Lindsay Gray,SUV,Bishan,2020-07-05,4.16,Active
D02341,Angie Ayers,Premium,Singapore,2025-07-29,4.89,Active
D02342,Michelle Jackson,SUV,Punggol,2022-03-09,3.54,Active
D02343,William Riggs,Hatchback,Punggol,2020-09-27,3.7,Active
D02344,Jennifer Young,MPV,Jurong,2023-02-09,4.4,Active
D02345,Tara Avery,Hatchback,Ang Mo Kio,2019-07-11,4.56,Inactive
D02346,Gail White,MPV,Jurong,2019-02-22,3.52,Active
D02347,Gina Gentry,Sedan,Bedok,2022-06-29,4.29,Active
D02348,Nancy Lee,SUV,Ang Mo Kio,2021-01-26,4.44,Active
D02349,Jordan Ortega,Premium,Tampines,2022-05-01,4.87,Active
D02350,David Miller,Sedan,Bishan,2023-11-05,4.68,Active
D02351,Beth Martin DDS,Hatchback,Bishan,2023-08-06,4.82,Inactive
D02352,Perry Smith,Premium,Punggol,2021-12-25,4.43,Active
D02353,Eric Roberts,Electric,Jurong,2026-05-14,4.58,Active
D02354,Jay Lee,Electric,Punggol,2023-09-29,4.7,Inactive
D02355,Craig Stewart,Electric,Singapore,2020-03-02,4.87,Active
D02356,Gary Payne,Sedan,Bedok,2019-10-15,4.07,Active
D02357,Dawn Baldwin,Hatchback,Singapore,2021-05-11,3.8,Active
D02358,Rachel Robinson,SUV,Bedok,2022-04-02,4.93,Active
D02359,Heidi Serrano,Sedan,Singapore,2026-03-27,3.68,Active
D02360,Christopher Singleton,Sedan,Punggol,2020-04-03,3.57,Active
D02361,Carlos Bishop,SUV,Tampines,2023-09-21,3.77,Active
D02362,Christopher Watkins,SUV,Woodlands,2020-02-22,4.27,Active
D02363,Andrew Morrow,Hatchback,Punggol,2025-05-04,3.96,Active
D02364,Samuel Bush,Hatchback,Toa Payoh,2020-02-09,3.8,Active
D02365,Shawn Pittman,Electric,Tampines,2025-12-07,4.36,Active
D02366,Becky Schroeder,SUV,Ang Mo Kio,2024-12-13,4.48,Active
D02367,Reginald Wilson,Hatchback,Singapore,2024-03-05,3.96,Active
D02368,Julian Mcfarland,SUV,Singapore,2026-07-12,4.19,Active
D02369,Melissa Estrada,Premium,Bedok,2026-04-27,3.92,Active
D02370,Lee Mullins,Electric,Ang Mo Kio,2025-09-23,4.9,Active
D02371,Christopher Buck,Premium,Bishan,2019-09-08,4.28,Active
D02372,Alexis Johnson,Hatchback,Yishun,2019-03-09,4.49,Active
D02373,Lisa Murphy,Premium,Toa Payoh,2018-11-06,4.83,Active
D02374,Raymond Kim,Hatchback,Punggol,2025-07-12,4.3,Active
D02375,Gerald Andrews,MPV,Tampines,2023-01-20,4.89,Active
D02376,Jamie Snyder,Electric,Bishan,2021-11-06,3.62,Active
D02377,Jill Herrera,Sedan,Bishan,2024-01-29,4.39,Active
D02378,Lance Brown,Hatchback,Ang Mo Kio,2023-04-24,4.24,Inactive
D02379,Justin Barker,Premium,Singapore,2018-11-02,3.52,Active
D02380,Heidi Nichols,Hatchback,Jurong,2026-06-25,4.07,Active
D02381,Mary Morgan,Hatchback,Tampines,2021-11-11,4.98,Active
D02382,Daniel Case,SUV,Woodlands,2025-10-22,3.63,Active
D02383,Chad Alvarado,Premium,Woodlands,2019-05-06,4.52,Active
D02384,William Neal,MPV,Singapore,2022-05-08,3.68,Active
D02385,Manuel Mendoza,MPV,Bishan,2025-11-16,3.73,Active
D02386,Christine Howell,MPV,Singapore,2022-02-25,4.34,Active
D02387,Patrick Huff,Hatchback,Bishan,2024-05-12,3.66,Active
D02388,Charles Cuevas,Electric,Punggol,2018-09-25,3.57,Active
D02389,Scott Duke DDS,MPV,Punggol,2024-06-24,4.16,Active
D02390,Amanda Torres,Premium,Yishun,2025-06-24,4.69,Inactive
D02391,Matthew Smith,MPV,Singapore,2025-08-14,4.68,Active
D02392,Elizabeth Rush,Hatchback,Woodlands,2023-02-21,4.89,Active
D02393,Jamie Brooks,MPV,Tampines,2020-12-14,3.68,Suspended
D02394,Anthony Baker,MPV,Bedok,2021-01-19,4.24,Active
D02395,Timothy Bonilla,Hatchback,Tampines,2025-06-19,4.63,Active
D02396,Belinda Gomez,Electric,Bishan,2020-05-30,4.51,Active
D02397,Miss Kelly Lowe,Sedan,Woodlands,2020-06-08,3.64,Active
D02398,Ryan Perry,Electric,Toa Payoh,2022-07-09,4.43,Active
D02399,John Fields,Hatchback,Jurong,2020-08-31,4.66,Active
D02400,Cynthia Brown,Hatchback,Yishun,2022-04-17,4.78,Active
D02401,Brooke Hoffman,Sedan,Tampines,2021-08-02,4.59,Inactive
D02402,Noah Webb,Sedan,Tampines,2024-05-02,3.6,Active
D02403,Ellen Deleon,MPV,Singapore,2020-08-12,3.98,Active
D02404,Christie Velasquez,Hatchback,Tampines,2023-05-12,4.57,Active
D02405,Julia Moses,Premium,Bishan,2024-11-26,4.1,Active
D02406,Jessica Christensen,MPV,Singapore,2025-08-25,4.1,Active
D02407,Lisa Griffin,MPV,Tampines,2026-07-17,3.76,Active
D02408,Alexander Peters,Premium,Tampines,2020-01-05,3.58,Active
D02409,Marisa Walker,Premium,Bedok,2025-07-18,3.5,Inactive
D02410,Edward Boyd,Electric,Woodlands,2023-09-04,4.06,Active
D02411,Donna Bishop,Premium,Punggol,2025-08-20,3.68,Inactive
D02412,Michelle Crane,MPV,Punggol,2022-07-17,4.15,Active
D02413,Jodi Jones,Electric,Bishan,2020-07-19,3.6,Active
D02414,Elaine Quinn,Hatchback,Toa Payoh,2022-07-02,4.52,Active
D02415,John Miller,Hatchback,Woodlands,2023-05-20,4.97,Active
D02416,Angela Ortega MD,Hatchback,Toa Payoh,2023-01-11,4.65,Active
D02417,Megan Davis,Electric,Singapore,2020-06-23,3.61,Active
D02418,Francisco Johnson,Electric,Punggol,2019-09-05,4.75,Active
D02419,John Keith,Sedan,Punggol,2021-01-26,4.9,Active
D02420,Joshua Davis,Premium,Yishun,2026-01-15,3.57,Active
D02421,Amanda Austin,SUV,Tampines,2025-09-04,4.21,Active
D02422,Ryan Rogers II,SUV,Jurong,2025-10-29,3.86,Inactive
D02423,Jonathan Hampton,Sedan,Bishan,2021-03-22,3.88,Active
D02424,David Trujillo,Sedan,Bishan,2022-11-23,4.15,Active
D02425,Christie Morris,Hatchback,Bishan,2020-11-15,4.97,Active
D02426,Amy Graham,MPV,Yishun,2019-06-19,4.45,Inactive
D02427,Adam Skinner,SUV,Punggol,2025-02-12,4.27,Active
D02428,Bradley Ruiz,Sedan,Yishun,2024-07-14,3.96,Active
D02429,Natalie Weaver,Electric,Singapore,2019-10-02,3.83,Active
D02430,Victoria Butler,MPV,Punggol,2026-07-08,4.37,Active
D02431,Rachel Shelton,Hatchback,Singapore,2023-12-24,4.6,Active
D02432,Dr. Anthony Grimes,SUV,Tampines,2024-06-02,4.51,Active
D02433,Matthew Adams,Hatchback,Toa Payoh,2020-08-11,4.06,Active
D02434,Sandra Stewart MD,Premium,Bishan,2021-04-05,4.02,Active
D02435,Michael Santos,Electric,Tampines,2025-12-24,3.63,Inactive
D02436,Kevin Hahn,Premium,Yishun,2023-10-13,4.73,Active
D02437,Benjamin Valenzuela,MPV,Bishan,2022-03-20,3.71,Active
D02438,Brandon Harris,SUV,Jurong,2026-01-01,4.15,Active
D02439,Kimberly Mitchell,Electric,Bishan,2026-05-27,4.25,Active
D02440,Craig Herring,Hatchback,Toa Payoh,2024-05-08,4.06,Active
D02441,Mary Parker,Premium,Punggol,2024-08-30,3.5,Active
D02442,Brian Allison,Hatchback,Singapore,2022-01-09,4.44,Active
D02443,Brian Reynolds,Sedan,Yishun,2024-11-15,3.71,Active
D02444,Kendra Short,Premium,Toa Payoh,2025-05-21,4.7,Suspended
D02445,Richard Carney,Sedan,Woodlands,2019-09-29,4.17,Active
D02446,Brenda Floyd,Electric,Ang Mo Kio,2021-12-14,4.44,Active
D02447,Mike Bolton,Electric,Tampines,2026-01-10,3.66,Active
D02448,Christina Jordan,MPV,Woodlands,2022-04-02,4.99,Active
D02449,Karen Cruz,Electric,Bishan,2025-03-10,3.98,Active
D02450,Stephen Dyer,Sedan,Punggol,2023-02-07,4.48,Active
D02451,Jill Henderson,MPV,Woodlands,2022-12-04,3.65,Inactive
D02452,Joshua Arroyo,SUV,Punggol,2018-12-11,3.91,Active
D02453,Toni Murray,MPV,Bishan,2024-11-03,4.48,Active
D02454,Kristine Hammond,Electric,Bishan,2024-06-12,4.61,Active
D02455,Melissa Jackson,Hatchback,Yishun,2024-02-11,4.92,Active
D02456,Angela Barron,SUV,Jurong,2024-08-15,4.47,Active
D02457,Sarah Richard,Sedan,Singapore,2020-12-17,3.63,Active
D02458,Lisa Olson,SUV,Punggol,2018-12-13,4.97,Active
D02459,Mark Meyers,MPV,Ang Mo Kio,2025-08-07,4.22,Active
D02460,Elizabeth Lopez,Sedan,Tampines,2022-07-13,3.85,Active
D02461,Vincent Torres,MPV,Ang Mo Kio,2022-11-10,3.97,Active
D02462,Elizabeth Duffy,Hatchback,Yishun,2022-01-05,4.05,Active
D02463,Erika Wells,Electric,Jurong,2025-01-06,4.82,Active
D02464,Kenneth Torres,MPV,Singapore,2021-08-25,3.52,Active
D02465,Ruth Carlson,Electric,Yishun,2019-08-25,3.84,Active
D02466,Valerie Miller,Hatchback,Bedok,2022-05-07,3.52,Active
D02467,Elizabeth Scott,Electric,Toa Payoh,2020-08-20,3.68,Active
D02468,Tara Lopez,Sedan,Bedok,2021-05-19,4.74,Active
D02469,Sophia Horne,Hatchback,Bishan,2025-10-23,4.02,Active
D02470,Danielle Hall,Premium,Woodlands,2021-10-10,4.78,Active
D02471,Jeffery Palmer,Hatchback,Bedok,2020-04-30,4.09,Active
D02472,Theodore Gill,MPV,Ang Mo Kio,2019-06-30,4.05,Active
D02473,Roberto Little,MPV,Toa Payoh,2023-03-21,3.9,Active
D02474,Amanda Smith,SUV,Jurong,2021-07-23,3.63,Active
D02475,Patricia Henderson,Premium,Woodlands,2026-01-21,4.41,Active
D02476,Jordan Griffith,Premium,Tampines,2024-02-13,4.7,Active
D02477,Walter Chavez,Sedan,Ang Mo Kio,2026-07-02,4.7,Active
D02478,Sarah Phillips,Sedan,Yishun,2023-03-03,4.97,Active
D02479,Scott Patton,Premium,Punggol,2022-01-23,3.81,Active
D02480,Christine Savage MD,Sedan,Bedok,2023-06-09,3.69,Active
D02481,Paul Hudson,Electric,Yishun,2024-08-23,4.18,Inactive
D02482,Thomas Bruce,Electric,Yishun,2022-06-27,3.84,Active
D02483,David Smith,Hatchback,Singapore,2019-11-27,4.47,Active
D02484,Mrs. Tiffany Kennedy,MPV,Ang Mo Kio,2021-12-15,4.53,Active
D02485,Dana Brown,Premium,Jurong,2022-02-23,4.12,Active
D02486,Thomas Williams DDS,Premium,Jurong,2019-11-22,4.62,Inactive
D02487,Jasmine Phillips,Premium,Bedok,2025-11-26,4.76,Active
D02488,Daniel Macdonald,Hatchback,Punggol,2021-03-28,4.77,Active
D02489,Christopher Green,Electric,Jurong,2019-10-17,4.95,Active
D02490,Jackson Gibson,Premium,Woodlands,2019-06-21,4.11,Active
D02491,Noah Wright,SUV,Bishan,2019-05-24,3.96,Active
D02492,Susan Murray,Hatchback,Tampines,2019-12-18,4.09,Active
D02493,Rebecca Johnson,MPV,Ang Mo Kio,2024-01-14,3.74,Active
D02494,Nicholas Johnson,MPV,Jurong,2019-01-03,3.87,Active
D02495,James Davis,Hatchback,Bishan,2024-03-20,3.9,Active
D02496,Paul Brown,Sedan,Punggol,2021-08-18,3.75,Inactive
D02497,John George,Electric,Toa Payoh,2022-05-13,4.07,Active
D02498,Lauren Thompson,Hatchback,Tampines,2026-04-21,4.18,Inactive
D02499,Brittney Beard,Electric,Tampines,2022-10-21,3.66,Active
D02500,Lisa Patel,Premium,Jurong,2019-05-04,4.58,Active
D02501,Jesse Walter,Sedan,Bedok,2025-04-07,4.91,Active
D02502,Gavin Stevenson,SUV,Bedok,2019-12-23,4.81,Active
D02503,John Taylor,Sedan,Tampines,2021-10-03,3.99,Active
D02504,Lori West,Hatchback,Tampines,2020-10-09,4.77,Active
D02505,Raymond Gordon,Premium,Punggol,2020-08-18,3.86,Active
D02506,Robert Peterson,Hatchback,Bedok,2019-08-10,3.86,Active
D02507,Ricky Osborn MD,Hatchback,Toa Payoh,2019-01-13,4.48,Active
D02508,Michael Lucero,MPV,Toa Payoh,2025-04-30,3.64,Active
D02509,Gregory Sherman,Hatchback,Singapore,2021-03-12,4.44,Active
D02510,Cody Morton,MPV,Bishan,2021-11-21,4.46,Active
D02511,Joseph Gray,Premium,Punggol,2020-04-09,3.93,Active
D02512,Jose Campbell,Premium,Jurong,2022-12-26,3.8,Active
D02513,Richard Brewer MD,SUV,Bedok,2019-08-19,4.24,Active
D02514,William Gregory,Premium,Tampines,2019-12-15,4.8,Active
D02515,Aaron Kelley,Electric,Bishan,2023-10-07,4.44,Active
D02516,Allison Tucker,SUV,Bedok,2024-08-01,4.68,Active
D02517,Edward Bradley,Sedan,Bedok,2024-11-08,4.78,Active
D02518,Paul Davidson,SUV,Bedok,2021-02-08,4.51,Inactive
D02519,Andrea Beasley,SUV,Bedok,2020-04-01,4.2,Active
D02520,Janet Barker,Electric,Ang Mo Kio,2020-12-11,4.01,Active
D02521,Stephanie Kelly,MPV,Woodlands,2024-07-28,4.33,Active
D02522,William Campbell,Hatchback,Singapore,2019-01-07,3.66,Active
D02523,Jason Hansen,Premium,Tampines,2021-12-10,4.47,Active
D02524,Patricia Torres,Electric,Bishan,2020-09-14,3.92,Active
D02525,Melissa Wilkins,MPV,Punggol,2019-08-09,4.36,Active
D02526,Jamie Lee DVM,SUV,Bedok,2022-05-24,4.35,Active
D02527,Stephanie Wade,Sedan,Punggol,2021-11-14,4.34,Active
D02528,William Freeman,Hatchback,Yishun,2022-09-09,4.89,Active
D02529,Juan Silva,Sedan,Singapore,2025-03-19,4.46,Active
D02530,Pamela Coleman,Premium,Punggol,2018-10-20,4.0,Active
D02531,Pamela Nolan,Electric,Bishan,2021-08-10,4.36,Active
D02532,Pamela Garcia,SUV,Ang Mo Kio,2024-05-18,4.69,Active
D02533,Samuel Smith,Premium,Toa Payoh,2019-10-15,4.57,Active
D02534,Michael Carter,Sedan,Tampines,2025-01-21,3.62,Inactive
D02535,Ricky Fitzgerald,Sedan,Bishan,2026-05-07,4.96,Active
D02536,Alexandra Roberts,Electric,Tampines,2023-08-03,4.05,Active
D02537,John Ford,Sedan,Bedok,2022-03-12,4.51,Inactive
D02538,Michael Cooper,Sedan,Bishan,2024-09-07,5.0,Active
D02539,Tammy Taylor,Electric,Yishun,2022-03-21,4.49,Active
D02540,Anna Goodman,Hatchback,Jurong,2025-12-09,4.22,Active
D02541,John Stone,SUV,Toa Payoh,2022-02-28,3.55,Active
D02542,Randy Arroyo,SUV,Ang Mo Kio,2026-06-22,4.44,Active
D02543,Brandon Day,Premium,Tampines,2022-10-18,4.91,Active
D02544,Sean Perez,SUV,Jurong,2023-12-31,4.3,Active
D02545,Katie Stevenson,Electric,Toa Payoh,2019-10-17,4.77,Active
D02546,Robert Macias,Premium,Punggol,2022-01-30,3.56,Active
D02547,Jared Edwards,MPV,Ang Mo Kio,2019-09-26,5.0,Active
D02548,Michael Robinson,Electric,Yishun,2022-01-08,3.91,Active
D02549,Zachary Pearson,Electric,Woodlands,2023-02-13,4.19,Active
D02550,Jessica Meyer,SUV,Woodlands,2021-12-30,4.6,Active
D02551,Morgan Trujillo,SUV,Punggol,2019-03-14,4.34,Active
D02552,Jesus Martin MD,Hatchback,Yishun,2024-11-18,4.09,Active
D02553,Joshua Stone,Sedan,Toa Payoh,2020-11-22,4.93,Active
D02554,Sarah Mullins,Hatchback,Bedok,2021-12-27,4.96,Active
D02555,Emily Perkins,SUV,Punggol,2023-07-24,4.03,Suspended
D02556,Jeffrey Stephens,Electric,Woodlands,2025-11-05,4.59,Active
D02557,Melissa Alvarado,MPV,Punggol,2022-10-17,3.74,Active
D02558,Michael Castillo,Premium,Tampines,2022-03-03,3.98,Active
D02559,Mr. Alexander Vargas,MPV,Ang Mo Kio,2020-02-16,4.38,Active
D02560,Charles Nelson,SUV,Ang Mo Kio,2026-01-21,4.22,Active
D02561,Regina Payne,Sedan,Woodlands,2026-02-10,4.48,Active
D02562,Keith Moyer,Electric,Woodlands,2019-02-13,3.96,Inactive
D02563,Jeffery Marquez,Sedan,Tampines,2019-02-06,4.86,Active
D02564,Brendan Gentry,SUV,Punggol,2022-12-22,4.7,Active
D02565,Scott Mendez,Electric,Singapore,2024-12-31,3.58,Active
D02566,Vincent Howard,SUV,Punggol,2022-01-10,3.88,Active
D02567,Kimberly Mcdonald,Premium,Toa Payoh,2021-11-16,4.56,Active
D02568,Diane Thompson,Premium,Bishan,2025-08-24,4.44,Active
D02569,Robert Lindsey,Hatchback,Punggol,2021-09-17,4.18,Active
D02570,Laura Thompson,Sedan,Woodlands,2018-12-23,4.44,Active
D02571,Amber Luna,Electric,Singapore,2023-05-06,4.64,Active
D02572,Brittany Powers,Hatchback,Bedok,2024-10-26,3.79,Active
D02573,Michelle Lucas DDS,SUV,Punggol,2022-06-22,3.59,Active
D02574,Courtney Schroeder,Premium,Woodlands,2025-07-15,4.33,Active
D02575,Amanda Scott,Sedan,Punggol,2019-11-18,3.95,Active
D02576,Nathaniel Graham,Electric,Singapore,2021-05-31,4.46,Active
D02577,Madison Carter,MPV,Punggol,2018-12-30,4.65,Active
D02578,Michelle Ayala,Premium,Bishan,2022-11-24,3.96,Active
D02579,William Gallagher,SUV,Singapore,2025-06-28,3.81,Active
D02580,Christina Nichols,Premium,Toa Payoh,2023-03-11,3.76,Active
D02581,Alex Farley,Hatchback,Toa Payoh,2023-04-28,3.98,Active
D02582,Stephen Young,Sedan,Bedok,2021-10-22,4.37,Active
D02583,Nancy Jones,SUV,Tampines,2021-09-10,4.42,Active
D02584,Kristin Ho,SUV,Singapore,2020-06-09,3.86,Suspended
D02585,Jennifer Chavez,Electric,Singapore,2025-06-25,4.06,Active
D02586,Andrew Poole,Electric,Punggol,2022-12-19,4.04,Active
D02587,Christina Fuller,Hatchback,Toa Payoh,2021-10-20,5.0,Active
D02588,Michael Anderson,Sedan,Jurong,2021-07-03,4.3,Active
D02589,Jennifer Garcia,Premium,Tampines,2020-01-28,4.01,Active
D02590,Henry Johnson,Hatchback,Singapore,2026-04-02,3.84,Active
D02591,Eric Reynolds,Sedan,Singapore,2025-04-01,4.4,Active
D02592,Shannon Smith,Electric,Woodlands,2023-04-12,3.58,Active
D02593,David Spencer,Electric,Singapore,2023-11-28,4.04,Inactive
D02594,Colleen Mclaughlin,MPV,Yishun,2024-11-13,3.71,Active
D02595,Dustin Wiley,Electric,Yishun,2025-07-26,4.18,Active
D02596,Ruben Ray,Electric,Singapore,2020-05-25,4.53,Active
D02597,Maxwell Kramer,Hatchback,Toa Payoh,2024-06-19,4.76,Active
D02598,Jennifer Lee,MPV,Yishun,2021-09-10,3.56,Active
D02599,Antonio Blake,Sedan,Bedok,2020-11-25,3.69,Active
D02600,Nathan Buchanan,MPV,Bedok,2019-11-18,4.35,Active
D02601,Julie Ware,Premium,Yishun,2022-08-05,3.62,Active
D02602,Kristie Parsons,Premium,Punggol,2019-06-07,4.55,Active
D02603,Joe Buchanan,Electric,Singapore,2024-10-22,3.91,Active
D02604,Michael Rodriguez,SUV,Toa Payoh,2020-07-08,4.13,Active
D02605,Heather Heath,Sedan,Yishun,2021-08-05,3.7,Active
D02606,Dennis Lee,Premium,Tampines,2018-11-26,4.88,Active
D02607,Michele Curtis,Sedan,Punggol,2023-03-08,4.17,Active
D02608,Todd Carey,MPV,Jurong,2021-10-19,3.69,Active
D02609,Erica Martin,Hatchback,Ang Mo Kio,2022-08-25,3.69,Active
D02610,Jillian Butler,SUV,Yishun,2024-03-24,4.41,Active
D02611,Miranda Frazier,Sedan,Yishun,2019-01-25,3.71,Active
D02612,Stacey Barnes,Sedan,Singapore,2020-12-15,4.18,Suspended
D02613,Becky Cook,Hatchback,Punggol,2023-06-24,4.57,Active
D02614,William White,Sedan,Tampines,2023-03-11,3.74,Active
D02615,Jessica Ramirez,Premium,Singapore,2025-10-20,3.75,Active
D02616,Nicholas Warren,Premium,Toa Payoh,2026-01-16,3.7,Active
D02617,Rhonda Barron,SUV,Tampines,2021-03-16,4.6,Active
D02618,Ms. Rita Chen,Premium,Bishan,2022-08-18,4.03,Active
D02619,Hannah Mcdonald,Sedan,Bedok,2020-08-11,4.73,Active
D02620,Richard Williams,SUV,Tampines,2026-03-14,4.85,Active
D02621,Kathy Carrillo,SUV,Jurong,2018-09-01,4.09,Active
D02622,Regina Mcdonald,Electric,Ang Mo Kio,2019-04-08,4.05,Active
D02623,Stephanie Barrett,Premium,Bedok,2025-06-28,3.74,Active
D02624,Jeremy Washington,Hatchback,Yishun,2026-06-07,4.06,Active
D02625,Leslie Johnston,MPV,Bedok,2023-05-01,4.58,Active
D02626,Todd Miller,SUV,Toa Payoh,2019-01-24,4.29,Active
D02627,Ronald Bryan,Premium,Punggol,2019-05-13,4.15,Active
D02628,Charles Valentine,Electric,Singapore,2026-03-11,4.8,Active
D02629,Kelly Barrett,Premium,Yishun,2025-02-05,3.99,Active
D02630,Anna Good,Sedan,Bedok,2018-12-16,3.84,Active
D02631,Ryan Quinn,SUV,Punggol,2024-03-05,4.38,Active
D02632,Jason Smith,Premium,Singapore,2020-10-20,4.13,Active
D02633,Julie Wilson,MPV,Bedok,2019-03-19,4.45,Suspended
D02634,Ryan Russell,Hatchback,Singapore,2024-02-07,4.07,Active
D02635,Brianna French,Sedan,Bedok,2021-12-21,4.26,Active
D02636,Stephanie Jordan MD,Premium,Bishan,2023-12-25,4.75,Active
D02637,Suzanne Wilson,Hatchback,Bishan,2023-07-05,3.72,Active
D02638,Rachael Scott,Sedan,Bishan,2025-07-15,4.21,Active
D02639,Amanda Brewer,Hatchback,Jurong,2025-01-11,4.67,Active
D02640,Angela Ponce,Sedan,Yishun,2026-04-03,4.03,Active
D02641,Stacie Davis,Premium,Woodlands,2020-03-02,4.18,Active
D02642,Sandra Rogers,MPV,Toa Payoh,2025-02-18,3.87,Suspended
D02643,Dr. Sarah Wheeler,Electric,Singapore,2021-01-06,4.35,Active
D02644,Robert Mack,MPV,Jurong,2023-04-07,4.21,Active
D02645,Gary Weaver,Premium,Singapore,2024-07-01,3.6,Active
D02646,Sherry Powell,MPV,Yishun,2018-09-23,4.43,Active
D02647,Oscar Ross,Hatchback,Woodlands,2022-02-15,3.77,Active
D02648,Courtney Jackson,SUV,Tampines,2023-03-23,4.62,Active
D02649,Ashley Harris,Hatchback,Ang Mo Kio,2020-11-20,4.86,Active
D02650,Tiffany Chavez,Hatchback,Punggol,2025-01-13,3.93,Active
D02651,Nicholas George,Premium,Ang Mo Kio,2020-01-08,4.23,Active
D02652,Emily Steele,Premium,Punggol,2026-02-08,4.68,Active
D02653,Claudia Bailey,Electric,Ang Mo Kio,2018-08-24,3.84,Active
D02654,Melissa Bradford,MPV,Punggol,2020-09-25,4.63,Active
D02655,Matthew Cook,Hatchback,Bishan,2021-10-23,3.75,Active
D02656,Barbara Wolfe,MPV,Ang Mo Kio,2022-05-02,4.27,Active
D02657,Desiree Torres,SUV,Punggol,2023-10-03,4.76,Active
D02658,Nancy Cain,Premium,Ang Mo Kio,2023-09-13,3.55,Active
D02659,Angela Benson,Hatchback,Yishun,2023-08-11,4.26,Suspended
D02660,Crystal Miller,Hatchback,Singapore,2020-04-23,4.56,Active
D02661,Kathleen Chavez,Sedan,Ang Mo Kio,2024-11-11,3.57,Active
D02662,Thomas Murphy,MPV,Toa Payoh,2025-10-17,3.62,Active
D02663,Matthew Flores,Sedan,Jurong,2019-11-27,4.45,Active
D02664,Alex Hall,MPV,Punggol,2025-08-20,4.6,Active
D02665,Dale Gonzales PhD,Electric,Yishun,2026-07-18,4.71,Active
D02666,Laura Smith,Sedan,Yishun,2025-10-26,4.62,Active
D02667,Wesley Olson,Sedan,Woodlands,2026-04-26,4.83,Active
D02668,Donald Dean,MPV,Woodlands,2024-04-12,3.64,Active
D02669,William House,Sedan,Woodlands,2020-12-19,4.12,Active
D02670,Amanda Horne DVM,Premium,Tampines,2020-04-16,3.65,Active
D02671,Stephanie Richards,Electric,Punggol,2023-12-08,4.83,Active
D02672,Douglas Singh,Electric,Bishan,2024-10-18,4.75,Active
D02673,Carl Arroyo,Electric,Woodlands,2026-03-07,4.81,Active
D02674,Jonathan Duffy,MPV,Toa Payoh,2023-01-25,4.72,Active
D02675,Joshua Johnson,Hatchback,Woodlands,2021-10-27,3.75,Active
D02676,Tiffany Houston,Hatchback,Singapore,2022-12-13,4.62,Active
D02677,Holly Stewart,Sedan,Jurong,2026-02-14,4.26,Active
D02678,Ryan Anderson,Sedan,Ang Mo Kio,2019-05-21,4.27,Suspended
D02679,Robert Williams,Premium,Woodlands,2024-06-23,4.31,Active
D02680,Julie Robertson,Premium,Ang Mo Kio,2018-11-08,4.4,Active
D02681,Ray Nelson,Electric,Jurong,2021-02-25,3.9,Inactive
D02682,Sarah Williams,MPV,Toa Payoh,2024-06-06,3.94,Active
D02683,Mitchell Hayes,Sedan,Bishan,2020-02-15,3.79,Active
D02684,Shawn Simpson,Sedan,Woodlands,2021-05-13,3.81,Active
D02685,Laura Allen,Hatchback,Bishan,2021-12-17,4.65,Active
D02686,Jennifer Fleming,Sedan,Jurong,2018-10-27,4.44,Inactive
D02687,Patrick Cooper,Sedan,Punggol,2023-06-17,4.17,Active
D02688,Eric Cruz,Hatchback,Jurong,2020-01-25,4.78,Active
D02689,Matthew Cox,MPV,Tampines,2021-08-12,3.5,Active
D02690,Andrew Rush,Hatchback,Tampines,2018-09-28,4.13,Active
D02691,Blake Harrell,Electric,Ang Mo Kio,2022-06-25,3.53,Active
D02692,April Wiley,Premium,Singapore,2025-06-30,3.55,Active
D02693,Warren Bradley,Sedan,Punggol,2025-10-21,3.96,Active
D02694,Vicki Weaver,Sedan,Bishan,2022-11-16,4.28,Inactive
D02695,Matthew Clark,Premium,Tampines,2024-08-05,3.67,Active
D02696,Raymond Hobbs,SUV,Singapore,2024-07-06,4.52,Active
D02697,Haley Clements,SUV,Woodlands,2025-10-16,3.53,Active
D02698,Richard Merritt,MPV,Yishun,2024-05-29,4.12,Active
D02699,Hunter Robinson,Electric,Yishun,2018-08-16,4.76,Active
D02700,Charles Davis,Premium,Ang Mo Kio,2025-08-17,3.83,Active
D02701,Steven Holmes,Hatchback,Singapore,2020-10-01,4.13,Active
D02702,Jason Price,Hatchback,Singapore,2023-08-22,4.08,Inactive
D02703,Robin Jones,Premium,Bishan,2025-11-18,3.88,Active
D02704,Brian Stokes,Premium,Bishan,2021-01-09,3.52,Active
D02705,Jonathan Meyer,Electric,Yishun,2026-04-25,4.78,Active
D02706,Juan Carr,Electric,Singapore,2023-07-27,4.29,Active
D02707,Thomas Christian,SUV,Tampines,2023-06-25,3.5,Inactive
D02708,Amanda Tyler,SUV,Tampines,2024-11-08,4.84,Inactive
D02709,Christine Haas,MPV,Bedok,2025-11-03,3.62,Active
D02710,Antonio Harper,SUV,Woodlands,2022-05-16,3.77,Active
D02711,Darrell Alexander,Electric,Yishun,2025-08-17,3.99,Inactive
D02712,Anthony Ray,Premium,Punggol,2019-06-23,4.21,Active
D02713,Eric Carter,Electric,Woodlands,2023-06-01,4.06,Active
D02714,Alexander Rivera,MPV,Punggol,2024-04-02,4.91,Active
D02715,Michael Moss,SUV,Singapore,2020-09-20,3.59,Active
D02716,Paul Carr,SUV,Toa Payoh,2024-10-06,4.0,Inactive
D02717,Jennifer Smith,Electric,Punggol,2021-11-17,4.85,Active
D02718,Natalie Rivera,Sedan,Singapore,2023-12-19,3.94,Active
D02719,Patricia Davis,Electric,Ang Mo Kio,2024-10-22,3.98,Active
D02720,Mary Cruz,Sedan,Jurong,2025-04-28,3.93,Active
D02721,Amanda Roth,Electric,Yishun,2022-10-19,4.38,Active
D02722,Jennifer Mitchell,SUV,Bishan,2020-03-13,3.89,Active
D02723,Margaret Leonard,Electric,Tampines,2021-05-29,4.07,Active
D02724,Charles Kelley,Premium,Yishun,2020-03-28,4.13,Active
D02725,David Williams,Electric,Punggol,2022-04-06,4.38,Inactive
D02726,Martin Garner,Premium,Toa Payoh,2025-10-03,4.25,Active
D02727,Susan Adams,MPV,Ang Mo Kio,2025-06-28,3.76,Active
D02728,Maria Jackson,Sedan,Ang Mo Kio,2022-08-13,3.66,Active
D02729,Haley Duke MD,Sedan,Yishun,2021-04-07,4.9,Suspended
D02730,Diane Jefferson,Electric,Yishun,2023-06-11,4.68,Active
D02731,Robert Snyder,Electric,Woodlands,2019-02-13,3.68,Active
D02732,Patrick Baxter,Premium,Woodlands,2026-06-05,4.09,Active
D02733,Ryan Brown,SUV,Jurong,2022-07-06,4.75,Active
D02734,Sandra Fox,Premium,Woodlands,2020-09-10,4.17,Active
D02735,Lindsey Morgan,Sedan,Jurong,2021-12-29,3.89,Active
D02736,Lucas Gonzales,Electric,Singapore,2025-01-08,4.75,Active
D02737,Shannon Ruiz,Electric,Bedok,2024-03-13,3.73,Active
D02738,Bradley Jones,Electric,Bedok,2026-04-09,4.14,Active
D02739,Robin Parks,Hatchback,Bedok,2024-04-18,4.32,Active
D02740,Brian Morris,SUV,Ang Mo Kio,2024-01-03,4.94,Active
D02741,Arthur Anderson,Sedan,Bedok,2019-09-09,3.5,Active
D02742,Joseph Acosta,Electric,Punggol,2024-12-10,4.72,Active
D02743,Vickie Baker,Premium,Singapore,2026-04-02,4.6,Active
D02744,Kelly Washington,Hatchback,Yishun,2024-04-18,4.94,Active
D02745,Tonya Gibson,MPV,Ang Mo Kio,2026-03-24,3.76,Active
D02746,Jessica Rich,Hatchback,Yishun,2022-05-28,3.72,Active
D02747,Bryan Leblanc,Sedan,Yishun,2026-06-22,4.39,Active
D02748,Brenda Vaughn,Premium,Ang Mo Kio,2019-09-25,4.23,Active
D02749,Marie Jones,Premium,Punggol,2021-06-07,4.64,Active
D02750,Brittany Sims,Premium,Punggol,2019-05-27,4.04,Active
D02751,Martin Kelley,Premium,Toa Payoh,2023-09-02,4.63,Active
D02752,Lisa Williams,Premium,Ang Mo Kio,2020-07-02,4.39,Active
D02753,Daniel Harrison,Hatchback,Woodlands,2024-02-19,3.86,Active
D02754,Sean Hernandez,MPV,Bedok,2021-03-03,3.82,Active
D02755,Marcia Jackson,Premium,Tampines,2020-12-25,4.76,Inactive
D02756,Leah Owens,Electric,Bedok,2026-01-12,4.96,Active
D02757,Jason Pierce,SUV,Punggol,2019-06-10,4.01,Active
D02758,Seth Reyes,Hatchback,Singapore,2021-02-16,4.88,Active
D02759,Grace Mitchell,Premium,Ang Mo Kio,2023-03-31,4.38,Active
D02760,Don Gibson,SUV,Punggol,2022-01-08,4.19,Active
D02761,Dr. Patricia Collins,Hatchback,Singapore,2025-08-28,4.09,Active
D02762,Anthony Scott,MPV,Ang Mo Kio,2019-03-27,3.7,Active
D02763,Kevin Fitzgerald,Sedan,Tampines,2019-10-02,3.83,Active
D02764,Jessica Nash,Electric,Toa Payoh,2019-10-11,4.51,Active
D02765,Katie Bird,Hatchback,Bedok,2021-12-01,4.08,Active
D02766,Jennifer Michael,MPV,Tampines,2026-05-01,3.61,Active
D02767,Tabitha Henderson,Electric,Singapore,2024-08-04,3.54,Active
D02768,Sarah Marquez,SUV,Woodlands,2023-01-30,3.8,Active
D02769,Richard Quinn,Premium,Punggol,2026-04-02,4.1,Active
D02770,Steven Meyer,Premium,Bedok,2020-01-18,4.27,Active
D02771,Laura May,MPV,Toa Payoh,2020-10-07,4.19,Active
D02772,Ariana Gregory,MPV,Jurong,2023-11-27,3.59,Inactive
D02773,Pamela Powers,Premium,Jurong,2023-01-29,4.34,Active
D02774,Michelle Mclaughlin,Hatchback,Bedok,2020-03-23,4.06,Active
D02775,Rachel Silva,SUV,Bishan,2023-05-03,4.38,Active
D02776,Wesley Molina,Sedan,Toa Payoh,2020-06-23,4.62,Active
D02777,Jean Martin,Premium,Toa Payoh,2021-07-07,4.98,Active
D02778,Catherine Lynn,Electric,Yishun,2020-02-07,4.88,Active
D02779,Mary Jackson,Premium,Yishun,2024-11-12,4.78,Active
D02780,Wendy Olson,Hatchback,Bedok,2025-01-16,4.45,Inactive
D02781,Curtis Barker,Hatchback,Tampines,2023-02-16,3.98,Active
D02782,Corey Anderson,Electric,Ang Mo Kio,2021-06-27,3.91,Active
D02783,Michelle Jones,Premium,Punggol,2022-03-30,3.7,Active
D02784,David Bautista,SUV,Toa Payoh,2022-04-21,4.67,Active
D02785,Scott Walters,Electric,Ang Mo Kio,2026-03-13,4.17,Active
D02786,William Long PhD,MPV,Bishan,2020-12-08,4.48,Active
D02787,Jessica Miller,Sedan,Singapore,2020-08-27,4.48,Active
D02788,Dr. Andrew Romero,SUV,Punggol,2024-02-08,4.07,Inactive
D02789,Dawn Nguyen,Sedan,Woodlands,2024-07-28,4.86,Active
D02790,David Williams,Premium,Singapore,2026-02-25,4.08,Active
D02791,April Warren,Electric,Toa Payoh,2023-07-23,3.74,Active
D02792,William Howard,SUV,Jurong,2021-10-10,4.29,Active
D02793,Jerry Haney,Sedan,Punggol,2025-03-24,4.45,Active
D02794,Christopher Sanchez,Hatchback,Jurong,2025-06-14,4.29,Active
D02795,Brandon Rivera,Sedan,Bedok,2021-10-18,4.26,Active
D02796,Angela Walker,MPV,Bedok,2021-02-21,4.16,Active
D02797,Erin Ewing,MPV,Tampines,2021-10-07,4.28,Active
D02798,Ryan Moody,Electric,Woodlands,2025-11-03,4.17,Inactive
D02799,Maria Miller,Hatchback,Ang Mo Kio,2021-10-04,4.95,Active
D02800,Daniel Carey,Sedan,Punggol,2024-01-11,4.36,Active
D02801,Rachel Baldwin,Electric,Jurong,2023-03-09,4.45,Active
D02802,Ashley Harris,MPV,Tampines,2024-04-26,3.69,Active
D02803,Jean Flores,MPV,Toa Payoh,2026-02-27,4.88,Active
D02804,Richard Terrell,Sedan,Bedok,2026-01-05,4.5,Active
D02805,Andrea Jones,Hatchback,Jurong,2022-05-26,4.55,Active
D02806,Andrea Lambert,Premium,Tampines,2025-04-11,4.32,Active
D02807,Michael Williams Jr.,Hatchback,Tampines,2026-03-02,4.98,Active
D02808,Annette Jones,Sedan,Woodlands,2022-12-04,3.81,Active
D02809,Leah Bowers,Electric,Woodlands,2022-03-15,4.64,Active
D02810,Jennifer Bell,Premium,Tampines,2020-10-24,3.56,Active
D02811,Roger Oliver,MPV,Bishan,2023-06-22,4.0,Active
D02812,Brittany Long,SUV,Ang Mo Kio,2022-01-31,4.31,Inactive
D02813,Alicia Hunter,Premium,Woodlands,2019-07-31,3.9,Active
D02814,Charles Frank,SUV,Singapore,2018-08-22,4.21,Active
D02815,Karen Mckinney,Electric,Ang Mo Kio,2020-07-10,4.49,Suspended
D02816,Gabriel Mccoy,Premium,Punggol,2026-01-15,3.99,Active
D02817,Sandra Morgan,MPV,Bishan,2023-04-09,3.6,Active
D02818,Lauren Knapp,Hatchback,Bishan,2026-04-13,3.84,Active
D02819,Christopher Duarte,SUV,Singapore,2021-02-28,4.93,Active
D02820,Robert Bradley,Sedan,Tampines,2022-04-10,4.03,Active
D02821,Elizabeth Malone,MPV,Jurong,2021-11-28,4.41,Active
D02822,James Schmidt,MPV,Bishan,2018-09-17,3.95,Active
D02823,Shane Scott,Premium,Ang Mo Kio,2025-04-03,3.64,Active
D02824,Curtis Malone,Electric,Woodlands,2019-12-22,3.61,Active
D02825,Randall Ruiz,Electric,Toa Payoh,2018-11-25,4.39,Inactive
D02826,Casey Benson,Hatchback,Singapore,2026-04-05,4.34,Active
D02827,Mark Rhodes,Premium,Bishan,2022-03-23,4.45,Active
D02828,Matthew Rhodes DDS,SUV,Woodlands,2019-07-24,4.96,Active
D02829,Robert Davis,Electric,Yishun,2021-11-25,4.73,Active
D02830,Brad Sanchez,Premium,Tampines,2020-04-12,4.47,Active
D02831,Abigail White,Sedan,Woodlands,2024-08-20,3.9,Inactive
D02832,Autumn Good,Electric,Singapore,2023-06-13,3.58,Active
D02833,Brandon Jefferson,Premium,Woodlands,2022-04-25,4.05,Active
D02834,Michael Lopez,Hatchback,Jurong,2024-07-27,4.7,Active
D02835,Pamela Ali,Electric,Punggol,2022-08-06,3.92,Active
D02836,Peter Shepherd,MPV,Woodlands,2021-06-20,3.89,Active
D02837,Ryan Nelson,MPV,Woodlands,2019-12-15,3.94,Active
D02838,Oscar Hurst,MPV,Singapore,2022-05-18,3.86,Active
D02839,Chad Dougherty,Hatchback,Ang Mo Kio,2025-11-11,4.9,Active
D02840,Carol Jacobs,Electric,Yishun,2022-10-02,3.54,Active
D02841,Haley Morrison,MPV,Bedok,2019-04-15,4.97,Active
D02842,Kent Fernandez,SUV,Woodlands,2022-11-11,4.8,Active
D02843,Steven Shaw,SUV,Bedok,2022-10-08,3.85,Active
D02844,Richard Hall,MPV,Bedok,2025-08-05,4.49,Active
D02845,Marcia Henderson,Hatchback,Toa Payoh,2022-01-09,4.13,Active
D02846,Garrett Hernandez,Hatchback,Tampines,2025-07-19,4.14,Active
D02847,Kathleen Best,Sedan,Woodlands,2020-05-18,3.69,Active
D02848,Beverly Hawkins,Hatchback,Tampines,2024-12-07,3.97,Active
D02849,Joanna Mcpherson,Electric,Yishun,2020-01-09,3.93,Active
D02850,Anthony Morgan,Sedan,Toa Payoh,2026-02-23,3.8,Active
D02851,Donna Wood,SUV,Punggol,2026-03-24,4.26,Active
D02852,Paul Perez,Electric,Bishan,2018-12-26,4.05,Active
D02853,Roberto Trujillo,Premium,Toa Payoh,2019-01-14,4.6,Active
D02854,Alexander Nash,Hatchback,Woodlands,2022-08-10,4.34,Active
D02855,Christopher Steele,MPV,Yishun,2020-12-21,4.4,Active
D02856,Jennifer Harris,MPV,Jurong,2025-06-09,3.71,Active
D02857,Justin Roach Jr.,Premium,Ang Mo Kio,2023-03-22,4.85,Inactive
D02858,Lori Giles,Hatchback,Yishun,2021-06-07,3.83,Active
D02859,Patricia Reynolds,Sedan,Bedok,2026-06-23,3.75,Active
D02860,Brandon Pennington,Sedan,Bishan,2021-12-09,4.53,Inactive
D02861,Dr. Joseph Campbell,Premium,Bishan,2021-07-26,4.36,Active
D02862,Nicholas Keller,MPV,Bedok,2026-01-29,4.44,Active
D02863,Michael Hawkins,Electric,Woodlands,2019-08-03,3.63,Active
D02864,Ronald Green,Sedan,Punggol,2020-10-06,3.52,Active
D02865,Adam Smith,MPV,Jurong,2022-04-14,4.79,Active
D02866,Megan Webb,Hatchback,Punggol,2025-10-09,4.54,Active
D02867,Gavin Alvarez,Electric,Tampines,2024-10-19,4.14,Active
D02868,Heather Hess,Premium,Yishun,2018-11-11,4.24,Inactive
D02869,Sonia Fuller,SUV,Punggol,2025-09-09,4.31,Active
D02870,Sean Holmes,Electric,Bedok,2023-09-26,3.88,Active
D02871,Dr. Christopher Hubbard,Hatchback,Yishun,2020-07-02,4.38,Active
D02872,Joseph Rodriguez,SUV,Singapore,2025-07-07,4.7,Active
D02873,Dennis Crawford,Premium,Punggol,2020-12-07,4.67,Active
D02874,Steven Washington,Premium,Woodlands,2025-01-09,3.94,Active
D02875,Stephanie Roman,MPV,Woodlands,2020-10-21,4.04,Inactive
D02876,Tonya Turner,MPV,Toa Payoh,2020-06-24,4.07,Suspended
D02877,Ivan Michael,Electric,Toa Payoh,2024-11-07,3.78,Active
D02878,Samantha Stevens,Premium,Toa Payoh,2024-08-23,4.92,Active
D02879,Stephen Wilson,Hatchback,Jurong,2021-09-23,3.68,Active
D02880,Amanda Thomas,Electric,Singapore,2021-09-12,3.56,Active
D02881,Jon Williamson,Electric,Jurong,2024-03-16,4.26,Active
D02882,Cindy Grimes,Sedan,Bedok,2025-09-13,4.68,Active
D02883,Angela Brown,SUV,Tampines,2021-07-07,4.26,Active
D02884,Sonya Jones,Electric,Punggol,2025-04-28,3.73,Active
D02885,Justin Burgess,MPV,Tampines,2023-02-07,4.38,Active
D02886,Diane Ray,Electric,Bishan,2021-10-05,4.29,Active
D02887,Kelly Morgan MD,SUV,Jurong,2018-10-26,4.45,Active
D02888,Sarah Harrison,SUV,Toa Payoh,2025-08-29,4.9,Active
D02889,Lauren Russo,Premium,Bedok,2023-03-14,3.81,Active
D02890,Sharon Bowen,SUV,Jurong,2018-11-20,3.54,Active
D02891,Rickey Singh,Premium,Bedok,2020-07-21,4.39,Active
D02892,Crystal Armstrong,Electric,Punggol,2019-09-23,4.5,Active
D02893,Megan Schneider,Premium,Singapore,2022-07-10,4.1,Active
D02894,Michael Glass DVM,Hatchback,Ang Mo Kio,2023-05-25,4.15,Active
D02895,Valerie Sanders,Hatchback,Bedok,2020-05-27,3.82,Active
D02896,Michelle Bean,Premium,Woodlands,2023-04-12,4.56,Active
D02897,Darlene Berry,SUV,Yishun,2020-12-30,3.75,Active
D02898,Brian Andrews,Hatchback,Singapore,2024-07-04,4.6,Active
D02899,Seth Parker,SUV,Singapore,2024-08-23,3.91,Active
D02900,Amy Jensen,Sedan,Jurong,2022-09-24,4.29,Active
D02901,Shawn Salazar,Hatchback,Singapore,2025-07-01,4.71,Active
D02902,Eric Kramer,Electric,Bishan,2026-06-18,3.51,Active
D02903,Jeremy Knight,MPV,Singapore,2021-11-07,4.72,Active
D02904,Mary Chang,MPV,Tampines,2022-10-31,4.93,Active
D02905,Catherine Obrien,SUV,Ang Mo Kio,2023-04-10,4.92,Active
D02906,Kimberly Smith,Electric,Toa Payoh,2023-04-11,4.97,Active
D02907,Kevin Daniels,Premium,Tampines,2018-09-29,4.76,Active
D02908,Crystal Turner,Electric,Tampines,2022-04-22,3.55,Active
D02909,Juan Smith,Sedan,Bedok,2025-03-13,4.19,Active
D02910,Terry Morrison,Premium,Yishun,2023-07-02,3.76,Active
D02911,Jeanette Coleman,Hatchback,Tampines,2024-08-19,3.57,Active
D02912,Patrick Spencer,Electric,Woodlands,2026-05-15,3.81,Active
D02913,Jennifer Williams,MPV,Woodlands,2021-11-07,4.08,Active
D02914,Deborah Bates MD,Premium,Ang Mo Kio,2020-02-11,3.88,Active
D02915,Deborah Cook,MPV,Punggol,2020-06-12,3.64,Active
D02916,Neil Fowler,Premium,Singapore,2022-05-05,4.81,Active
D02917,Diane Johnston,Hatchback,Jurong,2025-04-27,5.0,Active
D02918,Robert Peterson,Sedan,Jurong,2025-01-15,4.25,Active
D02919,Danielle Blake,SUV,Tampines,2025-11-12,4.04,Active
D02920,Steven Rivera,Electric,Ang Mo Kio,2021-02-21,3.94,Suspended
D02921,Christina Carlson,MPV,Yishun,2021-01-24,4.23,Active
D02922,Madeline Gray,Premium,Bedok,2020-01-06,3.63,Active
D02923,James Rogers,Sedan,Jurong,2025-08-12,4.36,Active
D02924,Collin Collins,Premium,Bedok,2020-07-21,4.26,Active
D02925,Sarah Monroe,Hatchback,Singapore,2021-05-24,3.71,Active
D02926,Adrian Ochoa,Hatchback,Punggol,2020-02-29,4.94,Active
D02927,Monique Shelton,Electric,Woodlands,2022-11-02,3.9,Active
D02928,Nicholas Anderson,Hatchback,Jurong,2021-05-15,4.76,Active
D02929,Stephanie Pruitt,SUV,Jurong,2024-05-06,4.17,Active
D02930,Karen Cook,SUV,Jurong,2026-06-04,3.73,Active
D02931,Molly Jensen,Hatchback,Tampines,2026-05-28,4.36,Active
D02932,Danielle Schultz,Hatchback,Jurong,2020-03-15,3.73,Active
D02933,Amber Ross,Hatchback,Toa Payoh,2025-02-14,4.45,Active
D02934,John Curtis,MPV,Yishun,2022-04-02,4.82,Active
D02935,Thomas Olson,Electric,Tampines,2021-12-08,3.66,Active
D02936,Cody Owen,Premium,Bishan,2024-08-05,4.32,Active
D02937,Kimberly Wang,MPV,Tampines,2019-02-15,4.92,Active
D02938,Rebecca Davis,Premium,Punggol,2024-03-08,4.74,Active
D02939,Joshua Ortiz,Electric,Singapore,2026-05-01,4.5,Active
D02940,Crystal Patel,Sedan,Punggol,2024-08-15,4.2,Active
D02941,Candice Carter,Premium,Punggol,2021-04-24,4.97,Active
D02942,Ryan Brown II,Premium,Woodlands,2019-02-18,4.81,Active
D02943,Travis Bridges,Hatchback,Bishan,2020-11-18,3.96,Active
D02944,Mary Moore,SUV,Singapore,2020-06-19,4.54,Active
D02945,Casey Acosta,SUV,Bedok,2023-07-02,4.33,Active
D02946,Jeffery Barrera,Electric,Ang Mo Kio,2024-01-28,3.72,Active
D02947,David Johnson,SUV,Ang Mo Kio,2018-11-29,4.16,Active
D02948,Erin Hicks,Electric,Jurong,2019-08-22,4.8,Active
D02949,Gabriela Hahn,MPV,Tampines,2024-06-08,4.57,Active
D02950,Raymond Foster,MPV,Ang Mo Kio,2021-09-21,4.13,Active
D02951,Kelly Myers,Premium,Punggol,2023-03-31,3.72,Active
D02952,Leonard Cooper,Hatchback,Ang Mo Kio,2024-08-04,3.95,Suspended
D02953,Melissa White,Premium,Woodlands,2022-02-01,4.98,Active
D02954,Christina Velez,Sedan,Yishun,2019-09-07,4.55,Active
D02955,Michael Sanchez,MPV,Bedok,2026-04-10,4.47,Active
D02956,Sarah Davis,Sedan,Toa Payoh,2018-09-24,3.65,Active
D02957,Brooke Farmer,Electric,Toa Payoh,2022-07-14,4.98,Active
D02958,Summer Adams,Premium,Ang Mo Kio,2021-08-17,4.75,Active
D02959,Dr. Charles Ashley,Premium,Bishan,2025-08-22,4.64,Active
D02960,Antonio Austin,Sedan,Punggol,2023-02-03,4.63,Active
D02961,Dylan Wall,Premium,Singapore,2018-12-18,4.9,Active
D02962,Jose Hood,MPV,Woodlands,2019-09-13,4.2,Active
D02963,Amy Wilson,Premium,Bedok,2021-04-07,4.91,Active
D02964,Richard Davis,Sedan,Yishun,2024-10-30,4.59,Active
D02965,Joyce Elliott,MPV,Yishun,2019-02-02,3.73,Inactive
D02966,Jennifer Ross,MPV,Bishan,2026-06-10,4.26,Active
D02967,Austin Bell,Premium,Yishun,2021-08-13,4.21,Active
D02968,Richard Rubio,MPV,Bishan,2020-05-13,3.78,Active
D02969,Gavin West,Sedan,Punggol,2021-05-15,3.96,Active
D02970,Richard Griffin,Hatchback,Jurong,2026-07-09,4.15,Active
D02971,Lauren Powell,Sedan,Tampines,2021-03-04,4.26,Active
D02972,Elizabeth Krause,Sedan,Toa Payoh,2025-12-22,4.54,Active
D02973,Walter Newton,Hatchback,Yishun,2022-08-05,4.45,Active
D02974,Jason Lewis,SUV,Toa Payoh,2021-06-05,4.61,Active
D02975,Harry Brown,MPV,Yishun,2021-04-28,4.95,Active
D02976,Nicole Rose,Premium,Bedok,2025-06-17,4.63,Active
D02977,Derek West,SUV,Tampines,2019-11-08,4.63,Active
D02978,Alicia Mcdonald,MPV,Tampines,2020-04-07,3.87,Active
D02979,Alicia Mendoza,Sedan,Jurong,2024-03-22,3.82,Active
D02980,Angela Sanchez,Electric,Bishan,2025-11-21,4.22,Active
D02981,Joshua Dominguez,SUV,Yishun,2019-08-11,4.44,Active
D02982,Ashley Warner,MPV,Jurong,2025-01-16,3.57,Active
D02983,Margaret Phillips DVM,Electric,Bedok,2025-11-22,4.08,Active
D02984,Michael Shannon,Hatchback,Tampines,2024-10-17,4.84,Active
D02985,Diana Powell,SUV,Ang Mo Kio,2025-01-01,3.86,Active
D02986,Mr. Bryan Hunt,Hatchback,Toa Payoh,2021-04-26,4.23,Active
D02987,Alexis Jackson,MPV,Singapore,2026-01-04,4.87,Inactive
D02988,Christina Rivas,Hatchback,Jurong,2024-09-29,4.06,Active
D02989,Anna Benitez,Hatchback,Singapore,2023-01-07,3.75,Active
D02990,Kenneth Higgins,Electric,Woodlands,2021-12-21,4.26,Active
D02991,Angela Schroeder,Sedan,Ang Mo Kio,2021-11-11,3.63,Active
D02992,Annette Jones,Electric,Toa Payoh,2026-02-06,4.92,Active
D02993,Tim Hart,Sedan,Tampines,2023-11-29,3.67,Active
D02994,Michael Taylor,SUV,Bishan,2021-12-03,3.91,Active
D02995,Michelle Coleman,MPV,Bedok,2020-03-23,4.18,Active
D02996,Albert Noble,SUV,Woodlands,2022-02-23,4.06,Active
D02997,Joshua Guzman,Premium,Woodlands,2022-04-25,4.7,Active
D02998,Amy Brown,Hatchback,Ang Mo Kio,2018-12-11,3.85,Inactive
D02999,Monica Keller,SUV,Jurong,2021-12-30,4.3,Active
D03000,Sydney Pitts,MPV,Bishan,2022-12-19,3.82,Active
D03001,Chelsea Foster,Premium,Singapore,2024-12-08,3.67,Active
D03002,Matthew Edwards,Premium,Yishun,2020-10-11,4.89,Active
D03003,Kendra Hernandez,MPV,Punggol,2025-09-28,4.35,Inactive
D03004,Brian Harris,SUV,Bedok,2023-03-13,4.77,Active
D03005,James Smith,Premium,Jurong,2026-06-28,4.04,Active
D03006,Anita Valentine,MPV,Tampines,2025-04-23,4.58,Active
D03007,David Brown,Electric,Bedok,2022-08-22,4.56,Active
D03008,Alex Rios,Hatchback,Singapore,2025-02-13,4.63,Active
D03009,Brian George,Sedan,Ang Mo Kio,2026-03-08,3.7,Active
D03010,James Elliott,Hatchback,Tampines,2023-09-15,3.61,Active
D03011,Brian Lopez,Premium,Toa Payoh,2026-03-27,4.97,Active
D03012,Brandon Stewart,Premium,Tampines,2022-08-26,4.53,Active
D03013,Ann Brown,SUV,Singapore,2026-04-29,3.88,Suspended
D03014,Curtis Pierce,Sedan,Bishan,2022-01-12,3.68,Active
D03015,Sarah Gross,Hatchback,Jurong,2019-10-05,4.22,Active
D03016,Michelle Evans,SUV,Tampines,2024-04-16,4.22,Active
D03017,Joel Rogers,MPV,Bedok,2022-12-10,3.6,Active
D03018,Renee Rivera,Hatchback,Bishan,2025-11-12,4.58,Active
D03019,Matthew Richardson,SUV,Bedok,2025-04-09,4.22,Active
D03020,Michael Weaver,Premium,Yishun,2020-02-27,3.78,Active
D03021,David Le,Sedan,Singapore,2024-10-24,4.45,Active
D03022,Tina Ramos,Premium,Bedok,2019-02-11,4.41,Active
D03023,Robyn Stewart,Electric,Woodlands,2019-04-16,3.8,Active
D03024,Carolyn Wood,Sedan,Punggol,2021-06-19,3.74,Active
D03025,Brandon Miller,Premium,Yishun,2020-04-16,3.65,Active
D03026,Stephen Allen,Premium,Woodlands,2022-05-27,4.74,Active
D03027,Jessica Ruiz,SUV,Bedok,2020-08-14,4.47,Active
D03028,Sarah Johnson,Premium,Yishun,2022-07-19,4.81,Active
D03029,Kevin Perkins,Electric,Singapore,2026-06-30,3.95,Active
D03030,Cheryl Trujillo,Electric,Bishan,2021-08-28,4.1,Active
D03031,Denise Pennington,SUV,Toa Payoh,2023-04-15,4.66,Active
D03032,Mrs. Katrina Parker,Premium,Bishan,2022-09-12,3.82,Active
D03033,Jeremy Nguyen,SUV,Singapore,2021-01-05,3.9,Active
D03034,Scott Young,Sedan,Punggol,2020-03-06,4.92,Active
D03035,Jasmine Pham,Hatchback,Tampines,2020-02-06,4.02,Active
D03036,Sabrina Blake,Hatchback,Yishun,2022-09-12,3.8,Active
D03037,April Hill,MPV,Punggol,2018-09-20,4.68,Active
D03038,Shaun Weaver,MPV,Tampines,2021-04-16,4.61,Active
D03039,Brett Jackson,Premium,Bedok,2023-09-26,4.55,Active
D03040,Austin Mcclain,SUV,Jurong,2025-11-24,3.54,Active
D03041,Ricardo Baker,Sedan,Punggol,2024-09-26,4.83,Active
D03042,Jasmine Rivas,Hatchback,Singapore,2023-12-24,4.42,Active
D03043,Rachel Compton,Electric,Punggol,2022-01-16,4.42,Active
D03044,Valerie Stanley,Electric,Singapore,2024-12-19,4.48,Active
D03045,Nicholas Ball,Sedan,Toa Payoh,2019-07-24,3.63,Active
D03046,David Williams,Hatchback,Ang Mo Kio,2024-03-31,4.12,Active
D03047,Jonathan Lopez,Premium,Jurong,2025-01-14,4.18,Inactive
D03048,Molly Foster,SUV,Woodlands,2023-09-01,3.9,Active
D03049,Marco Garcia,Premium,Tampines,2021-06-12,3.86,Active
D03050,Robert Snyder,Sedan,Punggol,2021-04-09,4.0,Active
D03051,David Herman,Electric,Bedok,2023-01-29,3.64,Active
D03052,Mrs. Cindy Hansen,SUV,Woodlands,2021-09-12,4.33,Active
D03053,Sarah Nelson,Premium,Tampines,2024-02-17,3.72,Active
D03054,Jennifer Spencer,Hatchback,Bishan,2025-12-28,3.94,Active
D03055,Christy Briggs,Sedan,Bishan,2026-05-22,4.87,Active
D03056,Elizabeth Guerrero,Premium,Bedok,2021-06-29,4.14,Inactive
D03057,Michael Robinson,Hatchback,Bishan,2021-05-19,4.0,Active
D03058,Sarah Jones,MPV,Woodlands,2023-01-09,4.5,Active
D03059,Meghan Summers,MPV,Toa Payoh,2020-07-04,3.6,Inactive
D03060,Christy Miller,Premium,Toa Payoh,2022-03-05,4.62,Active
D03061,Mr. Matthew Jones II,Hatchback,Ang Mo Kio,2025-02-27,3.55,Active
D03062,Timothy Lee,MPV,Woodlands,2025-07-05,4.42,Active
D03063,Anthony Miller,MPV,Bedok,2019-05-12,4.97,Active
D03064,Jeffrey Lawson,MPV,Woodlands,2023-12-05,4.41,Active
D03065,Heather Poole,SUV,Toa Payoh,2021-02-20,4.18,Active
D03066,Stephanie Marks,MPV,Bishan,2023-08-09,3.95,Active
D03067,Elizabeth Parsons,Sedan,Toa Payoh,2023-12-04,4.98,Suspended
D03068,Brenda Reeves,Hatchback,Singapore,2020-12-29,4.31,Active
D03069,Claire Ramirez,SUV,Yishun,2018-07-30,3.58,Active
D03070,Amy Benson,SUV,Jurong,2022-03-07,3.74,Active
D03071,Carol Nelson,Hatchback,Ang Mo Kio,2023-11-17,4.73,Active
D03072,Lauren Scott,Sedan,Punggol,2025-09-23,3.76,Active
D03073,Paula Morgan,Premium,Bedok,2024-07-15,4.86,Active
D03074,Briana Davis,MPV,Tampines,2026-05-27,4.78,Active
D03075,Sandra Evans,Sedan,Tampines,2024-06-28,3.92,Active
D03076,Beverly Anderson,SUV,Ang Mo Kio,2023-09-13,4.7,Active
D03077,Angela Johnson,MPV,Toa Payoh,2025-09-17,4.7,Active
D03078,Susan Johnson,Hatchback,Toa Payoh,2026-05-10,3.61,Active
D03079,Brian Edwards,Electric,Tampines,2026-04-25,3.64,Active
D03080,James Jackson,Premium,Woodlands,2020-03-15,4.17,Inactive
D03081,Dennis Jones MD,Hatchback,Tampines,2025-03-01,4.97,Active
D03082,Sharon Hammond,Hatchback,Jurong,2024-12-05,3.83,Active
D03083,Sheila Davis,Electric,Punggol,2020-02-19,4.41,Active
D03084,Cassandra Waters,Sedan,Punggol,2025-09-04,4.02,Active
D03085,Bailey Delacruz,SUV,Bishan,2025-04-12,3.73,Active
D03086,Joshua Buck,Electric,Toa Payoh,2026-05-04,4.4,Active
D03087,Kelsey Phillips,Sedan,Singapore,2022-12-30,3.94,Active
D03088,Hunter Perry,Electric,Yishun,2022-05-13,4.56,Active
D03089,Carol Harrison,Premium,Toa Payoh,2022-08-09,4.58,Active
D03090,Breanna Miller,Electric,Woodlands,2018-12-26,3.5,Active
D03091,Erin Parker,Premium,Singapore,2021-07-20,4.97,Active
D03092,Michael Moore,SUV,Yishun,2020-05-07,4.56,Active
D03093,Jamie Hardy,Sedan,Jurong,2020-10-01,4.3,Active
D03094,Jennifer Dennis,Hatchback,Punggol,2022-09-04,3.81,Active
D03095,Tina Chen,Hatchback,Punggol,2018-11-03,4.39,Active
D03096,Jason Pearson,Hatchback,Yishun,2022-06-24,3.83,Active
D03097,Richard Grimes,Electric,Punggol,2019-02-18,3.73,Active
D03098,Nathan Wallace,SUV,Singapore,2023-03-31,4.73,Active
D03099,Stephen Pope,Electric,Woodlands,2023-04-14,4.06,Active
D03100,Kimberly Thompson,SUV,Yishun,2022-02-12,4.04,Active
D03101,Michael Walker,Sedan,Punggol,2021-09-23,3.98,Active
D03102,Keith Meyer,Premium,Jurong,2024-05-15,4.23,Active
D03103,Natalie Walker,Premium,Yishun,2020-02-15,3.73,Active
D03104,William Harris,Electric,Singapore,2025-01-14,4.27,Active
D03105,Adam Haynes,Electric,Punggol,2022-12-12,3.94,Active
D03106,Catherine Miller,Hatchback,Singapore,2026-06-20,4.46,Active
D03107,Kathleen Gutierrez,Sedan,Yishun,2020-08-23,4.12,Active
D03108,Jeffrey Glenn,SUV,Bedok,2023-02-20,3.73,Active
D03109,Stephanie Chang,Premium,Toa Payoh,2026-01-27,4.19,Active
D03110,Melissa Johnson,Electric,Jurong,2026-01-27,3.82,Active
D03111,Michael Warner,Electric,Woodlands,2021-01-27,3.87,Active
D03112,Carla Rodriguez,MPV,Ang Mo Kio,2022-07-02,3.87,Active
D03113,Cynthia Smith,Sedan,Toa Payoh,2023-03-14,4.87,Active
D03114,Jeff Garcia,SUV,Woodlands,2019-04-23,3.55,Suspended
D03115,Sara Miles,Hatchback,Tampines,2023-05-25,4.05,Active
D03116,Linda Ryan,Electric,Bedok,2023-03-12,3.83,Active
D03117,Kenneth Duran,Hatchback,Tampines,2021-07-30,4.6,Inactive
D03118,Derek Rose,Premium,Toa Payoh,2019-09-18,3.95,Active
D03119,Erin Fernandez,Hatchback,Jurong,2021-04-22,4.08,Active
D03120,Richard Green,Sedan,Bishan,2025-03-01,4.12,Active
D03121,Cristian Gould,SUV,Woodlands,2024-03-24,4.46,Active
D03122,Justin Collins,Electric,Toa Payoh,2018-08-07,4.26,Active
D03123,Timothy Bowen,MPV,Yishun,2026-05-03,3.82,Active
D03124,Vanessa Welch,Electric,Jurong,2026-01-15,4.35,Active
D03125,Sarah Padilla,Sedan,Bishan,2021-06-15,3.61,Active
D03126,Robin Rhodes,Hatchback,Tampines,2020-08-22,4.28,Active
D03127,Daniel Gonzalez,SUV,Jurong,2024-07-02,4.44,Active
D03128,Alyssa Young,Sedan,Ang Mo Kio,2020-07-30,3.87,Active
D03129,Richard Fischer,Sedan,Singapore,2025-04-09,4.29,Active
D03130,Meghan Clark,Electric,Ang Mo Kio,2018-10-07,4.63,Suspended
D03131,Kayla Brown,SUV,Yishun,2021-11-23,3.59,Active
D03132,Stacy Bridges,Sedan,Woodlands,2019-03-04,3.52,Active
D03133,Justin Pacheco,Electric,Toa Payoh,2018-09-24,4.23,Active
D03134,Tammy Blankenship,Sedan,Tampines,2023-09-03,4.29,Active
D03135,Charles Turner,Premium,Woodlands,2026-04-24,3.69,Active
D03136,Charles Jones,SUV,Tampines,2018-12-25,3.9,Active
D03137,Ryan Pitts,Electric,Singapore,2023-04-10,4.31,Active
D03138,Stacey Martinez,MPV,Singapore,2020-10-19,3.94,Active
D03139,Sean Torres,Sedan,Tampines,2023-02-28,4.67,Active
D03140,Katherine Williams,Sedan,Punggol,2026-02-11,3.53,Active
D03141,Bernard Blair,Hatchback,Woodlands,2022-09-05,3.7,Active
D03142,Tracy Martin,Premium,Jurong,2023-12-22,3.69,Active
D03143,Tiffany Andersen,Hatchback,Bedok,2022-01-09,4.82,Active
D03144,Scott Turner,Hatchback,Woodlands,2022-03-25,3.69,Inactive
D03145,Christina Boyd,MPV,Punggol,2020-06-06,3.8,Active
D03146,Alexis Spence,Hatchback,Bishan,2020-03-10,4.94,Active
D03147,Gregory Hughes,Premium,Woodlands,2020-12-22,4.12,Active
D03148,Lisa Williams,MPV,Ang Mo Kio,2026-01-02,4.88,Active
D03149,Mary Wright,Premium,Ang Mo Kio,2022-10-15,4.9,Active
D03150,Krystal Gray,Sedan,Tampines,2021-08-13,4.79,Active
D03151,Jared Sparks,Sedan,Bedok,2026-06-01,4.26,Active
D03152,Becky Norman,Premium,Woodlands,2022-10-19,3.64,Active
D03153,Mrs. Mary Lane,Hatchback,Woodlands,2026-06-29,4.33,Inactive
D03154,Grant Chung,Hatchback,Tampines,2023-05-04,3.74,Active
D03155,Mary Kennedy,Premium,Bedok,2018-10-09,3.65,Active
D03156,Crystal Garcia,MPV,Ang Mo Kio,2024-11-22,4.73,Active
D03157,Michael Edwards,SUV,Toa Payoh,2020-01-27,4.12,Active
D03158,Ruth Gordon,Hatchback,Toa Payoh,2025-11-30,4.04,Active
D03159,Amy Flynn,Hatchback,Yishun,2026-03-18,4.2,Active
D03160,Gary Hogan,MPV,Jurong,2022-06-07,4.29,Active
D03161,Phillip Nunez,Hatchback,Punggol,2020-05-28,3.96,Active
D03162,Stephanie Martin,Premium,Singapore,2025-08-01,4.64,Active
D03163,Chelsea Snyder,SUV,Singapore,2023-01-19,4.38,Inactive
D03164,Nicole Gordon,Premium,Woodlands,2020-08-30,4.02,Active
D03165,Miguel Mccarty,Premium,Toa Payoh,2026-07-17,4.9,Active
D03166,Kelsey Reese,MPV,Toa Payoh,2019-06-08,3.78,Active
D03167,James Wallace,Electric,Punggol,2019-01-20,4.63,Active
D03168,Victor Barrett,SUV,Jurong,2024-12-06,4.87,Active
D03169,Brittany Brown,MPV,Yishun,2022-10-18,4.57,Active
D03170,Summer Rios,Sedan,Tampines,2021-07-22,4.82,Active
D03171,Dr. Nancy Deleon,SUV,Jurong,2022-04-15,4.12,Active
D03172,Dylan Martinez,Premium,Singapore,2022-05-05,3.91,Active
D03173,Brian Pacheco,SUV,Bishan,2020-08-31,4.34,Active
D03174,Tracy Beck,Sedan,Jurong,2021-02-07,3.75,Inactive
D03175,Lisa Harper,Premium,Toa Payoh,2019-09-19,4.08,Active
D03176,Jessica Wilson,MPV,Yishun,2025-09-05,4.83,Active
D03177,John Reilly,Premium,Bishan,2026-05-25,3.57,Active
D03178,Lee Phillips,Sedan,Bedok,2020-02-25,4.54,Active
D03179,Lauren Callahan,MPV,Ang Mo Kio,2023-09-30,4.75,Active
D03180,Rebecca Harmon,Electric,Woodlands,2025-12-10,4.52,Active
D03181,John Jackson,Electric,Singapore,2026-04-28,4.96,Active
D03182,Toni Carroll,Hatchback,Punggol,2026-05-21,4.68,Inactive
D03183,Mark Vance,SUV,Singapore,2018-10-01,3.56,Active
D03184,Dr. Cynthia Li MD,MPV,Woodlands,2020-06-14,3.62,Active
D03185,Stephanie Jordan,Electric,Bishan,2024-11-12,4.57,Active
D03186,Judy Curtis,Electric,Toa Payoh,2021-03-11,4.36,Active
D03187,Kevin Garner MD,SUV,Singapore,2025-06-10,4.73,Active
D03188,Kristin Herring,SUV,Bedok,2022-02-05,4.82,Active
D03189,Melissa Bond,Hatchback,Toa Payoh,2019-03-28,3.6,Active
D03190,Michael Tanner,Hatchback,Singapore,2025-06-17,3.55,Active
D03191,Karen Obrien,Sedan,Jurong,2024-05-08,3.71,Active
D03192,Shane Ortiz,Premium,Singapore,2025-09-24,4.11,Active
D03193,Maria Allison,Sedan,Tampines,2024-02-05,4.25,Active
D03194,Stacy Donovan,Premium,Toa Payoh,2021-09-01,4.61,Active
D03195,Sherry Knox,Electric,Jurong,2025-05-04,4.25,Active
D03196,Leon Singh,MPV,Bedok,2026-02-05,4.06,Active
D03197,Krista Green,MPV,Toa Payoh,2025-12-04,4.04,Inactive
D03198,Mindy Gonzales,Sedan,Bishan,2024-03-24,4.87,Active
D03199,Samuel Jenkins,Hatchback,Ang Mo Kio,2026-04-09,4.14,Inactive
D03200,Joseph Garrett,Electric,Punggol,2026-06-13,4.99,Active
D03201,David Dillon,SUV,Punggol,2021-02-13,4.9,Active
D03202,Tina Graves,MPV,Woodlands,2022-05-28,3.65,Active
D03203,Carlos Brown,SUV,Punggol,2025-10-08,4.38,Inactive
D03204,Andrea Green,Sedan,Jurong,2022-02-10,4.77,Active
D03205,Martin Bruce,Sedan,Bishan,2025-12-20,4.34,Active
D03206,Cody Wright,Sedan,Bedok,2025-01-17,3.56,Active
D03207,Mathew Ford,Electric,Bedok,2018-08-26,4.38,Active
D03208,Jade Smith,Premium,Yishun,2021-12-21,4.57,Active
D03209,Matthew Smith,MPV,Jurong,2023-11-09,3.95,Active
D03210,Kimberly Roy,Sedan,Ang Mo Kio,2019-02-26,4.74,Active
D03211,Brandon Conrad,MPV,Woodlands,2023-11-06,4.04,Active
D03212,Aaron Miller,SUV,Ang Mo Kio,2025-03-28,4.61,Active
D03213,Carrie Davis,SUV,Yishun,2020-01-01,4.63,Active
D03214,Christian York,Hatchback,Woodlands,2019-01-08,4.63,Active
D03215,Connie Hernandez,Sedan,Tampines,2023-07-29,3.68,Active
D03216,Eric King,Electric,Punggol,2026-03-19,3.91,Active
D03217,Jerome Mccullough,Hatchback,Bedok,2022-04-14,4.82,Active
D03218,Jonathan Gilbert,Sedan,Yishun,2018-10-19,3.89,Active
D03219,Yesenia Becker,Premium,Toa Payoh,2022-03-11,4.23,Active
D03220,Justin Brooks,Premium,Singapore,2026-07-11,3.51,Suspended
D03221,Brian Campos,Sedan,Singapore,2022-07-03,4.76,Active
D03222,Antonio Barton,Hatchback,Bedok,2022-05-15,4.37,Active
D03223,Lindsey Mcfarland,SUV,Toa Payoh,2020-10-17,3.82,Active
D03224,Monica Sims,Sedan,Jurong,2026-06-24,3.84,Active
D03225,Nathan Mills,Electric,Bedok,2024-06-28,4.12,Active
D03226,Rebecca Lee,Electric,Singapore,2018-12-03,3.99,Active
D03227,Holly Henry,Sedan,Bishan,2019-11-26,4.36,Active
D03228,Raymond Robinson,Premium,Bedok,2021-03-04,4.53,Active
D03229,Dr. Emily Conway DDS,MPV,Jurong,2026-03-14,4.46,Active
D03230,Mary Allen,Hatchback,Tampines,2021-05-04,4.8,Active
D03231,Jeremy Arias,Electric,Woodlands,2023-09-04,3.77,Active
D03232,Tyler Wilson,Hatchback,Tampines,2022-01-19,3.57,Active
D03233,Tiffany Clements,SUV,Bishan,2018-10-21,4.56,Active
D03234,Eric Frank DVM,Sedan,Woodlands,2021-11-25,4.53,Active
D03235,Deborah Garcia,Hatchback,Bedok,2024-10-14,4.04,Inactive
D03236,Emily Drake,MPV,Woodlands,2019-08-30,3.96,Active
D03237,Tyler Cooley,MPV,Bishan,2025-01-18,3.72,Active
D03238,Samuel Bartlett,Electric,Jurong,2025-08-23,4.13,Active
D03239,William Koch,Sedan,Bedok,2026-02-26,4.03,Active
D03240,Jamie Garcia,SUV,Tampines,2020-01-13,4.45,Inactive
D03241,Philip Mcmillan,Sedan,Ang Mo Kio,2022-11-19,4.45,Active
D03242,Mr. Cody Wright,SUV,Singapore,2020-07-15,4.46,Active
D03243,Kathy Myers,Electric,Jurong,2020-12-14,4.71,Active
D03244,Albert Parker,SUV,Singapore,2026-07-12,4.0,Active
D03245,Nicholas Martin,Hatchback,Punggol,2023-01-23,3.77,Suspended
D03246,John Davis,Electric,Jurong,2022-05-08,3.87,Active
D03247,Jennifer Kennedy,MPV,Toa Payoh,2025-09-27,4.52,Active
D03248,Nicholas Hughes,Hatchback,Woodlands,2020-02-13,3.93,Active
D03249,Lucas Proctor,Electric,Jurong,2026-02-01,4.74,Active
D03250,Raymond Morales,Sedan,Ang Mo Kio,2025-06-14,4.86,Active
D03251,Mark Jensen,Sedan,Bedok,2020-07-11,4.01,Inactive
D03252,Sean Allen,Hatchback,Singapore,2022-06-15,3.65,Inactive
D03253,Matthew Smith MD,SUV,Yishun,2020-08-15,4.24,Active
D03254,Reginald Wall,Hatchback,Bishan,2023-04-20,3.93,Active
D03255,Cassandra Lewis,SUV,Singapore,2024-01-08,3.81,Active
D03256,Brad Smith,MPV,Punggol,2021-10-13,3.72,Active
D03257,Jennifer Brewer,MPV,Yishun,2024-04-20,4.18,Inactive
D03258,Madison Ruiz,Sedan,Bedok,2024-09-18,4.42,Active
D03259,Christina Gordon,Sedan,Punggol,2021-11-20,4.57,Active
D03260,John Johnson,SUV,Bedok,2020-08-17,3.52,Active
D03261,Tammie Larson,Premium,Ang Mo Kio,2024-11-27,4.59,Active
D03262,Debra Solomon,Hatchback,Singapore,2025-04-24,4.01,Active
D03263,Luke Macdonald,Sedan,Woodlands,2018-11-11,4.78,Active
D03264,Matthew Duke,Premium,Singapore,2023-06-10,4.14,Active
D03265,Eric Howell,Sedan,Bedok,2022-05-06,4.79,Active
D03266,Suzanne Bowman,MPV,Toa Payoh,2025-11-07,3.7,Active
D03267,Donald Swanson,MPV,Ang Mo Kio,2019-10-11,3.55,Active
D03268,Amanda Santos,Electric,Ang Mo Kio,2023-01-14,4.82,Active
D03269,Samantha Webb,SUV,Punggol,2023-01-18,4.0,Active
D03270,Cristian Ramirez,Sedan,Woodlands,2019-03-04,4.95,Active
D03271,Beth Delgado,SUV,Toa Payoh,2022-07-15,4.19,Suspended
D03272,Regina Lucas,Sedan,Ang Mo Kio,2019-11-12,4.67,Active
D03273,Frank Singh,MPV,Tampines,2024-02-26,3.84,Active
D03274,Lisa Mcgee,Hatchback,Bishan,2020-06-11,3.54,Active
D03275,Sierra Larson,Sedan,Punggol,2026-05-02,4.11,Active
D03276,Paul Wolfe,SUV,Toa Payoh,2020-05-04,3.93,Active
D03277,Christina Garcia,MPV,Jurong,2019-08-07,4.06,Active
D03278,Nicholas Foster,SUV,Ang Mo Kio,2022-03-16,4.56,Active
D03279,Christopher Stewart,Sedan,Ang Mo Kio,2019-12-25,3.81,Active
D03280,Jason Miller,Sedan,Yishun,2025-07-02,4.15,Active
D03281,Regina Stevens,Premium,Bedok,2020-07-30,3.98,Active
D03282,Kaitlyn Cooper,Hatchback,Ang Mo Kio,2026-03-07,3.87,Active
D03283,Amanda Williams,SUV,Toa Payoh,2024-08-01,3.55,Active
D03284,Ryan Fields,Electric,Bishan,2021-12-17,3.52,Active
D03285,Emily Hobbs,Sedan,Punggol,2023-02-10,4.31,Active
D03286,John Schroeder,Hatchback,Tampines,2020-01-01,4.57,Inactive
D03287,Lori Hernandez,Sedan,Ang Mo Kio,2026-03-07,4.7,Inactive
D03288,Dakota Mcclure,Sedan,Bishan,2022-02-22,3.95,Active
D03289,Zachary Larsen,MPV,Singapore,2021-03-14,4.68,Active
D03290,Mark Watson,Premium,Jurong,2019-12-27,3.72,Active
D03291,Melinda Bernard,MPV,Toa Payoh,2020-01-17,4.74,Active
D03292,Jennifer Ford,Premium,Jurong,2021-09-29,4.01,Active
D03293,Richard Perez,Premium,Yishun,2020-08-20,4.12,Active
D03294,Kenneth Tate,Hatchback,Woodlands,2023-03-14,4.21,Active
D03295,Jacob Mcintosh,Premium,Bishan,2024-08-10,4.64,Active
D03296,Daniel Hicks,MPV,Tampines,2019-11-23,4.57,Active
D03297,Steven Bray,Hatchback,Ang Mo Kio,2019-09-07,3.67,Active
D03298,Haley Medina,Electric,Bishan,2023-12-28,4.29,Active
D03299,Nicholas Bishop,Hatchback,Ang Mo Kio,2023-05-19,4.15,Active
D03300,Herbert Tate,Sedan,Ang Mo Kio,2023-05-27,3.65,Active
D03301,William Jones,Hatchback,Bishan,2026-05-27,4.35,Active
D03302,Loretta Johnson,SUV,Tampines,2025-01-31,4.69,Active
D03303,Barbara Stephens,Sedan,Ang Mo Kio,2020-08-31,4.54,Active
D03304,Michelle King,Premium,Jurong,2025-01-10,3.63,Active
D03305,Marisa Benson,Premium,Yishun,2018-12-21,4.35,Active
D03306,Kimberly Moore MD,Electric,Ang Mo Kio,2021-08-16,4.51,Active
D03307,Kari Allison,Hatchback,Bishan,2024-02-05,4.09,Active
D03308,Jason Wolfe,Hatchback,Bedok,2026-01-08,4.97,Active
D03309,Sean Johnson,Electric,Tampines,2025-06-10,4.27,Active
D03310,Amy Clark,Hatchback,Bishan,2026-07-10,3.95,Active
D03311,Kristina Cohen,SUV,Tampines,2021-04-14,3.71,Active
D03312,Jake Blair,Sedan,Tampines,2020-05-12,3.63,Active
D03313,Heather Tran,Premium,Jurong,2022-05-24,3.59,Active
D03314,Regina Jones,Hatchback,Singapore,2023-06-30,4.73,Active
D03315,Cindy Zimmerman,Hatchback,Ang Mo Kio,2022-10-08,4.32,Active
D03316,Mariah Buck,SUV,Punggol,2022-08-17,3.99,Active
D03317,Amy Payne,Hatchback,Tampines,2018-09-20,4.09,Active
D03318,Steven Gamble,MPV,Toa Payoh,2022-03-19,4.41,Active
D03319,Samuel Hall,Hatchback,Yishun,2024-01-03,4.66,Inactive
D03320,Frank Wong,Hatchback,Punggol,2020-07-19,4.91,Active
D03321,Paul Williams,Electric,Toa Payoh,2024-05-19,4.27,Active
D03322,Kevin Griffin,MPV,Punggol,2018-11-18,4.59,Active
D03323,Larry Pruitt,SUV,Yishun,2024-04-02,4.62,Active
D03324,Ethan Bullock,SUV,Ang Mo Kio,2023-04-15,4.82,Active
D03325,Kyle Fisher,Electric,Tampines,2021-05-05,3.59,Active
D03326,Michael Stewart,Premium,Bishan,2022-02-22,4.98,Inactive
D03327,Ronald Pham,Sedan,Ang Mo Kio,2025-07-18,4.23,Active
D03328,Kathleen Johnson,SUV,Toa Payoh,2019-10-22,3.89,Suspended
D03329,Justin Chang,SUV,Ang Mo Kio,2024-12-28,4.13,Active
D03330,Chris Hatfield,Hatchback,Singapore,2026-05-03,4.65,Active
D03331,Alejandro David,Sedan,Bedok,2018-12-04,3.58,Active
D03332,Dennis Navarro,Premium,Tampines,2019-05-26,3.97,Inactive
D03333,Earl Wagner,Premium,Bishan,2023-12-01,3.95,Active
D03334,Matthew Williams,MPV,Woodlands,2019-10-09,3.64,Inactive
D03335,Karen Todd,Sedan,Punggol,2018-12-27,3.61,Active
D03336,Alison Murphy,Premium,Tampines,2022-07-14,4.5,Active
D03337,Daniel Estrada,Sedan,Toa Payoh,2020-12-13,4.65,Active
D03338,Jesse Good,MPV,Yishun,2025-03-08,4.16,Active
D03339,Robert Collins,Premium,Bishan,2021-06-02,4.11,Active
D03340,Jack Burton,SUV,Tampines,2025-09-17,4.41,Active
D03341,Kristin Thompson,MPV,Singapore,2021-10-11,4.53,Active
D03342,Eugene Park,Premium,Woodlands,2019-10-13,3.54,Active
D03343,Paul Nelson,Premium,Yishun,2025-02-27,4.26,Active
D03344,Keith Dixon,Premium,Toa Payoh,2019-11-06,3.67,Active
D03345,Beverly Brandt,Hatchback,Toa Payoh,2026-02-23,4.27,Active
D03346,Kurt Macdonald,Sedan,Woodlands,2023-01-09,4.49,Active
D03347,Donna Hoffman,SUV,Tampines,2020-02-21,4.22,Active
D03348,David Harvey,Sedan,Ang Mo Kio,2022-11-03,4.19,Active
D03349,Alexandria Lin,MPV,Singapore,2021-08-23,4.7,Active
D03350,Jasmine Roberson,Sedan,Bedok,2025-08-20,4.3,Active
D03351,Jacob Matthews,SUV,Tampines,2024-06-24,4.85,Active
D03352,Rita Lambert,SUV,Singapore,2020-04-10,3.62,Active
D03353,Michael Burns,Premium,Ang Mo Kio,2023-02-28,3.84,Active
D03354,Holly Garrett,SUV,Bishan,2020-05-04,3.71,Active
D03355,Amy Rice,Hatchback,Punggol,2021-10-24,4.8,Active
D03356,Phillip Munoz,Electric,Woodlands,2026-05-11,4.12,Active
D03357,Maria Cox,Sedan,Punggol,2024-06-21,4.84,Active
D03358,Dean Rodriguez,SUV,Punggol,2022-02-08,3.58,Active
D03359,Jasmin Compton,Premium,Bishan,2024-11-16,4.53,Active
D03360,Kenneth Williams,Hatchback,Punggol,2021-05-30,4.54,Active
D03361,Amy Bennett,Premium,Woodlands,2022-08-05,4.67,Active
D03362,Benjamin Richard,Electric,Singapore,2023-06-06,4.39,Active
D03363,Richard Becker,MPV,Singapore,2025-04-14,3.69,Active
D03364,Rachel Garrett,Electric,Yishun,2020-03-20,4.67,Active
D03365,Kayla Alvarez,SUV,Jurong,2023-10-20,4.49,Active
D03366,Michael Stokes,MPV,Woodlands,2022-10-05,4.86,Active
D03367,Janet Brooks,SUV,Bishan,2019-02-18,4.76,Active
D03368,Eric Williams,SUV,Tampines,2024-03-11,4.83,Active
D03369,Jon Douglas,Premium,Jurong,2020-09-17,4.61,Active
D03370,Christina Brooks,MPV,Woodlands,2026-06-01,4.35,Active
D03371,Kyle Allison,MPV,Yishun,2022-05-09,3.86,Active
D03372,Derrick Sanchez,Electric,Tampines,2021-06-28,4.93,Active
D03373,Joshua Rodriguez,Sedan,Jurong,2019-02-19,4.69,Active
D03374,Amber Pollard,MPV,Toa Payoh,2021-11-24,4.43,Active
D03375,Taylor Chaney,Electric,Singapore,2018-10-28,3.7,Active
D03376,Kelly Lewis,MPV,Singapore,2020-06-06,4.73,Active
D03377,Kelly Keller,Hatchback,Punggol,2023-12-29,3.83,Active
D03378,Thomas Payne,Sedan,Singapore,2022-07-22,4.84,Active
D03379,Natalie Thomas,MPV,Ang Mo Kio,2023-01-14,4.86,Active
D03380,Teresa Young,MPV,Tampines,2020-01-02,4.36,Active
D03381,Sarah Lucas,Premium,Punggol,2023-11-22,3.68,Active
D03382,Rose Murphy,MPV,Punggol,2019-08-14,4.05,Active
D03383,Brian Parks,Electric,Tampines,2023-07-22,4.15,Active
D03384,Elizabeth Adams,SUV,Woodlands,2021-03-15,3.7,Active
D03385,Andrea Russo,Electric,Bishan,2019-04-08,4.31,Active
D03386,William Osborn,Sedan,Yishun,2024-04-23,3.68,Active
D03387,John Burgess,SUV,Yishun,2026-05-07,4.98,Inactive
D03388,Timothy Reynolds,Hatchback,Woodlands,2026-02-18,4.05,Active
D03389,Andrea Rodriguez,SUV,Ang Mo Kio,2020-02-11,4.88,Active
D03390,Kelsey Dalton,Sedan,Toa Payoh,2024-08-31,4.94,Active
D03391,Tyler Welch,Premium,Punggol,2022-02-09,4.15,Active
D03392,Michael Russell,Sedan,Bishan,2020-09-05,3.64,Active
D03393,Jennifer Wood,MPV,Toa Payoh,2022-01-28,3.69,Active
D03394,Caitlin Lopez,MPV,Bedok,2026-07-03,3.75,Active
D03395,Elizabeth Lopez,Electric,Singapore,2021-01-29,4.8,Active
D03396,Kimberly Anderson,Premium,Punggol,2025-05-10,3.72,Active
D03397,Stephanie Keller,Hatchback,Jurong,2021-03-03,3.82,Active
D03398,Randall Armstrong,SUV,Bishan,2025-12-03,4.73,Active
D03399,Shawn Harper,Premium,Jurong,2024-06-17,4.1,Active
D03400,Sandra Castro,MPV,Singapore,2023-10-22,3.78,Inactive
D03401,Maria Oconnor,Premium,Woodlands,2021-07-06,3.75,Active
D03402,Dustin Leon,Premium,Toa Payoh,2018-11-30,4.23,Active
D03403,Lindsay Williams,Sedan,Punggol,2022-04-20,4.06,Active
D03404,Cody Sawyer,SUV,Bishan,2024-05-26,4.76,Active
D03405,Nathan Campbell,Hatchback,Ang Mo Kio,2020-07-09,4.62,Active
D03406,Michael Murphy,MPV,Yishun,2020-10-02,4.56,Active
D03407,Nicole Wallace,Premium,Yishun,2022-03-13,4.16,Active
D03408,Richard Armstrong,Sedan,Tampines,2019-05-14,3.63,Active
D03409,April Hart,Electric,Jurong,2021-01-24,4.89,Active
D03410,Jennifer Robinson,Premium,Punggol,2025-07-20,4.27,Active
D03411,Debra Cole,Hatchback,Woodlands,2019-11-29,4.81,Active
D03412,Elizabeth Andrews,SUV,Toa Payoh,2023-10-26,4.61,Active
D03413,Nicholas Mendoza,SUV,Yishun,2019-02-13,3.96,Active
D03414,Paula Snyder,Electric,Jurong,2024-03-10,4.83,Active
D03415,Mr. Christopher Alexander DVM,SUV,Ang Mo Kio,2020-06-10,3.54,Active
D03416,Frederick Bailey,Premium,Yishun,2022-07-22,4.01,Inactive
D03417,Russell Cooper,Premium,Punggol,2024-01-28,4.39,Active
D03418,Rachel Murillo,SUV,Yishun,2020-02-28,3.68,Active
D03419,Devon Shelton,Premium,Ang Mo Kio,2018-09-30,3.91,Active
D03420,Yolanda Cooper,MPV,Yishun,2021-05-04,4.54,Active
D03421,Jessica Price,Hatchback,Singapore,2021-03-25,3.65,Inactive
D03422,Timothy Mejia,SUV,Jurong,2019-08-21,4.97,Active
D03423,George Smith,Hatchback,Yishun,2024-08-21,4.89,Active
D03424,Daniel Rowland,Hatchback,Woodlands,2019-01-23,4.89,Active
D03425,Samantha Bender,Electric,Ang Mo Kio,2023-08-28,4.41,Active
D03426,Raymond Torres,Electric,Tampines,2021-12-29,4.19,Active
D03427,Lauren Jackson,MPV,Bedok,2018-12-31,4.41,Active
D03428,Natalie Campbell,Electric,Yishun,2024-11-09,4.78,Active
D03429,Sergio Holt,Electric,Ang Mo Kio,2024-02-27,4.17,Active
D03430,Jason Evans,Premium,Jurong,2023-08-08,4.25,Active
D03431,Richard Davis DVM,Electric,Bishan,2025-04-25,3.71,Active
D03432,Stacey Rojas,Hatchback,Yishun,2020-06-20,3.8,Active
D03433,Nicolas Alvarez,Hatchback,Jurong,2019-05-18,4.25,Active
D03434,Darlene Johnson,Electric,Punggol,2021-10-12,4.81,Active
D03435,Sara Gardner,Electric,Bishan,2020-05-29,4.74,Active
D03436,Terry Guzman,MPV,Toa Payoh,2019-09-15,4.33,Active
D03437,Glenda Choi,Hatchback,Ang Mo Kio,2026-01-05,4.53,Active
D03438,Christopher Johnson,Hatchback,Tampines,2019-06-19,3.95,Active
D03439,Lisa Sanchez,Electric,Toa Payoh,2020-04-30,4.84,Active
D03440,Teresa Morrison,MPV,Yishun,2023-06-18,4.49,Active
D03441,Diana Bradley,Premium,Woodlands,2019-12-06,3.99,Active
D03442,Robert Curtis,Sedan,Bishan,2020-08-04,4.45,Active
D03443,Tina Jordan,Electric,Woodlands,2024-03-04,3.84,Active
D03444,John Shaffer,Sedan,Ang Mo Kio,2024-01-18,4.83,Active
D03445,Dana Wilson,Premium,Jurong,2019-09-10,3.83,Active
D03446,Brittany Jimenez,Hatchback,Ang Mo Kio,2024-10-07,4.3,Active
D03447,Dawn Aguilar,Premium,Ang Mo Kio,2026-05-09,4.34,Active
D03448,Jennifer Ross,Premium,Bedok,2020-04-24,3.51,Active
D03449,Vanessa Fritz,SUV,Punggol,2023-04-06,3.65,Active
D03450,Michael Morgan,MPV,Yishun,2023-07-23,4.91,Active
D03451,Robert Mccormick,Hatchback,Toa Payoh,2019-09-16,4.71,Active
D03452,Donna Fisher MD,Premium,Punggol,2023-05-13,4.89,Active
D03453,Amanda Willis,Hatchback,Singapore,2019-01-29,3.54,Active
D03454,Kevin Duncan,Sedan,Tampines,2024-03-10,3.82,Active
D03455,Stephen Heath,MPV,Punggol,2025-11-11,4.53,Active
D03456,William Wong,MPV,Bedok,2021-02-06,4.17,Active
D03457,Samuel Thompson,Electric,Singapore,2020-06-30,4.22,Active
D03458,Nancy Brown,Hatchback,Woodlands,2023-02-18,4.21,Active
D03459,Taylor Kemp,Premium,Bishan,2024-04-13,3.99,Active
D03460,Chris Morris,Electric,Punggol,2023-06-13,4.88,Active
D03461,Brooke Aguirre,SUV,Bedok,2021-12-17,3.76,Active
D03462,Marie Jimenez,Premium,Tampines,2019-12-20,4.72,Active
D03463,Catherine Patterson,Hatchback,Singapore,2025-07-08,4.23,Active
D03464,Jennifer Leonard,Sedan,Woodlands,2021-04-09,4.17,Active
D03465,Grace Walker,Sedan,Woodlands,2021-03-09,4.79,Active
D03466,Julie Short,Sedan,Toa Payoh,2023-05-16,3.62,Active
D03467,Adrian Morales,Premium,Tampines,2022-06-29,3.52,Active
D03468,Stephen Clay,SUV,Yishun,2018-11-12,4.99,Active
D03469,Miranda Vasquez,MPV,Jurong,2022-11-09,4.68,Active
D03470,David Reyes,Electric,Bedok,2019-10-10,4.93,Active
D03471,Justin Moore,MPV,Bedok,2019-09-23,4.71,Active
D03472,Barbara Finley,MPV,Yishun,2025-02-03,3.73,Active
D03473,Jeremy Watson,Sedan,Punggol,2026-03-08,4.71,Active
D03474,Maria Carlson,MPV,Bedok,2022-08-10,4.75,Active
D03475,Theresa Mendoza,Electric,Toa Payoh,2022-10-23,4.3,Active
D03476,Michele Bass,SUV,Bishan,2020-11-22,3.6,Active
D03477,Lauren Gardner,Hatchback,Bedok,2023-08-05,3.94,Active
D03478,Whitney Banks,SUV,Bishan,2022-05-17,3.85,Active
D03479,Thomas Smith,MPV,Ang Mo Kio,2023-07-20,4.62,Active
D03480,Dr. Dylan Love,SUV,Tampines,2025-05-10,4.24,Active
D03481,Rachel Smith,Premium,Yishun,2026-03-28,4.73,Active
D03482,Dr. Christian Ford,Premium,Bedok,2025-08-25,4.09,Active
D03483,Christopher Bell,Premium,Jurong,2020-04-10,3.98,Active
D03484,Danielle Young,Premium,Bedok,2022-01-26,3.56,Active
D03485,Michael Gordon,Hatchback,Jurong,2018-08-31,3.97,Active
D03486,Jonathan Mccann,SUV,Woodlands,2020-08-11,4.67,Active
D03487,Teresa Bailey,Sedan,Punggol,2020-11-22,3.97,Inactive
D03488,Jeff Dawson,SUV,Tampines,2023-04-18,4.94,Active
D03489,Ronald Castro,Hatchback,Bishan,2022-05-31,3.75,Active
D03490,Elizabeth Hughes,Hatchback,Jurong,2019-06-28,4.49,Active
D03491,Julia Scott,Sedan,Bishan,2022-06-03,4.67,Active
D03492,Michael Jones,Electric,Singapore,2018-10-27,4.01,Active
D03493,Mark Weiss,Electric,Bishan,2021-03-10,4.92,Inactive
D03494,Karen Morgan,Premium,Bishan,2018-11-21,4.91,Active
D03495,Rachel Davenport,Sedan,Bishan,2026-01-07,4.47,Active
D03496,Jonathan Moreno,SUV,Punggol,2019-01-01,3.78,Active
D03497,Anna Kelly,MPV,Bishan,2024-04-18,4.72,Active
D03498,Shannon Wells,Sedan,Woodlands,2021-02-11,4.52,Active
D03499,Michael Flores,Electric,Bedok,2020-07-01,4.19,Active
D03500,Matthew Garcia,MPV,Tampines,2019-08-19,4.35,Suspended
D03501,Tiffany Rowe,Electric,Bishan,2022-12-21,4.34,Active
D03502,John Hill,Sedan,Yishun,2019-05-06,4.66,Active
D03503,Jennifer Owens,SUV,Bedok,2020-12-23,4.31,Active
D03504,Tyler Christian,Sedan,Ang Mo Kio,2020-01-03,3.51,Active
D03505,Katrina Ross,MPV,Ang Mo Kio,2020-07-25,3.94,Suspended
D03506,Sean Taylor,Premium,Singapore,2023-04-29,4.97,Active
D03507,Dwayne Strickland,Electric,Bedok,2020-04-01,4.98,Active
D03508,David Hawkins,SUV,Bishan,2025-10-10,4.89,Inactive
D03509,Jeremy Knapp,Hatchback,Woodlands,2022-02-02,4.3,Active
D03510,Carrie Gomez,Sedan,Bedok,2025-03-07,3.88,Active
D03511,Emma Johnson,Sedan,Bedok,2020-04-14,4.01,Active
D03512,Mark Perry,MPV,Bishan,2025-06-21,4.8,Active
D03513,Charles Chandler,MPV,Yishun,2026-07-22,4.08,Active
D03514,Jeff Hull,Sedan,Woodlands,2020-11-24,3.68,Active
D03515,Jeffrey Guzman,MPV,Ang Mo Kio,2025-01-17,4.73,Active
D03516,William Weaver,Electric,Woodlands,2026-04-01,4.92,Active
D03517,Claudia Martinez MD,Electric,Singapore,2019-10-27,4.36,Active
D03518,Abigail White,SUV,Bedok,2023-07-01,3.96,Active
D03519,Wanda Martin,SUV,Singapore,2021-11-18,3.93,Active
D03520,Stephen Jackson,MPV,Bishan,2023-02-25,3.67,Active
D03521,Joseph Richard,Sedan,Toa Payoh,2024-06-13,4.9,Active
D03522,Ricardo Wilson,MPV,Jurong,2020-03-18,4.64,Active
D03523,Mr. Michael Estrada Jr.,SUV,Bedok,2019-08-04,4.57,Suspended
D03524,Brandon Martinez,Sedan,Tampines,2025-04-10,4.45,Inactive
D03525,Lorraine Bennett,Premium,Singapore,2022-09-04,4.87,Active
D03526,Tara Cook,Sedan,Woodlands,2021-07-03,4.56,Active
D03527,Brent Williams,Premium,Bedok,2022-03-17,4.83,Active
D03528,Laurie Davis,SUV,Singapore,2022-03-27,3.96,Active
D03529,Timothy Joseph,MPV,Toa Payoh,2020-01-23,4.48,Active
D03530,Brad Houston,Premium,Toa Payoh,2020-04-15,3.61,Active
D03531,Ronald Odom,Sedan,Jurong,2026-01-31,3.8,Active
D03532,Brandi Costa,Electric,Jurong,2024-10-28,4.81,Active
D03533,Christopher Hopkins,SUV,Punggol,2025-05-31,4.29,Active
D03534,Amy Miller,Sedan,Yishun,2021-09-26,4.38,Active
D03535,Brian Richardson,Sedan,Toa Payoh,2022-05-26,3.89,Active
D03536,George Johnson,MPV,Punggol,2026-05-04,4.61,Active
D03537,Kelly Phillips,Premium,Jurong,2021-02-01,4.09,Active
D03538,Jennifer Hughes,SUV,Yishun,2023-07-25,4.9,Active
D03539,Rachel Sawyer,Sedan,Tampines,2020-10-15,4.87,Active
D03540,Carol Trujillo,MPV,Toa Payoh,2022-07-15,4.92,Active
D03541,Matthew Wilson,MPV,Tampines,2021-01-17,4.76,Active
D03542,Mark Perez,Premium,Woodlands,2026-04-10,4.65,Active
D03543,Robert Taylor,SUV,Toa Payoh,2019-04-08,3.67,Inactive
D03544,Rebecca Thomas,Hatchback,Ang Mo Kio,2023-10-11,3.91,Active
D03545,Erin Edwards,SUV,Woodlands,2019-05-13,3.59,Active
D03546,Lauren Nguyen,Premium,Yishun,2025-01-19,3.91,Active
D03547,Hunter Maynard,Sedan,Jurong,2021-06-12,4.78,Active
D03548,Elizabeth Huynh,Sedan,Yishun,2019-10-31,4.04,Active
D03549,Kelsey Rivas,MPV,Woodlands,2024-09-19,4.63,Active
D03550,Justin Meyers,Electric,Toa Payoh,2018-09-19,3.78,Active
D03551,Megan Harris,Hatchback,Jurong,2018-11-05,3.51,Active
D03552,George Ross,SUV,Jurong,2026-06-16,3.61,Active
D03553,Andrew Davis,Premium,Punggol,2026-05-21,3.89,Active
D03554,Robert Moreno,Hatchback,Jurong,2021-05-12,4.74,Active
D03555,Betty King,Sedan,Tampines,2025-01-22,4.42,Active
D03556,John Clark,Hatchback,Tampines,2020-11-13,3.55,Active
D03557,Tyler Horton,SUV,Bedok,2018-08-03,4.09,Active
D03558,Teresa Ortega,SUV,Ang Mo Kio,2021-09-14,4.48,Inactive
D03559,Erin Frey,Electric,Woodlands,2024-03-07,3.92,Active
D03560,April Chung,Electric,Bedok,2023-05-28,4.28,Active
D03561,Evan Carpenter,Hatchback,Punggol,2025-05-15,3.53,Active
D03562,Vincent Mcfarland,MPV,Yishun,2023-06-17,3.92,Active
D03563,Alexander Porter,Sedan,Woodlands,2022-11-08,4.8,Active
D03564,Michael Smith,Premium,Woodlands,2020-08-21,3.65,Active
D03565,Victoria Pena,Hatchback,Woodlands,2018-10-10,4.37,Active
D03566,Jesse Kelley,Sedan,Yishun,2024-01-13,3.94,Active
D03567,Xavier Walsh,MPV,Punggol,2023-10-04,4.93,Inactive
D03568,Adam Hopkins,Premium,Tampines,2021-10-23,4.27,Active
D03569,Billy Boyer,Electric,Toa Payoh,2021-08-01,3.71,Active
D03570,David Potter,MPV,Ang Mo Kio,2024-11-19,3.73,Active
D03571,Mr. Travis Anderson,Sedan,Toa Payoh,2022-10-31,4.79,Active
D03572,Cameron Gonzalez,Electric,Jurong,2021-07-02,4.5,Active
D03573,Beth Guerrero,MPV,Singapore,2019-03-31,4.77,Active
D03574,Rodney Villanueva MD,Hatchback,Tampines,2019-01-26,4.36,Active
D03575,Rachel Colon,Hatchback,Toa Payoh,2019-09-30,4.35,Active
D03576,Debra George,MPV,Punggol,2020-04-26,4.8,Active
D03577,Mr. Shawn Smith,Electric,Woodlands,2024-09-19,4.39,Active
D03578,Steven Williams,Sedan,Punggol,2020-11-24,4.59,Inactive
D03579,Sarah Barrett,Sedan,Singapore,2022-11-08,3.8,Active
D03580,Christine Rogers,Electric,Jurong,2020-08-11,3.96,Active
D03581,Tara Campbell,Sedan,Yishun,2025-08-15,3.73,Active
D03582,Hector Roy,Hatchback,Woodlands,2022-08-25,4.15,Active
D03583,Justin Flores,Sedan,Punggol,2023-05-31,4.73,Inactive
D03584,Kyle Coleman,Premium,Bishan,2025-10-25,4.62,Active
D03585,Chad Olson,Electric,Bedok,2026-07-06,4.57,Active
D03586,Linda Williams,MPV,Jurong,2026-07-05,4.63,Active
D03587,James Kirby,Sedan,Woodlands,2021-10-02,4.27,Active
D03588,Misty Stone,Electric,Singapore,2020-04-26,4.98,Active
D03589,Mary Holland,Premium,Ang Mo Kio,2024-09-28,3.75,Active
D03590,Jack Webb,Hatchback,Jurong,2023-11-28,4.59,Active
D03591,Joshua Nelson,Premium,Yishun,2023-09-27,4.53,Active
D03592,Joshua Robinson,Electric,Woodlands,2022-01-06,4.83,Active
D03593,Karen Day,Premium,Ang Mo Kio,2019-09-20,3.75,Active
D03594,Michelle Hernandez,MPV,Punggol,2025-05-12,3.83,Active
D03595,April Davis,Hatchback,Woodlands,2021-10-13,3.51,Active
D03596,Robert Moore,MPV,Singapore,2022-05-09,4.94,Active
D03597,Shannon Edwards,SUV,Jurong,2018-12-09,4.35,Active
D03598,Jordan Martin,Premium,Punggol,2026-06-05,3.65,Active
D03599,Sheila Casey,Electric,Punggol,2019-04-27,4.04,Active
D03600,Zachary Owens,Sedan,Bishan,2018-09-17,4.69,Active
D03601,Robert Garcia,Hatchback,Singapore,2023-03-01,4.19,Active
D03602,Joshua Graham,Sedan,Tampines,2019-06-02,3.75,Active
D03603,Katherine Hendricks,MPV,Bishan,2021-03-03,3.98,Active
D03604,Miranda Acosta,SUV,Toa Payoh,2022-03-07,3.96,Active
D03605,John White,Hatchback,Ang Mo Kio,2026-03-11,3.57,Active
D03606,Charles Blake,Electric,Tampines,2023-05-06,4.77,Active
D03607,Kathy Cordova,Electric,Bishan,2022-07-21,4.65,Active
D03608,Mrs. Ashley West DDS,SUV,Punggol,2025-02-26,4.31,Active
D03609,Nicholas Smith,SUV,Singapore,2021-06-25,4.02,Active
D03610,Brenda Perry,Premium,Bedok,2024-02-24,4.43,Active
D03611,Tracie Ward,SUV,Punggol,2020-06-20,4.71,Active
D03612,Andrea Cox,MPV,Toa Payoh,2019-07-09,4.55,Active
D03613,Anthony Lam,SUV,Jurong,2019-01-30,4.42,Active
D03614,Mary Stevenson,Hatchback,Ang Mo Kio,2023-06-09,3.71,Active
D03615,Aaron Higgins,Premium,Jurong,2023-06-05,3.99,Active
D03616,Joshua Day,Premium,Jurong,2021-10-23,4.6,Active
D03617,Susan Morales,Sedan,Bishan,2020-01-10,3.8,Active
D03618,Daniel Martin,MPV,Bishan,2023-05-05,4.37,Active
D03619,Jessica Martinez,Hatchback,Singapore,2025-10-01,4.92,Active
D03620,Miranda Garner,Hatchback,Bedok,2024-04-10,3.52,Active
D03621,Stephanie Moore,Electric,Woodlands,2024-11-13,3.65,Active
D03622,Christian Cooper,Hatchback,Bedok,2020-07-26,4.71,Active
D03623,Heather Rose,SUV,Tampines,2025-10-08,5.0,Inactive
D03624,Michael Roach,Premium,Bishan,2022-08-13,4.44,Active
D03625,Brandon Hammond,SUV,Yishun,2020-01-16,4.94,Active
D03626,Jerry Valenzuela,Electric,Punggol,2021-06-18,4.1,Active
D03627,Joyce Lowe,Electric,Bedok,2024-06-29,4.33,Active
D03628,Michael Mccullough,SUV,Yishun,2026-04-20,3.98,Inactive
D03629,Jason Pratt,SUV,Punggol,2022-03-12,4.39,Active
D03630,Linda Rodriguez,SUV,Singapore,2020-03-01,4.28,Active
D03631,Evan Wilson,SUV,Bishan,2025-03-14,4.57,Active
D03632,Andrew Watts,Electric,Punggol,2021-12-24,3.71,Active
D03633,Gregory Rhodes,Hatchback,Toa Payoh,2019-11-04,4.74,Active
D03634,Annette Baker,Sedan,Toa Payoh,2019-09-10,4.94,Active
D03635,Allison Bass,Premium,Ang Mo Kio,2020-06-23,4.82,Active
D03636,Jessica Wilson,Electric,Ang Mo Kio,2021-03-30,4.91,Active
D03637,Gregory Grant,Sedan,Tampines,2021-04-20,4.26,Active
D03638,Tracy Morris,SUV,Jurong,2021-12-23,4.26,Active
D03639,David Wright,Sedan,Punggol,2026-06-11,4.03,Active
D03640,Dennis Green,MPV,Bishan,2021-03-16,3.95,Active
D03641,Gregory Fox,Electric,Toa Payoh,2024-03-31,4.38,Active
D03642,Frederick Nguyen,MPV,Singapore,2023-08-23,3.62,Active
D03643,Trevor Collins,Sedan,Bishan,2021-05-10,4.45,Active
D03644,Jennifer Scott,Premium,Jurong,2023-01-29,4.9,Active
D03645,David Jackson,SUV,Bishan,2024-05-28,4.04,Active
D03646,Ryan Stephens,Hatchback,Jurong,2020-11-02,3.92,Inactive
D03647,Jeanette Lee,Sedan,Woodlands,2025-09-29,4.63,Active
D03648,Regina Adams,Electric,Bedok,2019-12-16,3.99,Active
D03649,Lori Simpson,SUV,Bedok,2021-09-13,4.38,Active
D03650,Gina Flowers,SUV,Jurong,2025-06-01,4.82,Active
D03651,Carlos Thomas,Premium,Tampines,2025-06-22,3.74,Active
D03652,Sandra Wilson,Sedan,Bishan,2024-11-12,4.34,Inactive
D03653,Jessica Clements,MPV,Tampines,2026-06-03,4.08,Active
D03654,Derek Smith,Electric,Woodlands,2024-10-23,4.24,Active
D03655,Randall Howard,Premium,Bishan,2022-09-15,4.18,Active
D03656,Melissa Anderson,MPV,Bedok,2022-04-15,4.12,Active
D03657,Gregory Marshall,MPV,Toa Payoh,2024-06-14,4.46,Active
D03658,Ms. Amanda Russell DDS,Premium,Jurong,2023-11-19,4.84,Active
D03659,Amy Reeves,MPV,Tampines,2018-11-08,4.08,Active
D03660,Megan Welch,Electric,Yishun,2026-02-09,3.78,Active
D03661,Henry Pierce,Electric,Bishan,2024-06-14,3.61,Active
D03662,Jessica Simmons,MPV,Woodlands,2024-06-26,4.1,Active
D03663,Nathan Jones,MPV,Singapore,2019-10-23,4.3,Active
D03664,Patricia Hall,SUV,Ang Mo Kio,2019-11-21,3.85,Active
D03665,Kristi Lewis,MPV,Toa Payoh,2021-04-12,4.2,Active
D03666,Alex Adams,Premium,Tampines,2024-09-04,4.9,Active
D03667,Tamara Davis,SUV,Toa Payoh,2021-12-11,4.24,Active
D03668,Michael Hall,Premium,Toa Payoh,2026-02-04,3.98,Active
D03669,Cheryl Nichols,MPV,Singapore,2019-10-14,4.13,Active
D03670,Erica Boyd,MPV,Tampines,2025-07-26,4.54,Active
D03671,Tyler Spencer,SUV,Bedok,2020-01-15,4.55,Active
D03672,Angela Rodriguez,Electric,Yishun,2020-10-27,3.53,Active
D03673,Diana Trevino,Hatchback,Ang Mo Kio,2018-08-19,3.63,Active
D03674,Timothy Hill,MPV,Tampines,2025-03-09,4.67,Active
D03675,Heather Herrera,MPV,Toa Payoh,2023-09-08,3.62,Active
D03676,David Griffith,MPV,Tampines,2021-05-13,3.58,Active
D03677,Jason Martinez,MPV,Jurong,2025-04-26,4.0,Active
D03678,Joshua Perez,Hatchback,Woodlands,2021-09-13,4.59,Active
D03679,Matthew Jimenez,MPV,Jurong,2020-12-15,3.84,Inactive
D03680,Melanie Palmer,MPV,Toa Payoh,2020-06-14,4.42,Active
D03681,Anthony Ellis,SUV,Punggol,2024-07-05,4.51,Active
D03682,Scott Ayers,Electric,Singapore,2019-09-18,4.24,Active
D03683,John Baxter,Sedan,Toa Payoh,2019-05-02,3.87,Active
D03684,Casey Juarez,SUV,Singapore,2019-03-13,4.9,Active
D03685,Melanie Flores,MPV,Yishun,2019-07-21,4.16,Active
D03686,David Baxter,Sedan,Tampines,2020-10-30,3.68,Inactive
D03687,Colleen Smith,Electric,Yishun,2023-07-24,4.84,Active
D03688,Ann Edwards,Electric,Singapore,2023-05-07,3.88,Suspended
D03689,Tracey Williams,Premium,Punggol,2026-06-10,4.99,Active
D03690,Michael King,Hatchback,Yishun,2018-11-23,4.62,Inactive
D03691,Christopher Espinoza,Sedan,Toa Payoh,2019-12-24,4.31,Active
D03692,William Bennett,SUV,Jurong,2025-12-15,3.53,Active
D03693,Brittany Harris,Premium,Woodlands,2024-10-02,4.32,Active
D03694,Danielle Conley,Sedan,Toa Payoh,2021-04-10,4.96,Active
D03695,Daniel Calhoun,Electric,Jurong,2026-02-28,3.83,Active
D03696,Karen Kennedy,SUV,Bishan,2022-01-21,4.47,Active
D03697,Stephen Lowery,SUV,Bedok,2019-11-28,3.86,Active
D03698,Pamela Wilson,MPV,Woodlands,2021-07-08,4.02,Active
D03699,Thomas Norman,Premium,Ang Mo Kio,2022-10-29,4.31,Active
D03700,Mark Cox,Electric,Toa Payoh,2020-04-05,3.61,Active
D03701,Anthony Shaw,MPV,Toa Payoh,2020-06-18,4.97,Active
D03702,Amy Jackson,Sedan,Punggol,2020-06-13,3.64,Active
D03703,Christian Patterson,Electric,Tampines,2021-10-04,3.76,Inactive
D03704,Danielle White,SUV,Ang Mo Kio,2019-09-18,4.81,Active
D03705,Patrick Webb,Premium,Tampines,2018-09-03,4.3,Active
D03706,Deborah Oliver MD,SUV,Ang Mo Kio,2020-12-30,3.91,Active
D03707,Francis Jackson,Hatchback,Punggol,2022-05-14,4.92,Active
D03708,Preston Lee,Premium,Bishan,2022-04-15,3.83,Active
D03709,Melissa Gross,Hatchback,Tampines,2025-05-07,3.97,Active
D03710,Kristie Macias,Sedan,Tampines,2022-01-05,4.85,Active
D03711,Mike Johnson,Premium,Singapore,2019-09-21,4.39,Active
D03712,Mark Blackburn,MPV,Bedok,2023-07-07,3.97,Active
D03713,Gary Johnson,MPV,Ang Mo Kio,2020-09-05,4.0,Active
D03714,Brent Fitzgerald,Premium,Ang Mo Kio,2020-03-29,3.89,Active
D03715,Amy Diaz,Premium,Ang Mo Kio,2019-08-12,3.84,Active
D03716,Robert Mclaughlin,Sedan,Toa Payoh,2024-04-14,3.7,Active
D03717,Brian Bennett,Electric,Yishun,2023-05-08,3.59,Active
D03718,Jessica Williamson,Hatchback,Tampines,2025-07-03,3.88,Inactive
D03719,Scott Hutchinson,Hatchback,Bishan,2024-06-27,4.53,Active
D03720,Traci Ortega,Sedan,Bishan,2021-09-21,4.36,Active
D03721,Sara Nelson,Hatchback,Jurong,2024-03-01,4.66,Active
D03722,Stacey Drake,Premium,Woodlands,2025-01-02,4.59,Active
D03723,Adam Bell,Premium,Toa Payoh,2022-08-03,4.73,Active
D03724,Kayla Rosales,Hatchback,Woodlands,2018-12-05,4.68,Active
D03725,Cindy Maynard,Sedan,Singapore,2022-09-20,4.4,Active
D03726,Jennifer Hebert,SUV,Punggol,2023-04-17,4.32,Active
D03727,Rick Spence,SUV,Bedok,2024-02-14,3.83,Inactive
D03728,Michelle Jensen,Electric,Tampines,2023-05-07,4.75,Active
D03729,Chad Rodriguez,Electric,Woodlands,2026-01-22,3.53,Active
D03730,Michael Maldonado,MPV,Bedok,2020-10-31,3.87,Active
D03731,Jordan Chen,Premium,Toa Payoh,2022-12-12,3.69,Active
D03732,Blake Perez,SUV,Yishun,2024-09-24,4.05,Inactive
D03733,Adam Bennett,SUV,Singapore,2018-10-15,4.75,Active
D03734,Victoria Thomas,Sedan,Jurong,2026-06-15,4.18,Active
D03735,Brian James,Electric,Punggol,2021-03-13,4.59,Active
D03736,Amy Johns,Premium,Yishun,2023-06-07,4.78,Active
D03737,Kristen Benson,SUV,Ang Mo Kio,2018-09-08,4.5,Active
D03738,Sandra Merritt,SUV,Ang Mo Kio,2023-06-29,3.86,Active
D03739,Nathan Mitchell,Electric,Bishan,2021-05-05,3.66,Active
D03740,Jeffrey Adams,Premium,Bedok,2024-04-09,3.53,Active
D03741,Ricky Nelson,Electric,Ang Mo Kio,2019-01-24,4.47,Active
D03742,Bradley Wolfe,Sedan,Punggol,2020-08-20,4.15,Active
D03743,Alexandra Guerra,Electric,Woodlands,2019-05-05,3.85,Active
D03744,James Gonzalez,SUV,Jurong,2023-12-28,4.3,Active
D03745,William Mejia,SUV,Woodlands,2026-02-22,3.89,Active
D03746,Cody Jackson,Premium,Singapore,2018-11-20,4.23,Active
D03747,Meredith Roberts,Electric,Tampines,2020-06-16,4.5,Active
D03748,Lisa Gibbs,Electric,Toa Payoh,2025-12-13,4.8,Active
D03749,Daniel Clark,Premium,Ang Mo Kio,2024-02-03,4.36,Active
D03750,Gary Orr,Electric,Yishun,2025-07-14,3.85,Active
D03751,Meagan Sims,Sedan,Bedok,2021-05-14,4.94,Active
D03752,Michelle Hughes DVM,Premium,Yishun,2021-01-09,4.53,Active
D03753,Jordan Hawkins,SUV,Bedok,2021-10-01,4.63,Active
D03754,Adam Mitchell,Premium,Bishan,2023-03-30,4.59,Active
D03755,Donna Nicholson,Sedan,Jurong,2024-09-01,4.61,Active
D03756,Danielle Valentine,SUV,Toa Payoh,2024-07-09,4.62,Active
D03757,Whitney Trevino,Premium,Toa Payoh,2021-01-09,4.48,Inactive
D03758,Michelle Smith,Hatchback,Ang Mo Kio,2019-06-19,4.24,Active
D03759,Tony Ortiz,Hatchback,Bedok,2026-05-08,3.53,Active
D03760,Dana Gregory,Sedan,Bedok,2021-10-13,3.6,Active
D03761,Dominique Peterson,Premium,Woodlands,2024-05-26,4.77,Active
D03762,Heather Juarez,MPV,Yishun,2022-07-13,3.83,Active
D03763,Aaron Salas,Premium,Woodlands,2019-06-17,4.95,Active
D03764,Victor Robbins,Electric,Singapore,2022-10-21,4.14,Suspended
D03765,Jasmine Hunt,Hatchback,Toa Payoh,2022-07-25,3.86,Active
D03766,Leah Thomas,Electric,Ang Mo Kio,2018-12-03,4.4,Active
D03767,Paul Nguyen,MPV,Bishan,2021-07-30,4.69,Active
D03768,Scott Harvey,MPV,Tampines,2020-08-12,3.6,Active
D03769,Blake Alexander,Electric,Yishun,2020-08-23,3.99,Active
D03770,Danielle Erickson,MPV,Singapore,2018-09-16,3.85,Active
D03771,Patricia Fox,Electric,Woodlands,2021-06-09,4.1,Active
D03772,William Young,MPV,Punggol,2025-08-09,3.87,Active
D03773,Stephanie Miller,Premium,Toa Payoh,2024-01-16,4.99,Active
D03774,Dale Berry,Hatchback,Singapore,2022-09-12,4.74,Active
D03775,Charles Palmer,Sedan,Tampines,2021-04-12,4.47,Active
D03776,Mary Frost,Sedan,Jurong,2025-10-03,3.67,Active
D03777,Sarah Chavez,Electric,Jurong,2021-04-18,4.05,Active
D03778,Jessica Odonnell,MPV,Yishun,2019-01-25,4.36,Active
D03779,Tammy Benson,Sedan,Bishan,2020-03-08,3.63,Active
D03780,James Miller,MPV,Tampines,2024-05-13,4.08,Inactive
D03781,Robert Roy,Premium,Bishan,2023-10-18,4.63,Active
D03782,Kara Phillips,SUV,Jurong,2025-08-03,3.78,Active
D03783,Sara Watson,SUV,Bishan,2021-07-19,4.87,Active
D03784,Dominique Scott,MPV,Tampines,2021-03-12,4.08,Active
D03785,Michael Jackson MD,Premium,Toa Payoh,2022-06-22,4.69,Active
D03786,Bryan Wong,Premium,Tampines,2021-10-24,4.69,Active
D03787,Tammie Webb,Premium,Tampines,2022-12-21,4.55,Active
D03788,Christine Vaughn,Hatchback,Jurong,2023-05-25,4.43,Active
D03789,Mariah Reese,MPV,Punggol,2024-07-18,4.93,Active
D03790,Dr. Amanda Blair DDS,Electric,Woodlands,2021-06-19,4.65,Active
D03791,Justin Stephenson,Electric,Bedok,2021-07-13,4.07,Active
D03792,Mr. Robert Spencer,Sedan,Toa Payoh,2019-02-02,3.62,Active
D03793,Michael Welch,Premium,Singapore,2020-06-15,4.84,Active
D03794,Amanda Simpson,Electric,Ang Mo Kio,2024-06-17,4.82,Active
D03795,Jean Reilly,SUV,Bishan,2023-07-23,4.16,Active
D03796,Kimberly Sandoval,Electric,Bishan,2022-03-19,4.19,Active
D03797,Stephen Lopez,Hatchback,Bishan,2021-07-04,3.69,Active
D03798,Elizabeth Stout,SUV,Bedok,2022-03-07,4.51,Active
D03799,Tamara Thomas,Electric,Singapore,2023-01-15,4.72,Active
D03800,Kimberly Gray,Electric,Bedok,2020-05-04,3.54,Active
D03801,Paige Martin,Hatchback,Jurong,2023-05-07,4.71,Active
D03802,Elizabeth Olson,Hatchback,Ang Mo Kio,2022-07-01,4.26,Active
D03803,Stephanie Jackson,MPV,Bishan,2025-11-08,3.78,Active
D03804,Ethan Shannon,Sedan,Jurong,2021-01-13,3.76,Inactive
D03805,Charles Miles,Premium,Bedok,2024-09-11,4.91,Active
D03806,Jennifer Henderson,Hatchback,Punggol,2025-04-17,3.56,Active
D03807,Jose Wilson,Premium,Yishun,2021-12-10,4.61,Inactive
D03808,Virginia Meyer,Hatchback,Yishun,2022-12-31,3.73,Active
D03809,Kathy Craig,Hatchback,Toa Payoh,2024-10-01,4.93,Active
D03810,Melissa White,Premium,Bedok,2024-09-03,4.25,Active
D03811,Joseph Barrett,Electric,Tampines,2019-05-22,4.98,Active
D03812,Christina Johnson,Premium,Tampines,2022-02-22,4.05,Active
D03813,Lisa James,Hatchback,Toa Payoh,2019-02-22,4.81,Active
D03814,Jonathan Miller,Electric,Woodlands,2023-11-17,4.84,Active
D03815,Michelle Jones,Hatchback,Yishun,2018-12-19,4.41,Active
D03816,Sharon Francis,Electric,Tampines,2019-07-29,3.8,Active
D03817,Nancy Sanchez,Hatchback,Woodlands,2024-07-07,4.62,Active
D03818,Jennifer Gutierrez,Hatchback,Bedok,2026-04-10,3.9,Active
D03819,Terry Gentry,Premium,Ang Mo Kio,2025-09-20,3.94,Suspended
D03820,Ryan Shannon,MPV,Bishan,2023-01-24,4.8,Active
D03821,Jonathan Jones,Hatchback,Ang Mo Kio,2025-05-16,4.77,Active
D03822,Frederick Long,Sedan,Punggol,2021-04-28,4.97,Active
D03823,Linda Barnes,Hatchback,Jurong,2020-12-23,3.54,Active
D03824,Valerie Dawson,Sedan,Bedok,2023-01-22,4.46,Active
D03825,Shelby Stuart,Sedan,Woodlands,2023-11-02,4.53,Active
D03826,Nathaniel Alexander,MPV,Bedok,2021-01-14,3.57,Active
D03827,Beth Gordon,MPV,Bedok,2021-06-11,4.66,Active
D03828,Thomas Larson,Premium,Punggol,2022-02-02,3.89,Active
D03829,Diana Roberts,SUV,Singapore,2021-03-02,4.18,Active
D03830,James Vaughn,SUV,Singapore,2026-01-06,4.65,Active
D03831,Anthony Clarke,MPV,Jurong,2023-08-12,4.87,Active
D03832,Crystal Turner,Premium,Bishan,2019-01-06,4.37,Active
D03833,Samuel Mcgee,Sedan,Tampines,2025-02-01,4.06,Active
D03834,Brandon Brown,MPV,Punggol,2019-01-04,4.54,Active
D03835,Natalie Brown,Sedan,Bishan,2019-01-22,4.74,Active
D03836,George Lewis,Premium,Yishun,2025-02-13,4.87,Active
D03837,Julia Taylor,Premium,Toa Payoh,2025-08-26,4.01,Active
D03838,Jesse Mcintyre,Premium,Toa Payoh,2024-02-25,4.31,Active
D03839,Ricardo Howard,Premium,Woodlands,2026-05-30,3.87,Active
D03840,Charles Nelson,Electric,Singapore,2018-09-14,4.98,Active
D03841,Christopher Parker,MPV,Ang Mo Kio,2023-03-03,3.84,Active
D03842,Susan Soto,MPV,Bedok,2024-08-01,4.23,Active
D03843,Clinton Campos,Sedan,Ang Mo Kio,2025-02-20,4.54,Active
D03844,Robert Garcia,SUV,Woodlands,2019-02-02,4.81,Active
D03845,Tricia Fernandez,MPV,Singapore,2019-01-11,4.54,Active
D03846,Morgan Warren,SUV,Bedok,2022-10-16,3.82,Inactive
D03847,Raymond Marshall,MPV,Yishun,2018-11-16,4.11,Active
D03848,Morgan Diaz,SUV,Ang Mo Kio,2023-09-03,4.38,Active
D03849,Paul Wilson,SUV,Ang Mo Kio,2020-08-12,4.18,Active
D03850,Nathan Gardner,SUV,Yishun,2022-01-25,4.93,Active
D03851,William Duncan,MPV,Punggol,2025-03-19,4.9,Active
D03852,Douglas Marsh,Hatchback,Yishun,2024-06-06,4.94,Active
D03853,Christina West,SUV,Woodlands,2020-04-18,4.64,Active
D03854,Xavier Perry,Sedan,Bedok,2024-09-14,3.9,Active
D03855,Kevin Christensen,Hatchback,Bishan,2020-09-18,4.77,Active
D03856,Donald Fischer,Hatchback,Woodlands,2020-09-02,4.06,Active
D03857,Jason Lara,Hatchback,Bishan,2023-11-13,3.54,Active
D03858,Nicholas Jenkins,Sedan,Singapore,2025-11-02,4.17,Active
D03859,Leslie Miller,Electric,Ang Mo Kio,2019-04-07,4.98,Active
D03860,Brett Riggs,Premium,Yishun,2024-06-05,4.84,Active
D03861,Jeremy Reynolds,Premium,Ang Mo Kio,2021-07-30,4.14,Active
D03862,Deanna Roman,SUV,Yishun,2021-06-21,4.38,Active
D03863,Aaron White,Sedan,Bedok,2026-02-18,4.24,Inactive
D03864,William Caldwell,Hatchback,Ang Mo Kio,2025-01-07,3.77,Active
D03865,Cory Crane,MPV,Woodlands,2022-08-09,4.83,Active
D03866,Kevin Martinez,Premium,Singapore,2025-09-18,4.3,Active
D03867,Michael Thompson,Premium,Toa Payoh,2022-12-28,4.97,Active
D03868,Kathryn White,MPV,Bishan,2023-11-17,4.2,Active
D03869,Amanda Carter,Sedan,Toa Payoh,2025-09-19,4.01,Active
D03870,Curtis Frederick,MPV,Bedok,2021-01-30,4.14,Active
D03871,Courtney Monroe,SUV,Punggol,2025-06-11,3.65,Active
D03872,Rachel Casey,SUV,Ang Mo Kio,2026-01-12,3.78,Active
D03873,Kevin Ross,Electric,Bishan,2023-01-13,3.6,Active
D03874,Katie Johnson,Electric,Singapore,2020-06-04,4.65,Active
D03875,Ronald Wagner,Hatchback,Tampines,2024-07-01,4.33,Inactive
D03876,Samuel Kaiser,Hatchback,Singapore,2022-07-12,4.66,Active
D03877,Christine Johnson,Hatchback,Punggol,2019-09-16,4.33,Active
D03878,James Cherry,Premium,Jurong,2021-10-17,3.96,Active
D03879,Kyle Turner,Electric,Woodlands,2022-04-01,4.23,Inactive
D03880,Mrs. Michelle Williams,Premium,Ang Mo Kio,2022-06-14,4.64,Active
D03881,Brenda Singh,Premium,Toa Payoh,2024-08-10,3.51,Active
D03882,David Brooks,Hatchback,Yishun,2019-10-19,4.07,Inactive
D03883,Ashley Howe,Electric,Jurong,2024-08-05,4.2,Active
D03884,Robin Young,Electric,Yishun,2022-06-07,4.2,Active
D03885,Kenneth Garcia,Sedan,Yishun,2021-03-17,4.3,Active
D03886,Lindsey Holt,Hatchback,Bishan,2020-05-04,4.5,Active
D03887,Zachary Ford,SUV,Jurong,2025-12-24,4.05,Active
D03888,Lisa Duncan,Premium,Woodlands,2022-12-09,3.92,Active
D03889,Sandra Vega,Sedan,Ang Mo Kio,2020-07-08,3.67,Active
D03890,Devon Hill,Hatchback,Singapore,2018-08-09,3.59,Active
D03891,Ashley Daniels,Electric,Yishun,2019-02-28,4.54,Active
D03892,Rickey Gardner,Electric,Punggol,2018-10-07,4.94,Active
D03893,Antonio Flowers,Electric,Woodlands,2020-03-21,4.1,Active
D03894,Jeffery Davis,Electric,Toa Payoh,2021-06-19,4.58,Active
D03895,Kelli Taylor,SUV,Woodlands,2018-11-26,4.75,Active
D03896,Wesley Flores,Sedan,Ang Mo Kio,2023-10-28,4.15,Active
D03897,Kirk Johnson,Hatchback,Yishun,2020-10-19,3.74,Active
D03898,Michael Hickman,Hatchback,Jurong,2024-08-16,3.76,Active
D03899,Chad Mccormick,Electric,Bishan,2026-05-16,4.4,Active
D03900,Mrs. Samantha Franklin,Premium,Bishan,2020-12-24,4.09,Active
D03901,Robert Hall,Electric,Toa Payoh,2025-11-14,4.96,Active
D03902,Kimberly Ball,Electric,Bishan,2024-04-06,4.36,Active
D03903,Lori Hogan,Premium,Woodlands,2023-09-02,3.84,Active
D03904,Donald Holmes,Premium,Tampines,2026-02-16,4.98,Active
D03905,James Harris,Hatchback,Bedok,2020-10-01,4.61,Active
D03906,Victoria Barnett,MPV,Jurong,2019-10-30,3.79,Active
D03907,Colleen Stewart,Hatchback,Bedok,2026-02-08,4.79,Active
D03908,Yvonne Beard,Sedan,Ang Mo Kio,2023-06-04,3.56,Active
D03909,Sabrina Meyers,Sedan,Bishan,2021-03-31,3.64,Inactive
D03910,William Barnes,Electric,Tampines,2023-11-18,4.64,Active
D03911,Blake Reid,Sedan,Bedok,2024-10-21,4.09,Active
D03912,Jason Elliott,Hatchback,Bedok,2020-03-15,4.9,Inactive
D03913,Rachel Armstrong,Electric,Toa Payoh,2024-04-22,4.74,Active
D03914,Keith Hernandez,Premium,Bishan,2025-05-16,4.7,Active
D03915,Kyle Webster,Hatchback,Bedok,2022-12-30,3.68,Active
D03916,Adam Walters,Premium,Yishun,2019-01-06,3.83,Active
D03917,Heather Davenport,MPV,Woodlands,2023-06-30,3.78,Active
D03918,Tiffany Montoya,Sedan,Bishan,2026-01-19,3.73,Active
D03919,Karen Smith,MPV,Bishan,2018-12-26,4.46,Active
D03920,Amanda Paul,MPV,Singapore,2022-12-26,3.69,Active
D03921,Holly Lawson,Hatchback,Punggol,2021-08-30,4.4,Active
D03922,Sherri Henderson,Premium,Singapore,2025-01-01,4.93,Inactive
D03923,Victoria Koch,MPV,Yishun,2021-03-23,3.65,Active
D03924,Jane Powell,SUV,Woodlands,2020-10-14,4.33,Active
D03925,Amy Wong,Sedan,Singapore,2020-11-14,3.89,Active
D03926,Sarah Reese,Electric,Yishun,2024-12-25,3.73,Active
D03927,Tiffany Howe,MPV,Bedok,2020-06-08,4.81,Active
D03928,Walter Russell,MPV,Singapore,2019-09-06,3.69,Active
D03929,Jennifer Johnson,MPV,Woodlands,2025-09-08,4.02,Active
D03930,Christy Gamble,SUV,Ang Mo Kio,2026-02-10,4.17,Active
D03931,Leslie Garner,Hatchback,Singapore,2021-05-04,4.36,Active
D03932,Tina Bryan,Electric,Punggol,2021-11-30,3.78,Active
D03933,Sarah Berger,Sedan,Tampines,2020-07-24,4.5,Active
D03934,Taylor Vincent,Hatchback,Yishun,2022-02-13,4.49,Inactive
D03935,Jeremy Martin,SUV,Toa Payoh,2024-07-27,4.17,Active
D03936,Bethany Miller,SUV,Yishun,2019-11-20,3.68,Active
D03937,Jamie Casey,Hatchback,Ang Mo Kio,2023-12-25,4.4,Inactive
D03938,Laura Lane,SUV,Bishan,2020-08-29,4.66,Active
D03939,Brett Nelson,Hatchback,Punggol,2023-09-21,3.57,Active
D03940,Kyle Griffin,SUV,Punggol,2018-11-15,4.95,Active
D03941,Shannon Swanson,Sedan,Woodlands,2019-09-13,4.65,Active
D03942,Aaron Krueger,SUV,Punggol,2025-02-23,4.92,Active
D03943,Jose Mccoy,SUV,Toa Payoh,2025-06-22,4.37,Active
D03944,Alan Castillo,Sedan,Toa Payoh,2018-08-07,4.65,Active
D03945,Robert Wilcox,MPV,Bishan,2021-06-22,3.69,Inactive
D03946,Michelle Drake,SUV,Tampines,2023-06-22,4.24,Active
D03947,Maria Sellers,Hatchback,Woodlands,2018-08-19,3.77,Active
D03948,Seth Ruiz,Hatchback,Woodlands,2026-02-25,4.35,Inactive
D03949,Haley Myers,Premium,Bishan,2022-06-15,4.61,Active
D03950,Matthew Padilla DDS,Premium,Tampines,2019-10-27,3.76,Active
D03951,Raymond Cole,Electric,Jurong,2019-03-11,3.75,Active
D03952,Thomas Maldonado,Electric,Bedok,2020-01-01,4.92,Active
D03953,John Diaz,SUV,Woodlands,2022-09-15,3.64,Active
D03954,James Lee Jr.,Electric,Ang Mo Kio,2022-11-08,4.72,Active
D03955,Phillip King,SUV,Jurong,2019-12-13,4.3,Active
D03956,Kerry Brown,Electric,Woodlands,2018-11-11,3.65,Active
D03957,Jared Sloan,Hatchback,Tampines,2022-04-18,3.65,Inactive
D03958,Nicholas Santiago,Electric,Punggol,2026-04-19,4.32,Active
D03959,Jennifer Bowman,Premium,Tampines,2019-11-18,4.13,Active
D03960,Robert Knight,Hatchback,Singapore,2025-05-28,4.15,Active
D03961,Vanessa Lee,Sedan,Yishun,2026-06-08,3.66,Active
D03962,Joseph Price,Premium,Singapore,2019-11-03,3.97,Inactive
D03963,Tamara Scott,MPV,Toa Payoh,2018-10-04,4.44,Active
D03964,Amber Fisher MD,Sedan,Singapore,2022-03-16,4.49,Active
D03965,Kristin Curtis,MPV,Ang Mo Kio,2018-12-01,4.67,Active
D03966,Jennifer Mccormick,Electric,Woodlands,2024-02-27,3.69,Active
D03967,Amy Kim,Electric,Jurong,2025-05-02,4.95,Active
D03968,Martha Holland,SUV,Tampines,2020-05-21,3.73,Active
D03969,Lisa Ramirez,SUV,Bishan,2023-03-30,4.56,Active
D03970,Sheila Thompson,Premium,Tampines,2020-02-28,4.48,Active
D03971,James Mccarthy,Electric,Bedok,2026-05-08,4.21,Active
D03972,Andrea Carter,Sedan,Yishun,2019-07-17,3.64,Active
D03973,Robert Sanchez,Electric,Toa Payoh,2019-01-30,4.48,Inactive
D03974,Catherine Greer,Electric,Woodlands,2025-09-18,4.37,Inactive
D03975,Dawn Camacho,Premium,Yishun,2019-02-15,4.81,Active
D03976,Matthew Hogan,Electric,Bishan,2024-03-27,4.94,Active
D03977,Jenna Hall,SUV,Toa Payoh,2025-05-06,3.62,Active
D03978,Brett Gonzalez,Sedan,Yishun,2019-08-13,3.6,Active
D03979,Diana May,Premium,Toa Payoh,2019-03-16,4.77,Active
D03980,Alyssa Johnson,MPV,Jurong,2023-07-31,4.63,Active
D03981,Madison Turner,MPV,Bishan,2020-06-27,4.55,Active
D03982,Christopher Brennan,Sedan,Yishun,2023-03-04,3.7,Active
D03983,Janice Rodriguez,Hatchback,Tampines,2019-08-16,4.02,Active
D03984,Jessica Hunter,Electric,Tampines,2026-06-19,4.16,Active
D03985,Daniel Carter,Hatchback,Singapore,2025-08-31,3.7,Active
D03986,David Herman,Premium,Jurong,2022-06-19,4.99,Active
D03987,William Garcia,Electric,Singapore,2025-12-05,4.04,Active
D03988,Sandra Wilson,Hatchback,Punggol,2024-03-25,3.7,Active
D03989,April Blackburn MD,SUV,Singapore,2023-02-24,4.75,Active
D03990,Logan Allen,Sedan,Bedok,2023-06-05,4.77,Active
D03991,Jorge Briggs,Hatchback,Woodlands,2019-04-02,4.64,Active
D03992,Scott Harris,Electric,Jurong,2021-04-28,3.68,Active
D03993,William Gonzalez,Hatchback,Tampines,2021-03-20,4.51,Active
D03994,Linda Roberts,Hatchback,Jurong,2022-08-07,4.44,Active
D03995,David Ramirez,Sedan,Punggol,2021-07-03,4.08,Active
D03996,Tiffany Roberts,Sedan,Toa Payoh,2021-01-28,4.09,Active
D03997,Justin Williams,SUV,Jurong,2023-12-13,4.29,Active
D03998,Leslie Nelson,Hatchback,Jurong,2022-08-20,4.54,Active
D03999,Mary Mullins,Hatchback,Yishun,2023-05-02,4.69,Active
D04000,Tonya Jimenez,Sedan,Punggol,2025-10-21,3.53,Inactive
D04001,Sharon Brown,Premium,Jurong,2022-12-16,4.75,Active
D04002,Nicole Ward,MPV,Toa Payoh,2024-07-13,4.26,Active
D04003,William Burton,Hatchback,Bishan,2023-05-30,4.9,Active
D04004,Andrew Green,Hatchback,Bedok,2025-01-26,3.5,Inactive
D04005,John Ward,Hatchback,Bedok,2024-06-22,4.41,Active
D04006,Christine Holland,Sedan,Jurong,2022-02-25,3.53,Active
D04007,Charles Johnson,Sedan,Singapore,2023-08-10,4.72,Active
D04008,Janice West,Hatchback,Toa Payoh,2024-09-01,4.61,Active
D04009,John Hancock,Sedan,Punggol,2018-09-22,4.62,Active
D04010,Meghan Barker,Premium,Jurong,2019-11-27,4.96,Active
D04011,Karen Simmons,Electric,Singapore,2025-12-31,4.61,Active
D04012,Emily Carlson,MPV,Jurong,2019-04-18,4.46,Active
D04013,Rachel Gray,Premium,Jurong,2021-09-23,3.5,Active
D04014,Curtis Webb,Hatchback,Singapore,2023-07-09,3.85,Active
D04015,Virginia Perez,Sedan,Toa Payoh,2021-10-18,3.83,Active
D04016,Emily Small,Sedan,Toa Payoh,2022-03-19,4.45,Active
D04017,Jessica Price,Sedan,Bedok,2022-10-06,3.74,Active
D04018,Erin Watts,Electric,Toa Payoh,2026-07-17,4.55,Inactive
D04019,Mary Anderson,Hatchback,Tampines,2025-06-09,4.33,Active
D04020,Daniel Mccoy,Premium,Yishun,2024-12-26,4.7,Active
D04021,Kim Hansen,Sedan,Tampines,2024-04-12,4.68,Inactive
D04022,Susan Kennedy,Hatchback,Punggol,2019-09-22,3.91,Active
D04023,Michelle Gray,MPV,Toa Payoh,2020-03-17,3.78,Active
D04024,Shannon Massey,Sedan,Yishun,2023-12-16,3.77,Active
D04025,Gloria Mcintyre,Sedan,Woodlands,2019-05-25,3.9,Active
D04026,Dustin Maddox,MPV,Toa Payoh,2025-09-02,3.97,Active
D04027,Teresa Smith,Electric,Jurong,2019-10-05,4.32,Active
D04028,Rachel Robinson,Hatchback,Ang Mo Kio,2021-04-23,4.24,Active
D04029,Joshua Miller,SUV,Toa Payoh,2025-02-20,4.84,Active
D04030,William Thomas,Premium,Toa Payoh,2021-07-29,4.15,Active
D04031,Kenneth Combs,Electric,Woodlands,2020-03-15,3.85,Active
D04032,Kelly Gaines,SUV,Punggol,2020-11-23,4.14,Active
D04033,Ronald Smith,MPV,Toa Payoh,2023-05-31,3.51,Active
D04034,Kristin Ortega,SUV,Woodlands,2020-01-14,3.78,Active
D04035,John Brown,Sedan,Jurong,2022-03-17,3.7,Active
D04036,Paige Williams,Electric,Toa Payoh,2024-04-02,3.71,Active
D04037,James Conway,Premium,Tampines,2024-01-19,3.61,Active
D04038,Andrea Johnson,MPV,Yishun,2018-08-26,4.17,Active
D04039,Bradley Cox,SUV,Bedok,2021-03-13,3.86,Active
D04040,Timothy Smith,Sedan,Bishan,2023-12-10,4.37,Active
D04041,Christopher Dawson,SUV,Singapore,2026-06-04,4.23,Active
D04042,Julia Perez,SUV,Tampines,2020-07-10,4.2,Active
D04043,Brandon Young,Sedan,Bedok,2022-11-04,4.66,Active
D04044,Ryan Baldwin,MPV,Ang Mo Kio,2019-05-27,4.01,Active
D04045,Paul Simmons,Sedan,Ang Mo Kio,2018-12-12,4.7,Active
D04046,Mark Flores,MPV,Toa Payoh,2026-07-07,4.87,Active
D04047,Stephanie Perez,Premium,Ang Mo Kio,2022-07-30,4.16,Active
D04048,Linda Haynes,MPV,Woodlands,2024-08-22,4.85,Active
D04049,Mr. Joseph Nolan,Electric,Bedok,2019-09-01,3.59,Active
D04050,Gregory Phillips,Hatchback,Bedok,2020-06-15,4.23,Active
D04051,Joshua Livingston,Hatchback,Bishan,2024-12-03,3.76,Active
D04052,Brett Wilson,Sedan,Yishun,2022-06-10,4.81,Active
D04053,Susan Jones,MPV,Bedok,2020-10-15,4.18,Active
D04054,John Johnson,SUV,Bedok,2025-09-08,4.45,Inactive
D04055,Clifford Dudley,Hatchback,Bishan,2022-11-05,4.71,Active
D04056,Larry Marsh,Premium,Ang Mo Kio,2018-11-15,4.06,Active
D04057,Karen Davis,Sedan,Bedok,2020-02-26,4.82,Active
D04058,Mark Calderon,SUV,Yishun,2021-03-13,4.52,Active
D04059,Jonathan Rodgers,MPV,Toa Payoh,2024-06-09,4.42,Active
D04060,James Christian,Hatchback,Bishan,2019-11-27,4.89,Active
D04061,Patrick Shaw,Hatchback,Toa Payoh,2019-03-30,3.95,Active
D04062,Annette Thompson,Electric,Toa Payoh,2018-09-06,4.5,Active
D04063,Adrian Thomas,Premium,Singapore,2024-01-01,4.05,Active
D04064,Katherine Bullock,Electric,Jurong,2025-12-17,3.92,Active
D04065,Mark Fuentes,MPV,Toa Payoh,2022-07-30,4.03,Active
D04066,Timothy Austin,Sedan,Punggol,2023-08-27,3.95,Active
D04067,Caroline Morris,Electric,Toa Payoh,2022-12-23,4.12,Active
D04068,Debra Johnson,Electric,Tampines,2024-07-25,4.1,Active
D04069,Mark Whitaker,Premium,Singapore,2019-01-22,4.28,Active
D04070,Connor Johnson,Premium,Toa Payoh,2021-11-21,4.49,Active
D04071,Ryan Hall,Sedan,Bedok,2026-06-05,4.3,Inactive
D04072,Janice Faulkner,Hatchback,Yishun,2023-04-23,4.64,Active
D04073,Hector Jones,Electric,Bedok,2022-01-29,3.79,Active
D04074,Erica Thompson,SUV,Bishan,2025-08-31,4.22,Active
D04075,Dalton Watson,MPV,Ang Mo Kio,2018-08-30,4.86,Active
D04076,Sandra Sanchez MD,MPV,Punggol,2020-11-14,4.2,Active
D04077,Joseph Baker,Electric,Punggol,2025-10-05,3.52,Inactive
D04078,Benjamin Gray,SUV,Woodlands,2019-04-17,4.25,Active
D04079,Dr. Jeremiah Young,SUV,Yishun,2025-08-01,4.29,Active
D04080,George Taylor,MPV,Toa Payoh,2025-07-09,4.45,Inactive
D04081,Christopher Mckenzie,Hatchback,Tampines,2018-08-21,4.05,Active
D04082,Jessica Orozco,Electric,Ang Mo Kio,2026-03-16,3.91,Active
D04083,Darryl Lopez,Hatchback,Toa Payoh,2020-12-15,4.37,Active
D04084,Brian Villanueva,Sedan,Woodlands,2023-06-04,4.83,Active
D04085,John Hamilton,SUV,Ang Mo Kio,2020-01-09,3.91,Suspended
D04086,Julia Kelly,MPV,Singapore,2025-07-04,3.85,Active
D04087,Gary Luna,Electric,Yishun,2022-05-07,3.95,Active
D04088,Miss Stephanie Robbins,Sedan,Singapore,2022-02-22,4.23,Active
D04089,Dawn Mcdonald,MPV,Punggol,2018-08-27,3.86,Active
D04090,James Nichols,MPV,Singapore,2023-02-06,3.89,Active
D04091,Michael Edwards,MPV,Yishun,2018-08-14,3.76,Active
D04092,Michael Gibson,MPV,Bedok,2023-10-22,4.88,Active
D04093,Victor Curtis,Premium,Bishan,2024-05-25,4.12,Active
D04094,Audrey Mason,Premium,Bedok,2020-07-04,4.41,Active
D04095,Jeffrey Costa,Sedan,Toa Payoh,2022-05-14,4.57,Active
D04096,Bonnie Vincent,Electric,Yishun,2021-12-19,3.67,Active
D04097,Amanda Valdez,Electric,Toa Payoh,2024-06-15,3.93,Active
D04098,Christopher James,MPV,Yishun,2024-04-04,4.12,Active
D04099,Hayden Thomas,Hatchback,Toa Payoh,2024-07-27,3.81,Active
D04100,Amy Johnson MD,Premium,Tampines,2020-01-22,4.06,Active
D04101,Jay Whitaker Jr.,Hatchback,Punggol,2023-02-07,4.7,Active
D04102,Haley Summers,Hatchback,Bishan,2020-12-05,3.51,Active
D04103,Matthew Mahoney,Sedan,Jurong,2025-07-03,4.44,Active
D04104,Sean Lee,Sedan,Yishun,2025-03-06,4.95,Active
D04105,Anthony Haas,Hatchback,Yishun,2019-11-22,3.65,Active
D04106,Raymond Berry,Electric,Bishan,2025-02-02,3.96,Active
D04107,Mark Blackwell,Electric,Woodlands,2025-12-16,4.31,Inactive
D04108,Kelly Ramirez,Premium,Yishun,2019-08-29,4.71,Active
D04109,Lisa Martin,SUV,Singapore,2024-11-10,4.87,Active
D04110,Tamara Walker,Hatchback,Punggol,2026-05-26,4.47,Active
D04111,Joshua Mason,Electric,Punggol,2024-03-20,4.64,Active
D04112,Randall Erickson,SUV,Bedok,2021-01-29,4.03,Active
D04113,David Arias,MPV,Singapore,2019-05-31,4.15,Active
D04114,Stacey Allen,Electric,Jurong,2018-12-22,4.14,Active
D04115,Andrea Carson,Premium,Toa Payoh,2021-10-12,3.51,Active
D04116,James Hardy,Hatchback,Jurong,2020-03-19,3.71,Active
D04117,Samantha Little,Electric,Punggol,2018-12-02,4.51,Active
D04118,Jamie Harrison,MPV,Ang Mo Kio,2020-02-24,4.53,Active
D04119,Shannon Valenzuela,SUV,Tampines,2023-02-10,4.36,Active
D04120,Mike Clark,SUV,Yishun,2018-09-29,4.99,Active
D04121,Sandra Johnson,Hatchback,Punggol,2023-02-15,3.8,Active
D04122,Jacqueline Proctor,SUV,Woodlands,2024-06-23,4.63,Active
D04123,Laura Johns,Hatchback,Yishun,2022-10-08,3.75,Active
D04124,Lisa Davis,Sedan,Ang Mo Kio,2022-11-14,4.88,Active
D04125,Andrew Dean,SUV,Woodlands,2021-05-16,4.71,Inactive
D04126,Gregory Parker,Sedan,Bedok,2019-10-15,4.16,Active
D04127,Sheila Nelson,MPV,Toa Payoh,2020-01-24,4.41,Active
D04128,Steven Robinson,Hatchback,Woodlands,2021-10-16,4.69,Active
D04129,Robert Larson,SUV,Jurong,2021-01-07,4.26,Suspended
D04130,Christopher Grimes,Premium,Bedok,2024-05-07,4.56,Inactive
D04131,Jerry Lopez DDS,SUV,Punggol,2022-07-23,4.33,Active
D04132,Brittany Reeves,Premium,Bishan,2021-10-26,4.76,Active
D04133,Mrs. Sharon Kennedy PhD,Hatchback,Singapore,2026-06-06,3.83,Active
D04134,Sheila Mendoza,MPV,Yishun,2021-10-06,4.55,Active
D04135,Megan Wood,Sedan,Punggol,2019-03-11,4.19,Inactive
D04136,Amy Poole,SUV,Bedok,2022-02-02,4.84,Active
D04137,Julia White,SUV,Toa Payoh,2021-11-11,4.85,Active
D04138,Wendy Ellison,Electric,Yishun,2019-07-12,4.2,Active
D04139,Joseph Norris,Premium,Punggol,2026-05-19,4.7,Active
D04140,Ashlee Roman,MPV,Bishan,2025-08-19,4.01,Active
D04141,Warren Howard,Electric,Bedok,2022-10-17,4.01,Active
D04142,Kenneth Adams,SUV,Bishan,2019-02-08,3.9,Active
D04143,Monique Rogers,Premium,Tampines,2019-02-26,3.64,Active
D04144,Anita Palmer,SUV,Woodlands,2024-06-03,3.71,Active
D04145,Catherine Smith,Premium,Toa Payoh,2024-08-10,3.75,Active
D04146,Terri Peterson,SUV,Jurong,2020-02-14,4.97,Active
D04147,Yvonne Owens,SUV,Bedok,2025-10-17,3.81,Active
D04148,Tina Sanders,MPV,Bedok,2025-02-20,3.72,Active
D04149,Jeffrey Miller,Sedan,Yishun,2023-12-15,4.51,Active
D04150,Rebecca Lloyd,Electric,Singapore,2020-04-07,4.11,Active
D04151,Alexandra Sherman,Sedan,Bedok,2024-02-18,4.19,Active
D04152,Tamara Bishop,Premium,Punggol,2024-11-21,4.63,Active
D04153,Jeremy Kline,MPV,Bedok,2018-12-27,3.72,Active
D04154,Gina Smith,Electric,Tampines,2019-06-25,4.21,Active
D04155,Jasmin Marquez,MPV,Bishan,2026-07-20,4.45,Inactive
D04156,Morgan Miller,MPV,Ang Mo Kio,2018-11-11,3.99,Active
D04157,Brittany Graves,Sedan,Ang Mo Kio,2020-10-06,4.05,Active
D04158,Anna Walsh,MPV,Bedok,2022-04-28,3.87,Active
D04159,Jessica Rice,Sedan,Bedok,2020-01-07,4.96,Active
D04160,Paul Brown,Hatchback,Toa Payoh,2021-12-16,4.38,Active
D04161,Larry English,MPV,Toa Payoh,2024-10-12,4.85,Active
D04162,Eric Hull,Electric,Toa Payoh,2022-08-20,4.24,Active
D04163,Kimberly Lewis,Electric,Bedok,2022-07-05,3.56,Active
D04164,Dr. Daniel Moses,MPV,Punggol,2020-11-19,4.32,Active
D04165,Frederick Brooks,Sedan,Yishun,2021-12-20,4.97,Active
D04166,Christian Garrett,MPV,Tampines,2021-04-03,4.3,Inactive
D04167,Michele Collins,Premium,Woodlands,2024-12-12,4.74,Active
D04168,Eduardo Douglas,Premium,Bishan,2024-04-26,3.84,Active
D04169,Thomas Meyer,SUV,Jurong,2023-07-04,4.72,Active
D04170,Dr. Michael Walters,SUV,Punggol,2020-10-06,3.75,Inactive
D04171,Angela Williams,Hatchback,Singapore,2021-11-01,4.02,Active
D04172,Catherine Simmons,Hatchback,Bishan,2021-08-15,4.43,Active
D04173,Katherine Garcia,Electric,Singapore,2020-05-07,4.59,Active
D04174,Lisa Rodriguez,SUV,Ang Mo Kio,2019-01-03,4.43,Active
D04175,Mr. Robert Carrillo,MPV,Singapore,2023-08-29,4.59,Inactive
D04176,Michael Woods,Sedan,Tampines,2024-05-15,4.07,Active
D04177,Peter Cooper,Hatchback,Tampines,2021-08-16,3.92,Active
D04178,William Parker,MPV,Bishan,2022-02-04,4.83,Active
D04179,Dominic Miller,Sedan,Punggol,2026-02-03,4.76,Active
D04180,Kimberly Lewis,Premium,Yishun,2023-01-11,3.51,Active
D04181,Jason Jenkins,Hatchback,Bedok,2022-06-27,4.13,Active
D04182,Corey Russell,Hatchback,Yishun,2019-08-31,4.62,Active
D04183,Ashley Price,MPV,Bedok,2021-04-10,4.72,Active
D04184,Megan Nichols,Hatchback,Bedok,2023-11-28,3.77,Active
D04185,Mr. Chad Patel,Premium,Yishun,2025-01-29,4.7,Active
D04186,Mary Bush,Hatchback,Bedok,2022-06-08,4.1,Active
D04187,Douglas Barker,Sedan,Yishun,2021-02-15,4.47,Active
D04188,Kari Spence,MPV,Jurong,2021-12-18,4.45,Inactive
D04189,Sharon Rollins,Sedan,Woodlands,2025-05-18,3.69,Active
D04190,Juan Green,Electric,Tampines,2021-11-04,4.66,Active
D04191,Warren Wilson,Sedan,Singapore,2020-04-24,4.56,Active
D04192,Matthew Perry,Hatchback,Toa Payoh,2024-11-18,4.81,Active
D04193,Bryan Griffith,Electric,Singapore,2019-07-15,4.18,Active
D04194,Bruce Pena,MPV,Ang Mo Kio,2019-08-14,4.45,Active
D04195,Lauren Mcdonald,Hatchback,Tampines,2022-12-09,4.24,Active
D04196,Catherine Horton,Premium,Tampines,2025-10-27,4.74,Active
D04197,Robert Weber,SUV,Yishun,2019-12-23,4.13,Active
D04198,John Larson MD,SUV,Punggol,2021-10-26,4.61,Active
D04199,Kimberly Braun,MPV,Bedok,2021-02-26,4.58,Active
D04200,Sabrina Anthony,Electric,Woodlands,2020-08-05,3.65,Active
D04201,Daniel Harrison,Electric,Singapore,2020-04-15,4.8,Active
D04202,Tina Mccormick MD,Hatchback,Ang Mo Kio,2025-01-03,4.51,Active
D04203,Gerald Mcguire,MPV,Bishan,2020-01-01,3.79,Active
D04204,Keith Dixon,SUV,Yishun,2026-04-24,4.44,Active
D04205,Mary Cunningham,Sedan,Singapore,2024-07-31,4.37,Active
D04206,Brian Christian,Sedan,Bishan,2023-11-05,4.79,Active
D04207,Zachary Richardson,Premium,Singapore,2022-11-02,3.77,Active
D04208,Nicholas Schwartz,MPV,Jurong,2022-01-12,4.36,Inactive
D04209,Cassandra French,MPV,Bishan,2023-05-01,4.38,Active
D04210,Elizabeth Miller,Premium,Ang Mo Kio,2020-07-06,4.37,Active
D04211,Ruben Freeman,Hatchback,Yishun,2021-05-10,3.72,Active
D04212,Jennifer Benton,Sedan,Bishan,2024-11-24,3.92,Active
D04213,Andrea Blake,Premium,Yishun,2025-03-21,4.95,Active
D04214,Jessica Le,Hatchback,Punggol,2023-04-01,3.77,Active
D04215,Lisa Giles,Sedan,Toa Payoh,2020-09-23,4.95,Active
D04216,Shane Crosby,Hatchback,Bishan,2021-06-15,3.79,Active
D04217,Joel Johnson MD,Sedan,Toa Payoh,2021-06-25,4.95,Active
D04218,Katherine Lopez,SUV,Ang Mo Kio,2019-07-23,3.61,Active
D04219,Timothy Kelley,SUV,Jurong,2021-12-11,3.8,Active
D04220,John Morrison,SUV,Toa Payoh,2025-04-22,4.05,Active
D04221,Manuel Jimenez,SUV,Punggol,2025-08-15,4.91,Active
D04222,Ashley Gonzalez,Premium,Woodlands,2018-08-16,4.92,Inactive
D04223,Paul Valdez,Sedan,Tampines,2019-04-05,3.54,Active
D04224,Alexander Gibson,SUV,Toa Payoh,2023-07-26,4.63,Active
D04225,Albert Clark,MPV,Bedok,2023-12-18,4.39,Active
D04226,Brian Gillespie,Sedan,Toa Payoh,2022-09-06,3.52,Active
D04227,Christopher Wilkerson,MPV,Singapore,2023-06-16,3.95,Active
D04228,Brian Hicks,Hatchback,Singapore,2020-04-19,3.55,Inactive
D04229,Joshua Mcdonald,SUV,Tampines,2023-07-06,3.5,Active
D04230,Katelyn Roberts,Sedan,Bishan,2023-06-01,4.61,Active
D04231,Michelle Martin,Electric,Yishun,2021-01-14,4.6,Active
D04232,Isabella Hughes,Electric,Bedok,2022-06-10,4.25,Active
D04233,Ricky Weber,Electric,Bedok,2019-09-07,4.35,Active
D04234,Jeffrey Ramirez,Premium,Tampines,2021-07-23,4.99,Active
D04235,Richard Baldwin,Sedan,Jurong,2019-12-02,3.85,Active
D04236,Elizabeth Stewart,Electric,Singapore,2026-04-21,3.95,Active
D04237,Francis Hale,Premium,Yishun,2021-12-20,4.87,Active
D04238,Amanda Bennett,Sedan,Woodlands,2023-07-04,4.21,Active
D04239,Anthony Preston,SUV,Jurong,2021-12-24,3.58,Active
D04240,Lindsey Mcgee,Electric,Woodlands,2025-01-17,4.01,Active
D04241,Jeffrey Baldwin,Premium,Bishan,2021-01-17,3.89,Active
D04242,Scott Johnson,Hatchback,Bedok,2022-12-15,4.53,Active
D04243,Elizabeth Hodge,Sedan,Bedok,2024-07-14,3.8,Active
D04244,Lisa Yoder,Sedan,Toa Payoh,2022-11-06,4.34,Active
D04245,Zachary Martin,SUV,Punggol,2021-09-15,3.88,Active
D04246,Jeremiah Gonzales,SUV,Tampines,2024-08-25,4.48,Active
D04247,Ryan Riggs,MPV,Bedok,2025-07-26,4.04,Active
D04248,Dylan Robinson,Hatchback,Jurong,2021-09-25,4.66,Active
D04249,Anita Adams,Premium,Jurong,2019-03-09,3.7,Inactive
D04250,Donna Rosales,Premium,Ang Mo Kio,2020-06-07,4.54,Suspended
D04251,Veronica Weber,SUV,Punggol,2019-04-06,3.65,Inactive
D04252,Laurie Williamson,Premium,Yishun,2025-10-25,3.98,Inactive
D04253,Jason Lozano,SUV,Bedok,2024-06-01,3.85,Active
D04254,Angela Martin,Sedan,Ang Mo Kio,2026-06-27,4.28,Active
D04255,Steven Gamble,Premium,Bishan,2023-07-13,3.51,Active
D04256,Amanda Cuevas,Hatchback,Bishan,2020-02-24,3.64,Active
D04257,Christopher Allen,MPV,Punggol,2020-12-03,4.86,Active
D04258,Rebekah Ryan,Sedan,Singapore,2018-12-05,3.62,Active
D04259,Patrick Mcintosh,Hatchback,Tampines,2024-03-24,4.64,Active
D04260,Michael Garcia,Sedan,Yishun,2026-01-04,3.83,Active
D04261,Tony Allen,SUV,Ang Mo Kio,2021-08-25,4.87,Active
D04262,Emily Richard,Electric,Bedok,2018-11-05,3.6,Inactive
D04263,Cynthia Morgan,Premium,Ang Mo Kio,2026-06-19,4.07,Active
D04264,Donna Ponce,Premium,Singapore,2023-10-12,3.92,Active
D04265,Amber Wright,Hatchback,Bishan,2025-12-02,4.59,Inactive
D04266,Alexander Rodriguez,Electric,Toa Payoh,2025-01-13,4.46,Active
D04267,Randall Hawkins Jr.,Hatchback,Tampines,2023-06-15,4.96,Suspended
D04268,Tiffany Clark,Sedan,Ang Mo Kio,2026-07-28,4.75,Active
D04269,Julia Foster,Hatchback,Toa Payoh,2019-12-16,3.82,Active
D04270,Alexis Gilbert,Hatchback,Punggol,2026-04-19,4.52,Active
D04271,Michael Garcia,SUV,Toa Payoh,2018-11-26,3.59,Active
D04272,Keith Allen,Hatchback,Toa Payoh,2025-09-29,4.99,Active
D04273,Todd Soto,Premium,Bishan,2025-08-15,4.98,Active
D04274,Cassidy Perry,SUV,Jurong,2021-01-23,4.05,Inactive
D04275,Richard Stuart,Electric,Singapore,2021-01-27,3.75,Active
D04276,David Munoz,Sedan,Tampines,2020-06-14,3.69,Active
D04277,Jerome Nelson,Hatchback,Bedok,2021-05-25,3.75,Active
D04278,Stephen Gonzalez,Sedan,Bedok,2018-11-09,3.53,Suspended
D04279,Christopher Mcconnell,Hatchback,Jurong,2022-06-26,3.84,Active
D04280,Paul Bass,Premium,Woodlands,2018-09-13,4.57,Active
D04281,Lawrence Jones,Sedan,Bishan,2021-09-28,4.47,Inactive
D04282,Amanda Harris,Hatchback,Ang Mo Kio,2024-09-12,4.69,Active
D04283,Emily Clark,Premium,Tampines,2019-08-26,4.14,Active
D04284,Jeffery Henson,Electric,Toa Payoh,2023-04-07,4.58,Active
D04285,Elizabeth Harris,Hatchback,Bishan,2023-10-22,4.5,Active
D04286,Karen Nichols,Sedan,Yishun,2019-09-06,3.85,Active
D04287,Jennifer Reyes,MPV,Singapore,2026-06-16,4.14,Active
D04288,Angela Clark,MPV,Bishan,2021-12-07,4.0,Active
D04289,Patricia Soto,Hatchback,Ang Mo Kio,2020-08-06,4.91,Active
D04290,Ronald Chen Jr.,Premium,Bishan,2020-07-01,4.37,Active
D04291,Julia Jackson,SUV,Yishun,2023-09-25,4.31,Active
D04292,Marc Daniels,Hatchback,Tampines,2019-10-03,3.72,Active
D04293,Denise Miller,MPV,Tampines,2021-01-21,3.84,Active
D04294,Dr. Wesley Fischer MD,Sedan,Ang Mo Kio,2021-04-12,3.55,Active
D04295,Matthew Baker,Electric,Woodlands,2021-09-01,3.53,Active
D04296,Zachary Collier,SUV,Yishun,2020-03-27,4.41,Inactive
D04297,Jerome Simmons,SUV,Bedok,2024-09-05,4.15,Active
D04298,Anthony Ward,SUV,Woodlands,2020-12-10,4.47,Active
D04299,Mrs. Jasmine Mccann,MPV,Tampines,2024-06-30,4.46,Active
D04300,Pam Summers,Premium,Jurong,2021-04-05,4.83,Active
D04301,Anthony Jones,Sedan,Bedok,2019-12-10,4.11,Active
D04302,Michael Pena,Electric,Toa Payoh,2021-04-19,4.1,Active
D04303,Phillip Dyer,SUV,Tampines,2022-06-27,3.76,Active
D04304,Sherry Steele,SUV,Bishan,2021-12-12,4.36,Active
D04305,Tracy Hebert,Hatchback,Jurong,2019-10-08,4.69,Active
D04306,Brad Williams,Hatchback,Jurong,2020-07-02,4.79,Inactive
D04307,Sandra Graham,Hatchback,Bedok,2025-06-13,4.12,Active
D04308,Joseph Peterson,Electric,Bedok,2023-12-11,4.28,Active
D04309,Stephen Pope,Sedan,Woodlands,2022-08-17,3.93,Active
D04310,Mark Russell,Premium,Punggol,2023-08-02,4.59,Active
D04311,Chad Smith,Hatchback,Bedok,2020-09-02,3.95,Active
D04312,Taylor Wallace,Premium,Woodlands,2023-09-05,3.74,Active
D04313,Jeffrey Davidson,SUV,Bishan,2024-08-12,4.93,Active
D04314,Michael Stevens,MPV,Yishun,2026-01-26,4.7,Active
D04315,Shawn Thompson,Sedan,Bedok,2024-03-09,3.7,Active
D04316,William Gaines,MPV,Tampines,2022-08-16,4.37,Active
D04317,Alexis White,Hatchback,Punggol,2022-08-02,4.66,Active
D04318,Bobby Mcclain,SUV,Ang Mo Kio,2021-10-14,4.86,Inactive
D04319,Michele Reed,Sedan,Punggol,2023-05-01,4.09,Active
D04320,Daniel Rubio,Sedan,Singapore,2025-11-20,4.52,Active
D04321,Justin Vazquez,MPV,Tampines,2021-10-05,4.61,Inactive
D04322,Joseph Landry,Premium,Bishan,2021-02-02,4.49,Active
D04323,Sandra Wilson,Premium,Singapore,2020-02-14,3.81,Active
D04324,Eric Davis,Hatchback,Woodlands,2019-07-26,4.28,Active
D04325,Ryan Nichols,MPV,Yishun,2022-12-10,4.25,Active
D04326,David Hodges,MPV,Woodlands,2025-03-10,3.51,Active
D04327,Jeremy Wilkinson,Hatchback,Jurong,2020-03-05,4.38,Active
D04328,Michael Mcguire,SUV,Ang Mo Kio,2020-04-30,3.73,Active
D04329,Walter Diaz,SUV,Bedok,2019-06-18,3.9,Active
D04330,Sean Miller,Premium,Ang Mo Kio,2020-09-24,3.74,Inactive
D04331,Kathleen Williams,Hatchback,Singapore,2022-05-01,4.03,Active
D04332,Jerome Lewis,SUV,Punggol,2026-06-12,4.81,Active
D04333,Marcus Lynch,Electric,Toa Payoh,2024-12-08,4.25,Active
D04334,Kaitlyn Faulkner,Electric,Punggol,2025-09-10,4.24,Active
D04335,Chloe Howard,Electric,Toa Payoh,2025-08-10,4.51,Active
D04336,Jennifer Huffman,Sedan,Yishun,2020-07-30,4.74,Active
D04337,Carrie Meyers,Premium,Ang Mo Kio,2019-01-05,3.53,Active
D04338,Aaron Alvarado,MPV,Bishan,2024-03-15,4.2,Active
D04339,Michelle Miller,Hatchback,Singapore,2024-06-17,4.57,Active
D04340,Joanna Buchanan,MPV,Bishan,2022-10-17,3.8,Active
D04341,John Ramos,MPV,Tampines,2025-09-11,3.68,Active
D04342,Andrea Paul,Electric,Toa Payoh,2019-04-22,4.63,Active
D04343,Lisa Gomez,Sedan,Tampines,2025-04-04,4.04,Active
D04344,Mary Gonzales,Electric,Yishun,2023-02-16,4.79,Active
D04345,Brian Hall,MPV,Singapore,2019-06-20,3.82,Active
D04346,Dr. Jessica Patel,Premium,Yishun,2020-11-27,4.68,Inactive
D04347,William Mueller,Premium,Singapore,2022-05-16,4.84,Active
D04348,Joseph Branch,Hatchback,Ang Mo Kio,2023-07-19,4.49,Active
D04349,Justin Morris,Sedan,Woodlands,2023-03-16,3.8,Active
D04350,Kimberly Brown,Electric,Woodlands,2020-12-19,3.75,Active
D04351,Mitchell Lee,MPV,Toa Payoh,2023-03-02,3.77,Suspended
D04352,Anthony Price,Hatchback,Jurong,2020-12-11,3.89,Active
D04353,Richard Meyers,SUV,Toa Payoh,2025-09-21,4.95,Active
D04354,Julie Douglas,SUV,Yishun,2019-10-21,3.65,Active
D04355,Jennifer Miles,Electric,Bedok,2025-05-28,4.24,Active
D04356,Kristine Hernandez,MPV,Ang Mo Kio,2022-01-01,4.13,Active
D04357,Jeffrey Marsh,SUV,Woodlands,2025-05-29,4.45,Active
D04358,Justin Valdez,Premium,Bishan,2020-08-17,4.52,Active
D04359,Colleen Shah,Electric,Woodlands,2022-11-29,4.29,Inactive
D04360,Rachel Sanchez,SUV,Jurong,2025-01-19,4.34,Inactive
D04361,Danielle Prince,MPV,Toa Payoh,2023-04-09,3.81,Active
D04362,Michele Bates,Electric,Singapore,2022-04-30,3.54,Active
D04363,Matthew Smith,Hatchback,Jurong,2021-06-05,3.93,Active
D04364,Amber Mitchell,MPV,Yishun,2026-01-27,4.85,Inactive
D04365,Anna Martinez,Premium,Tampines,2019-07-03,4.87,Active
D04366,Samantha Castillo,SUV,Jurong,2020-03-09,3.91,Active
D04367,Maria Clark,Electric,Ang Mo Kio,2019-11-14,4.34,Active
D04368,Peggy Ward,Premium,Ang Mo Kio,2021-01-15,3.81,Active
D04369,Aaron Reed,MPV,Punggol,2026-07-01,4.65,Active
D04370,Martin Reese,Premium,Ang Mo Kio,2023-01-08,3.72,Active
D04371,Angela Ortiz,Sedan,Woodlands,2024-01-19,4.34,Active
D04372,Ms. Audrey Weber,SUV,Ang Mo Kio,2018-08-26,4.2,Active
D04373,Theresa Stewart,Sedan,Ang Mo Kio,2020-02-06,4.04,Active
D04374,Anthony Dunn,SUV,Bedok,2025-08-08,4.38,Active
D04375,Tyler Houston,Sedan,Singapore,2020-03-27,4.54,Active
D04376,Michael Garcia,SUV,Punggol,2021-02-11,4.23,Active
D04377,Kelly Wright,Hatchback,Ang Mo Kio,2024-10-20,4.96,Active
D04378,Janet Franklin,Hatchback,Woodlands,2019-04-23,4.34,Active
D04379,Kaitlin Lee,SUV,Woodlands,2025-01-26,3.9,Active
D04380,Dana Howard,Hatchback,Yishun,2020-10-25,4.84,Active
D04381,Hannah Howard,MPV,Woodlands,2021-04-17,4.75,Active
D04382,Mitchell Nelson,Hatchback,Bishan,2021-03-09,3.85,Active
D04383,Derek Smith,MPV,Singapore,2025-09-29,4.76,Active
D04384,Joanna Weaver,Premium,Ang Mo Kio,2025-08-21,3.66,Active
D04385,Mark Garcia,Hatchback,Bishan,2024-12-29,4.67,Active
D04386,Anthony Stewart,Sedan,Bishan,2026-01-03,4.94,Active
D04387,David Lewis,MPV,Bishan,2024-07-31,4.18,Active
D04388,Ralph Williams,Hatchback,Yishun,2020-04-21,3.86,Inactive
D04389,Christopher Hernandez,MPV,Singapore,2019-05-10,4.19,Active
D04390,Andrew Mitchell,Electric,Yishun,2022-06-19,3.51,Active
D04391,Mark Thompson,MPV,Tampines,2025-09-10,4.2,Active
D04392,Monica Fuller,SUV,Tampines,2019-09-03,3.68,Active
D04393,Pamela Reyes,Hatchback,Jurong,2019-08-28,3.75,Active
D04394,Shawn Moore,MPV,Toa Payoh,2023-05-11,4.36,Active
D04395,Christopher Ward,MPV,Woodlands,2023-05-24,4.29,Active
D04396,Matthew Thompson,Hatchback,Singapore,2023-10-25,3.55,Active
D04397,Richard Hughes,Electric,Toa Payoh,2021-09-05,4.62,Active
D04398,Deborah Lynch,Sedan,Punggol,2021-02-17,3.62,Suspended
D04399,Derek Davis,Sedan,Yishun,2025-07-02,4.46,Inactive
D04400,Samuel House,SUV,Toa Payoh,2025-03-13,3.68,Active
D04401,Beth Gibson,Sedan,Toa Payoh,2024-08-19,4.13,Inactive
D04402,Rhonda Smith,Hatchback,Woodlands,2026-07-27,3.7,Active
D04403,Miss Elizabeth Powell,Electric,Bishan,2023-05-07,4.93,Active
D04404,Michael Jackson,MPV,Tampines,2024-01-17,3.93,Active
D04405,Ryan Barrera PhD,MPV,Bedok,2019-05-10,3.54,Active
D04406,Betty Liu,MPV,Ang Mo Kio,2026-04-22,3.52,Active
D04407,Christina Norris,Premium,Punggol,2018-12-01,4.08,Active
D04408,Mary Pacheco,Premium,Tampines,2026-02-22,4.09,Active
D04409,Daniel Watson,Sedan,Yishun,2019-07-13,4.18,Active
D04410,Kaitlin Arnold,MPV,Tampines,2022-10-11,4.72,Suspended
D04411,Lauren Curtis,Electric,Yishun,2022-02-24,4.83,Active
D04412,Jennifer Flores,Hatchback,Woodlands,2023-04-14,4.26,Active
D04413,Paige Castillo,Hatchback,Singapore,2022-09-19,3.84,Active
D04414,Kevin Watson,Sedan,Punggol,2025-11-02,4.57,Active
D04415,Eddie White,SUV,Toa Payoh,2024-09-10,4.11,Active
D04416,Derek Hansen,Premium,Woodlands,2021-08-19,4.78,Active
D04417,Christopher Savage,MPV,Jurong,2022-09-07,4.4,Active
D04418,Lauren Williams,Electric,Tampines,2025-03-16,4.39,Active
D04419,Jared Green,SUV,Punggol,2024-01-17,4.11,Active
D04420,Kelly Walker,Sedan,Punggol,2020-06-17,4.87,Active
D04421,Christopher Sexton,Premium,Punggol,2026-02-12,3.74,Active
D04422,Ashley Fox,SUV,Jurong,2018-11-06,4.78,Active
D04423,Paula Ponce,Premium,Punggol,2026-04-12,4.86,Inactive
D04424,Tammy Ortiz,MPV,Ang Mo Kio,2025-07-20,4.06,Active
D04425,Jasmine Pineda,MPV,Toa Payoh,2023-08-29,4.21,Active
D04426,Kenneth Duran MD,Hatchback,Singapore,2024-12-28,4.68,Active
D04427,Christopher Cline,Hatchback,Tampines,2025-03-26,4.97,Active
D04428,Sandra Nelson,Hatchback,Tampines,2019-09-22,3.82,Active
D04429,Andrew Butler,Sedan,Punggol,2025-09-18,4.56,Active
D04430,Bobby Lee,MPV,Yishun,2025-06-09,4.72,Active
D04431,Kathleen Solomon,Sedan,Singapore,2023-04-14,4.55,Active
D04432,Christopher Brown,Hatchback,Singapore,2025-11-22,4.63,Active
D04433,Susan Friedman,Premium,Yishun,2019-11-12,4.65,Active
D04434,Carolyn Hayes,SUV,Woodlands,2018-12-17,3.82,Active
D04435,Cynthia Sherman,Sedan,Ang Mo Kio,2023-03-22,3.74,Active
D04436,Richard Peterson,Premium,Ang Mo Kio,2019-02-22,4.48,Active
D04437,Cassidy Pennington,Hatchback,Woodlands,2022-11-29,4.51,Active
D04438,Jamie Walker,SUV,Tampines,2019-03-17,4.04,Active
D04439,David Brooks,Electric,Singapore,2026-01-07,4.17,Active
D04440,James King,Hatchback,Jurong,2022-05-24,3.59,Active
D04441,Amy Bentley,Electric,Punggol,2019-12-05,4.55,Active
D04442,Anna Williams,Sedan,Singapore,2024-12-21,4.67,Active
D04443,Devon Jones,Sedan,Tampines,2025-04-15,3.87,Active
D04444,Michael Barton,SUV,Ang Mo Kio,2026-05-21,3.72,Active
D04445,Dakota Mccoy,Hatchback,Bedok,2024-08-12,4.17,Active
D04446,Jacob Cross,Premium,Jurong,2021-10-28,4.32,Active
D04447,Angela Johnson,Premium,Singapore,2022-08-26,4.21,Active
D04448,Mark Bradley,SUV,Bedok,2022-04-11,4.58,Active
D04449,Kathleen Sanders,Hatchback,Jurong,2020-12-07,4.12,Suspended
D04450,Matthew Gill,Premium,Woodlands,2021-04-01,4.98,Active
D04451,Jennifer Johnson,Premium,Yishun,2024-07-17,3.98,Active
D04452,Samantha Porter,MPV,Bishan,2023-02-08,3.95,Active
D04453,Erica Schwartz,Electric,Tampines,2020-03-18,4.82,Active
D04454,Gabriel Holland,SUV,Woodlands,2023-10-31,4.39,Active
D04455,Tonya Thomas,Sedan,Bedok,2024-09-28,4.73,Active
D04456,Richard Ramirez,Premium,Yishun,2020-05-21,3.72,Active
D04457,William Morgan,Sedan,Bedok,2025-10-22,4.32,Active
D04458,Erin Mccann MD,Hatchback,Tampines,2023-11-23,4.2,Active
D04459,Scott Ruiz,Premium,Jurong,2020-01-07,4.98,Active
D04460,Sheri Cherry,Electric,Woodlands,2025-10-22,4.85,Active
D04461,Audrey Lopez,Hatchback,Ang Mo Kio,2018-07-30,4.02,Active
D04462,Tamara Baker MD,Electric,Woodlands,2022-01-19,4.31,Active
D04463,Michelle Novak,Electric,Punggol,2019-06-06,4.96,Active
D04464,Sydney English,Hatchback,Ang Mo Kio,2023-08-27,4.06,Active
D04465,Tammy Fletcher,MPV,Bishan,2018-11-15,4.84,Active
D04466,Diana Thornton,Premium,Yishun,2018-09-27,4.84,Inactive
D04467,Katrina Liu,Electric,Punggol,2019-09-25,4.53,Active
D04468,Stephen Mcclain,Sedan,Jurong,2020-07-02,3.86,Active
D04469,Kevin Williams,Electric,Bishan,2020-02-11,3.98,Active
D04470,Karen Cisneros,Sedan,Tampines,2019-02-20,4.7,Active
D04471,Joseph Beard,MPV,Tampines,2022-05-24,4.03,Active
D04472,Kelsey Mckinney,Sedan,Bishan,2018-11-25,3.99,Active
D04473,Sara Bass,MPV,Yishun,2020-05-09,4.33,Active
D04474,Andrew Rivera,SUV,Tampines,2023-01-15,4.08,Active
D04475,Teresa Smith,SUV,Bedok,2026-06-02,3.6,Active
D04476,Nichole Ayala,Premium,Yishun,2020-05-13,4.92,Active
D04477,Elizabeth Finley,MPV,Tampines,2020-09-03,4.48,Active
D04478,Derrick Stanton,Hatchback,Toa Payoh,2020-03-01,4.72,Active
D04479,Scott Robertson,Electric,Yishun,2021-08-22,4.27,Inactive
D04480,Michael James,MPV,Jurong,2024-06-27,4.72,Active
D04481,Crystal Crosby,Premium,Tampines,2019-11-07,4.84,Active
D04482,Luis Smith,Premium,Woodlands,2025-05-14,4.21,Active
D04483,John Campos,Hatchback,Toa Payoh,2019-08-07,4.92,Active
D04484,Jessica Wilkerson,Sedan,Ang Mo Kio,2022-12-20,3.58,Active
D04485,Heather Howard,Electric,Jurong,2019-08-02,4.38,Active
D04486,Christopher Morales,Sedan,Yishun,2025-03-03,4.12,Active
D04487,Michael Sherman,MPV,Bishan,2020-09-17,4.51,Active
D04488,Chelsea Young,Electric,Bishan,2018-12-01,4.46,Active
D04489,Bryan Ward,SUV,Ang Mo Kio,2026-07-09,4.97,Active
D04490,Christina Poole,MPV,Toa Payoh,2025-04-11,4.58,Active
D04491,John Bradley,Sedan,Ang Mo Kio,2020-07-30,4.68,Active
D04492,Thomas Foley,Premium,Singapore,2024-08-25,4.56,Active
D04493,Daniel Wilson,Electric,Tampines,2026-02-26,3.62,Active
D04494,Shannon Jackson,Sedan,Jurong,2022-01-11,4.71,Active
D04495,Jesse Taylor,Hatchback,Tampines,2024-02-15,3.85,Active
D04496,Jennifer Baxter,MPV,Punggol,2022-04-04,4.47,Active
D04497,Melissa Noble,Sedan,Jurong,2020-04-25,4.51,Active
D04498,Sharon Morse,Premium,Ang Mo Kio,2019-05-09,4.71,Active
D04499,Kim Hendrix,Hatchback,Toa Payoh,2021-11-11,4.78,Active
D04500,Joseph Vincent,SUV,Toa Payoh,2023-07-21,4.45,Active
D04501,Paul Parker,Hatchback,Jurong,2026-07-23,3.72,Inactive
D04502,Sheila Reid,Hatchback,Bishan,2022-11-05,4.96,Active
D04503,Shelby Peterson,Sedan,Singapore,2022-04-28,4.15,Active
D04504,Matthew King,Premium,Bishan,2018-09-06,4.64,Active
D04505,Dillon Mendez,Hatchback,Bishan,2023-10-10,4.09,Active
D04506,William Ferguson,Hatchback,Punggol,2020-09-21,4.96,Active
D04507,Dawn Fernandez,MPV,Jurong,2025-04-23,4.7,Active
D04508,Evelyn Sparks,Hatchback,Woodlands,2024-01-16,3.58,Active
D04509,Melissa Smith,Hatchback,Punggol,2020-01-27,4.24,Active
D04510,Jasmin Cervantes,Sedan,Woodlands,2020-05-09,3.91,Inactive
D04511,Tiffany Hughes,Electric,Bishan,2023-05-12,4.52,Active
D04512,Sierra Jordan,Electric,Toa Payoh,2018-12-03,3.83,Active
D04513,Steven Hawkins,Premium,Singapore,2022-12-06,4.14,Active
D04514,Richard Thomas,MPV,Woodlands,2018-10-05,3.9,Active
D04515,Michael Johnson,Hatchback,Punggol,2021-05-10,4.27,Active
D04516,Tina Copeland,Hatchback,Tampines,2022-05-15,3.91,Active
D04517,Karen Gregory,Premium,Punggol,2025-01-27,4.02,Active
D04518,Philip Brennan MD,Premium,Ang Mo Kio,2023-08-13,4.4,Active
D04519,Katherine Castaneda MD,MPV,Singapore,2023-04-23,4.15,Active
D04520,James Price,MPV,Singapore,2022-02-05,3.56,Active
D04521,Gerald Brown,Sedan,Yishun,2026-05-10,4.81,Active
D04522,Thomas Walters,Sedan,Yishun,2025-12-28,3.87,Active
D04523,Brandon Payne,SUV,Singapore,2019-07-02,4.96,Active
D04524,Tamara Douglas,Premium,Singapore,2019-08-16,3.68,Active
D04525,Andrea Smith,Sedan,Tampines,2023-04-11,3.95,Active
D04526,Samantha Perez,Electric,Punggol,2026-06-19,3.65,Active
D04527,Tami Swanson,Premium,Tampines,2023-06-13,4.53,Active
D04528,Scott Crawford,MPV,Ang Mo Kio,2023-05-18,4.91,Active
D04529,Sonia White,Electric,Singapore,2025-10-22,4.24,Active
D04530,Mrs. Emily Schwartz,Premium,Ang Mo Kio,2024-04-03,3.94,Active
D04531,John Williams,Sedan,Punggol,2019-12-15,4.47,Active
D04532,Nancy Martinez,SUV,Jurong,2020-07-15,4.53,Active
D04533,Erin Robinson,MPV,Bishan,2024-01-01,4.81,Active
D04534,Daniel Carey,Sedan,Tampines,2024-05-10,4.28,Active
D04535,Jamie Stewart,Premium,Singapore,2020-04-15,3.75,Active
D04536,James Hall,Premium,Tampines,2025-02-11,4.54,Active
D04537,Kelli Brennan,SUV,Yishun,2024-07-04,4.86,Active
D04538,Daniel Washington,Premium,Jurong,2024-03-07,4.53,Active
D04539,Tracy Maldonado,Sedan,Ang Mo Kio,2020-06-27,3.69,Active
D04540,Kelly Gregory,Sedan,Tampines,2024-06-10,4.66,Active
D04541,Gloria Boyer,Sedan,Ang Mo Kio,2020-01-08,4.74,Suspended
D04542,Henry Yu,SUV,Punggol,2025-05-23,3.79,Active
D04543,James Gray,Premium,Woodlands,2025-09-03,3.69,Active
D04544,David Silva,Premium,Punggol,2025-04-26,3.54,Active
D04545,Jennifer Bird,Hatchback,Ang Mo Kio,2023-04-11,4.02,Active
D04546,Gregory Grimes,Electric,Ang Mo Kio,2020-09-28,4.49,Active
D04547,Bradley Olson,Sedan,Toa Payoh,2021-03-03,4.89,Active
D04548,Joshua Miranda,Electric,Jurong,2021-01-19,4.41,Active
D04549,Kenneth Freeman,SUV,Yishun,2023-06-21,4.71,Inactive
D04550,Aaron Mckenzie,Sedan,Punggol,2023-02-27,4.81,Active
D04551,Barbara Patterson,MPV,Jurong,2020-11-24,4.14,Inactive
D04552,Kristen Ward,Premium,Toa Payoh,2025-04-03,3.55,Active
D04553,Tamara Harris,Sedan,Singapore,2022-08-30,3.96,Active
D04554,James Carter,Premium,Woodlands,2022-06-06,4.8,Active
D04555,Antonio Brooks,Electric,Toa Payoh,2025-07-27,3.74,Active
D04556,Cheryl Davis,Sedan,Singapore,2022-09-18,4.91,Active
D04557,Matthew Drake,Hatchback,Bedok,2019-01-30,4.71,Active
D04558,Cathy Blake,Premium,Toa Payoh,2025-11-29,4.21,Active
D04559,Michael Thompson,Hatchback,Tampines,2019-06-29,4.55,Active
D04560,Ashlee Bright,MPV,Toa Payoh,2022-10-21,3.97,Active
D04561,Anna White,Electric,Punggol,2025-11-08,4.93,Active
D04562,Barbara Pugh,Electric,Jurong,2019-05-23,3.75,Active
D04563,Sara Clark,Electric,Tampines,2018-08-17,3.89,Active
D04564,Laura Sherman,Premium,Bedok,2020-02-25,4.81,Active
D04565,Sarah Campos,Sedan,Tampines,2025-11-14,3.62,Active
D04566,Seth Wilkerson,Sedan,Singapore,2021-11-08,4.43,Active
D04567,Darryl Cannon MD,Electric,Yishun,2019-06-23,3.55,Active
D04568,Natalie Clayton,Sedan,Singapore,2023-01-26,3.83,Active
D04569,Alicia Brown,Electric,Singapore,2025-03-27,3.62,Inactive
D04570,Michelle Contreras,Electric,Bishan,2019-01-17,4.87,Active
D04571,Jacqueline Thomas,Electric,Ang Mo Kio,2022-07-10,4.52,Active
D04572,Richard Pham,Premium,Tampines,2023-04-16,4.18,Active
D04573,Richard Hernandez,MPV,Singapore,2023-05-25,4.98,Active
D04574,Kathryn Mccarty,Premium,Bedok,2019-02-09,3.75,Active
D04575,Lisa Mcdonald,Electric,Ang Mo Kio,2020-09-15,4.2,Active
D04576,Donna Goodman,Premium,Bishan,2019-11-11,3.81,Active
D04577,Mary Johnson,Premium,Singapore,2026-06-27,3.7,Suspended
D04578,Anita Medina,MPV,Woodlands,2023-01-17,3.58,Active
D04579,Lisa Green,Electric,Ang Mo Kio,2025-07-05,4.0,Active
D04580,Alexandria Turner,MPV,Jurong,2025-09-08,4.01,Active
D04581,Michael Roberts,MPV,Yishun,2023-09-07,4.14,Active
D04582,Jane Smith,Electric,Ang Mo Kio,2018-12-16,4.24,Active
D04583,Dennis Johnson,Premium,Toa Payoh,2026-01-31,4.68,Active
D04584,John Ewing,Hatchback,Jurong,2022-03-23,3.75,Inactive
D04585,Chris Baker,Sedan,Woodlands,2021-03-21,3.84,Active
D04586,Ricky Chen,Sedan,Ang Mo Kio,2025-10-27,3.59,Active
D04587,Maureen White,Sedan,Punggol,2023-12-10,4.71,Active
D04588,Ryan Townsend,SUV,Ang Mo Kio,2023-08-22,4.73,Active
D04589,Kyle Bell,Sedan,Singapore,2022-11-05,4.96,Active
D04590,Emily Patel,Premium,Tampines,2023-04-06,4.83,Active
D04591,Keith Williams,MPV,Punggol,2023-12-06,4.05,Active
D04592,Ryan Hunter,Hatchback,Yishun,2025-07-02,4.58,Active
D04593,Janice Smith,MPV,Bishan,2022-08-12,4.76,Active
D04594,Ryan Brown,Premium,Tampines,2023-03-10,4.03,Active
D04595,Wendy Woods,Sedan,Singapore,2024-09-16,4.85,Active
D04596,Robert Mcdowell,Electric,Tampines,2025-07-27,4.95,Active
D04597,Cheryl Fernandez,Premium,Singapore,2020-06-06,4.9,Active
D04598,James Kennedy,MPV,Woodlands,2022-11-19,4.63,Active
D04599,Paula Lynch,MPV,Yishun,2023-11-06,3.75,Inactive
D04600,David Turner,Premium,Woodlands,2024-04-11,4.84,Active
D04601,Daniel Bullock,Electric,Punggol,2023-02-22,4.74,Active
D04602,Anita Mcdonald,Premium,Toa Payoh,2024-02-02,4.31,Inactive
D04603,Rhonda Melendez,MPV,Toa Payoh,2025-05-29,4.2,Active
D04604,Frank Cole,Hatchback,Yishun,2018-11-27,3.77,Active
D04605,Jessica Rosales,Electric,Punggol,2022-02-21,4.99,Active
D04606,Tara Jones,Hatchback,Ang Mo Kio,2021-03-24,3.76,Active
D04607,Nathan Patton,Hatchback,Punggol,2019-03-24,4.97,Active
D04608,Tiffany Lopez,Sedan,Bedok,2020-11-10,3.65,Active
D04609,Melissa Clark,Hatchback,Woodlands,2023-08-30,4.84,Active
D04610,Kelly Spears,MPV,Bishan,2021-03-07,4.73,Active
D04611,Patrick West,MPV,Jurong,2025-01-19,4.87,Inactive
D04612,Jeremy Martin,Premium,Jurong,2020-07-03,4.64,Active
D04613,Gabriel Howard,Sedan,Jurong,2022-06-22,4.84,Active
D04614,Crystal Arroyo,Hatchback,Bishan,2023-08-14,3.9,Active
D04615,Cassidy Fields,MPV,Ang Mo Kio,2024-12-14,3.96,Active
D04616,Diane Miller,MPV,Jurong,2019-08-10,3.77,Active
D04617,Arthur Salazar,Sedan,Ang Mo Kio,2024-11-19,4.91,Inactive
D04618,Jill Mendoza,Electric,Toa Payoh,2024-10-03,4.0,Active
D04619,Jason Keller,Premium,Singapore,2019-01-12,4.02,Active
D04620,Bonnie Flores,Hatchback,Ang Mo Kio,2024-08-16,4.95,Active
D04621,Ryan Robertson,Sedan,Toa Payoh,2021-02-14,4.36,Active
D04622,Michelle Brooks,SUV,Toa Payoh,2020-06-03,4.84,Active
D04623,Joseph Kelly,Sedan,Toa Payoh,2024-04-25,4.94,Inactive
D04624,Jamie Reilly,MPV,Ang Mo Kio,2019-06-06,4.38,Active
D04625,Sarah Buchanan,Sedan,Punggol,2023-12-21,3.81,Active
D04626,Jason Kelly,MPV,Singapore,2023-02-24,3.94,Active
D04627,Paul Smith,Sedan,Jurong,2021-03-17,4.08,Active
D04628,Elizabeth Navarro,SUV,Yishun,2019-12-09,4.68,Active
D04629,James Johnson,Electric,Toa Payoh,2019-06-28,3.74,Active
D04630,Ronald Bowman,MPV,Bedok,2024-07-26,3.55,Active
D04631,Mark Torres,SUV,Woodlands,2023-10-14,4.31,Inactive
D04632,Katie Stephens,SUV,Ang Mo Kio,2026-05-06,3.65,Active
D04633,Deborah Collins,MPV,Singapore,2023-10-07,4.74,Active
D04634,John Wilson III,Hatchback,Ang Mo Kio,2018-10-31,4.24,Active
D04635,Charles Kerr,MPV,Bedok,2021-10-05,4.21,Active
D04636,Alison Moore,MPV,Bedok,2020-08-26,4.65,Active
D04637,James Lee,SUV,Yishun,2024-07-09,4.84,Active
D04638,Andrew Dickerson,Premium,Yishun,2025-09-14,4.62,Active
D04639,Peter Lindsey,SUV,Ang Mo Kio,2024-10-30,4.24,Active
D04640,Brian Anderson,Hatchback,Tampines,2022-05-10,4.69,Active
D04641,Amy Hill,Premium,Bishan,2022-07-29,4.24,Active
D04642,Tracy Meyer,SUV,Toa Payoh,2018-10-02,3.84,Active
D04643,Chris Wilkerson,Electric,Yishun,2024-12-16,4.98,Active
D04644,Richard Juarez,Premium,Toa Payoh,2022-11-10,4.66,Inactive
D04645,Nancy Leblanc,Sedan,Bedok,2021-09-04,3.9,Active
D04646,Mr. Paul Brown DDS,Hatchback,Singapore,2021-11-20,3.5,Active
D04647,Kimberly Hernandez,Hatchback,Woodlands,2026-06-29,4.11,Active
D04648,Julia Walker,Sedan,Toa Payoh,2019-07-25,4.98,Active
D04649,Michael Martin,Electric,Tampines,2019-09-29,3.82,Active
D04650,Amber Fisher,Sedan,Punggol,2023-01-26,3.94,Suspended
D04651,Harold Robertson,SUV,Singapore,2026-03-27,3.78,Active
D04652,Annette Carter,MPV,Jurong,2020-08-11,4.36,Active
D04653,Rebecca Scott,Sedan,Woodlands,2025-03-30,4.99,Active
D04654,Ashley Price,Hatchback,Yishun,2024-04-21,4.04,Active
D04655,Felicia Ryan,Hatchback,Tampines,2021-08-29,3.58,Active
D04656,Jodi Garcia,SUV,Yishun,2019-11-26,4.89,Active
D04657,James Chan,Hatchback,Ang Mo Kio,2024-01-20,3.63,Active
D04658,Jason Banks,MPV,Toa Payoh,2024-01-13,4.94,Active
D04659,Christopher Stevens,SUV,Ang Mo Kio,2025-11-09,4.96,Active
D04660,Dana Kelley,Premium,Punggol,2019-07-14,4.38,Active
D04661,Antonio Daniels,Sedan,Bishan,2021-11-26,4.0,Active
D04662,Thomas Gonzalez,Electric,Woodlands,2024-04-25,3.73,Active
D04663,Anne Lopez,Premium,Yishun,2025-03-14,3.79,Active
D04664,Briana Oconnor,SUV,Tampines,2018-11-14,4.07,Active
D04665,Keith Ponce,Hatchback,Toa Payoh,2025-06-17,3.71,Active
D04666,Christine Nelson,Hatchback,Jurong,2023-08-22,4.95,Inactive
D04667,Robert Davila,Electric,Singapore,2020-03-05,3.92,Active
D04668,Stephen Gonzales,MPV,Ang Mo Kio,2018-09-29,3.98,Active
D04669,Ruben Sutton,Electric,Woodlands,2021-09-21,4.12,Active
D04670,Vanessa Martinez,MPV,Bedok,2022-01-18,3.71,Active
D04671,Tonya Gonzalez,Electric,Woodlands,2022-05-17,3.84,Active
D04672,Mrs. Bonnie Arellano,Electric,Jurong,2022-08-02,4.21,Inactive
D04673,Maria Wright,Premium,Singapore,2026-02-04,4.66,Active
D04674,Emily Perez,MPV,Yishun,2023-11-13,3.65,Active
D04675,Henry Cohen,MPV,Woodlands,2025-03-06,3.52,Active
D04676,Jeffrey Watts,Sedan,Punggol,2020-02-22,4.24,Active
D04677,Heather Villegas,SUV,Toa Payoh,2025-08-22,3.73,Active
D04678,Shawn Roberts,Premium,Bedok,2026-04-01,3.72,Active
D04679,Deborah Palmer,SUV,Bedok,2019-01-26,4.83,Active
D04680,Alexander Hardy,Premium,Toa Payoh,2018-08-18,3.9,Active
D04681,Max Richards,Premium,Punggol,2022-11-26,4.9,Active
D04682,Samuel Davidson,MPV,Singapore,2019-11-06,4.71,Active
D04683,Mr. William Guerrero,Electric,Jurong,2021-03-03,4.55,Active
D04684,Kylie Smith,Sedan,Tampines,2020-04-23,3.55,Active
D04685,Jennifer Walker,Sedan,Jurong,2021-12-04,4.82,Active
D04686,Timothy Cook,Premium,Punggol,2020-07-22,4.07,Active
D04687,Casey Clark,Electric,Yishun,2023-04-15,4.85,Active
D04688,Derrick Cooper,Electric,Punggol,2022-03-12,3.6,Active
D04689,Nicholas Arellano,SUV,Woodlands,2025-02-16,3.51,Active
D04690,Dr. Sarah Doyle,SUV,Toa Payoh,2019-03-18,3.63,Active
D04691,Ian Jones,Sedan,Tampines,2019-08-22,4.0,Inactive
D04692,Crystal Vincent,Premium,Toa Payoh,2021-11-01,4.84,Suspended
D04693,Joshua Diaz,Sedan,Jurong,2026-03-30,3.76,Active
D04694,Michelle Drake,SUV,Punggol,2022-10-05,4.54,Active
D04695,Christina Gibson,Hatchback,Yishun,2025-10-15,4.63,Active
D04696,Joshua Dawson,Electric,Bedok,2020-12-18,4.91,Active
D04697,John Rodriguez,Hatchback,Singapore,2025-11-27,3.76,Active
D04698,Robert Cobb,SUV,Jurong,2020-08-29,3.66,Active
D04699,Kenneth Johnson,Sedan,Toa Payoh,2019-05-01,3.59,Active
D04700,Javier Odom,Electric,Jurong,2023-08-12,4.85,Active
D04701,Corey Butler,Premium,Punggol,2018-10-24,4.28,Inactive
D04702,Bobby Brown,MPV,Toa Payoh,2025-10-26,4.53,Active
D04703,Nicole King,Sedan,Punggol,2020-12-24,4.21,Inactive
D04704,Michael Brooks MD,Hatchback,Bedok,2021-04-16,3.7,Active
D04705,Courtney Jones,Sedan,Woodlands,2020-11-18,3.74,Active
D04706,Sharon Scott,Hatchback,Woodlands,2023-01-06,4.69,Active
D04707,Gregory Thompson,Hatchback,Bishan,2022-09-18,4.65,Suspended
D04708,Anthony Mcfarland,MPV,Bishan,2026-06-12,4.86,Active
D04709,Corey Moore,MPV,Jurong,2023-07-31,3.98,Active
D04710,Melanie Sullivan,Hatchback,Woodlands,2021-12-16,3.74,Active
D04711,Bryan Graves,Sedan,Ang Mo Kio,2019-11-24,4.45,Active
D04712,Robert Hicks,Hatchback,Woodlands,2023-02-19,3.57,Active
D04713,Zachary Shelton,Sedan,Toa Payoh,2019-01-15,3.63,Active
D04714,Maxwell Estrada,Premium,Punggol,2024-07-18,4.36,Active
D04715,Benjamin Avery,SUV,Singapore,2026-02-27,4.02,Inactive
D04716,Sara Stokes,Sedan,Tampines,2021-05-09,4.0,Active
D04717,Tanya Rogers,Electric,Bishan,2019-08-16,4.3,Active
D04718,Jessica Wagner,Sedan,Woodlands,2019-12-22,4.61,Active
D04719,Jodi Thompson,Premium,Singapore,2024-06-09,4.78,Active
D04720,Sharon Barnes,SUV,Yishun,2019-05-07,4.44,Active
D04721,Joseph Fernandez,MPV,Bishan,2020-05-17,4.79,Active
D04722,Brett Velasquez,Premium,Punggol,2020-09-30,3.83,Active
D04723,Jeremy Page,Electric,Jurong,2018-09-18,3.93,Inactive
D04724,Scott Madden,Premium,Woodlands,2023-10-03,4.28,Active
D04725,Brian Cox,Electric,Toa Payoh,2022-03-28,3.52,Active
D04726,Lisa Caldwell,MPV,Punggol,2019-07-01,4.1,Active
D04727,Amber Reynolds,Hatchback,Singapore,2024-08-05,4.93,Active
D04728,David Bowman,Sedan,Ang Mo Kio,2019-02-06,3.8,Active
D04729,Mark Wagner,MPV,Toa Payoh,2018-11-04,3.75,Active
D04730,Keith Cooper,Premium,Bedok,2025-10-07,3.6,Active
D04731,Sandra White,MPV,Woodlands,2024-11-18,4.75,Active
D04732,Laurie Vazquez,Premium,Bedok,2026-02-15,4.79,Active
D04733,Bethany Smith,MPV,Tampines,2020-01-13,4.76,Active
D04734,Brian Anderson,Sedan,Jurong,2024-10-08,4.8,Active
D04735,Dr. Daniel White,Premium,Bishan,2026-03-10,4.86,Active
D04736,Donna Roberts,Hatchback,Punggol,2018-10-19,4.56,Active
D04737,Gloria Le,Premium,Punggol,2024-05-19,4.95,Inactive
D04738,Lisa Hunt,Hatchback,Tampines,2021-10-17,4.88,Active
D04739,Jennifer Ramirez,Electric,Bishan,2020-12-15,4.71,Active
D04740,Valerie Diaz,Premium,Jurong,2025-01-12,3.67,Active
D04741,Kathleen Martin,Premium,Jurong,2024-05-07,4.93,Active
D04742,Ms. Michelle Taylor,Sedan,Woodlands,2025-07-01,4.14,Active
D04743,Kaitlin Chapman,Sedan,Bedok,2025-01-08,4.39,Inactive
D04744,Christy Ellison,Sedan,Yishun,2019-02-15,4.5,Active
D04745,James Woods,Premium,Punggol,2023-02-24,4.81,Active
D04746,Kelli Mckenzie,SUV,Toa Payoh,2019-02-02,4.0,Active
D04747,Brandon Williams,MPV,Yishun,2021-11-07,4.91,Active
D04748,Amber Sanford,SUV,Toa Payoh,2026-06-15,4.02,Active
D04749,Bobby Hunter,Premium,Bishan,2020-09-23,3.71,Active
D04750,Kelly Copeland,SUV,Punggol,2020-04-05,3.84,Active
D04751,Monique Spence,SUV,Yishun,2023-11-04,4.31,Active
D04752,Brian Garza,Sedan,Bishan,2025-11-14,4.0,Active
D04753,William Gonzalez,Premium,Singapore,2021-04-14,3.87,Active
D04754,Steven Martinez,Sedan,Bishan,2025-05-12,4.08,Active
D04755,Raymond Taylor,Electric,Woodlands,2018-09-02,4.31,Active
D04756,Natalie Smith,Sedan,Woodlands,2020-11-03,3.54,Active
D04757,David Scott,Electric,Tampines,2024-01-20,4.24,Active
D04758,Ashley Riley,SUV,Yishun,2022-04-17,3.87,Active
D04759,Shawn Warren,Sedan,Yishun,2023-10-26,4.04,Inactive
D04760,Cassandra Mills,Sedan,Woodlands,2025-07-11,4.48,Active
D04761,Kevin Ramirez,Electric,Yishun,2022-03-11,4.22,Active
D04762,Kelli Perez,Hatchback,Woodlands,2026-01-11,4.73,Active
D04763,Penny Wheeler,Electric,Woodlands,2021-01-31,4.72,Active
D04764,Jacqueline Meyer,Premium,Bishan,2026-06-03,4.68,Active
D04765,Howard Martinez,Premium,Ang Mo Kio,2025-07-05,4.02,Active
D04766,Joshua Wagner,Premium,Singapore,2026-01-05,3.5,Active
D04767,Nicholas Montoya,Premium,Ang Mo Kio,2025-06-28,3.7,Active
D04768,Elizabeth Miller,Electric,Singapore,2024-05-08,4.93,Inactive
D04769,Joseph Cruz,Premium,Yishun,2019-03-21,4.38,Active
D04770,Lisa Patrick,Premium,Woodlands,2026-01-16,3.84,Active
D04771,Scott Gonzalez,MPV,Bishan,2024-05-03,4.16,Active
D04772,Bryan Wheeler,Hatchback,Bedok,2022-03-14,4.09,Active
D04773,Kevin Cherry,MPV,Woodlands,2022-07-20,4.16,Active
D04774,Gabriel Nichols,Premium,Ang Mo Kio,2020-07-30,3.77,Active
D04775,Jared Schmidt,Hatchback,Ang Mo Kio,2024-12-31,4.31,Active
D04776,Vanessa Gibson,Sedan,Jurong,2024-02-12,4.03,Active
D04777,Erica Moyer,Electric,Singapore,2023-11-22,4.05,Active
D04778,Sheri Smith,SUV,Toa Payoh,2023-11-20,4.33,Active
D04779,Caitlyn Lambert,Electric,Singapore,2023-03-04,4.21,Active
D04780,Randy Navarro,SUV,Bedok,2019-11-13,4.2,Active
D04781,Stephen Jenkins Jr.,SUV,Singapore,2018-08-27,3.97,Active
D04782,William Monroe,MPV,Tampines,2022-02-04,4.9,Active
D04783,Melissa Thompson,Electric,Yishun,2019-05-05,4.61,Active
D04784,Kara Olson,SUV,Punggol,2020-04-14,4.81,Active
D04785,Kristi Collins,Electric,Ang Mo Kio,2018-10-26,3.63,Suspended
D04786,Susan Ford,Hatchback,Bishan,2024-05-17,4.9,Inactive
D04787,Michael Miller,SUV,Jurong,2020-05-31,4.28,Inactive
D04788,Michael Kennedy,Premium,Jurong,2021-08-19,3.68,Suspended
D04789,Stephanie Stout,Sedan,Bishan,2019-08-05,4.11,Active
D04790,Johnny Riggs,Sedan,Jurong,2019-06-13,4.21,Active
D04791,Veronica Olsen,SUV,Yishun,2019-06-03,4.9,Active
D04792,Megan Martin,Hatchback,Toa Payoh,2023-03-16,3.88,Active
D04793,Jonathan Patterson,MPV,Ang Mo Kio,2019-11-16,4.02,Active
D04794,Robert Mccullough,Electric,Tampines,2022-02-16,4.25,Active
D04795,Rachel Lambert,Sedan,Tampines,2024-01-25,4.67,Inactive
D04796,Jeremy Jones,Sedan,Jurong,2020-12-24,4.68,Active
D04797,Angela Gonzalez,Hatchback,Bishan,2019-05-25,3.95,Inactive
D04798,Wesley Vega,MPV,Tampines,2020-10-11,4.05,Active
D04799,Matthew Finley,Hatchback,Bedok,2023-09-10,3.71,Active
D04800,Andrew Phelps,Sedan,Bedok,2019-11-04,4.47,Active
D04801,Kristen Leblanc,Premium,Ang Mo Kio,2021-03-24,4.26,Active
D04802,Monica Moore,Electric,Yishun,2018-08-24,4.69,Active
D04803,Walter Smith,SUV,Bedok,2019-07-08,4.36,Active
D04804,Janice Hudson,MPV,Bishan,2024-03-23,3.93,Active
D04805,Jean Hughes,MPV,Punggol,2021-10-25,4.43,Active
D04806,Jacob Cook,Electric,Yishun,2024-11-29,4.02,Active
D04807,Rebekah Leblanc,Hatchback,Woodlands,2025-09-12,4.5,Suspended
D04808,Alyssa Herring,Premium,Bedok,2021-12-18,4.88,Active
D04809,Linda Fry,Electric,Yishun,2022-07-03,3.95,Active
D04810,Bryan Howard,SUV,Tampines,2023-03-30,4.13,Active
D04811,Robert Edwards,Sedan,Punggol,2020-05-11,4.63,Active
D04812,Kristin Hansen,Sedan,Bedok,2025-09-11,3.91,Active
D04813,Robert Hall DDS,Hatchback,Tampines,2023-11-13,4.86,Inactive
D04814,Elizabeth Valdez,MPV,Singapore,2025-12-28,4.17,Active
D04815,Bradley Walsh,Hatchback,Bishan,2025-12-31,4.27,Active
D04816,Larry Jones,MPV,Toa Payoh,2022-09-15,4.08,Active
D04817,Jennifer Baldwin,Sedan,Bedok,2024-09-18,3.59,Active
D04818,Alexandra Wright,Sedan,Woodlands,2023-05-30,4.3,Active
D04819,Jessica Robertson,Hatchback,Jurong,2021-02-13,3.72,Active
D04820,Anna Peterson,MPV,Bedok,2021-04-29,4.04,Suspended
D04821,Adam Brewer,Sedan,Jurong,2022-10-19,4.59,Active
D04822,Renee Hart,Premium,Woodlands,2026-02-26,4.64,Active
D04823,Mr. David Clark,Premium,Woodlands,2026-07-18,3.72,Active
D04824,Richard Mitchell,Premium,Bedok,2024-07-09,4.73,Active
D04825,Melissa Yang,SUV,Toa Payoh,2019-09-22,4.4,Inactive
D04826,Jacob Black,SUV,Woodlands,2024-09-29,3.81,Active
D04827,Lori Hopkins,Premium,Bedok,2018-09-15,4.13,Active
D04828,Nathaniel Gregory,Electric,Woodlands,2019-06-01,3.96,Active
D04829,Ashley Floyd,Hatchback,Woodlands,2024-08-22,4.09,Active
D04830,Gabriel Bruce,Electric,Yishun,2019-10-28,4.68,Active
D04831,James Owen,Sedan,Toa Payoh,2020-05-04,3.56,Active
D04832,Lauren Smith,SUV,Tampines,2025-08-23,4.54,Active
D04833,Kayla Murillo,Premium,Singapore,2022-03-12,4.36,Active
D04834,Caitlin Henry,Electric,Yishun,2025-09-17,3.71,Active
D04835,David Santos,Hatchback,Woodlands,2018-11-10,4.64,Active
D04836,Kimberly Chen,Hatchback,Ang Mo Kio,2023-09-08,4.6,Active
D04837,Joseph Macdonald,Sedan,Singapore,2020-09-19,4.84,Active
D04838,Lynn Proctor,Sedan,Bedok,2024-11-12,4.24,Inactive
D04839,Philip Ruiz,Premium,Jurong,2023-04-16,4.4,Active
D04840,Sarah Merritt,MPV,Tampines,2022-01-04,4.63,Active
D04841,Brandon Mccarthy,Electric,Bishan,2022-01-22,4.15,Active
D04842,Richard Garcia,Hatchback,Bishan,2019-10-05,3.84,Active
D04843,Danny Torres,Electric,Bishan,2022-05-18,3.7,Active
D04844,Andrew Thompson,Sedan,Bishan,2024-03-10,4.53,Inactive
D04845,Christopher Kane,MPV,Ang Mo Kio,2018-12-12,4.37,Active
D04846,Angela Taylor,Electric,Ang Mo Kio,2024-01-25,4.42,Active
D04847,Micheal Gibson,MPV,Tampines,2020-03-23,4.22,Active
D04848,Mark Hernandez,Premium,Toa Payoh,2023-05-06,3.73,Active
D04849,Natalie Kelly,Sedan,Tampines,2021-01-14,3.92,Active
D04850,Katelyn Snyder,Electric,Jurong,2024-05-18,3.83,Active
D04851,Amanda Ware,Sedan,Singapore,2025-09-15,3.91,Active
D04852,Brianna Jackson,Hatchback,Bedok,2025-10-28,3.64,Active
D04853,Mrs. Lori Lynch,Electric,Jurong,2020-04-08,3.63,Active
D04854,Kevin Owen,SUV,Singapore,2021-09-12,4.12,Active
D04855,Colton Turner,Sedan,Punggol,2025-10-11,4.64,Active
D04856,Mary Wu,Hatchback,Toa Payoh,2025-08-23,3.79,Active
D04857,Andrew Fox,SUV,Punggol,2021-11-17,4.8,Active
D04858,Jill Fisher,MPV,Toa Payoh,2024-11-29,4.65,Active
D04859,Karen Duncan,Electric,Yishun,2020-10-03,4.14,Active
D04860,Sean Shepherd,Sedan,Singapore,2024-09-28,4.94,Active
D04861,Todd Hughes,SUV,Punggol,2022-05-14,4.22,Active
D04862,Steven Yoder,Sedan,Tampines,2018-10-19,3.78,Active
D04863,Jennifer Reed,SUV,Woodlands,2026-04-16,3.51,Active
D04864,Patrick Mitchell,Hatchback,Punggol,2019-04-03,4.18,Active
D04865,Marvin Hobbs,Hatchback,Toa Payoh,2022-10-03,3.96,Active
D04866,Sara Lowe,Hatchback,Toa Payoh,2023-02-07,3.83,Inactive
D04867,Lauren Hawkins,SUV,Tampines,2024-11-09,4.1,Active
D04868,Ashley Velasquez,Sedan,Punggol,2022-08-03,4.25,Active
D04869,John Graves,SUV,Bishan,2021-09-12,4.68,Active
D04870,April Kelly,Electric,Ang Mo Kio,2022-02-18,3.83,Active
D04871,Rodney Pugh,SUV,Yishun,2019-08-11,3.95,Active
D04872,Mike Johnston,Hatchback,Yishun,2022-01-17,4.92,Active
D04873,Taylor Powell,SUV,Bishan,2021-04-18,3.78,Active
D04874,Arthur Waters,Sedan,Woodlands,2022-12-27,4.09,Inactive
D04875,Frank Wallace,MPV,Yishun,2023-01-26,4.66,Active
D04876,Jeff Valenzuela,Electric,Bedok,2019-11-10,3.7,Active
D04877,Natalie Gallagher,SUV,Bedok,2019-10-16,4.07,Inactive
D04878,Mark Andrade,MPV,Yishun,2025-07-03,4.87,Active
D04879,Karen Perez,MPV,Ang Mo Kio,2019-10-25,4.63,Active
D04880,Steven Jackson,Hatchback,Bedok,2022-11-22,4.16,Active
D04881,Erin Robinson,Electric,Woodlands,2024-12-12,4.44,Active
D04882,Emily Lane,SUV,Singapore,2024-08-05,3.63,Active
D04883,Daniel Arroyo,Hatchback,Bedok,2019-04-23,4.48,Active
D04884,Kimberly Mercado,Hatchback,Woodlands,2024-09-14,4.06,Active
D04885,Megan Watkins,Hatchback,Woodlands,2025-10-13,4.79,Active
D04886,Joseph Key,Electric,Singapore,2024-09-18,4.21,Active
D04887,Andrea Pearson,Electric,Woodlands,2026-05-14,3.82,Active
D04888,Kenneth Washington,Premium,Punggol,2019-08-07,3.5,Active
D04889,Sarah Roberts,Hatchback,Punggol,2023-02-25,4.42,Active
D04890,Ryan Gibbs,Sedan,Woodlands,2019-09-19,3.79,Active
D04891,Matthew Marshall,Electric,Bishan,2023-11-13,3.72,Active
D04892,Andrea Ortiz,SUV,Yishun,2025-08-26,3.64,Active
D04893,Scott Perez,SUV,Toa Payoh,2026-02-01,4.07,Inactive
D04894,Ann Johns,Sedan,Bedok,2021-02-23,3.69,Active
D04895,Jennifer Hancock,Hatchback,Woodlands,2023-09-28,3.93,Active
D04896,Lori Gardner,Hatchback,Jurong,2021-06-01,4.77,Active
D04897,Jennifer Roberts,Electric,Punggol,2023-10-17,4.04,Active
D04898,Gail Garcia,Hatchback,Bishan,2020-03-17,4.09,Active
D04899,Joseph Romero,MPV,Bishan,2024-09-29,3.69,Active
D04900,Susan Casey,Premium,Punggol,2020-11-26,3.89,Active
D04901,Ian Miller,SUV,Jurong,2023-09-16,4.35,Active
D04902,Amanda Powell,Hatchback,Ang Mo Kio,2020-02-14,4.02,Active
D04903,Carrie Wade,Sedan,Tampines,2023-01-29,4.66,Active
D04904,Joshua Wade,SUV,Punggol,2022-01-12,3.93,Active
D04905,Jessica Navarro,MPV,Ang Mo Kio,2020-03-23,3.63,Active
D04906,Jade Valdez,Electric,Bedok,2021-05-03,4.76,Active
D04907,Thomas Sanchez,Electric,Yishun,2020-09-11,4.13,Active
D04908,Kendra Roberts,Hatchback,Woodlands,2024-04-12,4.17,Active
D04909,Jeff Williams,Hatchback,Jurong,2023-12-23,4.01,Active
D04910,Casey Butler,SUV,Toa Payoh,2022-04-04,4.22,Active
D04911,Keith Flores,Hatchback,Ang Mo Kio,2020-03-31,5.0,Active
D04912,Brian Velasquez,Electric,Jurong,2019-10-10,3.93,Active
D04913,Carol Tucker,Hatchback,Woodlands,2025-08-01,4.36,Active
D04914,Mark Horne,Electric,Tampines,2024-11-20,4.41,Active
D04915,Adam Black,Hatchback,Woodlands,2020-02-29,3.74,Active
D04916,Shannon Calhoun,Sedan,Ang Mo Kio,2023-12-16,4.89,Active
D04917,Megan Boyd,SUV,Singapore,2020-11-30,4.0,Active
D04918,Cheyenne Johnson,Sedan,Singapore,2022-02-16,4.39,Active
D04919,Jordan Hart,Premium,Punggol,2021-05-01,4.73,Active
D04920,Anna Rios,Premium,Bedok,2025-04-18,3.93,Active
D04921,Christopher Haas,Sedan,Tampines,2020-10-01,4.4,Active
D04922,Kristopher Hamilton,MPV,Jurong,2025-09-25,4.73,Inactive
D04923,Kristina Pham,Sedan,Bedok,2020-02-15,4.79,Inactive
D04924,Alice Greene,Electric,Yishun,2023-01-15,3.51,Active
D04925,Natasha Sanders,Premium,Jurong,2019-05-07,4.25,Active
D04926,Wanda Tyler,SUV,Singapore,2020-03-19,3.63,Active
D04927,Jennifer Martinez MD,Electric,Bedok,2022-04-28,4.56,Active
D04928,Raymond Bailey,Sedan,Punggol,2019-11-23,3.68,Active
D04929,Jessica Murphy,Hatchback,Bedok,2021-08-31,4.91,Active
D04930,Stephanie Thompson,MPV,Yishun,2022-06-13,4.82,Active
D04931,Audrey Hutchinson,Premium,Jurong,2022-09-26,4.35,Inactive
D04932,Ronald Meyers,Sedan,Woodlands,2024-07-05,4.63,Active
D04933,Laura Snyder,MPV,Singapore,2022-06-14,4.95,Active
D04934,Jordan Santana,MPV,Yishun,2019-05-20,3.91,Active
D04935,Jessica Foley,SUV,Punggol,2019-10-21,4.99,Active
D04936,Laurie Wilson,Sedan,Ang Mo Kio,2020-06-16,3.66,Active
D04937,Karen George,MPV,Woodlands,2019-11-28,3.72,Active
D04938,Vanessa Mason,SUV,Punggol,2019-01-03,4.36,Suspended
D04939,Jonathon Potter,Sedan,Ang Mo Kio,2023-06-08,4.92,Active
D04940,Mark Nelson,Sedan,Tampines,2019-09-21,3.52,Active
D04941,Elizabeth Freeman,MPV,Woodlands,2021-12-28,4.27,Active
D04942,April Santana,SUV,Yishun,2020-05-07,3.84,Active
D04943,Vincent Jones,Electric,Bedok,2025-12-08,4.62,Inactive
D04944,Wendy Williams,MPV,Woodlands,2024-09-01,3.78,Active
D04945,Jordan Gordon,Electric,Singapore,2025-03-13,3.82,Active
D04946,Marc Obrien,Electric,Singapore,2020-09-04,4.36,Active
D04947,Patrick Lewis DDS,Hatchback,Jurong,2025-05-17,4.23,Active
D04948,Diana Henderson,Sedan,Ang Mo Kio,2023-06-02,4.22,Active
D04949,Elizabeth Sanchez,Premium,Ang Mo Kio,2023-01-08,4.45,Active
D04950,Andre Jones,Premium,Jurong,2023-12-13,4.19,Active
D04951,Gregory Farmer,Electric,Singapore,2024-10-13,4.21,Inactive
D04952,Tina Davis,Sedan,Bishan,2025-12-20,3.52,Inactive
D04953,Thomas Jarvis,Premium,Punggol,2019-03-09,4.49,Suspended
D04954,Melissa Miller,Premium,Ang Mo Kio,2026-01-10,3.52,Active
D04955,Christopher Taylor,MPV,Bishan,2022-11-16,4.22,Suspended
D04956,Michael Gonzales,SUV,Singapore,2022-03-20,4.74,Active
D04957,Vanessa Rojas,Electric,Toa Payoh,2024-05-18,4.26,Active
D04958,Matthew Murphy,Premium,Tampines,2026-04-01,4.14,Active
D04959,Angela Clements,SUV,Jurong,2022-08-30,3.84,Active
D04960,Paul Castaneda,Sedan,Ang Mo Kio,2018-09-04,3.62,Active
D04961,Wendy Valenzuela,SUV,Yishun,2022-05-29,3.54,Active
D04962,Jared Johnson,Sedan,Singapore,2019-12-19,4.66,Active
D04963,Anne Garcia DVM,Sedan,Woodlands,2021-11-23,4.83,Active
D04964,Zachary Camacho,Electric,Bedok,2018-11-30,3.51,Suspended
D04965,Jessica Burton,Premium,Toa Payoh,2026-06-28,3.95,Active
D04966,Andrew Heath,Premium,Bedok,2024-09-28,4.73,Inactive
D04967,Luis Sanchez,Sedan,Jurong,2024-05-06,3.73,Active
D04968,Christine Morris,Sedan,Yishun,2021-10-15,4.27,Active
D04969,Christopher Murphy,Electric,Yishun,2024-12-09,4.14,Active
D04970,Kelly Schmidt MD,Hatchback,Bedok,2024-04-24,4.2,Active
D04971,Anthony Price,Sedan,Bedok,2023-07-05,4.05,Active
D04972,Diane Hernandez,MPV,Toa Payoh,2020-09-23,3.98,Active
D04973,Marco Andrade,Hatchback,Bedok,2025-02-10,3.68,Active
D04974,Marie Knight,MPV,Punggol,2025-07-12,3.66,Inactive
D04975,Sherry Caldwell,Premium,Toa Payoh,2019-11-27,4.5,Active
D04976,Robert Moss,Hatchback,Ang Mo Kio,2026-05-26,4.71,Active
D04977,Todd Bowers,MPV,Ang Mo Kio,2019-07-15,4.36,Active
D04978,Michael Smith,Electric,Punggol,2023-12-26,4.57,Inactive
D04979,Isaac Thompson,MPV,Tampines,2025-05-18,4.25,Active
D04980,Jonathon Romero,Premium,Jurong,2019-11-19,4.5,Active
D04981,Billy Schneider,MPV,Tampines,2025-06-01,4.96,Active
D04982,Daniel Reyes,Premium,Singapore,2024-11-16,4.84,Active
D04983,Stacey Barrera,Sedan,Jurong,2022-12-18,4.42,Active
D04984,Brianna Mendez,MPV,Woodlands,2023-10-12,3.53,Active
D04985,Kathy Collins,SUV,Bedok,2021-11-07,4.15,Active
D04986,Robert Johnson,SUV,Ang Mo Kio,2023-06-20,4.39,Inactive
D04987,Jeffrey Meyers,Sedan,Toa Payoh,2025-12-04,4.8,Active
D04988,Virginia Johnson,Electric,Yishun,2021-05-07,4.17,Active
D04989,Michelle Ford,SUV,Jurong,2022-06-25,4.13,Active
D04990,Adam Hess,SUV,Singapore,2023-01-01,4.68,Active
D04991,Diana Warner,SUV,Tampines,2025-04-23,4.29,Active
D04992,Yvonne Mccoy,Sedan,Yishun,2021-12-04,4.07,Active
D04993,Karen Davis,Hatchback,Jurong,2023-07-04,4.59,Active
D04994,Natalie Randall,MPV,Punggol,2019-04-16,3.87,Active
D04995,Billy Johnson,SUV,Tampines,2023-01-11,4.29,Active
D04996,Blake Hughes,SUV,Punggol,2025-04-07,3.51,Inactive
D04997,Julie Perry,Electric,Bedok,2020-03-09,4.29,Active
D04998,David Snow MD,Electric,Tampines,2023-09-27,3.65,Active
D04999,Mr. Brandon Lawrence,Premium,Yishun,2018-09-23,3.79,Active
D05000,Rachel Brown,Sedan,Punggol,2021-09-08,3.98,Active
D05001,Rebecca Lyons,SUV,Toa Payoh,2024-11-02,4.91,Active
D05002,Terrence Martin,MPV,Yishun,2018-10-29,4.41,Active
D05003,Sean Andrews,Electric,Jurong,2023-09-19,4.36,Active
D05004,Kyle Smith,Electric,Yishun,2023-08-07,4.58,Active
D05005,Gregory Hardy,Sedan,Toa Payoh,2019-01-23,3.71,Active
D05006,Edgar Meyer,Electric,Ang Mo Kio,2023-06-07,4.86,Active
D05007,William Williams,MPV,Punggol,2019-07-28,3.97,Inactive
D05008,Shelley Dominguez,Premium,Jurong,2024-10-05,3.75,Inactive
D05009,Joshua Brown,Electric,Bedok,2018-09-02,4.9,Active
D05010,Christina Weaver,Electric,Toa Payoh,2022-11-03,4.51,Active
D05011,Melissa Mccoy,Premium,Jurong,2025-02-25,3.81,Active
D05012,Molly Chandler,Sedan,Ang Mo Kio,2024-07-17,4.2,Active
D05013,Andrew Hall,Hatchback,Woodlands,2021-03-13,4.87,Active
D05014,Jose Sanders,SUV,Singapore,2020-03-10,3.6,Inactive
D05015,Lisa Castro,Premium,Bishan,2020-01-10,4.19,Active
D05016,Bianca Novak,Electric,Jurong,2023-09-18,4.18,Active
D05017,Jennifer Gibson,Electric,Ang Mo Kio,2021-10-01,4.23,Active
D05018,Joel Hall,MPV,Bishan,2022-07-28,4.72,Active
D05019,Stacey Davis,Sedan,Punggol,2025-01-17,4.67,Active
D05020,Yvette Todd,MPV,Jurong,2021-01-04,3.68,Active
D05021,Penny Smith,Sedan,Toa Payoh,2025-10-20,4.0,Inactive
D05022,Katherine Guerrero,Electric,Woodlands,2022-07-06,4.95,Active
D05023,Brian Olsen,Sedan,Yishun,2026-05-30,3.57,Active
D05024,Anthony Anderson,SUV,Bishan,2021-04-21,3.54,Active
D05025,Nicholas Spencer,Sedan,Bedok,2026-01-04,4.4,Active
D05026,Brooke Parker,Hatchback,Punggol,2023-07-11,4.9,Active
D05027,Matthew Nolan,Sedan,Punggol,2024-06-14,4.76,Active
D05028,Mario Wagner,Hatchback,Bishan,2024-09-29,4.05,Active
D05029,Lawrence Johnson,Sedan,Ang Mo Kio,2019-07-27,4.82,Active
D05030,Joshua Brooks,Electric,Bedok,2018-12-31,4.07,Active
D05031,Lindsay Thomas,SUV,Punggol,2021-12-14,4.68,Inactive
D05032,Jennifer Carter,Hatchback,Bedok,2025-02-13,3.9,Active
D05033,Gregory Fleming,MPV,Bedok,2026-05-09,4.64,Active
D05034,Patricia Hines,SUV,Woodlands,2021-06-07,3.58,Active
D05035,Brandon Ramos,Sedan,Bishan,2021-07-14,5.0,Active
D05036,Hannah Williams,Premium,Punggol,2024-06-22,3.5,Active
D05037,Douglas Duncan,Hatchback,Punggol,2021-05-05,4.56,Active
D05038,Andrew Bowers,Sedan,Ang Mo Kio,2024-02-29,4.09,Inactive
D05039,Nathaniel Jenkins,Electric,Woodlands,2019-11-24,4.5,Active
D05040,William Lyons,Sedan,Tampines,2024-12-31,3.99,Active
D05041,Amanda Thomas,Electric,Punggol,2021-07-15,4.09,Active
D05042,April Baxter,Sedan,Toa Payoh,2024-10-17,4.49,Active
D05043,Nicholas Smith,Premium,Tampines,2024-08-28,4.69,Active
D05044,Derrick Perez,Hatchback,Singapore,2022-08-05,4.83,Active
D05045,Veronica Fitzgerald,Premium,Tampines,2024-01-06,4.78,Active
D05046,Valerie Perkins,MPV,Bedok,2018-12-27,3.53,Active
D05047,Rachel Cross,SUV,Yishun,2022-07-16,4.73,Active
D05048,Lee Meyer,Electric,Woodlands,2020-09-25,3.87,Active
D05049,Leah Guerra,MPV,Bedok,2020-09-03,4.23,Active
D05050,Christine Herrera,Hatchback,Jurong,2024-06-20,4.38,Active
D05051,Brandon Norman,Premium,Bedok,2023-04-30,4.85,Active
D05052,Benjamin Lee,Electric,Toa Payoh,2025-02-07,3.79,Active
D05053,Mark Strong,Sedan,Singapore,2020-04-20,3.52,Active
D05054,Jennifer Rojas,Sedan,Woodlands,2019-04-13,4.54,Active
D05055,Louis Hogan,Electric,Toa Payoh,2025-04-17,4.25,Active
D05056,Elizabeth Mclaughlin,Premium,Bishan,2021-02-07,4.52,Active
D05057,Chase Becker,Sedan,Bishan,2023-04-07,4.38,Active
D05058,Renee Lambert,MPV,Woodlands,2025-05-21,3.96,Active
D05059,Jordan Smith,Sedan,Jurong,2026-04-01,4.62,Active
D05060,Elizabeth Shepherd,Premium,Ang Mo Kio,2024-07-25,4.87,Active
D05061,Brian Villanueva,MPV,Woodlands,2019-04-03,4.52,Inactive
D05062,James Gordon,Hatchback,Bedok,2024-05-01,4.12,Active
D05063,Terry Francis,Electric,Toa Payoh,2023-03-29,3.89,Active
D05064,Michele Cummings,Electric,Woodlands,2020-01-21,4.94,Active
D05065,Brandon Cardenas,Hatchback,Ang Mo Kio,2025-12-10,3.56,Active
D05066,Thomas Cruz,MPV,Woodlands,2022-09-17,4.71,Active
D05067,Mike Martin,SUV,Tampines,2021-12-29,3.5,Active
D05068,Lori Gilbert,MPV,Woodlands,2023-05-28,4.05,Active
D05069,Kimberly Watkins,Electric,Ang Mo Kio,2024-08-26,3.79,Active
D05070,Robert Vega,SUV,Tampines,2019-11-17,4.13,Active
D05071,Dr. David Gilbert,Hatchback,Tampines,2025-03-02,4.55,Active
D05072,Katherine Schneider,Sedan,Ang Mo Kio,2021-01-03,5.0,Active
D05073,Jesse King,Electric,Yishun,2020-10-24,4.58,Suspended
D05074,Donald Smith,Premium,Tampines,2024-07-04,3.64,Active
D05075,Pamela Meyer,Premium,Woodlands,2022-05-06,4.11,Active
D05076,Lisa Adams,MPV,Bishan,2018-09-07,3.8,Active
D05077,Phillip Patterson,Premium,Bishan,2018-09-26,4.04,Active
D05078,Scott Anderson,Hatchback,Punggol,2025-05-25,3.58,Active
D05079,Tracy Contreras,Sedan,Bishan,2019-02-22,3.67,Active
D05080,Denise Hernandez,SUV,Woodlands,2022-11-22,4.38,Active
D05081,Terri Matthews,Premium,Punggol,2020-01-11,4.27,Active
D05082,Jeffrey Campos,Sedan,Ang Mo Kio,2023-12-29,4.23,Active
D05083,Joseph Young,Electric,Tampines,2024-10-06,4.88,Active
D05084,Linda Reeves,MPV,Woodlands,2019-04-27,4.94,Inactive
D05085,Jason Hendrix,MPV,Toa Payoh,2023-03-30,3.87,Active
D05086,Richard Martin,SUV,Punggol,2021-04-22,4.49,Active
D05087,Juan Page,Premium,Ang Mo Kio,2020-03-24,4.99,Active
D05088,Paula Hudson,Sedan,Woodlands,2024-01-19,4.01,Active
D05089,Donald Johnson,SUV,Jurong,2022-09-15,3.52,Active
D05090,Veronica Barnes,MPV,Bishan,2024-02-03,3.68,Active
D05091,Megan Pruitt,Electric,Yishun,2026-01-25,4.91,Inactive
D05092,Nicole Hamilton,Sedan,Bishan,2018-09-30,4.79,Inactive
D05093,Marcus Moore,Electric,Toa Payoh,2021-01-14,4.12,Active
D05094,Joseph Irwin,Premium,Ang Mo Kio,2025-09-03,4.73,Active
D05095,Keith Baldwin,Electric,Bishan,2024-06-26,4.44,Active
D05096,Christopher Stokes,SUV,Jurong,2022-01-12,4.84,Active
D05097,Sara Carey,Electric,Bishan,2024-06-14,4.52,Active
D05098,William Stevens,Premium,Tampines,2020-09-25,4.84,Active
D05099,Michael Baker,Sedan,Punggol,2026-05-24,4.81,Inactive
D05100,Melissa Rodriguez,Hatchback,Punggol,2025-05-31,3.86,Active
D05101,Heather Beard,Electric,Ang Mo Kio,2021-08-27,3.73,Suspended
D05102,Melissa Alvarez,Electric,Jurong,2018-12-21,4.79,Active
D05103,Daniel Edwards,Premium,Tampines,2025-09-26,4.48,Active
D05104,Kayla Powell,Sedan,Bishan,2022-08-04,4.62,Suspended
D05105,Curtis Allen Jr.,Premium,Bishan,2022-04-04,4.21,Active
D05106,Frank Rowe,Sedan,Jurong,2021-10-01,4.41,Active
D05107,Daniel Willis,Hatchback,Jurong,2021-09-15,3.87,Active
D05108,Brittany Rodriguez,MPV,Singapore,2025-04-26,3.67,Active
D05109,Wanda Miller,Sedan,Toa Payoh,2025-09-14,4.77,Inactive
D05110,Sophia Le,Hatchback,Tampines,2026-01-07,4.96,Active
D05111,Erica Schultz,MPV,Tampines,2022-11-11,4.73,Active
D05112,Elizabeth Sosa,Premium,Jurong,2023-11-30,4.89,Active
D05113,Lisa Proctor,SUV,Toa Payoh,2021-01-09,4.31,Active
D05114,Kayla Cole,SUV,Yishun,2021-02-02,4.97,Active
D05115,Robert Davidson,Premium,Tampines,2018-12-14,4.74,Active
D05116,Anna Norris MD,Premium,Tampines,2021-07-19,4.52,Active
D05117,Alyssa Olsen,Electric,Singapore,2018-08-25,4.79,Active
D05118,Alexander Hudson,Hatchback,Tampines,2020-06-06,4.17,Active
D05119,Brian Price,MPV,Singapore,2018-12-01,4.63,Active
D05120,Andrea Navarro,MPV,Punggol,2021-03-15,4.46,Active
D05121,David Jones,Sedan,Toa Payoh,2021-06-04,3.6,Active
D05122,Linda Kim,Premium,Woodlands,2024-03-01,4.94,Active
D05123,Joseph Thomas,SUV,Woodlands,2022-02-08,4.1,Active
D05124,Trevor Hart,MPV,Yishun,2019-02-11,3.88,Suspended
D05125,Jessica Bailey,Sedan,Singapore,2023-09-20,4.12,Active
D05126,Heather Jenkins,Hatchback,Woodlands,2024-03-30,3.52,Inactive
D05127,Sara Branch,SUV,Jurong,2021-08-13,4.09,Active
D05128,Linda Mendez,Sedan,Tampines,2025-03-23,4.66,Active
D05129,Rose Trevino,Electric,Singapore,2021-10-18,4.1,Active
D05130,John Phillips,Premium,Woodlands,2021-08-30,3.85,Active
D05131,Vincent Richards,Sedan,Tampines,2018-09-29,3.92,Active
D05132,Brittany Townsend,Sedan,Toa Payoh,2020-07-26,4.29,Active
D05133,Ashley Santiago,Sedan,Jurong,2019-06-26,4.26,Active
D05134,Troy Medina,MPV,Ang Mo Kio,2019-10-23,4.31,Active
D05135,Matthew Rodriguez,Sedan,Bishan,2020-04-30,5.0,Active
D05136,Kevin Nguyen,Sedan,Toa Payoh,2024-11-10,4.4,Active
D05137,Julie Johnson,SUV,Bishan,2024-07-01,4.84,Active
D05138,Brad Brooks,Hatchback,Woodlands,2025-07-24,4.54,Active
D05139,Brett Steele,Premium,Yishun,2019-03-23,4.71,Active
D05140,Michael Bennett,MPV,Bedok,2023-10-18,3.64,Inactive
D05141,Jack Nguyen,Hatchback,Jurong,2021-10-17,4.26,Active
D05142,Alexander Phillips,MPV,Tampines,2025-01-28,3.52,Active
D05143,Amanda Jenkins,Premium,Ang Mo Kio,2023-04-15,5.0,Active
D05144,Allen Pruitt,SUV,Jurong,2024-04-09,4.64,Active
D05145,Edward Long,Electric,Jurong,2020-10-17,4.77,Active
D05146,Nathan Francis,Premium,Bishan,2018-08-30,3.69,Inactive
D05147,Matthew Simpson,SUV,Bishan,2018-09-28,4.92,Active
D05148,Bailey Gilbert,MPV,Yishun,2019-02-12,4.1,Active
D05149,Ryan Salinas,Hatchback,Ang Mo Kio,2020-08-08,4.71,Inactive
D05150,Benjamin Jackson,Sedan,Punggol,2020-02-21,4.5,Active
D05151,Ronald Patton,Premium,Ang Mo Kio,2022-09-02,4.01,Active
D05152,Brandon Nelson,Premium,Bishan,2019-12-07,4.64,Active
D05153,Crystal Delacruz,Premium,Punggol,2023-08-09,4.58,Active
D05154,Sandra Oneill,Hatchback,Ang Mo Kio,2024-01-01,4.95,Active
D05155,Ashley Chavez,MPV,Yishun,2024-02-09,3.7,Active
D05156,Angel Kim,MPV,Ang Mo Kio,2018-11-14,4.4,Active
D05157,Mrs. Margaret Smith,SUV,Bedok,2020-04-28,4.04,Active
D05158,Jeffrey Sanchez,Sedan,Tampines,2021-05-18,3.61,Active
D05159,Kathryn Reyes,Electric,Jurong,2023-04-30,4.37,Active
D05160,John Romero,SUV,Ang Mo Kio,2019-04-24,4.99,Active
D05161,Natalie Edwards,Premium,Punggol,2026-03-23,4.7,Active
D05162,Kathleen Walker,MPV,Bishan,2020-02-02,4.68,Active
D05163,John Floyd,Hatchback,Toa Payoh,2019-09-24,4.53,Active
D05164,Leslie Hanson,Electric,Singapore,2020-09-28,3.99,Active
D05165,Tara Pennington,SUV,Ang Mo Kio,2019-12-12,4.24,Active
D05166,Michelle Fisher,SUV,Bedok,2019-01-03,3.52,Active
D05167,Debra Jimenez,Premium,Bishan,2023-01-02,4.93,Active
D05168,Samantha Bradley,Sedan,Jurong,2021-04-19,4.36,Active
D05169,Samuel Myers,Sedan,Singapore,2025-04-23,4.94,Active
D05170,Michael Meyer,SUV,Ang Mo Kio,2023-03-28,3.66,Active
D05171,Kathy Davis,SUV,Yishun,2019-07-24,4.47,Active
D05172,James Moore,Premium,Bishan,2022-01-03,3.94,Inactive
D05173,Jeffrey Brown,Electric,Bedok,2020-08-19,4.48,Active
D05174,Susan Miles,SUV,Singapore,2020-06-27,4.62,Active
D05175,Thomas Perez,Hatchback,Ang Mo Kio,2026-02-13,4.56,Active
D05176,Mark Avery,SUV,Bedok,2019-07-16,4.79,Active
D05177,Cynthia Chapman,MPV,Punggol,2022-04-29,3.65,Active
D05178,Meghan Lucas,Hatchback,Woodlands,2025-08-25,4.33,Active
D05179,Bruce Garcia,MPV,Bedok,2019-07-03,3.62,Active
D05180,Colton Baker,SUV,Toa Payoh,2021-06-29,3.65,Active
D05181,Kimberly Ayers,Electric,Yishun,2026-03-26,3.73,Active
D05182,Julie Garcia,Sedan,Bishan,2023-08-31,4.72,Active
D05183,Shawn Morrison,MPV,Jurong,2018-10-18,4.76,Active
D05184,Brandi Lewis,MPV,Bedok,2023-06-08,4.93,Active
D05185,Katie Nguyen,Sedan,Toa Payoh,2020-12-17,4.42,Inactive
D05186,Tracy Foster,MPV,Ang Mo Kio,2019-02-18,3.99,Active
D05187,Cassandra Reyes,Electric,Toa Payoh,2023-02-16,4.46,Active
D05188,Daniel Reyes,Electric,Singapore,2019-05-17,3.51,Active
D05189,Bryan Meyer,Premium,Yishun,2022-07-01,4.72,Active
D05190,James Anderson DVM,Hatchback,Punggol,2024-12-27,4.26,Active
D05191,Jody Mills,SUV,Toa Payoh,2018-10-09,4.03,Active
D05192,Caitlin Mason,Electric,Toa Payoh,2022-04-16,3.72,Active
D05193,Michelle Barnes,SUV,Bishan,2022-09-09,4.67,Active
D05194,Kimberly Clark,Premium,Jurong,2020-05-05,3.6,Active
D05195,Michael Williams,MPV,Woodlands,2019-04-14,3.57,Active
D05196,Christina Green,MPV,Woodlands,2022-10-10,4.92,Active
D05197,Clarence Quinn,Hatchback,Punggol,2024-03-06,3.93,Active
D05198,Brandon Collins,Hatchback,Yishun,2020-09-05,4.2,Active
D05199,Joanne Griffin,Premium,Bishan,2022-05-09,4.59,Active
D05200,Michael Carter,SUV,Toa Payoh,2026-02-20,4.63,Active
D05201,Mark Nelson,Hatchback,Jurong,2026-02-23,4.77,Active
D05202,Philip Mejia,Electric,Singapore,2019-05-04,4.81,Active
D05203,Christina Robertson,Sedan,Bishan,2023-01-20,4.68,Active
D05204,Maria Gibson,SUV,Singapore,2021-12-16,4.75,Active
D05205,Julia Hart,Electric,Singapore,2023-12-26,4.11,Active
D05206,Vanessa Munoz,MPV,Ang Mo Kio,2021-11-24,4.65,Active
D05207,Ann Walker DDS,Electric,Toa Payoh,2024-02-10,4.34,Active
D05208,Michael Bell,Premium,Singapore,2025-03-29,4.71,Active
D05209,Eric Harris,Premium,Jurong,2025-12-26,4.24,Active
D05210,Gary Miller,Sedan,Bedok,2025-07-26,4.3,Active
D05211,Karla Reyes,Premium,Tampines,2024-03-25,4.96,Active
D05212,Andrew Wood,SUV,Bishan,2019-03-07,3.72,Active
D05213,Paul Johnson,SUV,Ang Mo Kio,2023-12-05,3.97,Suspended
D05214,Jacob Campbell,Premium,Bishan,2024-03-20,3.56,Active
D05215,Lisa Rodriguez,Sedan,Yishun,2025-09-03,3.91,Active
D05216,Benjamin Tucker,Hatchback,Toa Payoh,2019-09-24,4.67,Active
D05217,Kathleen Wells,Premium,Ang Mo Kio,2021-02-21,4.37,Active
D05218,James Johnson,Sedan,Singapore,2019-02-14,3.92,Active
D05219,Kathryn Adams,MPV,Bishan,2022-12-16,4.55,Active
D05220,Joseph Olson,Hatchback,Punggol,2021-09-11,4.13,Active
D05221,Emily Smith,MPV,Bishan,2025-08-03,4.26,Active
D05222,Shawn Sanchez,Sedan,Punggol,2020-10-24,4.62,Active
D05223,Stephen Conley,Electric,Bedok,2018-08-22,4.91,Active
D05224,Samuel Ryan,Sedan,Ang Mo Kio,2025-01-20,3.79,Suspended
D05225,Robin Carroll,SUV,Ang Mo Kio,2026-02-25,3.97,Active
D05226,Nicolas Deleon,MPV,Ang Mo Kio,2021-12-22,4.22,Active
D05227,Paul Hoffman,Hatchback,Singapore,2019-07-27,4.03,Active
D05228,David Reilly,Electric,Bishan,2019-08-09,4.08,Active
D05229,Corey Ferguson,Hatchback,Woodlands,2024-06-25,3.58,Active
D05230,Renee Martin,Hatchback,Tampines,2025-04-17,4.59,Active
D05231,Jeffrey Hines,Hatchback,Singapore,2019-01-09,3.71,Active
D05232,Mary Gordon,MPV,Jurong,2021-11-11,4.3,Active
D05233,Russell King,MPV,Punggol,2021-08-08,4.36,Active
D05234,Melissa Hall,SUV,Jurong,2021-09-07,3.55,Active
D05235,Kimberly Newman,Premium,Toa Payoh,2018-08-10,3.71,Active
D05236,Sara Miller,Electric,Punggol,2024-01-22,4.18,Active
D05237,Jason Gutierrez,Sedan,Jurong,2018-10-13,4.73,Active
D05238,Marcus Nixon,SUV,Singapore,2020-04-24,4.17,Active
D05239,Kimberly Adams,MPV,Ang Mo Kio,2022-11-01,5.0,Active
D05240,Robert Barnes,Premium,Bishan,2022-07-21,4.56,Active
D05241,Janice Griffin,SUV,Bishan,2019-02-04,3.58,Active
D05242,Brian Fox,SUV,Yishun,2022-08-12,4.32,Active
D05243,Amber Wright,Sedan,Woodlands,2023-01-30,5.0,Active
D05244,Justin Shaw,SUV,Bedok,2021-05-04,4.2,Active
D05245,Selena Joseph,Electric,Toa Payoh,2021-06-05,4.13,Active
D05246,Mitchell Ellis,Sedan,Ang Mo Kio,2026-05-23,3.59,Active
D05247,Lisa Leblanc,Premium,Jurong,2020-01-16,4.76,Active
D05248,Matthew Bentley,SUV,Tampines,2020-06-06,4.4,Active
D05249,Denise Douglas,MPV,Jurong,2019-05-25,3.95,Active
D05250,Dr. Nicole Munoz,MPV,Tampines,2020-01-22,4.19,Active
D05251,Amy Nguyen,MPV,Jurong,2023-02-08,4.05,Active
D05252,Walter Newton,Sedan,Singapore,2019-08-27,4.98,Active
D05253,Dustin Richards,MPV,Jurong,2024-11-26,4.55,Active
D05254,Cheryl Mills,MPV,Bedok,2024-07-02,4.89,Active
D05255,Lydia Mcdonald,Premium,Toa Payoh,2020-09-12,4.29,Active
D05256,Katherine Thomas,MPV,Yishun,2022-04-05,4.75,Active
D05257,Mr. James Reyes MD,Sedan,Ang Mo Kio,2020-05-06,4.7,Active
D05258,Dustin Hernandez,Sedan,Jurong,2022-01-16,4.07,Active
D05259,Timothy Hernandez,SUV,Ang Mo Kio,2024-07-02,3.57,Active
D05260,Wendy Miller,Sedan,Tampines,2024-10-30,4.2,Active
D05261,Vickie Greer,SUV,Bedok,2022-08-22,3.8,Active
D05262,Charles Davis,Sedan,Singapore,2019-11-06,4.77,Active
D05263,Donna Benson,Sedan,Bishan,2024-04-12,4.18,Active
D05264,Martha Thompson,Hatchback,Yishun,2026-06-25,4.08,Active
D05265,Brandy Mccarthy,Premium,Punggol,2020-08-14,4.13,Active
D05266,Kevin Taylor,MPV,Bedok,2023-10-07,4.75,Active
D05267,Mark Gordon,Sedan,Bishan,2024-12-24,4.25,Active
D05268,Dennis Vincent,Electric,Singapore,2021-02-18,4.88,Active
D05269,Beverly Foley,Sedan,Singapore,2023-01-19,4.71,Active
D05270,Sarah Myers,SUV,Singapore,2019-08-19,4.26,Active
D05271,Jerry Jones,SUV,Bedok,2025-10-14,3.59,Active
D05272,Heidi Cook,Hatchback,Singapore,2022-10-02,4.39,Active
D05273,Christopher Hanson,Electric,Punggol,2020-01-28,3.65,Active
D05274,Mariah Greene,SUV,Bishan,2022-04-05,3.65,Active
D05275,Brian Bowman,SUV,Toa Payoh,2018-09-10,4.77,Active
D05276,Luke Williamson,Electric,Ang Mo Kio,2023-02-19,4.1,Active
D05277,Alicia Johnson,Sedan,Bedok,2021-10-28,4.64,Active
D05278,Kaitlin Jenkins,Sedan,Bedok,2018-12-30,3.72,Active
D05279,Kelly Higgins,Sedan,Woodlands,2023-09-11,3.82,Active
D05280,Grant Wheeler,SUV,Bishan,2025-12-18,4.61,Active
D05281,Sandra Schneider,SUV,Bishan,2024-06-24,4.46,Active
D05282,Adam Ellis,Premium,Singapore,2019-05-14,4.65,Active
D05283,Pamela Stewart,Hatchback,Toa Payoh,2021-02-23,4.87,Active
D05284,Jeffrey Floyd,Sedan,Yishun,2020-05-19,4.98,Active
D05285,Savannah Wolfe,MPV,Ang Mo Kio,2020-08-17,3.81,Active
D05286,Mark Roberson,MPV,Singapore,2023-05-28,3.57,Active
D05287,Anthony Thomas,MPV,Jurong,2023-07-26,3.89,Active
D05288,Natalie Green,Premium,Tampines,2019-07-31,4.58,Suspended
D05289,Anna Snyder,Premium,Toa Payoh,2019-07-14,4.19,Active
D05290,James Anderson,Hatchback,Jurong,2018-12-03,4.86,Inactive
D05291,Roger Harvey,Electric,Bishan,2019-08-13,3.93,Active
D05292,Jonathan Barnes,MPV,Jurong,2025-01-29,3.97,Active
D05293,Cathy Jackson,Hatchback,Ang Mo Kio,2024-08-27,4.34,Active
D05294,Dylan Perez,Sedan,Ang Mo Kio,2020-12-19,4.55,Active
D05295,Julie Jones,MPV,Tampines,2019-06-05,3.65,Active
D05296,Nancy Scott,Premium,Toa Payoh,2025-03-29,3.81,Active
D05297,Kelli Bennett,Premium,Toa Payoh,2020-03-20,4.21,Active
D05298,Donald Williams,Sedan,Bishan,2019-07-22,3.51,Active
D05299,Karen Wilson,MPV,Singapore,2019-01-16,3.89,Active
D05300,Michelle Harris,Sedan,Punggol,2019-08-15,4.97,Active
D05301,Angela Campbell,SUV,Ang Mo Kio,2021-03-18,4.67,Active
D05302,Cheryl Johnson,MPV,Bedok,2024-11-14,4.02,Active
D05303,Shawn Henderson,Electric,Punggol,2020-08-28,4.2,Active
D05304,Bradley Solomon,Premium,Tampines,2019-01-01,4.09,Active
D05305,Daniel Chandler,MPV,Bedok,2019-02-13,3.58,Active
D05306,Sarah Pitts,Premium,Singapore,2021-05-24,3.69,Active
D05307,Wesley Walker,Hatchback,Tampines,2023-01-16,4.27,Active
D05308,Emily Hill,SUV,Singapore,2025-06-03,4.75,Active
D05309,April Ross,MPV,Singapore,2022-08-21,4.68,Active
D05310,Devin Cox,Hatchback,Toa Payoh,2019-08-01,3.71,Active
D05311,Ashley Perry,Electric,Ang Mo Kio,2020-07-31,4.96,Active
D05312,Amy Harmon,Electric,Toa Payoh,2019-11-18,4.62,Active
D05313,Barbara Hernandez,MPV,Yishun,2025-04-29,3.92,Active
D05314,Tracey George,Sedan,Toa Payoh,2023-10-05,3.95,Active
D05315,Caleb Yang,SUV,Ang Mo Kio,2018-09-24,4.71,Active
D05316,Ashley Vargas,SUV,Jurong,2026-07-05,4.65,Active
D05317,Stephen Padilla,MPV,Jurong,2019-01-28,3.69,Active
D05318,Danielle Moran,Sedan,Toa Payoh,2021-06-18,4.2,Active
D05319,James Page,Electric,Woodlands,2020-04-24,3.6,Active
D05320,David Nelson,Premium,Tampines,2019-05-20,3.85,Active
D05321,Jeffery Rivera,SUV,Bedok,2021-03-03,3.99,Active
D05322,Diana Johnson,Hatchback,Ang Mo Kio,2019-01-02,3.53,Active
D05323,Ashley Wilkerson,MPV,Jurong,2023-02-05,4.44,Active
D05324,Travis Garcia,Premium,Toa Payoh,2018-09-23,4.88,Active
D05325,Daniel Hernandez,Sedan,Jurong,2022-01-14,3.67,Active
D05326,Sergio Gonzales,Hatchback,Singapore,2020-04-26,3.78,Active
D05327,Laura Serrano,Hatchback,Ang Mo Kio,2018-08-05,3.51,Active
D05328,Kelly White,Premium,Yishun,2021-01-05,5.0,Active
D05329,Shari Nguyen,Sedan,Bishan,2024-02-28,4.93,Active
D05330,Kelsey Coleman,Electric,Punggol,2023-03-04,4.01,Active
D05331,Lisa Powell,SUV,Bedok,2019-02-19,4.08,Active
D05332,Pamela Mccullough,SUV,Bedok,2025-12-11,4.96,Active
D05333,Laura Lopez,Hatchback,Toa Payoh,2022-01-31,4.12,Active
D05334,Lisa Dunlap,Premium,Ang Mo Kio,2025-05-02,4.51,Active
D05335,Sonia Gibson,Hatchback,Toa Payoh,2024-04-16,3.63,Active
D05336,Stacy Sheppard,MPV,Bishan,2019-01-30,3.67,Active
D05337,Jessica Manning,Electric,Singapore,2020-01-31,4.43,Suspended
D05338,Andrew Bailey,MPV,Woodlands,2022-01-27,3.65,Active
D05339,David Vasquez,SUV,Ang Mo Kio,2025-04-03,4.71,Active
D05340,Sandra Sullivan,Premium,Tampines,2020-06-11,3.98,Active
D05341,Amber Malone,Sedan,Tampines,2019-11-11,4.6,Active
D05342,Jesse Ferguson,SUV,Yishun,2023-07-17,4.36,Active
D05343,Kristina Barry,Hatchback,Ang Mo Kio,2026-02-16,4.85,Active
D05344,Jason Lewis,Premium,Bedok,2024-10-04,4.29,Active
D05345,Adam Quinn,Electric,Ang Mo Kio,2022-05-27,3.7,Active
D05346,Robert Richardson,MPV,Ang Mo Kio,2023-12-12,3.52,Inactive
D05347,Amber Medina,Hatchback,Tampines,2020-05-04,3.53,Active
D05348,Megan Jones,Sedan,Tampines,2024-04-06,4.15,Active
D05349,Paula Miles,Hatchback,Punggol,2022-09-15,4.78,Inactive
D05350,Christina Williams,Electric,Toa Payoh,2019-04-01,3.99,Active
D05351,Christina Morgan,Hatchback,Jurong,2020-08-26,4.07,Suspended
D05352,Kyle Conway,Premium,Woodlands,2019-03-24,4.75,Active
D05353,Stacy Romero,Premium,Singapore,2023-08-31,4.4,Inactive
D05354,Gabriel Hudson,Sedan,Bedok,2023-03-02,4.08,Active
D05355,Ryan Olsen,SUV,Tampines,2019-11-15,3.67,Active
D05356,Terri Larson,Electric,Bedok,2026-04-23,4.16,Active
D05357,Randall Alvarez,Hatchback,Singapore,2019-11-25,4.55,Active
D05358,Elizabeth Lynn,Premium,Singapore,2018-08-29,4.07,Active
D05359,Lindsey Sexton,Hatchback,Tampines,2025-05-17,4.01,Active
D05360,Douglas Riley,Sedan,Bishan,2018-12-02,4.22,Active
D05361,Jorge Rosales,Premium,Toa Payoh,2025-10-15,4.21,Active
D05362,Ashley Dalton,Hatchback,Punggol,2024-04-20,4.39,Active
D05363,Jeremy Allen,MPV,Jurong,2020-12-06,3.69,Active
D05364,William Adams,Hatchback,Bedok,2019-06-24,3.86,Active
D05365,Paula Li,MPV,Toa Payoh,2021-08-23,4.23,Active
D05366,William Bullock,SUV,Jurong,2019-06-04,4.48,Inactive
D05367,Jason Garner,Electric,Toa Payoh,2023-04-22,3.83,Active
D05368,Tammy Gonzalez,MPV,Yishun,2019-12-10,4.49,Active
D05369,Mr. Travis Stevens,Premium,Jurong,2021-11-27,4.12,Active
D05370,Kyle Hood,Electric,Bishan,2022-10-02,4.64,Active
D05371,Richard Mendoza,Hatchback,Toa Payoh,2024-01-09,4.82,Active
D05372,Travis Guzman,Hatchback,Yishun,2026-03-09,4.77,Active
D05373,Brian Pitts,MPV,Toa Payoh,2020-10-24,4.97,Active
D05374,Joseph Mills,SUV,Ang Mo Kio,2018-10-02,4.8,Active
D05375,Rita Mitchell,Hatchback,Woodlands,2025-07-15,3.53,Active
D05376,Michelle Perez,MPV,Toa Payoh,2022-07-22,4.86,Active
D05377,Taylor Sandoval,Electric,Woodlands,2018-12-04,4.44,Active
D05378,Evan Thompson,Premium,Toa Payoh,2023-05-19,3.94,Inactive
D05379,Andrew Mcdowell,Electric,Toa Payoh,2025-05-05,4.1,Active
D05380,Charles Torres,MPV,Jurong,2020-10-10,3.7,Active
D05381,Samantha Anderson,Hatchback,Bedok,2024-01-22,4.99,Active
D05382,Sheila Ritter,Hatchback,Singapore,2024-10-04,4.74,Active
D05383,Phyllis Sawyer,Premium,Yishun,2023-12-03,3.9,Active
D05384,Keith Woodard,Hatchback,Ang Mo Kio,2019-02-10,4.15,Active
D05385,Nathaniel Berg,SUV,Ang Mo Kio,2021-06-04,4.04,Active
D05386,Daniel Bradley,Sedan,Jurong,2025-05-19,4.27,Active
D05387,Mark Johnston,Sedan,Ang Mo Kio,2024-02-12,4.52,Active
D05388,Susan Becker,Hatchback,Ang Mo Kio,2022-07-06,3.6,Active
D05389,Mr. Mark Maldonado Jr.,Hatchback,Bishan,2023-01-10,4.08,Inactive
D05390,Ernest Perry,SUV,Singapore,2022-08-13,3.76,Active
D05391,Julie Mccoy,Electric,Woodlands,2020-08-26,4.0,Active
D05392,Scott Coleman,SUV,Woodlands,2022-09-08,3.7,Active
D05393,Candace Vazquez,MPV,Bedok,2022-04-23,4.07,Active
D05394,Darryl Lester,Premium,Singapore,2020-07-26,4.41,Active
D05395,Jerry Obrien,MPV,Yishun,2019-11-11,3.85,Active
D05396,Tamara Garcia,SUV,Punggol,2024-05-26,4.82,Active
D05397,Jessica Lucas,SUV,Yishun,2024-10-16,4.46,Active
D05398,Charles Jones,Sedan,Woodlands,2024-07-20,3.72,Active
D05399,Emily Merritt,Premium,Bishan,2018-10-25,4.47,Active
D05400,Dr. Scott Torres,Sedan,Ang Mo Kio,2023-10-06,3.68,Active
D05401,Darlene Lawrence,Hatchback,Bedok,2019-11-12,4.93,Active
D05402,Tanner Wright,SUV,Singapore,2019-12-06,4.5,Active
D05403,Sydney Dawson,Electric,Singapore,2021-07-07,4.11,Active
D05404,Ronald Hill,Sedan,Ang Mo Kio,2019-06-05,4.2,Suspended
D05405,Timothy Miles,Electric,Punggol,2022-12-18,4.56,Active
D05406,Frank Ferguson,Electric,Yishun,2024-04-10,4.21,Active
D05407,Daniel Murphy,MPV,Bedok,2020-10-09,4.59,Active
D05408,Nicholas Edwards,Premium,Singapore,2019-03-18,3.64,Active
D05409,Fernando Watts,Premium,Toa Payoh,2023-10-12,4.67,Active
D05410,Brian Schultz,Sedan,Punggol,2020-06-29,4.07,Active
D05411,Ana Griffith,Hatchback,Ang Mo Kio,2019-12-08,3.58,Active
D05412,Devin Carroll,Hatchback,Yishun,2025-10-02,4.64,Active
D05413,Jennifer Diaz,SUV,Yishun,2025-07-27,4.77,Active
D05414,Victor Reynolds,MPV,Yishun,2025-01-12,4.29,Active
D05415,Timothy Ortiz,MPV,Jurong,2023-11-14,3.93,Active
D05416,Steven Anthony,Electric,Bishan,2024-04-28,3.53,Active
D05417,Amy Moore,MPV,Woodlands,2023-02-07,3.61,Active
D05418,Heather Kane,MPV,Bedok,2019-07-02,4.86,Active
D05419,Jacqueline Miller,Hatchback,Jurong,2023-03-23,3.96,Active
D05420,James Mckay,Hatchback,Punggol,2024-07-31,4.04,Active
D05421,Christopher Williams,Electric,Singapore,2020-04-30,3.85,Active
D05422,Wanda Atkinson,Premium,Bedok,2020-07-01,4.61,Suspended
D05423,Dustin Johnston,MPV,Toa Payoh,2021-08-04,4.48,Active
D05424,Samuel Stafford,Hatchback,Yishun,2019-10-17,4.29,Active
D05425,Daniel Thomas,MPV,Woodlands,2024-06-19,4.22,Active
D05426,Alyssa Walker,SUV,Ang Mo Kio,2026-02-08,4.03,Active
D05427,Stacy Myers,Premium,Singapore,2019-05-30,3.83,Active
D05428,Theresa Conner,Electric,Yishun,2026-06-25,4.13,Active
D05429,Lacey Edwards,SUV,Bedok,2019-07-01,3.55,Active
D05430,Lisa Brooks,Premium,Yishun,2025-04-27,4.08,Suspended
D05431,Jeremy Carson,SUV,Bedok,2023-04-04,3.57,Active
D05432,Angela Allen,Premium,Punggol,2025-06-08,3.63,Active
D05433,Dr. Kent Hernandez Jr.,Electric,Bishan,2024-12-23,4.46,Active
D05434,Mr. Joseph Cannon,Electric,Yishun,2020-04-26,3.8,Active
D05435,Richard Jones,Electric,Bedok,2019-05-23,3.54,Active
D05436,Dillon Vance,Electric,Singapore,2018-10-09,3.62,Active
D05437,Alexandra Quinn,Premium,Punggol,2025-12-21,3.83,Active
D05438,Melissa Pierce,Sedan,Ang Mo Kio,2026-05-13,4.5,Active
D05439,Brian Tyler,SUV,Toa Payoh,2025-02-12,3.86,Active
D05440,Teresa Howard,Hatchback,Tampines,2022-01-25,3.74,Active
D05441,Donna Jones,Premium,Tampines,2024-08-18,3.84,Active
D05442,Adam Mcmahon,Sedan,Bedok,2026-07-17,4.19,Active
D05443,Cynthia Wilson,SUV,Toa Payoh,2019-04-26,4.91,Active
D05444,Jacob Morales,Electric,Singapore,2019-01-11,3.55,Active
D05445,Janet Davis,Premium,Toa Payoh,2019-08-03,3.87,Active
D05446,Eric Ochoa,Sedan,Woodlands,2022-10-05,4.66,Active
D05447,Monica Miller,Premium,Bishan,2024-10-24,4.03,Active
D05448,Jennifer Miller,Premium,Woodlands,2026-02-27,3.74,Active
D05449,Sean Martinez,Hatchback,Jurong,2020-07-13,4.57,Active
D05450,Kenneth Martinez,Premium,Tampines,2021-11-09,4.76,Active
D05451,Jane Key,Hatchback,Ang Mo Kio,2020-12-16,4.31,Active
D05452,Jesus Mack,Premium,Bedok,2022-12-31,4.59,Suspended
D05453,Richard Robinson,MPV,Bedok,2022-05-18,4.3,Active
D05454,Kathy Morris,Sedan,Toa Payoh,2019-03-17,3.61,Active
D05455,Maria Hunt,MPV,Bishan,2025-07-30,3.99,Active
D05456,Michelle Ramirez,SUV,Bedok,2019-10-06,3.92,Active
D05457,Robert Smith,Hatchback,Punggol,2022-10-12,4.83,Active
D05458,Tonya Lee,Electric,Woodlands,2025-09-29,4.5,Active
D05459,Christopher Johnson,Sedan,Woodlands,2020-01-25,3.86,Inactive
D05460,Angie Brown,Electric,Woodlands,2021-12-24,4.32,Active
D05461,Jeff Dean,Hatchback,Woodlands,2019-10-11,4.56,Active
D05462,Sean Cummings,SUV,Jurong,2020-01-24,3.96,Active
D05463,Gary Murphy,Sedan,Ang Mo Kio,2021-09-18,4.53,Active
D05464,Thomas Gomez,Sedan,Singapore,2019-06-10,4.16,Active
D05465,Bryan Green,SUV,Woodlands,2020-05-05,4.56,Active
D05466,Clayton Davis,Premium,Bedok,2023-07-30,3.67,Active
D05467,Karen Jones,MPV,Punggol,2024-10-15,4.01,Active
D05468,Grace Jones,MPV,Punggol,2020-05-21,4.52,Inactive
D05469,Derek Lee,SUV,Bishan,2024-06-23,3.53,Active
D05470,Ryan Rice,SUV,Ang Mo Kio,2021-06-26,4.28,Active
D05471,Brian Wheeler,Sedan,Tampines,2020-02-18,3.76,Suspended
D05472,Sherri Ford,Hatchback,Yishun,2019-10-26,4.69,Suspended
D05473,Renee Wood,Electric,Singapore,2023-09-20,3.78,Suspended
D05474,Timothy Webster,Premium,Punggol,2019-12-07,4.27,Active
D05475,Cindy Barker,MPV,Punggol,2021-09-11,4.73,Active
D05476,Cheryl Fox,Electric,Singapore,2023-12-28,4.32,Active
D05477,Tina Wolf,MPV,Ang Mo Kio,2026-04-12,4.98,Active
D05478,Audrey Potts,SUV,Punggol,2024-03-24,4.93,Active
D05479,Michael Parsons,Electric,Woodlands,2024-06-21,3.96,Active
D05480,Don Carter,MPV,Yishun,2024-02-09,3.85,Active
D05481,Anthony Hansen,Sedan,Bishan,2025-01-10,4.46,Inactive
D05482,Brittany Burns,SUV,Toa Payoh,2022-07-03,4.84,Active
D05483,Maurice Young,MPV,Bishan,2024-04-03,4.57,Active
D05484,Tony Jones,Hatchback,Bedok,2026-05-27,4.29,Active
D05485,Michael Hall,Hatchback,Ang Mo Kio,2024-10-22,3.88,Active
D05486,Brian Farmer,Sedan,Ang Mo Kio,2024-02-22,4.2,Active
D05487,Steven Jacobson,Hatchback,Punggol,2018-09-28,3.98,Active
D05488,Amanda Thompson,Premium,Jurong,2025-12-02,3.85,Active
D05489,Gabrielle Smith,MPV,Toa Payoh,2021-01-11,4.51,Active
D05490,Nicholas Sanchez,Sedan,Singapore,2022-12-26,3.56,Active
D05491,Robert Jackson,Electric,Tampines,2026-04-12,3.71,Inactive
D05492,James Morales,Hatchback,Punggol,2024-09-30,3.97,Active
D05493,Colin Sweeney,Hatchback,Punggol,2021-03-17,4.28,Active
D05494,Philip Haney,MPV,Woodlands,2021-06-26,4.76,Active
D05495,Michael Huber,SUV,Bishan,2021-05-26,4.76,Active
D05496,Laura Stevens,Electric,Punggol,2019-11-12,4.3,Active
D05497,Roy Christensen,MPV,Bishan,2019-09-11,4.79,Active
D05498,Sarah Clark,Hatchback,Bishan,2020-02-20,3.92,Active
D05499,Jennifer Brewer,Hatchback,Bishan,2021-08-12,4.85,Active
D05500,Mary Blair,SUV,Bishan,2023-07-27,3.53,Active
D05501,Jennifer Middleton,Premium,Yishun,2018-09-27,3.75,Active
D05502,Mrs. Jessica Hensley,Hatchback,Ang Mo Kio,2025-11-29,4.38,Active
D05503,Latoya Campos,Premium,Singapore,2026-03-20,3.8,Active
D05504,Andrea Mcclure,Sedan,Ang Mo Kio,2019-03-20,4.36,Active
D05505,Christopher Larson,MPV,Punggol,2019-07-28,3.91,Active
D05506,Leslie Carlson,Electric,Singapore,2022-09-24,3.61,Active
D05507,Leslie Villa,SUV,Ang Mo Kio,2025-07-23,4.94,Active
D05508,Jillian Lopez,Premium,Singapore,2020-11-09,3.58,Suspended
D05509,Leroy Wolfe,Sedan,Punggol,2019-02-15,4.65,Active
D05510,James Meyer,MPV,Punggol,2024-08-25,4.72,Active
D05511,Brian Gonzalez,Hatchback,Singapore,2026-05-14,4.6,Active
D05512,Lindsey Hart,Hatchback,Bedok,2019-09-19,4.72,Active
D05513,Tracy Harmon,Electric,Woodlands,2024-10-19,3.61,Active
D05514,Luke Carroll,SUV,Singapore,2021-04-28,4.85,Active
D05515,Gary Olson,SUV,Bedok,2022-12-13,4.52,Active
D05516,Elizabeth Thompson,Sedan,Singapore,2021-09-21,4.5,Active
D05517,Kenneth Jennings,Hatchback,Ang Mo Kio,2019-04-15,4.59,Active
D05518,Savannah Tucker,Premium,Singapore,2020-03-11,4.15,Active
D05519,Johnathan Frey,SUV,Toa Payoh,2019-01-01,4.6,Active
D05520,Nathaniel Miller,Electric,Ang Mo Kio,2024-08-22,4.72,Active
D05521,Veronica Kim,Hatchback,Punggol,2021-05-18,4.86,Active
D05522,Katherine Dixon,Electric,Singapore,2021-03-06,4.17,Active
D05523,John Little,Sedan,Woodlands,2021-02-24,4.92,Inactive
D05524,Michelle Levy,MPV,Tampines,2024-03-18,3.81,Active
D05525,Matthew Smith,Premium,Bishan,2020-02-29,4.13,Inactive
D05526,Maria Bright,Hatchback,Tampines,2024-01-17,4.56,Active
D05527,Teresa Rivera,MPV,Woodlands,2020-10-12,4.11,Active
D05528,Tonya Long,SUV,Ang Mo Kio,2024-03-13,4.28,Active
D05529,Christina Harris,MPV,Jurong,2024-02-26,3.72,Active
D05530,Elizabeth Grant,Premium,Ang Mo Kio,2019-11-29,4.67,Active
D05531,Sara Schultz,SUV,Woodlands,2019-06-20,4.46,Suspended
D05532,Steven Randall Jr.,Electric,Bedok,2018-09-24,4.5,Active
D05533,Jose Watson,Hatchback,Bedok,2025-12-12,4.46,Active
D05534,Gary Nelson,Hatchback,Woodlands,2026-02-28,3.78,Active
D05535,Jacob Johnson,Electric,Singapore,2020-03-17,4.28,Active
D05536,Patricia Castro,Electric,Punggol,2022-01-26,4.97,Active
D05537,Jennifer Alexander,Electric,Bedok,2020-02-01,4.45,Active
D05538,Melissa Conrad,Electric,Tampines,2021-07-26,4.07,Active
D05539,Joshua Archer,Premium,Singapore,2022-12-19,4.88,Inactive
D05540,Robert Weiss,SUV,Tampines,2025-01-05,4.88,Active
D05541,Vincent Mcclain,Sedan,Toa Payoh,2020-02-22,4.33,Active
D05542,Mary Prince,Premium,Toa Payoh,2022-11-21,3.63,Active
D05543,Patrick Paul MD,SUV,Yishun,2025-05-24,4.07,Active
D05544,Nicole Webb,Electric,Woodlands,2024-11-04,4.32,Active
D05545,Sandra Brooks,Electric,Yishun,2023-11-03,4.58,Active
D05546,Mark Vargas,Premium,Bishan,2026-06-10,4.4,Active
D05547,George Clark,Hatchback,Punggol,2019-02-04,3.74,Active
D05548,Robin Smith,MPV,Tampines,2021-01-12,4.55,Active
D05549,John Silva,MPV,Bedok,2018-10-18,3.96,Active
D05550,Larry Brown,SUV,Punggol,2020-08-16,4.81,Active
D05551,Sandra Koch,Premium,Toa Payoh,2024-08-05,4.27,Active
D05552,Suzanne Reyes,MPV,Bedok,2019-12-05,4.41,Inactive
D05553,Dr. Patricia Clark,Sedan,Tampines,2025-07-14,4.73,Active
D05554,Natalie Hodges,SUV,Punggol,2023-09-06,3.94,Active
D05555,Micheal Rice,MPV,Tampines,2023-05-14,4.63,Active
D05556,Sara Patterson,Sedan,Singapore,2020-03-26,4.76,Active
D05557,Russell Lopez,Hatchback,Punggol,2025-02-27,4.58,Active
D05558,Renee Baker,SUV,Jurong,2021-12-21,4.13,Active
D05559,Anthony West,Hatchback,Jurong,2024-08-01,3.67,Active
D05560,Mrs. Gabrielle Gonzalez,Sedan,Woodlands,2022-03-15,4.44,Active
D05561,Danielle Thompson,Premium,Toa Payoh,2020-07-10,4.53,Active
D05562,Courtney Ramsey,MPV,Ang Mo Kio,2020-06-26,4.13,Active
D05563,Paula Todd,Premium,Punggol,2020-07-05,4.95,Active
D05564,Mrs. Maria Odonnell DDS,Premium,Bishan,2024-01-03,4.15,Inactive
D05565,Thomas Wilson,Sedan,Woodlands,2020-10-01,4.23,Active
D05566,Joshua Edwards,Electric,Bedok,2020-12-24,4.02,Inactive
D05567,Bryan Martinez,Premium,Bedok,2020-02-19,4.67,Active
D05568,Douglas Crawford,Premium,Bishan,2019-03-21,4.95,Active
D05569,Brian Moore,Electric,Jurong,2025-03-31,4.85,Active
D05570,Justin Parker,Electric,Ang Mo Kio,2023-09-13,3.65,Active
D05571,Nicholas Riley,SUV,Jurong,2021-02-01,4.77,Active
D05572,Andrea Young,Sedan,Jurong,2023-12-05,4.95,Inactive
D05573,Kenneth Ross,Electric,Bedok,2025-11-22,3.99,Active
D05574,Julie Gonzales,Premium,Ang Mo Kio,2019-03-27,3.6,Active
D05575,Shawn Taylor,SUV,Punggol,2020-05-24,3.71,Active
D05576,Joshua Allen,Electric,Tampines,2025-09-06,4.53,Active
D05577,Leslie Berger,Premium,Woodlands,2025-11-20,4.34,Active
D05578,Bill Zamora,MPV,Punggol,2019-10-01,4.71,Active
D05579,Matthew Cox,Sedan,Singapore,2023-11-21,4.76,Active
D05580,Jennifer Gonzalez,Sedan,Singapore,2020-08-03,4.41,Active
D05581,Jessica Bryant,Electric,Singapore,2021-01-29,4.58,Active
D05582,Christine Harding,Premium,Woodlands,2023-05-16,3.89,Active
D05583,Allen Preston,Sedan,Jurong,2020-06-14,4.86,Active
D05584,Scott Boyd,Premium,Toa Payoh,2022-06-26,4.43,Active
D05585,Christopher Walker,Electric,Bishan,2020-11-30,4.05,Active
D05586,Corey Davis,SUV,Singapore,2022-09-30,4.79,Active
D05587,Kayla Garcia,Hatchback,Yishun,2024-11-03,4.19,Active
D05588,David Clark,Electric,Singapore,2026-06-30,3.54,Active
D05589,John Walker,SUV,Bedok,2021-09-23,4.02,Active
D05590,Wesley Ryan,SUV,Bedok,2020-03-05,3.69,Active
D05591,Brian Gilbert,Hatchback,Tampines,2026-02-11,3.74,Active
D05592,Mr. Casey Kelly,Electric,Ang Mo Kio,2023-07-16,4.27,Active
D05593,Rachel Austin,Premium,Ang Mo Kio,2018-08-23,3.6,Active
D05594,Donna Wong,SUV,Toa Payoh,2022-12-04,4.76,Active
D05595,Craig Ellis,Hatchback,Yishun,2024-09-05,4.17,Active
D05596,Sarah Moore,Sedan,Tampines,2019-12-02,4.16,Inactive
D05597,Stephanie Lane,Electric,Tampines,2024-02-22,3.82,Active
D05598,Michael Lynch,SUV,Singapore,2024-01-27,4.83,Active
D05599,Alex Duran,Sedan,Woodlands,2024-02-07,4.92,Inactive
D05600,Christy Durham,Electric,Bishan,2022-03-04,4.04,Active
D05601,Brian Torres,Hatchback,Yishun,2022-09-18,4.5,Active
D05602,Mitchell Fuller,MPV,Singapore,2021-10-08,4.0,Active
D05603,Douglas Travis,SUV,Bedok,2022-07-17,4.8,Active
D05604,James Gonzalez,Sedan,Toa Payoh,2025-01-12,4.95,Active
D05605,Karen Reynolds,Hatchback,Toa Payoh,2025-05-10,4.41,Active
D05606,Lisa Aguilar,Electric,Singapore,2019-12-07,4.71,Active
D05607,Kevin Flynn,Sedan,Tampines,2025-08-22,3.78,Active
D05608,Robert Juarez,Premium,Bishan,2023-06-02,3.66,Active
D05609,Angela Hall,MPV,Bishan,2025-11-10,4.63,Active
D05610,Reginald Liu,MPV,Bishan,2021-06-04,4.87,Active
D05611,Aaron Fowler,Premium,Singapore,2025-05-05,3.62,Active
D05612,Charles Kirk,Hatchback,Jurong,2022-03-14,4.97,Active
D05613,Valerie Blankenship,MPV,Yishun,2023-06-16,3.95,Active
D05614,Amy Jones,Electric,Bedok,2023-03-07,3.79,Active
D05615,John Lane,Hatchback,Toa Payoh,2021-07-17,4.13,Inactive
D05616,Dr. Katie Olsen DVM,Sedan,Punggol,2025-01-30,3.52,Active
D05617,Karen Roach,MPV,Punggol,2022-01-23,4.99,Active
D05618,Daniel Faulkner,Hatchback,Toa Payoh,2019-07-15,3.91,Active
D05619,Jack Williams,Hatchback,Bedok,2019-08-30,4.09,Active
D05620,Sandra Mcknight,MPV,Singapore,2025-01-31,4.03,Active
D05621,Bradley Clark,MPV,Woodlands,2019-06-16,4.36,Suspended
D05622,Donald Vargas,Electric,Punggol,2020-10-04,4.01,Active
D05623,Garrett Oconnor,Hatchback,Tampines,2023-12-14,4.75,Active
D05624,Andrea Perez,Hatchback,Tampines,2025-12-01,4.36,Active
D05625,Diana White,MPV,Tampines,2018-09-28,4.82,Active
D05626,Jared Robertson,Hatchback,Punggol,2021-08-05,4.24,Inactive
D05627,Andrew Wright,Sedan,Punggol,2021-10-17,3.58,Active
D05628,Sandra Garcia,Electric,Tampines,2026-01-25,4.4,Active
D05629,Jessica Wong,Electric,Tampines,2021-06-21,3.84,Active
D05630,Gregory Lawrence,Hatchback,Yishun,2026-07-17,4.56,Active
D05631,Travis Thomas,Electric,Bedok,2023-07-17,4.12,Active
D05632,Allison Jensen,Premium,Ang Mo Kio,2024-04-15,4.39,Active
D05633,Lori Vasquez,Sedan,Punggol,2025-01-16,4.41,Active
D05634,Dale Martin,Electric,Singapore,2025-06-10,4.73,Active
D05635,Beverly Peterson,Sedan,Woodlands,2025-12-01,4.79,Active
D05636,Debbie Bailey,Premium,Tampines,2020-01-09,3.72,Active
D05637,Robert Koch,Electric,Jurong,2020-10-02,4.34,Active
D05638,Paige Chavez,MPV,Ang Mo Kio,2020-08-17,4.0,Active
D05639,Scott Allen,Premium,Ang Mo Kio,2020-06-11,4.94,Active
D05640,Dan Olson,Hatchback,Bedok,2019-11-24,3.59,Active
D05641,Kenneth Knight,Electric,Yishun,2020-04-24,4.29,Active
D05642,Edward Levy,Hatchback,Bishan,2025-12-10,4.18,Active
D05643,Shawn Olsen,SUV,Jurong,2022-04-01,4.45,Active
D05644,Julie Hall,Electric,Bishan,2021-10-12,4.64,Active
D05645,Caleb Jackson,Premium,Toa Payoh,2024-08-01,3.6,Active
D05646,Erica Roberts,Electric,Yishun,2025-02-24,4.18,Active
D05647,Christopher Woods,SUV,Jurong,2019-04-27,4.21,Active
D05648,Brian Lewis,Premium,Bishan,2018-12-10,4.23,Active
D05649,Christina Meza,Sedan,Ang Mo Kio,2024-03-06,3.81,Active
D05650,Christopher Martinez,Sedan,Yishun,2019-02-18,3.63,Active
D05651,Emma Ross,Electric,Bedok,2019-03-04,4.97,Active
D05652,Joshua Stone,Electric,Punggol,2025-04-12,4.09,Active
D05653,Julie Sanchez,SUV,Bedok,2024-03-14,4.42,Active
D05654,Joshua Carey Jr.,Electric,Woodlands,2019-07-16,4.52,Active
D05655,Edward Brown,Hatchback,Singapore,2019-05-28,3.84,Active
D05656,Charles Miller,MPV,Toa Payoh,2019-07-24,3.95,Active
D05657,John Gardner,Electric,Tampines,2024-07-25,4.75,Active
D05658,Carl Wagner,SUV,Yishun,2020-09-08,3.87,Inactive
D05659,Danielle Norris,Premium,Punggol,2020-01-30,3.65,Active
D05660,Audrey Chavez,Sedan,Bedok,2019-12-31,4.12,Inactive
D05661,Morgan Douglas,SUV,Ang Mo Kio,2022-02-13,4.6,Active
D05662,Melissa Lindsey,Electric,Yishun,2019-06-13,3.87,Active
D05663,Scott Martinez,MPV,Jurong,2024-10-14,3.81,Active
D05664,Justin Haynes,MPV,Bedok,2025-08-19,4.75,Inactive
D05665,Kathleen Jackson,SUV,Punggol,2020-03-05,3.79,Active
D05666,Randall Patel,Electric,Woodlands,2026-01-21,4.23,Active
D05667,Michael Lopez,MPV,Woodlands,2026-02-24,4.43,Active
D05668,Andrew Bolton,Sedan,Ang Mo Kio,2026-02-22,4.81,Active
D05669,Jacob Golden,Premium,Singapore,2024-09-17,4.57,Active
D05670,Clarence Jones,Sedan,Bishan,2023-03-20,4.74,Inactive
D05671,James Harrington,Sedan,Bishan,2021-03-11,4.85,Active
D05672,David Joseph,MPV,Singapore,2026-06-27,4.13,Active
D05673,Travis Morgan,Sedan,Yishun,2022-10-20,4.13,Active
D05674,Sean Lee,Electric,Punggol,2023-04-23,3.69,Inactive
D05675,Cameron Matthews,Sedan,Yishun,2023-04-13,4.21,Active
D05676,Haley Dillon,Premium,Woodlands,2019-01-23,4.68,Active
D05677,Mike Reed,SUV,Bedok,2023-02-13,4.27,Active
D05678,Rebecca Todd,Hatchback,Ang Mo Kio,2025-08-08,4.45,Active
D05679,Stacy Page,Electric,Singapore,2026-02-22,4.39,Active
D05680,Tricia Bright,MPV,Jurong,2022-04-05,4.0,Active
D05681,Debra Bell,Hatchback,Singapore,2021-09-09,3.84,Active
D05682,Jimmy Hart,SUV,Woodlands,2026-04-19,3.92,Active
D05683,Michael Guzman,Premium,Punggol,2020-08-27,4.88,Active
D05684,Shane Flores,MPV,Jurong,2021-01-30,3.91,Active
D05685,Francisco Copeland,Electric,Bishan,2026-02-17,4.02,Active
D05686,Megan Bullock,MPV,Bedok,2026-05-07,4.81,Active
D05687,Ronald Campbell,Sedan,Bedok,2020-09-16,3.95,Active
D05688,Lisa Miranda,SUV,Ang Mo Kio,2025-03-06,4.95,Active
D05689,Rachel May,MPV,Toa Payoh,2020-06-14,4.76,Active
D05690,Autumn Rosales,Electric,Tampines,2020-04-24,3.64,Active
D05691,Jasmine Riley,Hatchback,Punggol,2019-04-07,3.93,Active
D05692,Deborah Mcguire,Premium,Jurong,2026-06-14,4.59,Active
D05693,Caleb Marsh,Electric,Ang Mo Kio,2021-10-16,4.99,Inactive
D05694,Tiffany Rodriguez,Premium,Toa Payoh,2020-08-14,3.73,Active
D05695,Lauren Jackson,Premium,Bishan,2025-04-09,4.92,Active
D05696,Ashley Castillo,MPV,Jurong,2026-03-10,3.56,Active
D05697,Christopher Whitehead,MPV,Bedok,2018-10-22,4.8,Active
D05698,Amanda Gonzalez,SUV,Bishan,2021-07-05,4.43,Active
D05699,Ralph Vargas,Sedan,Yishun,2024-01-12,3.73,Active
D05700,Thomas Tapia,SUV,Punggol,2021-06-22,4.37,Active
D05701,Kimberly Solis,Premium,Singapore,2021-06-19,3.84,Inactive
D05702,Victoria Benson,Sedan,Bishan,2019-12-20,3.71,Active
D05703,Joe Jones,MPV,Singapore,2020-11-03,4.72,Active
D05704,Theodore Taylor DDS,Premium,Tampines,2020-06-22,4.29,Active
D05705,Oscar Stein,Premium,Tampines,2022-09-04,3.97,Active
D05706,Robert Adkins,Electric,Jurong,2023-09-18,4.92,Active
D05707,Molly Martinez,MPV,Ang Mo Kio,2023-10-16,4.43,Active
D05708,Adrian Mcclure,Premium,Singapore,2022-05-07,3.97,Active
D05709,Elizabeth Jackson,MPV,Woodlands,2024-04-20,4.3,Active
D05710,Randall Barton,SUV,Yishun,2025-02-17,4.23,Suspended
D05711,Chloe Jones,Sedan,Tampines,2021-01-16,3.53,Inactive
D05712,Jamie Anderson,Premium,Jurong,2022-07-15,3.68,Active
D05713,Nathan Bishop,MPV,Yishun,2021-05-14,3.58,Active
D05714,Courtney Salazar,Premium,Toa Payoh,2024-01-18,4.89,Active
D05715,Christina Wheeler DVM,Electric,Woodlands,2024-10-16,4.64,Inactive
D05716,Brooke Thomas,Premium,Punggol,2023-11-13,3.84,Active
D05717,Chase West,Sedan,Woodlands,2024-02-07,3.95,Active
D05718,Paula Cox,Sedan,Jurong,2024-04-10,3.88,Active
D05719,Matthew Landry,Electric,Punggol,2022-04-09,4.94,Active
D05720,Stephanie Brown,Premium,Bishan,2022-05-01,4.88,Active
D05721,Dakota Allison,SUV,Bishan,2024-02-09,4.09,Active
D05722,Angela Miller,Hatchback,Singapore,2026-01-30,4.72,Active
D05723,Michelle Cortez,Hatchback,Punggol,2026-01-01,3.56,Inactive
D05724,Brian Walker,MPV,Singapore,2025-05-22,3.65,Active
D05725,Jose Robinson,MPV,Punggol,2022-03-21,3.56,Active
D05726,Gary Peterson,Premium,Punggol,2021-05-03,4.44,Active
D05727,Stephanie Oneal,Sedan,Punggol,2019-01-07,4.01,Active
D05728,Thomas Velasquez,Sedan,Jurong,2024-06-18,3.84,Active
D05729,Patricia Ramirez,MPV,Bedok,2021-07-20,5.0,Active
D05730,Timothy Richardson,SUV,Bishan,2019-05-10,4.79,Active
D05731,Phillip Soto,SUV,Toa Payoh,2025-01-30,3.86,Active
D05732,William Williams,SUV,Jurong,2026-07-14,3.91,Suspended
D05733,Richard Jenkins,Electric,Tampines,2026-03-28,3.8,Active
D05734,Nicole Lopez,MPV,Yishun,2024-09-23,4.26,Active
D05735,Melinda Wilson,Hatchback,Jurong,2025-02-21,4.69,Active
D05736,Amber Bates,Premium,Singapore,2020-09-21,4.74,Active
D05737,Jennifer Alvarez,SUV,Bedok,2022-05-25,3.76,Active
D05738,Taylor King,Electric,Toa Payoh,2022-01-12,4.74,Active
D05739,Diana Davis,Sedan,Tampines,2021-04-07,4.91,Active
D05740,Cody Ferguson,Electric,Singapore,2025-10-04,4.61,Active
D05741,Catherine Rangel,Hatchback,Punggol,2025-02-16,4.92,Active
D05742,Joann Barber,Electric,Toa Payoh,2018-08-17,3.81,Active
D05743,Reginald Parker,Premium,Ang Mo Kio,2022-03-31,4.49,Active
D05744,Abigail Howard,MPV,Ang Mo Kio,2020-12-06,4.07,Active
D05745,Alice Perez,SUV,Bishan,2019-12-29,3.96,Active
D05746,Elizabeth Hernandez,MPV,Woodlands,2018-10-09,3.92,Active
D05747,Katherine Li,SUV,Bishan,2021-07-15,4.15,Active
D05748,Kenneth Salazar,Sedan,Yishun,2026-04-22,3.84,Active
D05749,Bonnie Watson,Premium,Tampines,2022-04-04,4.31,Active
D05750,Carrie Cunningham,SUV,Yishun,2023-05-05,3.96,Active
D05751,Melissa Martinez,Electric,Toa Payoh,2022-10-26,4.01,Active
D05752,Gerald Holloway,SUV,Jurong,2019-12-15,3.98,Active
D05753,Andrew Haney,Sedan,Woodlands,2021-11-18,4.21,Active
D05754,Parker Williams,Sedan,Toa Payoh,2022-10-20,3.9,Active
D05755,Randy Young,Electric,Yishun,2022-05-05,4.85,Active
D05756,Dana Williams,Electric,Toa Payoh,2026-01-09,4.93,Active
D05757,Marvin Larson,Premium,Singapore,2019-09-14,3.55,Active
D05758,Daniel Howell,Sedan,Bedok,2021-12-04,4.58,Active
D05759,Gregory Hines,MPV,Toa Payoh,2024-08-06,4.21,Active
D05760,Isaiah Wolfe,Hatchback,Tampines,2025-09-01,3.96,Active
D05761,Ana Phillips,Electric,Yishun,2023-07-29,4.84,Active
D05762,Samantha Melton,Sedan,Toa Payoh,2020-04-10,5.0,Active
D05763,George Hoover,MPV,Jurong,2019-01-29,3.91,Active
D05764,William Wilson,MPV,Bishan,2023-10-02,4.13,Active
D05765,Christian Wallace,Premium,Yishun,2021-09-27,4.27,Active
D05766,Sherry Morgan,Hatchback,Punggol,2018-08-31,3.58,Active
D05767,Ronald Wong,Hatchback,Toa Payoh,2021-07-10,4.84,Active
D05768,Richard Reid,SUV,Bishan,2025-10-05,3.88,Inactive
D05769,David Johnson,MPV,Punggol,2023-12-10,4.36,Suspended
D05770,Michael Curtis,Premium,Singapore,2019-08-26,4.25,Active
D05771,Renee Terry,MPV,Woodlands,2026-05-04,3.6,Active
D05772,Linda Gill,MPV,Toa Payoh,2020-07-09,4.66,Active
D05773,Barbara Hodges,Hatchback,Tampines,2026-04-26,3.88,Active
D05774,Nathaniel Nguyen,Sedan,Toa Payoh,2022-02-05,4.85,Active
D05775,David Coleman,Hatchback,Jurong,2023-05-28,3.98,Active
D05776,Ivan Bautista,Hatchback,Woodlands,2021-12-17,3.66,Active
D05777,Julian Barber,MPV,Yishun,2022-08-03,3.75,Active
D05778,Sheila Johnson,SUV,Ang Mo Kio,2026-07-04,4.59,Active
D05779,Emily Fowler,Sedan,Jurong,2018-11-30,4.58,Active
D05780,Mrs. Hannah Howell MD,Electric,Bedok,2024-09-29,3.82,Active
D05781,Johnathan Carson,Electric,Woodlands,2024-12-31,4.31,Active
D05782,David Myers,Hatchback,Punggol,2025-07-29,4.11,Active
D05783,Katherine Forbes,Premium,Singapore,2026-02-03,4.34,Active
D05784,Joseph Williams,Hatchback,Woodlands,2022-07-06,4.62,Active
D05785,Nancy Smith,Electric,Tampines,2023-06-25,3.57,Active
D05786,Ashley Gilbert,Hatchback,Bishan,2025-07-07,4.78,Active
D05787,Brian Garcia,MPV,Yishun,2025-01-30,4.12,Active
D05788,Mary Oliver,Sedan,Bedok,2026-07-08,4.17,Active
D05789,Kelly Price,Sedan,Singapore,2024-07-27,4.12,Active
D05790,Tami Smith,Premium,Singapore,2023-12-07,4.0,Active
D05791,Jeffrey Kent,Electric,Ang Mo Kio,2024-08-04,3.65,Active
D05792,Brenda Smith,MPV,Tampines,2024-10-07,4.59,Active
D05793,Richard Hoover,Hatchback,Bishan,2024-06-05,4.32,Active
D05794,Robert Brown,Premium,Bedok,2018-08-22,4.97,Active
D05795,Luis Gamble,SUV,Punggol,2019-06-13,4.1,Active
D05796,Gregory Duncan,Sedan,Punggol,2020-12-28,3.64,Active
D05797,Jason Williams,SUV,Woodlands,2026-01-25,3.97,Active
D05798,Dalton Brown,Electric,Tampines,2018-09-17,4.64,Active
D05799,Corey Munoz,Hatchback,Bedok,2024-02-20,4.21,Active
D05800,Melissa Phillips,Electric,Tampines,2023-10-24,4.18,Active
D05801,Christopher Burns,Hatchback,Toa Payoh,2018-09-14,3.58,Active
D05802,Stephanie Morgan,SUV,Bedok,2025-07-13,4.88,Inactive
D05803,Catherine Reese,Electric,Singapore,2021-02-09,4.59,Active
D05804,Suzanne Long,Sedan,Tampines,2018-08-13,4.91,Inactive
D05805,Donna Jones,Premium,Punggol,2025-04-08,4.87,Active
D05806,Daniel Cruz,Electric,Toa Payoh,2023-09-17,3.57,Active
D05807,Ryan Weaver,MPV,Bedok,2023-09-13,3.89,Active
D05808,Erin Gregory,Electric,Singapore,2023-09-26,4.35,Active
D05809,Allison Dixon,Premium,Singapore,2025-05-31,3.87,Active
D05810,Joshua Fleming,Hatchback,Tampines,2023-02-07,4.69,Active
D05811,Katie Silva,Premium,Bedok,2026-03-07,4.92,Active
D05812,Erica Castaneda,Premium,Yishun,2022-09-19,4.12,Active
D05813,Alex Pittman,Electric,Tampines,2026-07-20,4.76,Active
D05814,Deborah Foster,Hatchback,Toa Payoh,2022-11-13,3.88,Active
D05815,Robert Nguyen,Premium,Yishun,2019-03-27,4.68,Active
D05816,Thomas Guzman,Premium,Tampines,2019-09-15,4.54,Active
D05817,Charlotte Jackson,Premium,Singapore,2020-06-07,4.62,Inactive
D05818,Madison Nicholson,Sedan,Woodlands,2024-08-19,3.82,Active
D05819,Danielle Johnson,Hatchback,Ang Mo Kio,2022-06-11,4.27,Active
D05820,Shannon Wells,Premium,Jurong,2024-02-05,5.0,Active
D05821,Phillip Tate,Premium,Jurong,2018-08-02,4.97,Active
D05822,Paul Rollins,Electric,Toa Payoh,2024-06-15,3.82,Active
D05823,Elizabeth Evans,Premium,Singapore,2026-02-01,4.15,Active
D05824,Jenna Simmons,SUV,Toa Payoh,2021-04-19,4.77,Active
D05825,Joseph Lopez,Premium,Yishun,2026-01-25,4.02,Active
D05826,Karen Solis,SUV,Jurong,2019-06-21,4.91,Active
D05827,Sergio Foster,Premium,Yishun,2020-04-18,3.92,Active
D05828,Cody Phillips,Hatchback,Jurong,2022-03-20,4.97,Active
D05829,Stephen Sherman,Sedan,Punggol,2020-04-10,4.03,Active
D05830,Alan Jones,Sedan,Tampines,2023-05-13,3.76,Active
D05831,Timothy Long,Hatchback,Woodlands,2019-08-28,3.76,Active
D05832,Jenna Taylor,Sedan,Yishun,2021-03-06,3.9,Suspended
D05833,Jacqueline Gallegos,SUV,Bishan,2022-10-09,4.2,Active
D05834,Maria Kennedy,Hatchback,Ang Mo Kio,2023-11-01,4.65,Active
D05835,Audrey Bass,SUV,Toa Payoh,2023-04-05,4.49,Active
D05836,Michael Casey,Electric,Singapore,2026-06-20,4.4,Active
D05837,Tonya Anderson,SUV,Punggol,2021-07-19,4.99,Active
D05838,Kendra Farrell,Hatchback,Toa Payoh,2018-12-31,3.77,Active
D05839,Alicia Cooke,Sedan,Yishun,2023-02-02,4.96,Active
D05840,Nicole Gray,Premium,Yishun,2026-04-02,4.08,Active
D05841,Jonathan Costa,Sedan,Yishun,2019-09-26,4.36,Active
D05842,Ronald Chambers,Hatchback,Ang Mo Kio,2021-10-30,4.8,Active
D05843,Andrea Ray,SUV,Yishun,2021-06-22,4.02,Inactive
D05844,Danielle Thomas,MPV,Singapore,2025-05-28,3.62,Active
D05845,Patricia Duncan,MPV,Punggol,2025-04-17,4.43,Active
D05846,Michelle Kim,Electric,Tampines,2024-07-21,4.98,Active
D05847,Brittany Moore,SUV,Singapore,2022-09-15,4.84,Suspended
D05848,Ralph Novak,Sedan,Punggol,2020-07-21,3.85,Active
D05849,Todd Bass,Premium,Bedok,2021-04-28,4.09,Active
D05850,Denise May,SUV,Punggol,2019-09-24,4.58,Active
D05851,Patrick Dorsey,Sedan,Bedok,2020-01-18,4.71,Active
D05852,Joshua Bell,Electric,Singapore,2024-10-09,4.28,Active
D05853,Shawn Rogers,MPV,Ang Mo Kio,2023-01-20,4.25,Active
D05854,Amanda Hall,Premium,Toa Payoh,2024-12-27,3.52,Active
D05855,Taylor Weaver,MPV,Singapore,2021-03-31,3.61,Active
D05856,Julie Barr,SUV,Bedok,2021-09-04,4.29,Active
D05857,Suzanne Chavez,SUV,Punggol,2020-04-11,3.71,Active
D05858,Elizabeth Bates,Hatchback,Punggol,2025-05-27,4.29,Active
D05859,Randy Dunn MD,Sedan,Yishun,2022-09-20,4.5,Active
D05860,Nancy Sanford,Sedan,Toa Payoh,2025-10-20,3.81,Active
D05861,Charles Paul DDS,Hatchback,Punggol,2019-10-21,4.76,Active
D05862,Daniel Mcdonald,Electric,Woodlands,2019-07-10,4.48,Active
D05863,Rick Nelson,Hatchback,Woodlands,2023-02-09,4.39,Active
D05864,Jordan Brown,Hatchback,Toa Payoh,2023-10-27,3.78,Active
D05865,Brandon Armstrong,Premium,Ang Mo Kio,2022-08-14,4.46,Active
D05866,Ruth Davis,SUV,Singapore,2025-02-01,4.88,Active
D05867,Patrick Ruiz,Hatchback,Bishan,2022-05-10,4.91,Active
D05868,Martin Howard,Premium,Toa Payoh,2023-10-26,4.3,Active
D05869,Zachary Strickland,Premium,Tampines,2026-01-01,4.47,Inactive
D05870,Darren Smith,Hatchback,Ang Mo Kio,2020-10-15,4.83,Active
D05871,Ashley Hays,Sedan,Bedok,2018-08-28,4.13,Inactive
D05872,Steven Mclaughlin,SUV,Tampines,2025-10-13,3.71,Active
D05873,Nicole Walker,Hatchback,Toa Payoh,2025-03-22,4.34,Active
D05874,Morgan Garcia,Electric,Toa Payoh,2026-01-20,4.13,Active
D05875,Michael Craig,Sedan,Singapore,2021-12-21,3.93,Active
D05876,Michelle Williams,SUV,Jurong,2020-08-15,3.88,Active
D05877,Carla Lewis,Sedan,Woodlands,2023-03-31,4.61,Active
D05878,Edwin Walters,Electric,Yishun,2023-10-22,4.79,Active
D05879,William Gutierrez,Hatchback,Bishan,2022-11-23,4.24,Active
D05880,Ashley Banks,Hatchback,Woodlands,2019-01-19,4.76,Active
D05881,Allison Chen,Premium,Bedok,2024-10-31,4.11,Inactive
D05882,Colin Vance,Premium,Bishan,2019-10-21,3.66,Active
D05883,Valerie Clark,SUV,Jurong,2021-05-31,4.7,Active
D05884,Jeffrey Powell,SUV,Tampines,2019-02-23,4.21,Active
D05885,Autumn Douglas,Electric,Punggol,2022-01-09,3.84,Active
D05886,Rachel Murray,Sedan,Toa Payoh,2021-02-16,4.12,Active
D05887,Raymond Armstrong,SUV,Yishun,2022-06-01,4.07,Active
D05888,Kelly Cuevas,MPV,Ang Mo Kio,2023-01-28,3.9,Active
D05889,Katherine Washington,Premium,Toa Payoh,2020-10-25,4.08,Active
D05890,Cameron Roberts,Premium,Jurong,2019-11-15,4.5,Active
D05891,Jennifer Aguirre,Hatchback,Jurong,2019-07-08,4.91,Active
D05892,Marcus Tanner,Hatchback,Woodlands,2020-05-11,4.37,Active
D05893,Jennifer Perez,MPV,Yishun,2026-03-26,4.22,Active
D05894,Amanda Coffey,SUV,Jurong,2021-02-24,4.62,Active
D05895,David Haynes,Premium,Woodlands,2020-11-09,4.82,Active
D05896,Ruth Robinson,MPV,Ang Mo Kio,2025-02-17,3.98,Inactive
D05897,Cheryl Hall,Sedan,Punggol,2025-09-07,3.8,Active
D05898,Edward Lynch,MPV,Toa Payoh,2021-10-21,4.93,Active
D05899,Lisa Holden,Sedan,Bedok,2023-09-09,3.81,Active
D05900,Alexandria Hood,Premium,Singapore,2026-04-23,4.19,Active
D05901,Kathleen Gibson,Premium,Bedok,2022-11-15,3.98,Active
D05902,Kim Townsend,SUV,Bedok,2018-10-17,4.55,Active
D05903,Brandon White,Sedan,Toa Payoh,2022-06-11,3.74,Active
D05904,Jennifer Hernandez,Premium,Woodlands,2018-09-27,4.94,Active
D05905,Carlos Lowery,Premium,Bedok,2026-04-27,4.27,Active
D05906,Thomas Pena,SUV,Ang Mo Kio,2021-11-30,4.42,Active
D05907,Terri Rowe,Hatchback,Yishun,2018-08-22,4.14,Active
D05908,Billy Ferguson,Premium,Jurong,2018-10-05,3.71,Active
D05909,Charles Clark,MPV,Ang Mo Kio,2025-04-25,4.64,Active
D05910,James Gonzalez,Hatchback,Bedok,2023-12-14,4.47,Active
D05911,Nathan Glover,Sedan,Tampines,2025-08-28,4.73,Inactive
D05912,Jacqueline Pierce,SUV,Singapore,2024-06-11,3.96,Active
D05913,Zachary Hayes,MPV,Singapore,2025-04-27,3.59,Active
D05914,David Levine,MPV,Bedok,2022-01-14,4.1,Active
D05915,Anna Campbell,Sedan,Tampines,2026-04-24,4.4,Active
D05916,Julia Gordon,Sedan,Jurong,2023-07-03,4.87,Active
D05917,Dale Mejia,Hatchback,Woodlands,2021-12-16,3.81,Active
D05918,Rachel Warren,MPV,Toa Payoh,2022-08-20,3.64,Active
D05919,Taylor Mays,SUV,Yishun,2022-06-13,4.2,Active
D05920,Felicia Williams DVM,Premium,Singapore,2021-11-10,4.14,Active
D05921,Mark Jenkins,MPV,Bedok,2018-10-05,4.9,Active
D05922,Justin Garza,Electric,Woodlands,2021-09-13,4.42,Active
D05923,Ray Watson,Premium,Jurong,2022-08-30,4.09,Inactive
D05924,Karla Mcintyre,Sedan,Bedok,2026-03-12,4.67,Active
D05925,Robert Swanson,SUV,Bedok,2019-10-12,4.7,Active
D05926,Marcus Gilmore DDS,Sedan,Toa Payoh,2023-05-27,3.58,Active
D05927,Pamela Lopez MD,SUV,Ang Mo Kio,2025-01-20,4.01,Active
D05928,Linda Welch,Electric,Tampines,2019-11-07,4.08,Active
D05929,Erin Roth,Electric,Jurong,2023-11-12,4.09,Active
D05930,Jordan Taylor,Premium,Punggol,2022-09-22,4.3,Active
D05931,Linda Johnson,Sedan,Yishun,2022-04-22,4.32,Active
D05932,Heidi Stewart,Hatchback,Tampines,2018-10-29,3.82,Active
D05933,Gregory Ramirez,Hatchback,Ang Mo Kio,2024-02-06,4.35,Active
D05934,Joshua Dickson,SUV,Punggol,2020-03-31,4.63,Active
D05935,Kevin Hernandez,Electric,Jurong,2019-11-02,4.79,Active
D05936,John Cherry,Hatchback,Bishan,2019-10-04,3.91,Active
D05937,Amanda Jimenez,Premium,Singapore,2020-11-09,4.61,Inactive
D05938,Jorge Sheppard,Premium,Bishan,2025-02-10,3.64,Active
D05939,Sarah Murphy,Premium,Ang Mo Kio,2019-06-02,4.4,Active
D05940,April Kaufman,MPV,Bishan,2020-02-12,4.39,Active
D05941,Kathy Garrett,Sedan,Toa Payoh,2019-10-22,3.67,Inactive
D05942,Erin Long,SUV,Singapore,2020-05-31,4.53,Active
D05943,Kelly Williams,Sedan,Bishan,2023-01-12,4.44,Active
D05944,Leah Fowler,Hatchback,Bishan,2018-12-09,4.74,Inactive
D05945,James Medina,Electric,Woodlands,2021-01-30,4.31,Active
D05946,Kristin Miller,SUV,Bishan,2019-02-23,4.27,Active
D05947,Martha Cowan,SUV,Toa Payoh,2023-06-17,3.61,Active
D05948,Mr. Brandon Martin MD,Hatchback,Woodlands,2019-05-31,4.74,Active
D05949,Margaret Carroll,Hatchback,Yishun,2021-04-06,4.23,Active
D05950,Patricia Haynes,Electric,Bishan,2022-09-05,4.52,Active
D05951,Joseph Evans,Hatchback,Jurong,2022-12-09,4.92,Active
D05952,Margaret Dominguez,Premium,Tampines,2019-03-12,4.61,Active
D05953,Christina Munoz,MPV,Yishun,2023-04-16,4.4,Inactive
D05954,Maria Daniels,Premium,Tampines,2024-05-01,3.82,Active
D05955,Thomas Livingston,Electric,Bishan,2022-07-31,4.18,Active
D05956,Michele Young,Premium,Bishan,2020-12-02,3.5,Active
D05957,Larry Farmer,Premium,Punggol,2019-09-10,4.29,Active
D05958,Paul Hunter,Electric,Punggol,2019-11-22,4.57,Active
D05959,Anthony Hall,MPV,Singapore,2025-01-07,4.54,Active
D05960,Isabella Bradley,MPV,Tampines,2019-12-14,3.79,Active
D05961,Jill Nelson,MPV,Bishan,2023-02-11,4.51,Active
D05962,Marcus Webster,SUV,Woodlands,2021-04-25,4.7,Active
D05963,Dr. Andrea Bennett,Electric,Bishan,2026-06-30,3.63,Active
D05964,Maureen Hodges,Electric,Ang Mo Kio,2024-02-03,3.98,Active
D05965,Donald Graves,Sedan,Ang Mo Kio,2022-07-05,4.25,Active
D05966,Jocelyn Sanchez,Premium,Bishan,2020-11-21,3.78,Active
D05967,Hannah Graham,Electric,Woodlands,2025-05-03,4.95,Active
D05968,David Jones,Premium,Bishan,2019-11-03,4.42,Active
D05969,Shaun Watson,MPV,Tampines,2022-02-26,3.66,Active
D05970,Jasmin Shaw,Premium,Tampines,2023-06-26,4.0,Active
D05971,William Mcdaniel,Hatchback,Woodlands,2022-04-28,4.0,Active
D05972,Monique Gonzalez,Hatchback,Yishun,2023-09-25,3.52,Active
D05973,Michelle Mccoy,Sedan,Singapore,2022-07-19,4.43,Active
D05974,Tammy Kennedy,Sedan,Woodlands,2024-10-26,3.92,Inactive
D05975,John Garcia,Hatchback,Woodlands,2022-08-01,4.99,Active
D05976,Antonio Perez,Hatchback,Jurong,2023-07-11,4.14,Active
D05977,Teresa Orr,Premium,Ang Mo Kio,2020-05-07,4.32,Active
D05978,Shane Kelly,MPV,Yishun,2023-05-28,4.5,Active
D05979,Eric Rodriguez,Premium,Yishun,2025-01-28,4.94,Inactive
D05980,Courtney Woods,MPV,Jurong,2020-01-18,4.29,Active
D05981,Lisa Byrd,Hatchback,Ang Mo Kio,2023-04-18,4.53,Active
D05982,Katherine Jones,SUV,Yishun,2024-04-16,4.13,Active
D05983,Stephen Joseph,MPV,Bedok,2019-12-28,4.64,Active
D05984,Michael Caldwell,Premium,Yishun,2019-06-02,4.76,Active
D05985,Megan Shah,SUV,Bishan,2021-07-17,3.61,Active
D05986,Steven Cunningham,SUV,Bishan,2018-08-30,4.91,Active
D05987,Crystal Anderson,MPV,Woodlands,2020-08-16,3.71,Active
D05988,Justin Willis,Electric,Woodlands,2022-04-13,3.68,Active
D05989,Mark Martin,MPV,Yishun,2025-06-11,4.78,Active
D05990,Jose Wilson,Hatchback,Tampines,2026-07-26,3.78,Active
D05991,Cindy White,Premium,Bedok,2025-10-10,4.36,Active
D05992,Steven Murphy,Sedan,Singapore,2024-02-05,4.15,Active
D05993,Brendan Bell,Hatchback,Woodlands,2024-12-04,4.34,Active
D05994,Carol Brown,MPV,Bedok,2022-07-01,4.36,Active
D05995,James Roach,Premium,Jurong,2021-07-06,4.74,Active
D05996,Jacob Vazquez,Hatchback,Bedok,2024-01-07,4.46,Active
D05997,Lisa Moyer,Sedan,Yishun,2020-02-06,3.92,Active
D05998,Riley Scott,Premium,Jurong,2026-02-14,4.52,Active
D05999,Nicholas Hammond,Sedan,Tampines,2019-10-05,4.3,Active
D06000,Anna Barnett,Sedan,Bedok,2021-05-11,4.75,Inactive
D06001,Candace Butler,SUV,Bishan,2021-08-12,4.97,Active
D06002,Joe Perez,Hatchback,Bedok,2020-01-10,4.79,Active
D06003,Andrea Lang,Hatchback,Bishan,2023-04-03,3.8,Active
D06004,Carol Flores,Sedan,Singapore,2019-01-16,4.7,Active
D06005,Kimberly Johnson,SUV,Ang Mo Kio,2024-05-11,4.06,Active
D06006,Laurie Brown,Premium,Bishan,2025-11-30,3.98,Inactive
D06007,Amanda Jackson,SUV,Singapore,2025-08-29,3.89,Active
D06008,Thomas Rocha,Premium,Punggol,2021-07-14,4.06,Active
D06009,Robert Gomez,SUV,Bedok,2023-09-30,3.72,Active
D06010,Christopher Obrien,Hatchback,Jurong,2021-12-02,4.06,Active
D06011,Kayla Jones,Electric,Bedok,2021-06-24,3.76,Active
D06012,Miss Heather Thomas DDS,SUV,Tampines,2024-02-18,4.1,Active
D06013,Patricia Singh,Electric,Bedok,2020-08-29,4.6,Active
D06014,Ariel Cook,Hatchback,Jurong,2019-10-24,4.29,Active
D06015,Ashley Proctor,MPV,Ang Mo Kio,2020-12-08,4.33,Active
D06016,Lee Santos,Hatchback,Ang Mo Kio,2025-10-23,4.97,Active
D06017,William Contreras,Hatchback,Woodlands,2024-02-29,4.81,Active
D06018,Christine Frank,SUV,Singapore,2022-09-28,4.62,Active
D06019,Terry Sexton,Electric,Ang Mo Kio,2025-10-05,4.45,Inactive
D06020,Aaron Richardson,Sedan,Toa Payoh,2022-03-15,3.57,Active
D06021,Brianna Sanchez,SUV,Bishan,2019-11-01,3.95,Inactive
D06022,Stephanie Best,Premium,Yishun,2023-01-19,3.64,Active
D06023,Deborah Madden,SUV,Bedok,2024-03-06,4.22,Active
D06024,Misty Thompson,MPV,Bishan,2025-09-25,4.36,Active
D06025,Michael Rodgers,MPV,Toa Payoh,2023-02-28,3.99,Active
D06026,Veronica Barry,Hatchback,Woodlands,2025-09-15,4.99,Active
D06027,Amanda Matthews,Hatchback,Singapore,2022-07-28,4.21,Active
D06028,Kimberly Carroll,SUV,Ang Mo Kio,2025-10-20,4.34,Active
D06029,Stacy Hunt,Sedan,Toa Payoh,2020-04-18,3.81,Active
D06030,Carlos Long,Sedan,Woodlands,2025-06-18,4.21,Active
D06031,Laura English,SUV,Woodlands,2025-10-28,4.23,Active
D06032,Mrs. Jeanne Smith,Hatchback,Jurong,2020-10-01,4.69,Active
D06033,Tyler Kirby,Electric,Ang Mo Kio,2022-07-24,4.82,Active
D06034,Shelly Ferguson,Sedan,Tampines,2023-01-24,4.36,Active
D06035,Courtney Watts,SUV,Punggol,2025-04-03,3.8,Active
D06036,Beth Smith,Electric,Jurong,2022-03-04,4.03,Active
D06037,Julia Duncan,SUV,Bishan,2025-03-28,3.54,Suspended
D06038,Rachel Hamilton,MPV,Yishun,2019-05-30,4.83,Active
D06039,Jessica Williamson,Sedan,Ang Mo Kio,2020-05-01,3.6,Active
D06040,Robert Ortega,MPV,Punggol,2025-09-24,3.93,Active
D06041,Joshua Thompson,SUV,Punggol,2019-06-24,4.96,Active
D06042,Nathan Higgins,Electric,Bedok,2022-09-09,3.67,Active
D06043,Michele Poole,Hatchback,Singapore,2025-08-07,3.55,Active
D06044,Linda Hull,Premium,Tampines,2020-05-20,4.1,Suspended
D06045,Jay Smith,Electric,Singapore,2019-10-27,4.17,Active
D06046,Justin Garcia,Sedan,Punggol,2019-12-16,4.15,Inactive
D06047,Michael Spencer,MPV,Singapore,2018-08-25,3.99,Active
D06048,Jennifer Allen,Hatchback,Toa Payoh,2025-03-19,3.81,Active
D06049,Amanda Koch,Sedan,Bedok,2022-04-10,3.66,Active
D06050,Heather Kim,Premium,Bedok,2023-04-14,4.45,Active
D06051,Mary Schroeder,Sedan,Jurong,2022-03-28,4.4,Active
D06052,Beth Sanchez,Electric,Woodlands,2025-06-15,4.91,Active
D06053,Katherine Freeman,Premium,Punggol,2025-02-15,3.94,Active
D06054,Dustin Mcgee,Sedan,Ang Mo Kio,2019-01-06,4.46,Active
D06055,Michael Ramos,MPV,Jurong,2020-12-08,4.6,Active
D06056,Anna Hill,SUV,Punggol,2020-11-30,4.49,Active
D06057,Cory Wallace,Hatchback,Jurong,2019-05-14,4.91,Active
D06058,Laura Allen DVM,Hatchback,Jurong,2018-12-06,4.45,Inactive
D06059,Joshua Smith DDS,Hatchback,Yishun,2024-11-02,4.5,Active
D06060,Steven Smith,MPV,Bishan,2025-11-10,3.85,Active
D06061,Andrew Harris,Premium,Punggol,2022-11-16,3.97,Active
D06062,Mindy Miller,Hatchback,Yishun,2025-06-18,4.57,Active
D06063,Linda Navarro,SUV,Ang Mo Kio,2025-04-29,4.53,Active
D06064,Melinda Gray,SUV,Yishun,2024-06-04,4.62,Active
D06065,Shannon Lam MD,Electric,Punggol,2026-01-25,3.65,Active
D06066,Brian Thompson,Hatchback,Singapore,2020-12-10,3.96,Active
D06067,Sean Smith,Sedan,Ang Mo Kio,2026-03-25,3.58,Active
D06068,Nathan Webb,Hatchback,Woodlands,2021-10-06,4.85,Active
D06069,Evan Walton,SUV,Woodlands,2024-03-26,4.69,Active
D06070,Lisa Barr,Hatchback,Yishun,2024-04-20,4.35,Active
D06071,Derrick Weber,Hatchback,Woodlands,2024-12-26,4.66,Active
D06072,Christian Perkins,Premium,Jurong,2025-11-14,4.61,Active
D06073,Anthony Hansen,SUV,Bedok,2023-03-04,3.85,Active
D06074,Sheila Jacobs,Hatchback,Singapore,2018-11-16,3.59,Active
D06075,Vincent Brown,Hatchback,Toa Payoh,2019-10-20,4.33,Active
D06076,Jill Holmes,Premium,Jurong,2026-03-03,4.34,Active
D06077,Cynthia Novak,Hatchback,Ang Mo Kio,2021-04-10,4.21,Active
D06078,Rebecca Sosa,Premium,Woodlands,2020-12-10,4.57,Active
D06079,Michael Robertson,Electric,Yishun,2024-05-05,4.88,Active
D06080,Angela Pennington,Hatchback,Woodlands,2025-04-06,4.73,Active
D06081,Raymond Phillips,MPV,Bedok,2024-10-13,4.65,Active
D06082,Brianna Benson,MPV,Singapore,2022-06-08,3.84,Active
D06083,Donna Mendoza,Electric,Tampines,2019-09-12,3.91,Active
D06084,Mr. Donald Green,SUV,Singapore,2025-08-18,4.25,Active
D06085,Kevin Galloway,Electric,Tampines,2024-04-10,4.06,Active
D06086,Richard Sandoval,SUV,Toa Payoh,2025-03-10,4.88,Inactive
D06087,Alan Guerra PhD,Electric,Jurong,2023-06-06,4.36,Active
D06088,David Garcia,Premium,Toa Payoh,2019-02-24,4.94,Active
D06089,Christopher Butler,Electric,Toa Payoh,2025-04-27,4.01,Active
D06090,Sonya Adams,SUV,Punggol,2022-05-26,4.23,Inactive
D06091,Jessica Mills,Hatchback,Tampines,2024-12-17,4.75,Active
D06092,Stacy Morrison,SUV,Toa Payoh,2023-06-06,4.22,Active
D06093,Melissa Jensen,Hatchback,Tampines,2020-09-28,4.36,Active
D06094,Lisa Martin,SUV,Bedok,2025-11-25,4.88,Active
D06095,Joshua Smith,MPV,Ang Mo Kio,2018-12-24,4.87,Active
D06096,Jacqueline Banks,Electric,Tampines,2020-11-12,3.9,Active
D06097,Carrie Callahan,SUV,Yishun,2026-01-10,3.54,Active
D06098,Robin Roberts,Sedan,Punggol,2019-11-09,4.7,Active
D06099,Cynthia Figueroa,Premium,Singapore,2021-05-22,4.81,Active
D06100,James Robles,Electric,Singapore,2025-05-24,4.29,Active
D06101,Nicole Jackson,SUV,Tampines,2019-02-04,4.28,Active
D06102,Katie Smith,Sedan,Bishan,2021-04-06,4.18,Active
D06103,Kenneth Jefferson,Sedan,Woodlands,2018-09-05,4.95,Inactive
D06104,Denise Murphy,Electric,Toa Payoh,2020-01-21,4.04,Active
D06105,Robert Shaw,SUV,Yishun,2019-08-19,4.17,Active
D06106,Melissa Mcbride,Hatchback,Toa Payoh,2023-12-06,3.7,Inactive
D06107,Kimberly Nguyen,SUV,Jurong,2022-02-07,4.33,Active
D06108,Daniel Ruiz,SUV,Ang Mo Kio,2024-04-13,4.12,Active
D06109,Barbara Davis,Sedan,Jurong,2025-09-09,3.93,Active
D06110,Jocelyn Cruz,Electric,Tampines,2024-03-28,3.84,Active
D06111,Lori Miller,Premium,Jurong,2020-01-05,3.61,Active
D06112,Nancy Martinez,Premium,Woodlands,2019-07-05,4.0,Active
D06113,Timothy Fernandez,SUV,Singapore,2022-02-24,4.92,Active
D06114,Christian Rodriguez,Electric,Bedok,2024-06-27,3.82,Active
D06115,Kenneth Nelson,Premium,Bedok,2021-06-24,3.95,Active
D06116,Hayden Love,Hatchback,Tampines,2025-11-10,4.71,Active
D06117,Christopher Juarez,Hatchback,Woodlands,2019-04-07,3.61,Active
D06118,Carl Willis,Electric,Bishan,2024-12-17,4.07,Active
D06119,Tracey Perez,Sedan,Woodlands,2023-04-10,4.42,Active
D06120,James Monroe,Hatchback,Bedok,2024-05-14,4.87,Inactive
D06121,Dr. Melissa Baker,Electric,Punggol,2020-11-29,3.81,Active
D06122,Shane Lucas,Electric,Yishun,2026-01-01,4.06,Active
D06123,Patricia Mcbride,Premium,Jurong,2019-11-20,4.98,Active
D06124,April Case,Hatchback,Punggol,2019-10-09,4.87,Active
D06125,Robert Stevens,Premium,Woodlands,2025-06-06,4.59,Active
D06126,Tiffany Turner,Premium,Ang Mo Kio,2020-04-04,4.56,Active
D06127,Travis Gill,SUV,Woodlands,2025-03-31,3.79,Active
D06128,Marc Brady,Sedan,Ang Mo Kio,2024-06-03,4.88,Active
D06129,Mary Robertson,Hatchback,Bishan,2022-10-04,4.08,Active
D06130,Kevin Wong,Sedan,Bedok,2025-11-06,3.69,Active
D06131,Timothy Edwards,Sedan,Woodlands,2018-09-29,3.63,Active
D06132,Sarah Bates,Hatchback,Yishun,2019-12-24,3.74,Active
D06133,Tammy Johnson,MPV,Tampines,2018-11-21,4.36,Active
D06134,Stephanie Greene,Premium,Ang Mo Kio,2026-02-11,3.54,Active
D06135,Brooke Baker,Electric,Tampines,2020-04-21,4.67,Active
D06136,Tonya Wagner,Sedan,Bishan,2019-04-10,4.83,Active
D06137,Derek Robinson,Hatchback,Punggol,2019-04-06,4.13,Active
D06138,Christopher Robinson,Hatchback,Bedok,2023-09-18,4.58,Active
D06139,Dawn Gray,MPV,Tampines,2024-09-28,3.86,Active
D06140,Janet Sullivan,Hatchback,Singapore,2019-04-08,3.67,Active
D06141,David Townsend,Hatchback,Bishan,2020-08-24,4.06,Inactive
D06142,Mr. William Chan,Electric,Toa Payoh,2022-11-20,3.69,Active
D06143,Thomas Hays,MPV,Yishun,2022-03-02,4.0,Inactive
D06144,Oscar Camacho,Sedan,Bedok,2023-01-01,4.11,Active
D06145,Jennifer Lawson,Electric,Punggol,2024-01-29,4.85,Active
D06146,Peggy Waller,Electric,Ang Mo Kio,2026-07-23,3.95,Active
D06147,Carmen Rosales,Sedan,Ang Mo Kio,2025-08-12,4.32,Active
D06148,Mr. Robert Padilla,SUV,Punggol,2019-02-08,3.93,Active
D06149,Robin Jones,Hatchback,Yishun,2019-04-10,3.65,Active
D06150,Melinda Lang,Premium,Singapore,2023-05-03,4.41,Active
D06151,Barbara Bean,MPV,Jurong,2019-07-01,3.72,Active
D06152,Nicholas Williams,MPV,Ang Mo Kio,2026-07-06,4.37,Active
D06153,Angela Reynolds,Premium,Ang Mo Kio,2020-06-15,3.95,Active
D06154,Jacqueline Olson,Sedan,Jurong,2026-01-30,3.92,Active
D06155,Brenda Allen,Sedan,Woodlands,2024-04-24,4.26,Inactive
D06156,Jonathon Fleming MD,SUV,Bishan,2024-02-17,3.68,Active
D06157,Christopher Hampton,SUV,Bedok,2020-05-23,4.16,Active
D06158,Joshua Lyons,MPV,Punggol,2019-07-01,4.05,Active
D06159,Sherri Pearson,Sedan,Tampines,2025-11-01,4.49,Active
D06160,Elizabeth Palmer,Hatchback,Woodlands,2025-03-28,4.51,Active
D06161,Gabriel Stephens,Sedan,Jurong,2024-11-27,3.53,Active
D06162,David Gallegos,Electric,Toa Payoh,2020-01-19,3.86,Active
D06163,Richard Aguilar,Electric,Jurong,2019-07-09,3.75,Inactive
D06164,Reginald Lopez,Premium,Toa Payoh,2024-05-31,4.95,Active
D06165,Amanda Turner,Hatchback,Bishan,2019-08-08,4.03,Inactive
D06166,Dr. Ryan Carroll DDS,Hatchback,Yishun,2018-12-20,3.84,Active
D06167,Justin Elliott,Premium,Singapore,2020-09-17,4.46,Active
D06168,Casey Robinson,Sedan,Tampines,2020-07-30,4.85,Inactive
D06169,Tonya Mcpherson,Hatchback,Yishun,2024-09-08,4.36,Active
D06170,Cheryl Wright,Premium,Bedok,2020-02-10,3.52,Inactive
D06171,Thomas Williams,Electric,Jurong,2024-01-11,4.29,Active
D06172,Brandi Walter,SUV,Bedok,2019-09-20,4.37,Inactive
D06173,Paul Ramos,SUV,Ang Mo Kio,2019-11-27,4.02,Active
D06174,Karen Johnson,Hatchback,Bedok,2020-08-31,4.3,Active
D06175,Ryan Douglas,Electric,Toa Payoh,2023-08-29,4.62,Active
D06176,Brian Soto,Hatchback,Woodlands,2019-01-19,3.62,Active
D06177,Aaron Davis,Hatchback,Woodlands,2021-12-16,3.62,Inactive
D06178,Michael Daniel,MPV,Bishan,2023-10-18,4.29,Active
D06179,Julie Price,SUV,Woodlands,2019-07-21,4.72,Active
D06180,Elizabeth Cunningham,SUV,Bedok,2023-08-12,3.68,Active
D06181,Andrea Griffin,Electric,Tampines,2021-04-29,3.64,Active
D06182,Richard Wright,Premium,Toa Payoh,2019-03-24,4.51,Inactive
D06183,Scott Barker,MPV,Punggol,2023-05-16,3.71,Active
D06184,Kathryn Lynch,Sedan,Bedok,2020-06-11,3.88,Active
D06185,Alexis Thompson,Electric,Bishan,2022-10-16,3.78,Inactive
D06186,Dustin Santiago,Hatchback,Singapore,2024-08-07,4.41,Active
D06187,Julie Salazar,SUV,Yishun,2021-12-09,4.91,Active
D06188,Anthony Jones,Sedan,Jurong,2024-07-25,3.89,Active
D06189,Daniel Walker,Electric,Punggol,2019-02-18,3.59,Active
D06190,Donna Harper,Premium,Toa Payoh,2025-04-19,4.37,Active
D06191,Trevor Quinn,Premium,Bishan,2020-10-02,4.06,Active
D06192,Zachary Farmer,SUV,Toa Payoh,2026-01-21,4.18,Active
D06193,Christopher Jones,Electric,Punggol,2023-09-03,4.48,Active
D06194,Karen West,Sedan,Punggol,2019-02-03,3.57,Active
D06195,Edwin Reyes,Hatchback,Toa Payoh,2023-10-07,4.61,Active
D06196,Christina Smith,Sedan,Jurong,2026-03-23,3.93,Active
D06197,Allison Adams,MPV,Woodlands,2021-02-09,4.07,Active
D06198,Jason Trevino,Hatchback,Singapore,2025-03-12,3.57,Active
D06199,Matthew Young,Electric,Yishun,2021-02-21,4.3,Active
D06200,Brittany Wyatt,Hatchback,Singapore,2019-06-25,4.27,Active
D06201,John Hickman,MPV,Yishun,2020-11-08,4.23,Inactive
D06202,Colton Johnson,Hatchback,Jurong,2024-03-12,4.77,Active
D06203,Tiffany Hardy,SUV,Bishan,2025-03-08,4.88,Active
D06204,Mr. Jared Ferguson,Premium,Punggol,2020-09-25,4.52,Active
D06205,John Lewis,MPV,Bishan,2025-07-12,4.72,Inactive
D06206,Charles Wells,SUV,Bedok,2021-09-29,4.31,Active
D06207,Luke Hayes,Premium,Ang Mo Kio,2020-05-17,4.16,Inactive
D06208,Krista Bennett,Electric,Punggol,2020-06-15,3.97,Active
D06209,Laura Davila,Electric,Punggol,2023-03-27,4.87,Active
D06210,Alan Le,SUV,Yishun,2019-08-21,3.8,Active
D06211,Alison Nelson,Sedan,Ang Mo Kio,2022-07-10,4.53,Active
D06212,Joseph Smith,Premium,Ang Mo Kio,2019-12-07,4.55,Active
D06213,Scott Shelton,Sedan,Punggol,2019-07-26,4.99,Active
D06214,Anthony Anderson,MPV,Yishun,2021-02-20,4.39,Active
D06215,George Cole,Hatchback,Punggol,2018-08-17,4.6,Active
D06216,Steven Shaw,Premium,Singapore,2019-11-27,4.57,Active
D06217,Robert Hill,Sedan,Yishun,2019-08-24,4.44,Active
D06218,James Patel,Hatchback,Yishun,2020-11-14,3.69,Active
D06219,Holly Thomas,Sedan,Bedok,2020-01-09,4.21,Inactive
D06220,Jessica Rodriguez,Premium,Bedok,2023-08-05,3.91,Active
D06221,Thomas Weber,MPV,Tampines,2025-03-11,4.22,Inactive
D06222,Lori Martinez,MPV,Punggol,2024-02-27,3.86,Active
D06223,Isaiah Collins,Electric,Jurong,2020-10-08,4.7,Active
D06224,Steven Klein,SUV,Bedok,2025-08-08,3.87,Active
D06225,Brandy Pham,MPV,Ang Mo Kio,2021-06-08,4.62,Inactive
D06226,Kimberly Page,SUV,Bedok,2024-12-18,4.93,Active
D06227,Lauren Burns,MPV,Singapore,2025-09-28,4.56,Active
D06228,Brandon Romero,SUV,Toa Payoh,2019-05-09,3.88,Active
D06229,Joseph Rogers,MPV,Woodlands,2026-05-27,4.55,Active
D06230,Joshua Morris,Electric,Bedok,2022-06-14,4.94,Active
D06231,Omar Cooper,Sedan,Toa Payoh,2025-01-06,4.63,Active
D06232,Michelle Williams,Premium,Punggol,2026-01-01,4.85,Active
D06233,Bryan Hall,MPV,Bedok,2023-08-28,4.0,Active
D06234,Eric Andrews,MPV,Singapore,2026-07-16,4.57,Active
D06235,Sarah Hickman,MPV,Ang Mo Kio,2020-10-31,4.08,Active
D06236,Patrick Walsh,MPV,Bedok,2019-12-07,3.51,Active
D06237,Casey Lowery,SUV,Jurong,2020-05-01,4.16,Active
D06238,Courtney Tucker,Premium,Punggol,2022-07-14,4.63,Active
D06239,Haley Harris,Electric,Singapore,2026-05-12,3.86,Inactive
D06240,Jennifer Lee,SUV,Woodlands,2024-02-27,3.74,Active
D06241,Michael Elliott,Electric,Tampines,2022-11-13,4.96,Active
D06242,Larry Wilson,MPV,Jurong,2020-12-01,3.66,Active
D06243,Shane Johnson,Sedan,Bedok,2022-07-16,4.09,Active
D06244,Shannon Hopkins,Hatchback,Ang Mo Kio,2026-03-12,4.43,Active
D06245,Tracy Wallace,Electric,Woodlands,2022-03-13,4.44,Active
D06246,Alicia Wright,Sedan,Punggol,2021-01-11,3.8,Active
D06247,Kayla Roberts,SUV,Woodlands,2021-11-10,3.8,Active
D06248,Christian Warner,SUV,Yishun,2020-04-23,4.64,Active
D06249,Micheal Lewis,MPV,Bedok,2026-06-02,3.92,Active
D06250,Victor Oliver,Sedan,Woodlands,2022-03-21,4.4,Inactive
D06251,Michael Johnson,Premium,Tampines,2022-04-19,3.98,Active
D06252,Mark Lopez,SUV,Bishan,2022-05-04,4.92,Active
D06253,Dr. Jonathan Robles,Premium,Singapore,2025-02-26,4.08,Active
D06254,Candace Murphy,Premium,Woodlands,2018-12-19,4.99,Active
D06255,Wendy Rice,SUV,Jurong,2019-07-30,4.61,Active
D06256,Mary Huber,Electric,Bedok,2019-12-24,4.93,Active
D06257,Kevin Ortiz,Electric,Ang Mo Kio,2019-04-08,4.83,Active
D06258,Karen Caldwell,MPV,Toa Payoh,2025-09-01,3.55,Active
D06259,Anthony Cannon,Hatchback,Punggol,2025-05-16,3.59,Active
D06260,Carlos Riley,Hatchback,Jurong,2020-11-03,4.27,Active
D06261,Elizabeth Jones,MPV,Singapore,2023-04-02,4.26,Inactive
D06262,Beth Nguyen,Sedan,Toa Payoh,2021-02-17,4.04,Active
D06263,James Suarez,Premium,Bishan,2018-12-21,4.54,Active
D06264,Mrs. Vickie Thomas,Premium,Yishun,2024-08-13,4.84,Active
D06265,Francis Edwards,Electric,Tampines,2021-06-08,4.76,Active
D06266,Olivia Price,Hatchback,Woodlands,2021-12-16,3.51,Active
D06267,William Mason,Electric,Ang Mo Kio,2020-04-07,4.26,Active
D06268,Andrew Moses,Premium,Jurong,2022-08-24,4.04,Active
D06269,Lisa Dawson,MPV,Ang Mo Kio,2025-08-26,3.86,Active
D06270,Crystal Wilson,Premium,Yishun,2024-02-19,4.59,Active
D06271,Todd Torres,Sedan,Bedok,2022-01-18,3.59,Active
D06272,David Williams,Hatchback,Bishan,2023-09-17,4.3,Active
D06273,Sean Taylor,SUV,Ang Mo Kio,2023-06-26,4.36,Active
D06274,Traci Herman,Hatchback,Punggol,2019-03-17,3.76,Active
D06275,Danny Schroeder,Premium,Ang Mo Kio,2021-05-27,3.81,Active
D06276,Joanne Davis,Electric,Singapore,2024-05-29,4.38,Inactive
D06277,Joann Smith,Electric,Woodlands,2020-07-28,3.81,Active
D06278,Nathaniel Ochoa,SUV,Singapore,2024-10-02,3.79,Active
D06279,Ashley Gentry,Premium,Toa Payoh,2023-11-18,4.27,Active
D06280,Daniel Kelley,Sedan,Tampines,2019-11-16,4.08,Active
D06281,Robert Kelly,Premium,Punggol,2020-06-02,4.45,Active
D06282,Elizabeth Doyle,Hatchback,Punggol,2021-11-17,4.43,Active
D06283,Justin Hines,MPV,Woodlands,2019-04-18,4.32,Active
D06284,Sarah Frost,Hatchback,Singapore,2023-11-09,4.14,Active
D06285,Jessica Davis,Premium,Bishan,2024-06-28,4.68,Inactive
D06286,Robert Young,Hatchback,Tampines,2023-09-05,4.09,Active
D06287,Vanessa Jimenez,SUV,Woodlands,2025-03-15,4.06,Inactive
D06288,Nathan Melton,MPV,Jurong,2021-12-11,3.59,Active
D06289,Leslie Daniel,Sedan,Jurong,2024-05-10,4.55,Active
D06290,Frank Norton,Sedan,Singapore,2022-06-27,3.83,Active
D06291,Dawn Russell,SUV,Singapore,2020-01-28,4.41,Active
D06292,Reginald Washington,Electric,Woodlands,2026-04-04,4.03,Active
D06293,Brittany Thompson,Sedan,Woodlands,2019-12-15,3.81,Active
D06294,Stephanie Torres,MPV,Jurong,2023-03-19,4.53,Active
D06295,Brian Jones,Sedan,Woodlands,2020-03-12,4.04,Active
D06296,Jody Gomez,Hatchback,Bedok,2019-12-23,4.13,Active
D06297,Jacqueline Ortega,MPV,Bishan,2019-06-10,4.46,Active
D06298,Ebony Price MD,Electric,Yishun,2023-04-18,4.37,Active
D06299,Ann Williams,Hatchback,Toa Payoh,2025-06-15,4.38,Active
D06300,Thomas Morgan,Electric,Toa Payoh,2022-04-24,4.69,Inactive
D06301,Charles Morales,SUV,Toa Payoh,2021-09-18,4.5,Active
D06302,Micheal Moore,Sedan,Yishun,2021-10-19,4.19,Active
D06303,Julia Ferguson,MPV,Punggol,2024-07-19,4.52,Active
D06304,Heather Simpson,MPV,Woodlands,2020-04-13,4.39,Active
D06305,Dr. Jennifer Scott,Premium,Toa Payoh,2022-02-24,4.33,Active
D06306,Kelly Stanley,Sedan,Bedok,2023-07-19,4.6,Active
D06307,Christine Frey,Electric,Yishun,2025-07-26,3.65,Inactive
D06308,Calvin Frazier,Sedan,Tampines,2022-05-03,4.26,Active
D06309,Michael Pruitt,Electric,Singapore,2025-02-11,4.51,Active
D06310,Taylor Clay,Electric,Toa Payoh,2021-02-25,4.02,Active
D06311,Denise Contreras,SUV,Bedok,2022-05-09,4.14,Active
D06312,Suzanne Camacho,MPV,Woodlands,2022-09-14,4.71,Active
D06313,Colton Trujillo,SUV,Bishan,2018-12-29,4.66,Active
D06314,Megan Wilson,Hatchback,Bishan,2021-08-09,3.75,Active
D06315,Jacob Rivera,Electric,Tampines,2021-06-09,4.54,Active
D06316,Kathy Harvey,Sedan,Toa Payoh,2025-12-31,3.72,Active
D06317,Angela Hicks DVM,Hatchback,Jurong,2021-09-20,4.43,Active
D06318,Caleb Cox,Premium,Toa Payoh,2022-01-27,4.01,Active
D06319,Wendy Taylor,Hatchback,Toa Payoh,2026-07-19,4.07,Active
D06320,Anna Dean,Sedan,Ang Mo Kio,2022-05-30,3.87,Active
D06321,Jason Osborne,MPV,Ang Mo Kio,2020-06-13,4.65,Active
D06322,Sherri Ibarra,Sedan,Yishun,2021-01-28,4.75,Active
D06323,Jessica Wells,MPV,Woodlands,2021-02-09,3.89,Inactive
D06324,Jessica Goodwin,Hatchback,Tampines,2021-12-12,4.65,Active
D06325,Dominic Hoffman DVM,Electric,Ang Mo Kio,2025-09-09,3.85,Active
D06326,Elizabeth Parrish,Hatchback,Jurong,2018-08-09,4.45,Active
D06327,Kimberly Li,MPV,Woodlands,2019-09-10,3.76,Active
D06328,Nathan James,MPV,Yishun,2023-08-13,4.67,Active
D06329,Melinda French,SUV,Bedok,2025-06-22,3.81,Suspended
D06330,Rhonda Hurst,MPV,Ang Mo Kio,2024-01-14,4.55,Active
D06331,Virginia Ramirez,Hatchback,Woodlands,2019-05-25,4.72,Active
D06332,Jason Murphy,Premium,Singapore,2020-10-12,3.71,Active
D06333,Sabrina Schwartz,Hatchback,Singapore,2023-08-03,4.14,Active
D06334,Ashley Sanchez,MPV,Bishan,2022-10-14,4.1,Active
D06335,Brent Santos,Electric,Bedok,2025-11-20,3.72,Active
D06336,Kimberly Murphy,SUV,Punggol,2020-04-01,3.96,Active
D06337,Maureen West,SUV,Toa Payoh,2024-10-19,3.58,Inactive
D06338,Audrey Scott,Premium,Woodlands,2023-02-19,4.33,Active
D06339,Joel Perry,Sedan,Jurong,2020-01-21,4.75,Active
D06340,Mr. Ryan Phillips,Sedan,Singapore,2019-01-14,4.16,Active
D06341,David Garcia,MPV,Toa Payoh,2024-06-03,3.79,Active
D06342,Rebecca Barker,MPV,Bishan,2026-04-02,4.67,Active
D06343,Alan Taylor,SUV,Punggol,2022-04-13,4.06,Active
D06344,Keith Ferguson,SUV,Bedok,2020-03-03,4.31,Active
D06345,Matthew Serrano,Electric,Ang Mo Kio,2024-07-27,4.02,Active
D06346,Nicole Reese,Sedan,Bedok,2021-04-16,3.89,Active
D06347,Paul Sanders,Sedan,Woodlands,2018-09-05,4.38,Active
D06348,Mary Miller,Hatchback,Bedok,2022-01-07,4.47,Active
D06349,Bradley Williams,Sedan,Woodlands,2024-05-02,4.95,Active
D06350,Tracy Ramirez,Premium,Yishun,2022-04-28,3.9,Active
D06351,Eric Brooks,Sedan,Yishun,2025-12-24,4.42,Active
D06352,Allen Mccall,SUV,Yishun,2025-10-19,4.58,Active
D06353,Joy Rose,Premium,Woodlands,2021-12-18,4.23,Active
D06354,Mrs. Gabrielle Meyers,SUV,Yishun,2023-10-18,4.19,Active
D06355,Terry Johnson,Premium,Yishun,2025-03-31,4.91,Active
D06356,Jeremy Hall,Sedan,Bishan,2023-08-28,4.8,Active
D06357,Daniel Wood,SUV,Ang Mo Kio,2026-06-17,3.67,Active
D06358,Madison Williams,Sedan,Bedok,2022-10-23,4.69,Active
D06359,Nicole Martinez,MPV,Punggol,2020-04-16,3.99,Active
D06360,Meghan Orozco,MPV,Tampines,2024-10-06,3.92,Active
D06361,Donald Perez,SUV,Bishan,2021-05-17,3.84,Active
D06362,Howard Sexton,Hatchback,Yishun,2022-10-16,4.6,Active
D06363,Cynthia Hurst,Electric,Jurong,2019-08-10,4.8,Active
D06364,Dennis Young,SUV,Yishun,2026-06-01,4.73,Active
D06365,George Good,SUV,Bedok,2025-02-08,4.31,Active
D06366,Lonnie Bell,Electric,Jurong,2025-08-31,3.97,Active
D06367,Jimmy Clark,Sedan,Singapore,2023-01-24,4.08,Active
D06368,Terri Robinson,SUV,Ang Mo Kio,2025-10-19,4.43,Active
D06369,Richard Walker,Premium,Jurong,2018-09-04,3.59,Active
D06370,David Reyes,Hatchback,Bishan,2025-06-04,4.67,Active
D06371,Holly Lane,Sedan,Singapore,2023-04-09,4.38,Active
D06372,Melissa Miller,Hatchback,Bishan,2024-01-27,3.54,Active
D06373,Kimberly King,Electric,Toa Payoh,2024-04-19,4.71,Active
D06374,Holly Smith,Sedan,Punggol,2019-02-05,3.79,Active
D06375,David Cole,Sedan,Yishun,2020-04-19,4.83,Active
D06376,Henry Rogers,Electric,Bedok,2023-04-29,3.79,Active
D06377,Joseph Fowler,MPV,Woodlands,2023-02-14,3.82,Active
D06378,Douglas Nicholson,Electric,Tampines,2023-05-11,4.64,Active
D06379,Courtney Cabrera,Hatchback,Bishan,2022-10-08,4.62,Active
D06380,Vanessa Romero,MPV,Bishan,2019-12-27,4.34,Active
D06381,Mary Hernandez,Premium,Ang Mo Kio,2022-07-06,4.51,Active
D06382,James Small,MPV,Bedok,2020-12-29,4.68,Active
D06383,Ryan Arnold,SUV,Singapore,2021-10-17,4.36,Active
D06384,Donna Cunningham,MPV,Singapore,2021-12-20,4.72,Active
D06385,Courtney Sampson,MPV,Jurong,2022-07-25,4.04,Active
D06386,Mike Jones,Sedan,Punggol,2019-07-21,4.4,Active
D06387,Donald Becker,Sedan,Yishun,2019-03-30,3.7,Active
D06388,Jacqueline Diaz,MPV,Singapore,2023-09-29,3.96,Active
D06389,Nicole Mcclure,Hatchback,Singapore,2025-07-06,4.66,Active
D06390,Cody Woods,SUV,Singapore,2020-05-06,4.87,Active
D06391,Timothy Russell,Sedan,Woodlands,2025-02-14,3.81,Active
D06392,Christopher Anderson,SUV,Jurong,2021-09-20,4.92,Active
D06393,Willie Sampson,Electric,Woodlands,2021-03-11,3.57,Active
D06394,Lisa Johnson,MPV,Singapore,2018-08-18,4.31,Active
D06395,Pamela Hall,Premium,Yishun,2024-04-29,4.65,Active
D06396,Thomas Gonzalez,MPV,Bishan,2025-07-18,4.99,Active
D06397,Judy Lewis PhD,Premium,Bedok,2025-07-22,4.53,Active
D06398,Phillip Collins,Hatchback,Toa Payoh,2026-05-24,4.8,Active
D06399,Tracy Valdez,Sedan,Yishun,2019-01-02,4.04,Active
D06400,Anthony Daugherty,Premium,Yishun,2022-08-04,4.16,Active
D06401,Jessica Gonzalez,Sedan,Punggol,2026-04-21,4.82,Active
D06402,Nancy Oliver,Premium,Tampines,2019-07-05,3.7,Active
D06403,Cynthia Wallace,MPV,Bishan,2022-07-16,4.87,Active
D06404,Megan Owens,MPV,Bishan,2024-11-11,3.71,Active
D06405,David Sanchez,Sedan,Punggol,2019-05-04,4.84,Active
D06406,Michael Bailey,MPV,Bishan,2025-03-23,4.28,Active
D06407,William Thornton,Premium,Bishan,2022-04-03,4.54,Active
D06408,Brooke Bishop,Premium,Jurong,2018-12-24,3.94,Active
D06409,Juan Miller,Premium,Woodlands,2023-11-23,4.24,Active
D06410,Anthony Lawson,Sedan,Singapore,2026-07-16,4.55,Active
D06411,Stacey Fox,Hatchback,Singapore,2025-11-08,4.24,Active
D06412,Tina Evans,Premium,Jurong,2023-11-04,4.8,Active
D06413,James Mills,SUV,Punggol,2024-12-20,4.99,Active
D06414,Ryan Brown,Sedan,Punggol,2021-02-26,4.3,Active
D06415,Andrea Gray,SUV,Bedok,2020-05-22,3.54,Active
D06416,Samuel Clark,Hatchback,Yishun,2020-08-25,3.91,Active
D06417,Lonnie Rodriguez,Electric,Punggol,2022-12-06,3.7,Active
D06418,Megan Maldonado,Hatchback,Singapore,2021-06-21,4.39,Active
D06419,Meredith Brown,SUV,Singapore,2020-03-24,3.8,Active
D06420,William Keller,SUV,Ang Mo Kio,2024-03-07,4.65,Active
D06421,Jessica Taylor,MPV,Woodlands,2022-08-22,4.0,Active
D06422,Daniel Mann,Premium,Jurong,2026-03-13,4.11,Active
D06423,Sarah Jordan,MPV,Toa Payoh,2025-08-04,4.8,Active
D06424,Anthony Jenkins,SUV,Ang Mo Kio,2022-08-06,3.91,Active
D06425,Kimberly Green,Electric,Yishun,2021-05-16,4.08,Inactive
D06426,Veronica Hurst,Electric,Bishan,2019-06-15,4.74,Active
D06427,Sherri Hernandez,Electric,Bedok,2025-11-02,4.26,Active
D06428,Desiree Conner,Sedan,Tampines,2018-10-12,3.74,Active
D06429,Joshua Villarreal,Electric,Ang Mo Kio,2024-06-20,4.52,Active
D06430,David Rosario,MPV,Bishan,2023-03-13,3.93,Active
D06431,Larry Pineda,Electric,Toa Payoh,2023-10-18,4.53,Active
D06432,Bridget Chavez,SUV,Bishan,2023-10-11,4.11,Active
D06433,Jason Smith,Hatchback,Woodlands,2025-09-30,4.89,Active
D06434,Jessica Wiggins,Hatchback,Tampines,2019-11-11,4.2,Active
D06435,Lauren Smith,Premium,Woodlands,2022-01-16,3.73,Active
D06436,Brandon Fernandez,MPV,Jurong,2023-06-30,3.81,Active
D06437,Monica Edwards,SUV,Jurong,2023-12-04,3.62,Active
D06438,James Gutierrez,Hatchback,Singapore,2024-01-04,4.72,Active
D06439,Samuel Williams,Sedan,Bedok,2019-05-17,3.87,Active
D06440,Christopher Nelson,Premium,Ang Mo Kio,2022-07-03,4.93,Active
D06441,Jean Gardner,Electric,Jurong,2025-11-18,4.16,Active
D06442,Stephen Clark,Premium,Punggol,2018-12-17,3.86,Inactive
D06443,Travis Davis,Premium,Singapore,2024-12-17,3.86,Active
D06444,Kristen Bailey,MPV,Singapore,2018-09-15,3.79,Active
D06445,Casey Pham,Hatchback,Tampines,2020-06-02,4.15,Active
D06446,Christopher Brown,Sedan,Jurong,2021-04-23,4.72,Inactive
D06447,Paul Ferguson,SUV,Bedok,2019-08-26,3.65,Active
D06448,Jeremy Rivers,Hatchback,Woodlands,2022-08-05,3.97,Active
D06449,Michael Holden,Sedan,Punggol,2025-06-11,3.87,Inactive
D06450,Christopher Lee,Hatchback,Ang Mo Kio,2021-01-28,4.65,Active
D06451,Olivia Harris,MPV,Ang Mo Kio,2019-07-02,4.79,Active
D06452,Anthony Ray,Premium,Woodlands,2022-04-14,3.99,Inactive
D06453,Rita Trujillo,Premium,Toa Payoh,2024-10-11,4.73,Active
D06454,Bonnie Harris,SUV,Jurong,2025-11-10,4.0,Active
D06455,Richard Stanley,MPV,Singapore,2018-10-02,4.95,Active
D06456,David Morrison,MPV,Yishun,2025-04-23,4.07,Active
D06457,Jason Martin,MPV,Singapore,2022-08-11,4.34,Active
D06458,Darren Bond,Hatchback,Punggol,2020-08-30,4.65,Active
D06459,Matthew Howard,MPV,Ang Mo Kio,2022-01-29,4.91,Active
D06460,Angela Lopez,Electric,Bishan,2025-06-05,3.92,Active
D06461,James Sharp,Hatchback,Singapore,2024-01-11,4.8,Active
D06462,Paul Moore,Sedan,Jurong,2024-10-14,4.36,Active
D06463,Kelly Smith,MPV,Jurong,2025-09-07,3.71,Active
D06464,Stacey Cannon,Premium,Jurong,2025-07-24,4.5,Inactive
D06465,Kelly Zimmerman,MPV,Bedok,2020-05-31,3.62,Active
D06466,Lee Morgan,Hatchback,Woodlands,2026-07-09,4.53,Active
D06467,Brandon Osborn,Electric,Punggol,2021-05-04,4.63,Active
D06468,David Johnson,Sedan,Bedok,2025-05-18,3.61,Active
D06469,James Campos,Premium,Tampines,2021-11-17,4.46,Active
D06470,Kelsey Lindsey,MPV,Ang Mo Kio,2020-03-30,4.12,Active
D06471,Jacob Mendoza,MPV,Singapore,2024-11-27,4.36,Active
D06472,Shelby Schmidt,SUV,Ang Mo Kio,2025-04-28,4.74,Inactive
D06473,Dana Rhodes,Sedan,Ang Mo Kio,2022-07-01,3.77,Active
D06474,Kenneth Adkins,Premium,Yishun,2023-04-14,4.06,Inactive
D06475,Catherine Nguyen,Hatchback,Toa Payoh,2020-07-01,4.11,Active
D06476,Kristen Newman,Premium,Tampines,2022-12-27,4.36,Active
D06477,Amanda Allen,Premium,Punggol,2019-09-21,4.67,Active
D06478,Keith Christian,Electric,Toa Payoh,2023-01-27,3.71,Suspended
D06479,Zoe Woods,Premium,Ang Mo Kio,2018-09-18,4.37,Active
D06480,Laura Thomas,Hatchback,Jurong,2023-02-27,4.0,Active
D06481,Sara Warren,MPV,Punggol,2020-05-02,3.88,Active
D06482,Tracy Solomon,SUV,Bishan,2026-05-09,4.06,Active
D06483,Phyllis Jenkins,Premium,Ang Mo Kio,2023-04-15,3.7,Active
D06484,Cheryl Kelley,Hatchback,Bishan,2021-08-10,4.23,Active
D06485,Kelli Wallace,MPV,Bedok,2025-01-04,4.13,Active
D06486,Thomas Lane,SUV,Singapore,2020-08-16,3.86,Active
D06487,Gregory Roberson,Hatchback,Tampines,2020-10-28,4.35,Active
D06488,Grace Nelson,MPV,Woodlands,2020-05-03,4.74,Active
D06489,Kayla Burton,Premium,Ang Mo Kio,2019-08-02,3.74,Active
D06490,James Williams,Electric,Tampines,2026-03-20,4.24,Active
D06491,Jason Carpenter,Premium,Bedok,2022-01-07,3.66,Active
D06492,David Ewing,Premium,Punggol,2018-10-07,4.12,Active
D06493,Lori Chavez,SUV,Yishun,2022-03-12,4.57,Active
D06494,Aaron Stewart,Premium,Bedok,2026-04-11,4.29,Active
D06495,Dustin Rodriguez,MPV,Yishun,2026-05-21,3.61,Active
D06496,Dr. Michael Young,SUV,Yishun,2022-08-09,4.44,Active
D06497,Christopher Boyd,Electric,Toa Payoh,2025-10-25,3.86,Inactive
D06498,Alicia Flores,SUV,Punggol,2023-10-19,3.5,Active
D06499,Anthony Christian,Hatchback,Yishun,2021-06-20,4.7,Inactive
D06500,Cynthia Foster,SUV,Tampines,2021-11-09,3.67,Active
D06501,Donna Moore,Electric,Jurong,2023-01-10,4.03,Active
D06502,Lisa Graham,Premium,Punggol,2020-09-17,4.17,Suspended
D06503,Darrell Terry,Electric,Woodlands,2020-01-01,4.55,Active
D06504,Stephanie Garcia,SUV,Toa Payoh,2024-10-11,3.58,Active
D06505,Luke Hill,Hatchback,Tampines,2020-12-09,4.42,Active
D06506,Dr. John Calhoun,Hatchback,Ang Mo Kio,2021-02-14,3.61,Active
D06507,Cole Beltran,Sedan,Bedok,2020-01-12,4.63,Active
D06508,Shannon Wright MD,Electric,Tampines,2025-04-02,3.64,Active
D06509,Michelle Herring,Premium,Bishan,2025-01-29,4.68,Active
D06510,Kimberly Bowen,Sedan,Tampines,2026-03-22,4.16,Active
D06511,Matthew Williams,Electric,Tampines,2021-11-05,3.62,Active
D06512,Claudia Bell,MPV,Tampines,2019-05-22,4.34,Active
D06513,Kevin Mitchell,Hatchback,Singapore,2020-03-11,4.57,Inactive
D06514,Sherry Howard,Electric,Jurong,2026-05-14,4.96,Active
D06515,Richard Richards,Electric,Tampines,2021-10-31,4.23,Active
D06516,Rachel Castro,Electric,Bishan,2024-07-19,3.8,Active
D06517,Alvin Ruiz,Premium,Punggol,2019-06-28,4.87,Active
D06518,Luke Smith,SUV,Bedok,2025-01-02,4.71,Active
D06519,Brian Harris,Electric,Bedok,2024-03-23,3.99,Active
D06520,Melissa Martinez,Premium,Singapore,2025-07-29,4.73,Active
D06521,Melanie Austin,Sedan,Tampines,2025-04-28,4.02,Active
D06522,Gary Rush,MPV,Singapore,2022-09-14,4.93,Active
D06523,Tara Bishop,Premium,Singapore,2025-05-02,3.99,Active
D06524,Joanne Johnson,Electric,Ang Mo Kio,2024-04-17,4.06,Active
D06525,Michael Hobbs,Electric,Yishun,2020-06-04,4.67,Active
D06526,Steven Bass,Sedan,Tampines,2024-01-16,4.25,Active
D06527,Noah Nixon,Premium,Singapore,2019-01-03,3.61,Active
D06528,Jeffrey Sims,Electric,Toa Payoh,2024-01-20,3.83,Active
D06529,Jamie Thompson,SUV,Tampines,2024-07-06,3.73,Active
D06530,Lori Castaneda,Premium,Yishun,2024-01-19,3.97,Active
D06531,Anne Atkinson,Hatchback,Punggol,2025-07-08,4.81,Active
D06532,Kelli Hall,MPV,Yishun,2022-03-28,4.29,Active
D06533,Ryan Lane,MPV,Yishun,2024-07-30,4.85,Inactive
D06534,Jennifer Bell,Premium,Ang Mo Kio,2026-04-21,4.88,Active
D06535,Tracy Williams,MPV,Tampines,2023-12-23,4.4,Inactive
D06536,Phillip Reid,MPV,Woodlands,2026-01-19,3.64,Active
D06537,Dale Adams,Sedan,Toa Payoh,2023-04-13,3.76,Active
D06538,Andrea Black,Sedan,Ang Mo Kio,2022-01-25,4.68,Active
D06539,Lisa Gonzalez,Premium,Tampines,2025-05-20,4.84,Active
D06540,Rebecca Reynolds,Hatchback,Toa Payoh,2022-05-20,3.66,Active
D06541,Timothy Hernandez,Premium,Toa Payoh,2023-12-21,4.6,Active
D06542,Joseph Mann,Hatchback,Punggol,2020-10-04,3.67,Active
D06543,Timothy Perez,Sedan,Woodlands,2020-04-17,4.44,Active
D06544,Gary Sanchez,Electric,Punggol,2023-01-19,4.23,Active
D06545,Alex Castillo,Hatchback,Singapore,2024-01-16,4.04,Active
D06546,Jeffrey Rivera,Sedan,Ang Mo Kio,2019-02-06,4.85,Active
D06547,Mr. James Green,Electric,Bedok,2019-05-26,4.83,Active
D06548,Michael Crosby,Sedan,Yishun,2025-09-05,4.35,Active
D06549,Christina Stanley,Electric,Woodlands,2020-02-17,4.92,Active
D06550,Charles Pruitt,Premium,Toa Payoh,2023-10-22,3.56,Active
D06551,Jamie King,Premium,Bedok,2019-12-08,3.68,Active
D06552,Mark Rhodes,Hatchback,Tampines,2022-06-13,4.61,Active
D06553,Jason Mason,Hatchback,Toa Payoh,2020-02-20,4.46,Active
D06554,Alan Jacobs,Hatchback,Bedok,2019-03-06,3.53,Active
D06555,Stephanie Andrews,Hatchback,Bedok,2019-05-17,4.49,Active
D06556,Ashley Gomez,Hatchback,Yishun,2020-06-30,4.18,Active
D06557,Michael Pitts,SUV,Jurong,2021-06-30,4.02,Suspended
D06558,Courtney Richards,Sedan,Ang Mo Kio,2019-09-22,3.78,Active
D06559,Erica Barnett,Sedan,Ang Mo Kio,2024-10-04,4.55,Active
D06560,Adam Thompson,MPV,Tampines,2023-06-02,4.61,Active
D06561,Brandy Powers,Premium,Woodlands,2021-04-10,3.59,Active
D06562,Erin King,Hatchback,Ang Mo Kio,2022-02-04,4.39,Active
D06563,William Mcintosh,MPV,Yishun,2020-09-24,4.29,Active
D06564,Amy Brooks,Electric,Bishan,2020-07-14,4.02,Active
D06565,Joseph Myers,Premium,Ang Mo Kio,2024-06-29,4.9,Active
D06566,Anthony Bartlett,Electric,Bishan,2019-08-28,4.12,Active
D06567,Crystal Hansen,Electric,Ang Mo Kio,2023-11-21,3.9,Active
D06568,Charles Scott Jr.,Sedan,Yishun,2019-05-02,4.15,Active
D06569,Samantha Henson,Sedan,Ang Mo Kio,2020-12-06,3.64,Active
D06570,Billy Bradshaw,SUV,Woodlands,2022-11-09,3.69,Active
D06571,Randall Tate,Sedan,Singapore,2018-08-22,4.7,Active
D06572,Lisa Smith,Sedan,Toa Payoh,2021-06-17,4.63,Inactive
D06573,Ronald Gibson,SUV,Singapore,2023-08-17,3.77,Active
D06574,Timothy Watts,Sedan,Bishan,2019-06-30,4.34,Active
D06575,Jason Gross,Premium,Jurong,2026-07-15,3.62,Active
D06576,Jason Roberts,MPV,Ang Mo Kio,2022-10-25,3.71,Active
D06577,Lisa Parker,SUV,Yishun,2022-09-24,3.71,Active
D06578,Tyler Caldwell,Electric,Woodlands,2019-12-25,3.63,Active
D06579,Stephanie Mcdonald,Electric,Toa Payoh,2022-02-17,4.58,Active
D06580,Denise Holland,MPV,Bishan,2020-04-20,4.77,Active
D06581,Monique Bryant,Sedan,Yishun,2022-04-30,4.54,Active
D06582,Carmen Stanley,SUV,Bedok,2020-06-13,4.64,Active
D06583,Robert Miller,Premium,Punggol,2023-09-19,4.8,Suspended
D06584,Lauren Friedman,Electric,Ang Mo Kio,2026-07-01,4.05,Inactive
D06585,Kevin Singleton,Electric,Toa Payoh,2021-09-16,4.77,Active
D06586,Sara Walls,Premium,Ang Mo Kio,2023-05-19,4.02,Active
D06587,Tyler Mitchell,Premium,Tampines,2024-07-15,3.92,Active
D06588,Ashley Arellano,Premium,Yishun,2018-10-29,4.7,Active
D06589,Juan Golden,Sedan,Singapore,2026-06-27,4.57,Suspended
D06590,Robert White,SUV,Toa Payoh,2018-07-29,4.92,Active
D06591,Natasha Cross,Electric,Jurong,2026-03-15,3.69,Active
D06592,Jennifer Morgan,MPV,Singapore,2024-03-25,3.84,Active
D06593,Betty Sullivan,SUV,Bishan,2019-02-01,3.73,Active
D06594,Donald Lopez,SUV,Bishan,2021-08-09,4.89,Active
D06595,John Williams,Hatchback,Singapore,2024-02-08,4.9,Active
D06596,Kayla Johnson,SUV,Singapore,2024-07-18,3.73,Active
D06597,Vanessa Gray,SUV,Yishun,2023-08-28,4.29,Active
D06598,Marisa Burns,Hatchback,Woodlands,2024-01-25,4.33,Active
D06599,Vanessa Gates,MPV,Jurong,2018-12-22,3.72,Active
D06600,Tamara Shaffer,MPV,Singapore,2019-02-17,3.63,Active
D06601,David Harding,Premium,Ang Mo Kio,2026-02-24,3.88,Active
D06602,Kelly Smith,MPV,Punggol,2025-07-29,4.76,Active
D06603,Jennifer Burton,SUV,Jurong,2025-07-07,3.67,Inactive
D06604,Alexandra Herrera,Sedan,Bishan,2020-10-09,4.18,Active
D06605,Misty Simpson,MPV,Woodlands,2023-03-01,3.95,Inactive
D06606,Amy Buchanan DDS,MPV,Punggol,2020-09-12,4.53,Active
D06607,Suzanne Clark,Hatchback,Singapore,2023-01-16,3.87,Active
D06608,William Vargas,Hatchback,Tampines,2023-07-19,4.49,Active
D06609,Ryan Wilson,Sedan,Punggol,2026-02-07,3.8,Inactive
D06610,Colleen Howard,Premium,Woodlands,2022-10-06,3.86,Inactive
D06611,Andrew Jennings,MPV,Bedok,2019-03-31,3.7,Active
D06612,Melissa Chandler,SUV,Woodlands,2018-09-24,3.52,Active
D06613,Lisa Carr,MPV,Ang Mo Kio,2019-03-27,4.19,Active
D06614,Judy Ward DDS,MPV,Punggol,2018-09-19,4.05,Active
D06615,Peggy Patton,Premium,Toa Payoh,2023-05-15,3.86,Active
D06616,Vicki James,Electric,Jurong,2026-01-06,3.8,Active
D06617,Curtis Walker,Hatchback,Bishan,2022-07-10,4.46,Active
D06618,Paula Wilson,SUV,Punggol,2020-06-25,3.79,Active
D06619,Richard Washington,SUV,Woodlands,2022-01-27,3.55,Active
D06620,Theodore Sullivan,Hatchback,Tampines,2024-12-13,4.54,Active
D06621,Justin Brown,MPV,Toa Payoh,2024-08-15,4.45,Active
D06622,Daniel Morgan,Sedan,Yishun,2022-02-12,4.61,Active
D06623,Virginia Nelson,Premium,Tampines,2022-11-06,4.79,Active
D06624,Shelly Reynolds,SUV,Toa Payoh,2026-07-21,4.02,Active
D06625,Harry Cole,Premium,Bishan,2025-11-09,4.36,Suspended
D06626,Shannon Pena,MPV,Bedok,2019-03-02,3.53,Active
D06627,Kevin Gonzalez,Premium,Singapore,2024-02-15,3.83,Active
D06628,Christopher Schmidt,Sedan,Jurong,2020-09-11,3.53,Active
D06629,Brandon Allen,Hatchback,Tampines,2022-04-19,4.47,Active
D06630,Seth Alexander,SUV,Bishan,2021-07-09,4.45,Active
D06631,Linda Mitchell,MPV,Bedok,2021-02-21,3.52,Active
D06632,Courtney Marquez,Sedan,Bishan,2022-10-16,4.46,Active
D06633,Peggy Orr,Premium,Tampines,2026-03-31,3.95,Active
D06634,Taylor Jones,Premium,Bishan,2022-02-12,4.13,Active
D06635,Robin Pierce,Hatchback,Punggol,2023-10-29,4.5,Active
D06636,Carol Estrada,Premium,Singapore,2024-10-04,3.67,Active
D06637,Kristy Medina,Sedan,Punggol,2026-05-02,3.74,Active
D06638,Lori Robertson,Sedan,Singapore,2020-08-24,4.02,Active
D06639,Judith Howe,MPV,Singapore,2025-03-02,4.17,Active
D06640,Stephen Allen,Sedan,Jurong,2020-09-04,3.83,Active
D06641,Rita Smith,Electric,Jurong,2021-10-16,4.82,Active
D06642,Sherry Hawkins,Electric,Singapore,2018-09-24,4.07,Active
D06643,Adrienne Hicks,Electric,Bishan,2019-10-01,4.21,Inactive
D06644,Nichole Fuentes,MPV,Toa Payoh,2019-07-07,4.94,Active
D06645,Michelle Byrd,Premium,Bishan,2025-09-10,3.84,Active
D06646,Miranda Acosta,SUV,Bishan,2022-03-22,4.82,Active
D06647,Barbara Williams,SUV,Singapore,2019-02-27,4.55,Active
D06648,Nicole Kim,Premium,Bishan,2023-01-13,4.17,Active
D06649,Keith Schwartz,Sedan,Bedok,2023-10-23,4.14,Active
D06650,Justin Khan,SUV,Jurong,2023-04-21,3.9,Active
D06651,Stephanie Vincent,Sedan,Bedok,2022-09-20,4.43,Active
D06652,Katherine Smith,MPV,Yishun,2021-11-24,3.66,Inactive
D06653,Kristopher Harvey DDS,Electric,Ang Mo Kio,2024-11-21,3.92,Active
D06654,Jose Long,SUV,Bedok,2021-10-18,4.85,Active
D06655,Shawn Wagner,Electric,Tampines,2024-11-06,4.35,Active
D06656,Mr. Dustin Lutz PhD,Premium,Bedok,2021-11-10,4.24,Active
D06657,Ronald Johnston,Hatchback,Bishan,2020-07-20,4.98,Active
D06658,Candace Shannon,Premium,Punggol,2022-07-17,4.69,Inactive
D06659,Peter Miller,Hatchback,Bedok,2019-12-14,4.99,Active
D06660,Dylan Cruz,Electric,Ang Mo Kio,2021-06-21,4.98,Active
D06661,Samuel Hicks,MPV,Bishan,2024-11-12,4.83,Active
D06662,Frank Vargas,Premium,Toa Payoh,2023-01-20,4.34,Active
D06663,Alex Davis,SUV,Bishan,2020-04-27,3.76,Active
D06664,Mr. Richard Harvey,Sedan,Bedok,2025-10-24,4.88,Active
D06665,Kimberly Choi,Electric,Toa Payoh,2022-01-25,3.83,Active
D06666,William Spencer,Premium,Tampines,2022-12-25,3.51,Active
D06667,Eric Sheppard,Electric,Singapore,2020-02-03,3.55,Active
D06668,Jason Kelly,Hatchback,Tampines,2019-01-27,4.73,Active
D06669,James Kramer,Hatchback,Bishan,2022-04-05,3.58,Active
D06670,Andrew Martin,Premium,Yishun,2023-05-23,4.27,Active
D06671,Chad Watts,SUV,Punggol,2024-01-30,3.69,Active
D06672,Jamie Conrad,SUV,Woodlands,2023-05-05,4.77,Active
D06673,Brett Hurst,MPV,Singapore,2022-11-22,4.97,Active
D06674,Joseph Paul,Premium,Toa Payoh,2021-02-16,4.64,Active
D06675,Daniel Butler,Electric,Tampines,2025-09-15,4.26,Active
D06676,Tommy Reynolds,Sedan,Yishun,2020-01-01,4.61,Active
D06677,Larry Little,Electric,Ang Mo Kio,2025-08-09,4.64,Active
D06678,Catherine Garcia,SUV,Punggol,2023-02-07,3.74,Active
D06679,Amanda Martin,Electric,Ang Mo Kio,2018-12-02,3.64,Active
D06680,Sharon Duffy,SUV,Bedok,2022-03-17,3.88,Active
D06681,Larry Kelly,Sedan,Bishan,2023-11-23,4.64,Active
D06682,Tonya Phillips,SUV,Jurong,2025-07-02,4.24,Inactive
D06683,Lindsey Villarreal,Sedan,Jurong,2024-08-20,3.65,Active
D06684,Mike Green,Premium,Ang Mo Kio,2019-03-21,4.17,Active
D06685,Robert Griffin,Sedan,Singapore,2020-05-30,4.1,Active
D06686,Corey Green,Hatchback,Bedok,2022-01-25,4.95,Active
D06687,Heather Tucker,Sedan,Bedok,2019-05-21,3.99,Active
D06688,Mariah Jones,Premium,Jurong,2020-09-11,4.69,Active
D06689,Mrs. Sarah Preston,Sedan,Punggol,2024-06-15,3.84,Active
D06690,Brent Alvarez,Hatchback,Jurong,2024-08-28,4.48,Active
D06691,Christine Smith,Premium,Ang Mo Kio,2022-08-13,3.65,Active
D06692,Katrina Carlson,Premium,Bedok,2019-12-19,4.66,Active
D06693,James Hamilton,MPV,Punggol,2020-02-26,3.87,Active
D06694,John Franco,MPV,Bedok,2025-02-20,3.91,Active
D06695,Paul Martin,Hatchback,Ang Mo Kio,2022-07-08,4.0,Active
D06696,Charles Riddle,Hatchback,Tampines,2022-08-22,3.93,Active
D06697,Joseph Fox,Sedan,Woodlands,2025-05-24,3.85,Active
D06698,Michael Graham,Premium,Toa Payoh,2025-08-16,4.88,Active
D06699,Tracy Snyder,Premium,Tampines,2024-02-19,4.14,Active
D06700,Ryan Barnes,Electric,Bedok,2023-08-15,3.7,Active
D06701,Megan Ponce,Sedan,Ang Mo Kio,2023-07-29,4.68,Active
D06702,Jeanette Green,MPV,Jurong,2023-12-18,4.94,Active
D06703,Regina Thompson,SUV,Jurong,2024-05-18,4.8,Active
D06704,Jerry Andersen,SUV,Bishan,2020-11-17,3.63,Active
D06705,Rhonda Spears,Hatchback,Jurong,2018-11-03,3.61,Active
D06706,Brandon Williams,SUV,Jurong,2019-08-03,3.62,Active
D06707,Lucas Anderson,Sedan,Jurong,2025-10-12,3.65,Active
D06708,Linda Lopez,Premium,Yishun,2022-04-02,3.87,Active
D06709,Jared Mclaughlin,SUV,Bishan,2024-05-05,4.15,Inactive
D06710,Julie Gibbs,Sedan,Jurong,2023-03-21,3.7,Active
D06711,Kevin Dawson,SUV,Bedok,2021-07-03,3.99,Active
D06712,Susan Simpson,Hatchback,Bishan,2022-06-05,3.71,Active
D06713,Roberto Curry,Sedan,Ang Mo Kio,2021-03-18,3.98,Active
D06714,Becky Ortiz,Hatchback,Toa Payoh,2022-04-02,4.02,Active
D06715,Jason Wallace,MPV,Bedok,2026-03-12,3.79,Active
D06716,Marie Gibson,MPV,Toa Payoh,2025-01-19,4.14,Active
D06717,Joel Garrett,Premium,Bedok,2021-01-23,4.25,Active
D06718,Chloe Ford,MPV,Singapore,2021-05-05,3.77,Active
D06719,Tony Mitchell,SUV,Jurong,2024-02-28,3.66,Active
D06720,John Moore,Sedan,Jurong,2022-10-18,3.9,Active
D06721,David Stevenson,Sedan,Singapore,2021-02-13,4.39,Active
D06722,Joel Lane,Hatchback,Tampines,2024-08-12,4.88,Active
D06723,Vicki Kelly,SUV,Tampines,2021-08-24,3.64,Active
D06724,Dean Morton,Hatchback,Yishun,2022-11-28,4.65,Active
D06725,Samuel Rios,Premium,Punggol,2021-11-28,4.06,Active
D06726,Candice Butler,Hatchback,Punggol,2025-07-30,4.26,Active
D06727,Travis Snyder,Electric,Ang Mo Kio,2026-05-17,3.81,Active
D06728,Anna Mejia,Electric,Tampines,2024-08-22,4.81,Active
D06729,Mark Jones,MPV,Tampines,2021-04-27,3.94,Active
D06730,Brittany Hernandez,MPV,Woodlands,2023-05-13,3.96,Active
D06731,Barbara Bell,SUV,Punggol,2022-10-29,3.96,Active
D06732,Chad Flores,Premium,Punggol,2026-01-24,4.37,Active
D06733,Christine Hill,MPV,Bishan,2019-05-11,4.23,Active
D06734,Dr. Kristin Young MD,Sedan,Jurong,2023-05-02,4.12,Inactive
D06735,Rachel Berry,Electric,Yishun,2024-01-31,4.44,Active
D06736,Wendy Garcia,Electric,Tampines,2023-01-25,4.96,Active
D06737,Timothy Lucero,Electric,Punggol,2023-05-24,4.68,Active
D06738,Samantha Clark,SUV,Jurong,2019-10-24,4.6,Active
D06739,Larry Garza,SUV,Tampines,2018-09-04,4.02,Active
D06740,Amy Dyer,Premium,Jurong,2021-03-27,4.99,Active
D06741,Brett Anderson Jr.,MPV,Woodlands,2022-07-03,3.96,Active
D06742,Alexander Khan,Premium,Toa Payoh,2025-10-24,3.97,Active
D06743,Erica Pierce,MPV,Bishan,2020-05-06,4.21,Active
D06744,Emily Hughes,Electric,Toa Payoh,2022-06-09,4.04,Active
D06745,Lisa Gonzalez,MPV,Punggol,2021-02-25,3.98,Active
D06746,Brian Roberts,Hatchback,Ang Mo Kio,2025-05-01,4.62,Active
D06747,Erin Galvan,Sedan,Bedok,2024-02-14,4.22,Active
D06748,Angela Luna,Electric,Ang Mo Kio,2025-03-28,3.52,Active
D06749,David Walker,Electric,Woodlands,2021-07-09,5.0,Active
D06750,Julian Jenkins,SUV,Singapore,2022-07-12,3.95,Active
D06751,Elizabeth Lester,SUV,Ang Mo Kio,2018-10-23,4.64,Active
D06752,John Smith,MPV,Punggol,2021-09-24,4.44,Inactive
D06753,Christopher Castillo,Hatchback,Toa Payoh,2020-04-30,4.01,Active
D06754,Raymond Robinson,Electric,Singapore,2024-02-24,3.76,Active
D06755,Marcia Gonzalez,SUV,Jurong,2020-06-09,4.17,Active
D06756,Mary Harrison,Sedan,Toa Payoh,2025-01-27,4.95,Active
D06757,Devon Benson,Premium,Tampines,2025-09-15,4.36,Active
D06758,Frank Brown,MPV,Tampines,2026-06-12,4.24,Active
D06759,Kayla Torres,Premium,Jurong,2025-03-07,3.66,Active
D06760,Andrea Thompson,Hatchback,Bedok,2025-12-25,4.32,Active
D06761,Todd Ellis,Electric,Singapore,2026-01-02,3.53,Active
D06762,Amanda Young,MPV,Singapore,2022-11-19,4.07,Active
D06763,Scott Miller,Premium,Woodlands,2018-09-18,3.97,Active
D06764,James Fuller,SUV,Woodlands,2020-10-11,3.93,Active
D06765,Amy Walker,Hatchback,Tampines,2019-02-04,4.21,Active
D06766,Nicholas Graham,MPV,Punggol,2023-05-21,3.76,Active
D06767,Sabrina Johnson,MPV,Jurong,2023-02-20,3.92,Active
D06768,Antonio Wiggins,SUV,Ang Mo Kio,2024-12-15,3.92,Active
D06769,Christopher Ramirez,MPV,Toa Payoh,2026-01-08,4.35,Active
D06770,James Jennings,Sedan,Punggol,2023-11-06,4.66,Active
D06771,Christopher Middleton,Sedan,Yishun,2021-02-16,4.12,Active
D06772,Thomas Wu,Premium,Punggol,2020-06-08,4.49,Active
D06773,Jason Gomez,MPV,Bishan,2026-05-30,4.99,Active
D06774,Amanda Miller,Premium,Bishan,2022-07-04,3.97,Active
D06775,Nancy Cortez,Hatchback,Bishan,2018-09-02,4.03,Active
D06776,Allison Jackson,MPV,Bedok,2026-02-03,3.57,Active
D06777,Matthew Reilly,Sedan,Ang Mo Kio,2021-10-03,4.6,Active
D06778,Michelle Ruiz,Sedan,Singapore,2020-09-04,4.58,Active
D06779,Mark Fields,MPV,Toa Payoh,2020-05-23,4.14,Active
D06780,Curtis Curtis Jr.,Electric,Toa Payoh,2022-12-10,3.6,Active
D06781,Roger Taylor,Hatchback,Ang Mo Kio,2018-10-02,3.64,Inactive
D06782,David Dean,SUV,Jurong,2026-03-21,3.81,Active
D06783,Elizabeth Gonzales,Sedan,Woodlands,2026-01-25,4.51,Active
D06784,Angela Andrade,Electric,Ang Mo Kio,2024-10-17,4.57,Active
D06785,Megan Hill,MPV,Yishun,2021-11-03,4.29,Active
D06786,Bridget Mcgrath,Hatchback,Tampines,2023-07-22,4.49,Active
D06787,Kevin Murray,Premium,Singapore,2018-08-15,4.82,Inactive
D06788,John Brown,Electric,Ang Mo Kio,2025-02-16,4.17,Active
D06789,Krista Pennington,Hatchback,Bedok,2022-11-26,4.09,Active
D06790,Deanna Wilson,Premium,Woodlands,2021-01-20,4.82,Active
D06791,Erin Guzman,Sedan,Ang Mo Kio,2021-07-10,3.88,Active
D06792,Michelle Duncan,Electric,Bedok,2025-08-12,4.08,Active
D06793,Sarah Harris,MPV,Bishan,2022-08-03,4.82,Active
D06794,Holly King,Electric,Ang Mo Kio,2020-09-03,3.75,Active
D06795,Jon Evans,Sedan,Punggol,2023-03-23,4.65,Active
D06796,Deanna Beck,Sedan,Bedok,2020-06-19,4.76,Inactive
D06797,Mike Rivera,Electric,Punggol,2025-06-16,3.91,Active
D06798,Sarah Johnson,Premium,Tampines,2022-01-16,4.4,Active
D06799,Mary Fuller,Hatchback,Toa Payoh,2023-06-19,3.56,Active
D06800,Jennifer Dalton,Electric,Toa Payoh,2023-06-20,4.17,Active
D06801,Elizabeth Dawson,Sedan,Bedok,2022-01-12,4.68,Active
D06802,Scott Nichols DDS,SUV,Ang Mo Kio,2024-04-11,4.88,Active
D06803,Richard Rodriguez,Premium,Singapore,2022-12-10,4.83,Active
D06804,Susan Bradley,Hatchback,Tampines,2024-05-28,3.9,Active
D06805,Renee Campos,MPV,Bishan,2021-05-05,4.41,Active
D06806,Jared Steele,Premium,Bedok,2022-08-21,4.11,Inactive
D06807,Janet Cook,Sedan,Ang Mo Kio,2026-04-20,4.53,Active
D06808,Stephanie Williams,MPV,Toa Payoh,2020-01-15,3.71,Active
D06809,Michelle Brown,Electric,Ang Mo Kio,2023-03-16,3.68,Active
D06810,Robert Ward,Sedan,Woodlands,2019-11-20,4.36,Active
D06811,Christopher Cuevas,MPV,Bedok,2026-06-09,3.62,Active
D06812,Kimberly Quinn,MPV,Punggol,2022-05-21,4.02,Active
D06813,Daniel Miller,Electric,Bedok,2020-07-25,3.53,Active
D06814,Catherine Stuart,Hatchback,Tampines,2020-12-19,4.7,Active
D06815,Matthew Smith,Sedan,Bedok,2019-08-22,4.01,Active
D06816,Antonio Kaufman,Sedan,Singapore,2024-03-02,3.85,Inactive
D06817,Louis Solomon,Premium,Woodlands,2025-10-18,4.91,Active
D06818,Drew Hudson,Sedan,Bedok,2023-07-23,4.33,Active
D06819,Lisa Bradley,SUV,Tampines,2022-12-18,4.04,Active
D06820,Amy Arnold,Premium,Woodlands,2023-08-27,4.25,Active
D06821,Mark Miller,Premium,Singapore,2023-12-20,3.8,Active
D06822,Kayla Cole,Premium,Tampines,2023-10-16,4.95,Active
D06823,Timothy Snyder,Sedan,Yishun,2018-08-01,4.61,Active
D06824,Eric Anderson,SUV,Woodlands,2024-05-30,3.54,Active
D06825,Justin Barnes,Hatchback,Singapore,2025-01-19,4.58,Active
D06826,Courtney Curtis,MPV,Punggol,2025-03-07,4.69,Active
D06827,Robert Brooks,Electric,Yishun,2022-12-20,3.66,Active
D06828,Garrett Walker,SUV,Woodlands,2020-06-12,4.17,Suspended
D06829,Anthony Perez,MPV,Punggol,2022-12-11,4.99,Inactive
D06830,Meredith Bowman,Hatchback,Singapore,2021-05-02,4.54,Active
D06831,Lawrence Carter,MPV,Yishun,2021-10-17,4.64,Active
D06832,Lynn Hamilton,Sedan,Toa Payoh,2022-07-30,3.54,Inactive
D06833,Karen Johnson,MPV,Tampines,2021-11-28,3.85,Active
D06834,Courtney Barajas,MPV,Bishan,2019-10-16,4.49,Active
D06835,Juan Joyce,Premium,Punggol,2020-10-29,4.43,Active
D06836,Kenneth Harris,Electric,Punggol,2018-09-18,3.57,Active
D06837,Ricky Cantu,Sedan,Woodlands,2024-01-02,3.85,Active
D06838,David Cameron,SUV,Jurong,2020-07-23,3.57,Active
D06839,Brooke Stevens,Hatchback,Singapore,2023-11-04,3.57,Active
D06840,John Watkins,Sedan,Jurong,2026-03-25,4.47,Active
D06841,Jacob Garcia,Hatchback,Woodlands,2023-05-19,4.91,Active
D06842,Justin Dunn,Electric,Woodlands,2020-06-09,4.93,Active
D06843,Colleen Duncan,SUV,Tampines,2025-11-30,4.69,Inactive
D06844,Cheryl Salazar,SUV,Bishan,2021-12-04,4.83,Active
D06845,Alyssa Baker,SUV,Jurong,2020-12-30,4.17,Active
D06846,Erik Chang,MPV,Woodlands,2021-10-15,3.86,Active
D06847,Sharon Armstrong,Sedan,Singapore,2024-01-18,4.22,Active
D06848,Barry Stephens,SUV,Woodlands,2022-12-12,3.89,Inactive
D06849,Yolanda Clark,Electric,Tampines,2023-08-07,4.83,Active
D06850,Christina Perez,Premium,Punggol,2026-03-21,3.54,Active
D06851,Amy Knight,Electric,Toa Payoh,2022-11-17,4.16,Active
D06852,Robin Byrd,MPV,Singapore,2025-07-14,4.2,Active
D06853,Sarah Austin,Premium,Bishan,2026-01-10,4.64,Active
D06854,Sean Medina,MPV,Yishun,2025-08-05,3.52,Active
D06855,Cheryl Gray,Sedan,Ang Mo Kio,2026-06-21,4.93,Active
D06856,Karen Vang,Electric,Tampines,2024-09-08,3.63,Active
D06857,Samantha Sherman,Premium,Jurong,2021-08-07,4.83,Active
D06858,Richard Maxwell,Sedan,Yishun,2023-09-19,4.4,Active
D06859,Albert Lynch,Premium,Singapore,2025-05-10,3.91,Active
D06860,Brian Peterson,Electric,Punggol,2021-02-09,3.58,Active
D06861,Russell Long,Hatchback,Punggol,2024-06-15,3.75,Active
D06862,Diane Bryant,Electric,Punggol,2023-04-07,4.22,Active
D06863,Emily Hill,Hatchback,Tampines,2024-08-26,4.41,Inactive
D06864,Nicole Jones,Sedan,Ang Mo Kio,2019-02-26,4.25,Active
D06865,Tiffany Johnson,MPV,Toa Payoh,2023-07-15,4.24,Active
D06866,Matthew Phillips DDS,SUV,Ang Mo Kio,2026-01-04,4.8,Active
D06867,Debra Miller,Premium,Toa Payoh,2019-10-08,3.92,Active
D06868,Bridget Martinez,Hatchback,Tampines,2022-08-28,4.02,Active
D06869,Stephanie Hall,Sedan,Singapore,2026-05-27,3.77,Active
D06870,Laura Campbell,Electric,Ang Mo Kio,2018-12-30,3.69,Active
D06871,Andrew Estrada,Hatchback,Yishun,2021-06-04,4.61,Active
D06872,Christopher Dunn,SUV,Ang Mo Kio,2024-02-28,4.02,Active
D06873,Christopher Jones,MPV,Singapore,2022-09-18,4.95,Active
D06874,Ashley Henry,Premium,Jurong,2024-03-17,3.54,Active
D06875,Aaron Cox,Premium,Bishan,2019-11-25,4.03,Active
D06876,Robyn Holland,Sedan,Singapore,2023-05-08,4.32,Active
D06877,Kevin Coffey,MPV,Bedok,2024-04-13,4.89,Active
D06878,Erin Moore,Hatchback,Jurong,2020-10-11,4.76,Active
D06879,Nicole Anderson,Hatchback,Woodlands,2021-10-09,3.68,Active
D06880,George Robbins,Premium,Yishun,2021-01-07,3.87,Active
D06881,Brandy Phillips,Hatchback,Jurong,2023-08-18,4.75,Active
D06882,Brandy Moody,Hatchback,Singapore,2025-04-10,4.48,Active
D06883,Joseph Williams,Electric,Yishun,2025-09-19,4.3,Active
D06884,Julia Perry,Premium,Woodlands,2024-11-07,4.13,Active
D06885,Michael Jones,Electric,Ang Mo Kio,2023-06-26,4.55,Active
D06886,James Robbins,Electric,Bedok,2020-08-22,4.69,Active
D06887,Tricia Taylor,Sedan,Tampines,2020-02-14,3.55,Active
D06888,Cindy Cruz,Premium,Woodlands,2022-06-02,4.99,Inactive
D06889,Patrick Vang,Electric,Punggol,2026-03-29,4.75,Active
D06890,Alicia Jones,Premium,Ang Mo Kio,2018-12-09,3.86,Active
D06891,Patricia Anderson,MPV,Jurong,2021-08-29,3.95,Inactive
D06892,Russell Stewart,Electric,Ang Mo Kio,2022-11-29,3.74,Active
D06893,Alexis Deleon,SUV,Tampines,2019-12-24,4.24,Active
D06894,Michael Davis,Electric,Ang Mo Kio,2022-04-18,3.64,Active
D06895,Brooke Thomas,Sedan,Toa Payoh,2024-07-21,4.44,Active
D06896,Jason Arias,MPV,Singapore,2025-08-20,4.29,Active
D06897,Steven Barnes,Premium,Woodlands,2019-11-16,3.59,Active
D06898,Rodney Wilson,Sedan,Toa Payoh,2024-04-02,4.19,Active
D06899,James Tanner,SUV,Yishun,2020-06-19,3.77,Active
D06900,Laura Thomas,SUV,Bishan,2022-06-06,4.53,Active
D06901,Jamie Hicks,Hatchback,Bedok,2026-03-28,4.38,Active
D06902,Kevin Reed,MPV,Ang Mo Kio,2019-08-14,3.6,Active
D06903,Jose Jones,Electric,Ang Mo Kio,2022-11-20,3.91,Active
D06904,Jeanne Fernandez,Electric,Jurong,2023-10-04,4.13,Active
D06905,Anne Goodwin,Sedan,Jurong,2021-05-17,3.94,Active
D06906,Arthur Bruce,Electric,Punggol,2024-04-13,4.95,Active
D06907,Ian Jackson,Electric,Ang Mo Kio,2021-11-16,4.74,Active
D06908,Patricia Vaughan,MPV,Tampines,2020-10-28,4.62,Active
D06909,Jennifer Osborne,Premium,Bedok,2020-11-12,4.25,Active
D06910,Aaron Weber,Sedan,Singapore,2019-11-03,4.8,Active
D06911,Katie Bennett,Premium,Punggol,2026-01-08,4.19,Active
D06912,Andrew King,Premium,Bedok,2020-12-18,4.87,Active
D06913,Joy Blake,Hatchback,Jurong,2023-05-20,4.73,Active
D06914,Sonia Norton,Hatchback,Woodlands,2023-09-18,4.57,Active
D06915,Justin Rowland,Electric,Ang Mo Kio,2018-08-16,4.7,Inactive
D06916,Jonathan Snyder,Premium,Yishun,2024-06-28,3.79,Active
D06917,Amanda Lin,SUV,Toa Payoh,2025-09-23,4.57,Active
D06918,Jon Greene,SUV,Toa Payoh,2020-09-06,4.23,Active
D06919,Justin Becker,SUV,Ang Mo Kio,2020-07-07,4.15,Active
D06920,Jacob Mckay,MPV,Singapore,2021-11-20,3.93,Active
D06921,Joe Roberts,MPV,Bedok,2022-10-19,4.01,Active
D06922,Jason Fowler,Electric,Ang Mo Kio,2020-05-17,4.34,Active
D06923,Dr. Matthew Gomez,Premium,Woodlands,2018-10-09,4.23,Active
D06924,Crystal Bryant,SUV,Woodlands,2021-05-10,3.9,Active
D06925,Nicole Harris,Sedan,Bedok,2021-03-21,4.22,Active
D06926,Dean Baker,SUV,Ang Mo Kio,2019-05-16,4.08,Inactive
D06927,Dean Sharp,SUV,Punggol,2019-05-09,4.65,Active
D06928,Lisa Montgomery,Hatchback,Bishan,2022-02-20,4.71,Active
D06929,Eric Dickerson,MPV,Singapore,2022-07-09,4.33,Active
D06930,Robert King Jr.,MPV,Bedok,2019-03-30,4.9,Active
D06931,Andrea Parks,Premium,Ang Mo Kio,2021-06-26,4.4,Active
D06932,Debra Hamilton,Premium,Tampines,2024-04-28,4.23,Active
D06933,Janet Burke,Sedan,Ang Mo Kio,2025-12-31,4.03,Inactive
D06934,Edward Mullins,Sedan,Yishun,2023-12-04,4.43,Suspended
D06935,Elizabeth Lane,Sedan,Bishan,2022-12-16,4.39,Active
D06936,Kimberly Bowman,MPV,Bedok,2021-03-29,4.44,Active
D06937,Cheryl Miller,Sedan,Woodlands,2024-06-30,4.26,Active
D06938,Karen Daniels,SUV,Punggol,2021-10-07,4.92,Active
D06939,Brian Stout,Electric,Yishun,2022-04-21,4.46,Active
D06940,Jeffrey Graves,Premium,Ang Mo Kio,2022-07-18,4.57,Active
D06941,Lisa Kelly,Hatchback,Bishan,2019-03-09,4.9,Active
D06942,Tracy Bernard,Sedan,Toa Payoh,2023-04-06,4.75,Active
D06943,Kirk Ray,SUV,Jurong,2023-06-07,4.28,Active
D06944,Neil Curtis,Premium,Punggol,2021-07-07,3.51,Active
D06945,Stephen Day DVM,Hatchback,Bishan,2018-11-30,4.78,Active
D06946,Lauren Grimes,Electric,Toa Payoh,2025-03-29,4.84,Active
D06947,John Stewart,Premium,Yishun,2023-12-24,3.99,Active
D06948,Ricardo Singleton,Premium,Woodlands,2023-04-07,4.36,Active
D06949,Keith Hurst,Sedan,Tampines,2018-10-27,3.93,Active
D06950,Brandon Berg,Electric,Toa Payoh,2021-07-28,4.08,Active
D06951,Lauren Huang,Premium,Toa Payoh,2020-12-30,4.86,Active
D06952,Bob Brown,Hatchback,Jurong,2019-01-30,3.84,Active
D06953,Erica Murray,Electric,Jurong,2024-01-14,4.08,Active
D06954,Steven Medina,Sedan,Bishan,2024-08-07,3.66,Inactive
D06955,Todd Taylor,SUV,Woodlands,2022-08-29,4.5,Active
D06956,Melissa Garcia,Sedan,Bedok,2025-08-17,4.77,Active
D06957,Tammy Montoya,Electric,Woodlands,2020-12-04,4.99,Active
D06958,Johnny Young,Electric,Singapore,2024-11-23,4.31,Active
D06959,Joseph Montgomery,SUV,Punggol,2024-08-14,4.66,Active
D06960,Robert Watkins PhD,Electric,Toa Payoh,2018-11-06,3.6,Active
D06961,Wanda Montoya,Electric,Jurong,2023-12-29,4.11,Active
D06962,Sean Gonzalez,SUV,Tampines,2021-09-12,4.44,Active
D06963,Angela Morgan,Premium,Toa Payoh,2023-01-07,4.89,Active
D06964,Lori Carroll,Hatchback,Bishan,2021-05-18,4.54,Active
D06965,Patricia Wagner,Sedan,Yishun,2025-09-21,4.91,Active
D06966,Marissa Brown,Sedan,Bishan,2019-06-25,4.42,Active
D06967,Ann Hardy,SUV,Tampines,2026-05-25,4.42,Active
D06968,Joseph Williams,Sedan,Ang Mo Kio,2019-12-16,4.36,Active
D06969,Jesse Romero,SUV,Tampines,2023-03-01,4.48,Active
D06970,Mark Reed,Hatchback,Bedok,2022-06-07,4.1,Active
D06971,Sean Owen,Electric,Jurong,2023-09-11,4.13,Active
D06972,Jennifer Cooper,Hatchback,Woodlands,2023-09-21,4.85,Active
D06973,Jacqueline Thomas,Sedan,Yishun,2022-04-28,4.6,Active
D06974,Hannah Stewart,Electric,Toa Payoh,2024-01-05,4.91,Active
D06975,Sabrina Clark,Hatchback,Bedok,2021-03-07,4.56,Active
D06976,Mrs. Teresa Spears MD,Premium,Jurong,2025-08-28,4.6,Active
D06977,David Walker,MPV,Woodlands,2024-01-18,4.25,Active
D06978,Karen Malone,Hatchback,Bedok,2024-02-20,3.8,Active
D06979,Mrs. Alexis Walker,Premium,Toa Payoh,2025-06-30,4.16,Active
D06980,Devin Cross,Electric,Tampines,2025-11-10,4.9,Active
D06981,Natasha Noble,MPV,Toa Payoh,2022-11-07,3.51,Active
D06982,Heather Fisher,MPV,Singapore,2025-12-08,4.16,Active
D06983,Shirley Hoffman,Sedan,Jurong,2021-09-01,4.04,Active
D06984,Alicia Stafford MD,Premium,Ang Mo Kio,2019-12-29,4.15,Active
D06985,Elizabeth Barr,Hatchback,Woodlands,2021-11-30,4.8,Active
D06986,Johnny Landry,Premium,Toa Payoh,2022-07-22,4.46,Active
D06987,Michael Diaz,Sedan,Punggol,2026-04-23,3.53,Active
D06988,John Rowland,Electric,Yishun,2019-10-11,3.93,Active
D06989,Isaiah Fernandez,SUV,Woodlands,2021-10-18,4.98,Active
D06990,Gregory Henry,Premium,Bishan,2024-12-07,4.1,Inactive
D06991,Paul Copeland,Hatchback,Toa Payoh,2026-03-20,4.24,Active
D06992,David Weiss,Sedan,Woodlands,2025-07-21,4.85,Active
D06993,Nancy Harvey,MPV,Toa Payoh,2023-12-20,4.99,Active
D06994,Maria Dominguez,Hatchback,Woodlands,2021-03-24,4.41,Active
D06995,Christine Williams,MPV,Singapore,2019-06-06,4.62,Inactive
D06996,Danielle Foley,Premium,Jurong,2025-04-25,3.92,Active
D06997,Thomas Benton,Premium,Jurong,2022-02-07,4.98,Active
D06998,Joanna Perez,SUV,Jurong,2020-08-19,3.63,Active
D06999,Michael Stafford PhD,Hatchback,Bishan,2024-09-08,3.64,Active
D07000,Todd Ponce,SUV,Tampines,2024-01-25,4.67,Active
D07001,Eric Poole,Sedan,Yishun,2024-01-20,3.65,Active
D07002,Kyle Francis,Electric,Tampines,2026-03-20,3.66,Active
D07003,Alexander Lee,Electric,Yishun,2024-11-12,3.84,Active
D07004,Katherine Williams DDS,Electric,Singapore,2022-11-23,4.24,Active
D07005,Deborah Burgess,Hatchback,Woodlands,2024-07-13,4.7,Active
D07006,Samantha Carter,MPV,Ang Mo Kio,2020-05-31,4.03,Active
D07007,Brittany Lee,SUV,Punggol,2025-12-18,4.1,Suspended
D07008,Amber Morales,Premium,Singapore,2024-03-02,4.35,Active
D07009,Carla Jones,Premium,Bishan,2025-01-25,4.46,Active
D07010,Thomas Clarke,MPV,Yishun,2023-02-22,4.95,Active
D07011,Douglas Stephens,Sedan,Yishun,2022-12-29,3.83,Active
D07012,Stacey Chavez,Hatchback,Bishan,2020-09-06,4.57,Active
D07013,Sean Montgomery,Sedan,Jurong,2019-05-22,3.55,Suspended
D07014,Jordan Lambert,Hatchback,Bishan,2022-07-18,4.78,Active
D07015,Vanessa Bennett,Electric,Toa Payoh,2022-06-19,4.72,Active
D07016,Linda Martinez,Electric,Punggol,2023-03-01,4.33,Active
D07017,Melissa Williamson,MPV,Toa Payoh,2021-08-21,3.85,Active
D07018,Debra Lutz,MPV,Woodlands,2024-06-20,3.96,Active
D07019,Trevor Ellis,Hatchback,Jurong,2020-12-19,4.47,Active
D07020,Deborah Crosby,MPV,Ang Mo Kio,2019-08-14,4.23,Active
D07021,Victoria Bailey,SUV,Bishan,2019-06-30,4.4,Active
D07022,Daniel Strickland,Premium,Bedok,2019-10-10,3.88,Active
D07023,Charles Sheppard,Hatchback,Ang Mo Kio,2022-03-08,4.8,Active
D07024,Jennifer Warner,Sedan,Jurong,2020-04-14,4.99,Active
D07025,Jon Wood,MPV,Jurong,2023-05-14,4.28,Active
D07026,Ruth Buckley,Premium,Bedok,2022-12-21,4.62,Active
D07027,Michelle Nunez,Sedan,Yishun,2025-03-22,3.67,Active
D07028,Yolanda Vang,MPV,Jurong,2022-07-05,4.49,Inactive
D07029,Christina Levy,Electric,Woodlands,2023-06-21,4.38,Active
D07030,Andre Thornton,SUV,Jurong,2021-02-06,4.93,Active
D07031,John Goodwin,Electric,Jurong,2022-02-08,4.37,Inactive
D07032,Dylan Smith,Premium,Toa Payoh,2018-12-28,4.72,Active
D07033,Raymond Williams,Electric,Toa Payoh,2025-01-27,4.73,Active
D07034,Linda Sanders,SUV,Punggol,2025-03-15,4.91,Active
D07035,Kevin Smith MD,Sedan,Ang Mo Kio,2020-11-09,4.93,Active
D07036,Danny Austin,Premium,Singapore,2020-11-18,4.86,Active
D07037,Kimberly Edwards,SUV,Tampines,2020-05-22,4.17,Active
D07038,Kimberly Martinez,Premium,Bishan,2019-04-21,4.04,Active
D07039,Lauren Singh,Premium,Woodlands,2024-08-05,4.08,Inactive
D07040,Cynthia Wright,Electric,Bishan,2021-02-06,3.84,Active
D07041,Robert Kline,Premium,Punggol,2019-11-18,4.67,Active
D07042,James Thomas,MPV,Yishun,2019-07-15,4.04,Active
D07043,Cody Jimenez,Electric,Punggol,2020-10-30,4.09,Active
D07044,Victoria Wright,Premium,Tampines,2025-11-30,4.45,Active
D07045,Jennifer Davis,Electric,Jurong,2021-05-03,4.92,Active
D07046,Shelby Fernandez,Sedan,Ang Mo Kio,2026-04-28,4.02,Inactive
D07047,Matthew Duffy,MPV,Woodlands,2026-02-07,4.38,Active
D07048,David Gordon,Premium,Bedok,2018-09-07,4.97,Active
D07049,Luis Robinson,SUV,Toa Payoh,2024-01-31,4.29,Active
D07050,Dustin Bell,MPV,Singapore,2026-03-12,4.29,Active
D07051,Sharon Johnson,SUV,Yishun,2023-07-29,4.87,Active
D07052,Jacob Stevens,Electric,Toa Payoh,2019-07-20,3.7,Active
D07053,Victor Gonzalez,Electric,Punggol,2019-04-14,3.66,Active
D07054,Tony Davis,Electric,Bedok,2021-10-26,3.51,Active
D07055,William Mccarty,Hatchback,Bedok,2025-09-22,4.76,Active
D07056,Thomas Taylor,Sedan,Woodlands,2025-05-10,3.93,Active
D07057,Miss Ashley Higgins,Sedan,Punggol,2026-05-15,4.09,Active
D07058,Christina Carey,Premium,Tampines,2021-07-05,4.41,Active
D07059,Matthew Richardson,Premium,Woodlands,2023-03-13,3.59,Active
D07060,Samantha Green,Sedan,Ang Mo Kio,2022-01-15,4.29,Inactive
D07061,Rhonda Johnson,SUV,Yishun,2026-03-16,4.08,Suspended
D07062,Kimberly Reed,MPV,Ang Mo Kio,2025-11-18,4.2,Active
D07063,Darrell Estrada,Premium,Bishan,2026-06-03,3.57,Active
D07064,Jessica Howell,SUV,Bishan,2024-07-13,4.23,Active
D07065,Mr. Tyler Chavez,Sedan,Jurong,2021-06-20,3.71,Active
D07066,Kevin Conrad,SUV,Punggol,2018-10-04,4.17,Active
D07067,Emily Meyers,Sedan,Woodlands,2019-10-07,3.64,Active
D07068,Christina White,MPV,Ang Mo Kio,2022-11-05,4.81,Active
D07069,Diana Schmidt,Hatchback,Woodlands,2021-09-05,3.67,Active
D07070,Amy Morrow,SUV,Toa Payoh,2024-06-01,3.61,Active
D07071,Tiffany Chambers,Electric,Tampines,2020-11-05,4.62,Active
D07072,Mrs. Sonya Davis,Premium,Bedok,2019-03-03,3.95,Active
D07073,Lynn Jordan DDS,Premium,Ang Mo Kio,2024-10-07,3.51,Active
D07074,Edward Savage,Electric,Yishun,2019-02-11,4.06,Active
D07075,Bobby Payne,MPV,Toa Payoh,2021-02-17,3.86,Active
D07076,Joshua Martinez,Electric,Woodlands,2025-08-01,3.83,Active
D07077,Steven Austin,Electric,Singapore,2026-02-23,4.04,Inactive
D07078,April Taylor,Sedan,Bishan,2025-09-12,4.89,Active
D07079,Cheryl Deleon,MPV,Jurong,2021-05-17,3.98,Inactive
D07080,Andrea White,Hatchback,Tampines,2025-12-25,4.33,Active
D07081,Alvin Robinson,MPV,Woodlands,2025-11-15,3.67,Active
D07082,David Jenkins,Hatchback,Jurong,2022-08-17,4.95,Active
D07083,Mr. David Collier,Premium,Jurong,2024-07-13,3.5,Active
D07084,Amanda Kline,Hatchback,Toa Payoh,2020-01-24,4.75,Active
D07085,Matthew Gordon,SUV,Punggol,2023-03-12,3.67,Active
D07086,Matthew Moses,Sedan,Woodlands,2026-04-03,3.81,Inactive
D07087,Donna Reyes,Premium,Toa Payoh,2021-07-05,4.86,Active
D07088,Madison Cook,Electric,Toa Payoh,2025-03-23,4.23,Active
D07089,James Ponce,Electric,Tampines,2022-11-04,4.06,Active
D07090,Erica Molina,Electric,Punggol,2026-04-20,4.44,Inactive
D07091,Jennifer Baker,SUV,Yishun,2024-10-26,4.84,Active
D07092,Mr. Calvin Evans,MPV,Woodlands,2021-11-13,3.51,Active
D07093,Ashley Delacruz,Hatchback,Yishun,2024-09-10,4.09,Active
D07094,Arthur Rosario,Sedan,Woodlands,2024-04-20,4.59,Active
D07095,Brianna Hunt,SUV,Woodlands,2024-08-14,4.48,Active
D07096,Desiree Bailey,Hatchback,Ang Mo Kio,2025-07-06,4.4,Active
D07097,Natalie Hart,Premium,Yishun,2021-04-12,4.2,Active
D07098,Barbara Cordova,Hatchback,Toa Payoh,2023-06-25,3.64,Inactive
D07099,Emily Mcgrath,Hatchback,Yishun,2023-08-24,4.48,Active
D07100,Rachel Ramos,MPV,Toa Payoh,2024-05-04,4.71,Active
D07101,Robin Morse,SUV,Woodlands,2020-11-05,3.6,Active
D07102,David Howard,MPV,Toa Payoh,2020-07-05,3.87,Active
D07103,Jessica Mcintyre,MPV,Bedok,2020-05-20,3.97,Active
D07104,Courtney Alvarez,Premium,Singapore,2019-05-04,4.51,Active
D07105,Cory Yang,MPV,Jurong,2019-02-05,3.79,Active
D07106,Maria Wong,Electric,Punggol,2023-02-09,3.64,Active
D07107,Mary Chavez,Premium,Yishun,2025-08-05,4.03,Active
D07108,Angel Young,Hatchback,Bedok,2020-09-19,4.6,Active
D07109,Emily Dunlap,Sedan,Woodlands,2021-06-10,4.77,Active
D07110,Melissa West,MPV,Singapore,2019-01-22,4.46,Active
D07111,Sean Malone,Electric,Woodlands,2021-03-19,4.4,Active
D07112,Katherine Flores,MPV,Woodlands,2020-03-10,4.89,Active
D07113,Marc Reyes,Electric,Jurong,2019-04-15,3.67,Active
D07114,Philip Martinez,Hatchback,Singapore,2018-09-10,3.99,Active
D07115,Alexander Brown,Sedan,Bishan,2020-03-14,3.96,Active
D07116,April Kelly,Sedan,Singapore,2023-09-04,4.87,Inactive
D07117,Amanda Bradley,SUV,Jurong,2022-05-19,3.89,Active
D07118,Rhonda Brown,Sedan,Tampines,2022-09-28,3.53,Active
D07119,Lindsey Reyes,MPV,Singapore,2020-02-11,4.63,Active
D07120,Christopher Lawson,Sedan,Ang Mo Kio,2021-03-16,3.88,Active
D07121,Lauren Davis,MPV,Punggol,2018-10-25,3.93,Inactive
D07122,Tammy Taylor,Sedan,Punggol,2019-07-26,4.37,Active
D07123,Cassandra Williams,Hatchback,Yishun,2022-04-22,4.8,Active
D07124,Anthony Rhodes,Premium,Punggol,2018-11-01,4.76,Active
D07125,Jean Mcdaniel,Sedan,Yishun,2023-08-31,3.81,Active
D07126,Sara Bennett,SUV,Yishun,2019-11-05,3.99,Inactive
D07127,Valerie Miller DDS,Electric,Tampines,2020-11-21,4.43,Active
D07128,Julian Keller,Premium,Bishan,2023-08-14,4.84,Active
D07129,Gail Arnold,Electric,Toa Payoh,2019-07-19,4.75,Active
D07130,Megan Moreno,MPV,Tampines,2024-01-05,3.96,Active
D07131,Brittney Jackson,SUV,Toa Payoh,2018-09-19,4.73,Active
D07132,Russell Hawkins,MPV,Jurong,2019-05-25,4.7,Active
D07133,Bob Long,SUV,Bedok,2019-02-09,3.83,Active
D07134,Renee Young,SUV,Bishan,2020-12-20,3.54,Active
D07135,Christopher Smith,MPV,Toa Payoh,2021-06-03,4.52,Active
D07136,Philip Meadows,Electric,Toa Payoh,2021-06-03,4.97,Active
D07137,Jill Mccullough,SUV,Yishun,2018-09-10,4.74,Active
D07138,Jeffery Murphy,Electric,Yishun,2019-06-03,3.93,Active
D07139,Lisa Yang,SUV,Toa Payoh,2019-05-17,4.76,Active
D07140,Joshua Melton,Sedan,Toa Payoh,2024-01-12,4.3,Active
D07141,John Long,MPV,Singapore,2020-06-30,4.57,Active
D07142,Jason Jones,Electric,Bedok,2024-04-03,4.13,Active
D07143,Jonathan Johnson,SUV,Ang Mo Kio,2022-06-19,3.64,Active
D07144,Donald Jackson,Premium,Bedok,2025-09-23,3.9,Active
D07145,Jacqueline Perry,Electric,Bishan,2023-03-29,3.95,Active
D07146,Christopher Chapman,Electric,Tampines,2023-04-27,4.46,Active
D07147,Russell Hendricks,Sedan,Bedok,2024-11-25,4.43,Inactive
D07148,Mark Choi,MPV,Woodlands,2020-07-15,4.65,Active
D07149,David Bray,SUV,Woodlands,2022-08-14,4.7,Active
D07150,Charles Marshall,SUV,Bishan,2023-09-15,4.39,Active
D07151,Lisa Davies,MPV,Bishan,2026-04-26,3.64,Active
D07152,Gina Smith,Sedan,Singapore,2024-05-03,4.74,Active
D07153,Victoria Price,MPV,Bishan,2019-11-17,3.64,Inactive
D07154,Karen Johnson,Hatchback,Yishun,2020-08-03,4.58,Suspended
D07155,Joseph Bean,Electric,Jurong,2021-08-28,4.21,Active
D07156,Andrea Cabrera,Electric,Punggol,2024-09-18,4.42,Active
D07157,Nicole Crawford,Hatchback,Bishan,2022-04-02,3.84,Active
D07158,Christian Ford,MPV,Singapore,2018-11-25,4.31,Active
D07159,Brittany Bishop,Sedan,Woodlands,2024-03-15,3.9,Active
D07160,Jill Taylor,Sedan,Ang Mo Kio,2020-03-28,4.15,Active
D07161,Antonio James,Premium,Ang Mo Kio,2025-01-16,3.65,Active
D07162,Christopher Williams,Sedan,Bishan,2019-03-23,3.59,Active
D07163,Jamie Russell DDS,MPV,Punggol,2020-11-09,4.63,Active
D07164,Richard Ortiz,Sedan,Bishan,2019-05-07,3.8,Active
D07165,John Spears,Electric,Jurong,2025-09-05,4.21,Active
D07166,Tom Williams,Premium,Bedok,2021-04-12,3.83,Active
D07167,Angela Myers,MPV,Punggol,2022-08-31,4.24,Active
D07168,Kevin Hughes,Premium,Ang Mo Kio,2021-08-27,4.59,Active
D07169,Jennifer Edwards,SUV,Punggol,2019-04-06,4.62,Active
D07170,Diana Stanley,Sedan,Bishan,2025-12-16,4.19,Active
D07171,Anna Vincent,Premium,Bishan,2022-10-17,3.72,Active
D07172,Angela Weber,MPV,Toa Payoh,2025-04-19,3.75,Active
D07173,Adam Carlson,Premium,Singapore,2025-02-09,3.99,Active
D07174,Javier Wright,MPV,Toa Payoh,2019-10-12,4.74,Active
D07175,Jessica Johnson,SUV,Punggol,2022-11-05,4.14,Active
D07176,Amanda Hebert,SUV,Singapore,2023-04-12,4.31,Active
D07177,Lisa Johnson,SUV,Yishun,2026-06-20,4.87,Inactive
D07178,Brian Roberts,SUV,Tampines,2020-05-22,3.88,Active
D07179,Jeffrey Russell,Electric,Jurong,2023-11-16,4.12,Active
D07180,Taylor Christensen,SUV,Ang Mo Kio,2023-03-27,4.69,Suspended
D07181,Henry Powell,Sedan,Woodlands,2021-07-06,4.65,Active
D07182,Pamela Diaz,Electric,Punggol,2023-12-12,4.82,Active
D07183,Jessica Horton,Premium,Ang Mo Kio,2024-08-07,3.56,Active
D07184,Lisa Crawford,Hatchback,Punggol,2025-05-08,3.64,Active
D07185,Rebecca Ramos,Electric,Yishun,2026-07-03,4.07,Active
D07186,Edward Perez,Electric,Tampines,2025-07-09,3.91,Active
D07187,Rachel Henson,MPV,Punggol,2024-10-02,4.72,Active
D07188,Joshua Thompson,Hatchback,Ang Mo Kio,2025-01-26,4.43,Active
D07189,Roger Wade,Premium,Bishan,2020-01-29,3.78,Active
D07190,Brianna Fisher,MPV,Toa Payoh,2021-02-18,4.99,Active
D07191,Heather Owens,SUV,Jurong,2025-06-19,3.93,Active
D07192,Justin Watson,Electric,Singapore,2021-04-22,3.79,Active
D07193,Mr. Anthony Vasquez,Premium,Bedok,2024-12-01,4.37,Active
D07194,Lindsay Smith,Premium,Bishan,2022-12-23,3.72,Active
D07195,Alexander Campbell,MPV,Jurong,2021-03-05,3.74,Active
D07196,Amanda Harrison,Sedan,Jurong,2021-03-26,4.42,Active
D07197,Edward Hughes,Hatchback,Toa Payoh,2021-05-26,4.26,Active
D07198,Matthew Hughes,Hatchback,Ang Mo Kio,2018-11-28,4.4,Active
D07199,Marcia Thompson,Hatchback,Bishan,2024-02-01,3.86,Active
D07200,Anthony Nelson,Sedan,Bedok,2019-10-06,4.45,Active
D07201,Mark Martin,MPV,Singapore,2021-10-11,3.58,Inactive
D07202,Patrick Ali,Hatchback,Bishan,2021-09-14,4.87,Active
D07203,Heidi Sherman,Hatchback,Woodlands,2022-08-19,3.98,Active
D07204,Crystal Williams,Hatchback,Woodlands,2026-01-11,3.56,Active
D07205,Joel Ramirez,Sedan,Singapore,2019-12-10,4.69,Inactive
D07206,Andrew Jones,SUV,Woodlands,2023-04-07,4.93,Active
D07207,Anne Murphy,Premium,Toa Payoh,2020-04-19,3.9,Active
D07208,Daniel Cruz,SUV,Bedok,2026-06-22,4.91,Active
D07209,Jessica Villarreal,SUV,Bishan,2018-10-25,4.89,Active
D07210,Wendy Mcguire,Hatchback,Singapore,2023-01-26,3.66,Active
D07211,Catherine Saunders,Electric,Toa Payoh,2023-10-04,3.98,Active
D07212,Caitlin Morales,Sedan,Yishun,2020-04-09,3.74,Active
D07213,Holly Lewis,Premium,Punggol,2026-06-12,3.54,Active
D07214,Judith Warren,Electric,Bedok,2022-04-25,4.42,Active
D07215,Erin Rice,SUV,Punggol,2025-03-12,4.6,Active
D07216,Lisa Carter,Electric,Singapore,2022-10-05,4.15,Active
D07217,Nicholas Clay,Electric,Bedok,2020-05-29,3.99,Active
D07218,Alejandra Russell,Hatchback,Bedok,2025-06-14,4.71,Active
D07219,Whitney Martin,Sedan,Jurong,2023-11-30,4.43,Active
D07220,Timothy Chavez,SUV,Singapore,2020-05-23,4.02,Active
D07221,Karen Miller,MPV,Tampines,2023-04-12,3.95,Active
D07222,Nicole Nicholson,Premium,Bishan,2023-12-07,4.69,Inactive
D07223,Zachary Lopez,Electric,Yishun,2019-12-09,3.94,Active
D07224,Denise Mullins,SUV,Woodlands,2026-05-20,4.71,Active
D07225,David Brown,SUV,Yishun,2021-08-15,3.9,Active
D07226,Nathan Adams,Electric,Toa Payoh,2019-06-12,3.52,Active
D07227,Willie Bass,Hatchback,Punggol,2026-03-26,3.74,Active
D07228,Tiffany Harper,Premium,Woodlands,2021-12-12,4.25,Active
D07229,Andrew Sanchez,Premium,Yishun,2020-11-04,4.18,Active
D07230,Alexis Sanchez,Sedan,Ang Mo Kio,2019-02-05,4.2,Active
D07231,Thomas Wells,SUV,Woodlands,2022-11-28,4.36,Active
D07232,Kathryn Scott,Premium,Singapore,2025-03-03,4.52,Active
D07233,Tina Huber,Premium,Woodlands,2024-02-14,4.26,Active
D07234,Emily Lin,SUV,Tampines,2023-09-22,4.29,Active
D07235,Dale Washington,Hatchback,Bishan,2020-09-01,4.21,Active
D07236,Angela Webb,Hatchback,Punggol,2026-05-26,4.52,Active
D07237,Tina Stephens,Hatchback,Bishan,2024-09-01,3.56,Active
D07238,David Thompson,Hatchback,Ang Mo Kio,2021-07-10,4.38,Active
D07239,Isabel Ramirez,MPV,Bishan,2021-11-29,4.1,Active
D07240,Daniel Patterson,Sedan,Bishan,2024-12-05,4.43,Active
D07241,Tammy Osborne,SUV,Bishan,2023-11-22,4.32,Active
D07242,Jimmy Edwards,Electric,Ang Mo Kio,2026-04-10,3.9,Inactive
D07243,Rebecca Dixon,Hatchback,Bishan,2026-02-27,4.85,Active
D07244,David Wilson,Hatchback,Yishun,2026-01-04,3.5,Active
D07245,Jennifer Clark,SUV,Punggol,2024-05-22,4.79,Active
D07246,James Petty,Hatchback,Bedok,2024-02-22,4.75,Active
D07247,Melissa Andrews,Sedan,Yishun,2023-10-08,3.9,Inactive
D07248,Cynthia Greene,Electric,Yishun,2023-06-03,4.49,Active
D07249,Megan Espinoza,Premium,Bishan,2019-04-30,4.56,Active
D07250,Keith Allen,Premium,Punggol,2025-02-22,4.73,Inactive
D07251,Tasha Hartman,MPV,Ang Mo Kio,2026-06-29,4.91,Active
D07252,Theresa Butler,MPV,Punggol,2019-12-22,3.62,Active
D07253,Justin Brown,MPV,Tampines,2023-07-09,3.7,Active
D07254,Vanessa Fields,Sedan,Singapore,2021-07-01,4.4,Active
D07255,Joshua Fitzgerald,MPV,Tampines,2021-12-07,4.17,Inactive
D07256,Justin Stewart,Premium,Singapore,2023-06-06,4.52,Active
D07257,Kevin Rodriguez,Premium,Ang Mo Kio,2020-12-13,4.72,Active
D07258,Brian Wheeler,MPV,Bishan,2024-10-04,4.61,Active
D07259,Laura Santos,SUV,Toa Payoh,2022-01-29,4.12,Active
D07260,Elizabeth Rodriguez,Premium,Ang Mo Kio,2020-08-03,3.8,Active
D07261,Steven Rodriguez,MPV,Yishun,2023-04-26,4.0,Active
D07262,Cindy Nguyen,Premium,Toa Payoh,2018-08-23,3.56,Active
D07263,Terri Olson,Electric,Toa Payoh,2026-06-03,3.69,Active
D07264,Tracy Schaefer,SUV,Bishan,2026-03-19,3.54,Active
D07265,Anthony Grimes,Electric,Yishun,2024-01-25,3.84,Active
D07266,Jeffrey Jacobson,Sedan,Jurong,2023-05-03,4.42,Active
D07267,Julie Martin,Hatchback,Woodlands,2025-07-11,3.83,Active
D07268,Donald Gonzalez,Hatchback,Bishan,2021-08-07,4.99,Active
D07269,Kelsey Rogers,SUV,Bishan,2021-09-29,4.16,Active
D07270,Joanne Middleton,Hatchback,Bedok,2019-09-08,4.95,Active
D07271,Erik Alvarez,MPV,Bedok,2022-07-22,4.35,Inactive
D07272,Jennifer Preston,Hatchback,Woodlands,2025-09-20,4.53,Active
D07273,Tanya Johnson,Hatchback,Tampines,2024-02-28,4.29,Active
D07274,Joseph Hicks,SUV,Tampines,2019-09-21,4.78,Active
D07275,Mr. Ryan Jackson,Sedan,Singapore,2021-09-17,4.85,Active
D07276,Cody Hess,Premium,Yishun,2018-11-21,4.95,Active
D07277,Cody Calderon,Electric,Yishun,2025-09-13,3.75,Active
D07278,Gary Roberts,Hatchback,Bishan,2024-01-17,3.81,Active
D07279,Gabriel Ramirez,MPV,Yishun,2024-05-28,4.07,Active
D07280,Cynthia Bell,Sedan,Jurong,2026-05-30,3.93,Inactive
D07281,Nicholas Patel,Hatchback,Woodlands,2024-08-07,4.33,Inactive
D07282,James Skinner,Sedan,Ang Mo Kio,2021-05-26,3.72,Active
D07283,Ryan Taylor,MPV,Bishan,2021-04-22,3.98,Active
D07284,Erika Jennings,Electric,Punggol,2020-06-28,3.5,Active
D07285,Kevin Sanders,SUV,Woodlands,2024-09-08,4.3,Active
D07286,Kayla King,Hatchback,Bishan,2018-11-28,3.9,Inactive
D07287,James Cooper,Hatchback,Punggol,2021-07-19,4.96,Active
D07288,Thomas Gregory,Premium,Jurong,2021-05-30,4.02,Active
D07289,Julian Wagner,Electric,Ang Mo Kio,2019-09-10,4.93,Active
D07290,Craig Morris,MPV,Yishun,2025-01-22,4.0,Inactive
D07291,Donna Richards,Electric,Bishan,2024-03-23,4.73,Active
D07292,Brian Wilkerson,Sedan,Ang Mo Kio,2023-06-04,3.7,Active
D07293,Gregory Mitchell,Electric,Woodlands,2023-02-08,4.12,Active
D07294,Michelle Lee,Premium,Woodlands,2020-09-01,4.38,Inactive
D07295,Emily Miller MD,Premium,Bishan,2023-10-13,4.72,Active
D07296,Katherine Webb,Hatchback,Woodlands,2023-08-04,3.94,Active
D07297,John Mcclure,Electric,Ang Mo Kio,2022-09-20,3.71,Active
D07298,Kevin Kim,Electric,Woodlands,2019-09-29,3.74,Active
D07299,John Copeland,Hatchback,Yishun,2018-11-28,4.17,Active
D07300,David Barnes,Premium,Yishun,2022-07-11,4.6,Active
D07301,Kyle Flores,Electric,Ang Mo Kio,2026-07-02,4.29,Active
D07302,Christopher Henry,Sedan,Ang Mo Kio,2019-07-13,4.06,Active
D07303,Shane Oconnor,MPV,Ang Mo Kio,2022-01-06,4.16,Active
D07304,David Reyes,Electric,Singapore,2025-04-15,4.87,Active
D07305,Tracy Mcclure,MPV,Ang Mo Kio,2026-04-22,4.76,Active
D07306,Sarah Hodges,Sedan,Bishan,2020-05-16,4.0,Active
D07307,Rebecca Young,Hatchback,Bedok,2022-05-18,3.89,Inactive
D07308,Richard Nguyen,Premium,Singapore,2024-05-07,4.46,Active
D07309,Michelle Ramos,Premium,Singapore,2020-12-10,3.8,Active
D07310,Andrew Robbins,SUV,Punggol,2021-06-13,3.72,Active
D07311,Veronica Sutton,SUV,Jurong,2021-04-08,4.19,Active
D07312,Danny Whitehead,Electric,Yishun,2026-07-20,4.4,Active
D07313,Johnny Garcia,Premium,Punggol,2025-08-23,4.99,Active
D07314,Betty Jackson,Sedan,Bedok,2024-11-11,4.14,Active
D07315,Kimberly Ramirez,Sedan,Jurong,2022-03-27,4.9,Inactive
D07316,Matthew Sharp,Premium,Jurong,2025-02-20,4.49,Active
D07317,Jill Klein,Premium,Woodlands,2022-10-14,4.82,Inactive
D07318,Stacie Thompson,Hatchback,Yishun,2022-08-13,4.86,Active
D07319,Samuel Watts,Hatchback,Bishan,2019-09-30,4.57,Active
D07320,Mark Patterson,Hatchback,Yishun,2022-10-06,4.17,Active
D07321,Patricia Williams MD,Premium,Woodlands,2025-10-04,4.05,Active
D07322,Caleb Escobar,Hatchback,Singapore,2025-07-16,3.63,Active
D07323,Sarah Cruz,Electric,Toa Payoh,2020-11-25,4.08,Active
D07324,Patricia Allen,MPV,Yishun,2021-09-14,5.0,Active
D07325,Alyssa Snyder,Electric,Ang Mo Kio,2019-07-13,4.06,Active
D07326,Justin Delgado,Hatchback,Bedok,2019-08-24,3.91,Active
D07327,Jeffery Berry,SUV,Singapore,2021-12-19,4.15,Active
D07328,Bailey Harrison,Hatchback,Tampines,2020-09-12,4.08,Active
D07329,Erica Peters,SUV,Punggol,2025-04-17,4.34,Active
D07330,Cody Smith,Premium,Yishun,2025-08-21,4.01,Active
D07331,Gerald Holt,Hatchback,Tampines,2025-06-27,4.03,Active
D07332,Alejandro Wilson,Sedan,Tampines,2018-09-23,3.89,Active
D07333,James Taylor,Hatchback,Ang Mo Kio,2022-07-08,4.75,Active
D07334,Brian Hudson,MPV,Singapore,2018-08-31,3.55,Active
D07335,Mark Palmer,Hatchback,Ang Mo Kio,2023-03-25,4.01,Suspended
D07336,Anthony Ramirez,SUV,Toa Payoh,2025-02-21,4.13,Active
D07337,George Mcdonald,Sedan,Yishun,2021-10-12,4.14,Active
D07338,Kristina Vang,SUV,Bishan,2024-07-06,3.73,Active
D07339,Gary Anderson,Sedan,Bedok,2021-01-04,3.77,Active
D07340,Mandy Jackson,Electric,Toa Payoh,2019-10-05,4.27,Inactive
D07341,Peter White DDS,Sedan,Tampines,2023-09-24,3.52,Active
D07342,Andrea Mitchell,SUV,Jurong,2023-07-15,4.43,Active
D07343,Marc Holmes,Electric,Ang Mo Kio,2024-01-11,4.45,Inactive
D07344,William Coleman,Electric,Punggol,2023-02-28,4.47,Active
D07345,Debra White,SUV,Bedok,2019-09-27,4.66,Active
D07346,Antonio Sharp,SUV,Toa Payoh,2023-11-26,4.6,Active
D07347,Sharon Walker,SUV,Yishun,2024-07-12,4.38,Active
D07348,Adrian Klein,MPV,Woodlands,2024-02-29,4.38,Active
D07349,Richard Thomas,Electric,Jurong,2025-06-02,4.06,Active
D07350,Brad Jimenez,Sedan,Woodlands,2023-10-17,4.9,Active
D07351,Kelly Benson,MPV,Toa Payoh,2020-08-08,4.24,Active
D07352,Chelsea Kelly,Sedan,Bishan,2023-02-23,4.02,Active
D07353,Catherine Smith,Hatchback,Yishun,2026-07-12,3.61,Inactive
D07354,Dustin Newman,MPV,Yishun,2019-11-07,4.23,Active
D07355,Kerry Pearson,Electric,Jurong,2026-03-24,4.32,Active
D07356,Barry Perry,MPV,Bedok,2022-07-09,4.05,Active
D07357,Timothy Lindsey,Sedan,Bedok,2024-05-02,3.81,Active
D07358,Kelly Parker,Electric,Yishun,2026-07-10,3.81,Active
D07359,Robyn Bennett,Hatchback,Toa Payoh,2022-10-01,4.12,Active
D07360,Richard Turner,SUV,Singapore,2022-11-08,3.94,Inactive
D07361,Brandy Jones,Premium,Punggol,2021-01-22,3.9,Active
D07362,Brian Wilson,Hatchback,Toa Payoh,2024-08-16,4.87,Active
D07363,Ronald Thompson,SUV,Punggol,2023-02-02,3.71,Active
D07364,Robin Adams,SUV,Singapore,2020-03-20,3.68,Active
D07365,James Saunders,SUV,Tampines,2023-07-14,3.53,Active
D07366,Nathan Stevens,Hatchback,Singapore,2025-01-05,4.8,Active
D07367,Eric Jones,Hatchback,Bedok,2021-11-25,4.38,Active
D07368,Sara Jackson,SUV,Ang Mo Kio,2025-06-13,4.22,Active
D07369,David Grimes,Electric,Punggol,2021-11-01,3.67,Active
D07370,Megan Sexton,SUV,Yishun,2026-02-14,3.61,Active
D07371,Robert Lewis,Sedan,Tampines,2026-03-10,4.95,Active
D07372,Terri Patterson,Hatchback,Singapore,2020-04-24,3.99,Active
D07373,Mary Villa,Hatchback,Toa Payoh,2021-11-03,4.2,Active
D07374,Jeremy Edwards,Electric,Bishan,2019-08-06,4.49,Active
D07375,Christopher Thompson,Sedan,Ang Mo Kio,2024-06-21,4.83,Inactive
D07376,James Hill,Electric,Bishan,2024-08-08,4.33,Active
D07377,Stacey Howard,Electric,Yishun,2018-09-22,4.48,Active
D07378,Sergio Rocha,SUV,Singapore,2021-11-06,4.07,Active
D07379,Shannon Phillips,MPV,Yishun,2024-11-12,4.57,Active
D07380,Connie Wilkinson,Sedan,Woodlands,2019-05-21,4.95,Active
D07381,Erik Smith,SUV,Tampines,2024-01-11,4.15,Active
D07382,Amy Glover,SUV,Punggol,2021-08-10,4.17,Active
D07383,Kim Jackson,SUV,Ang Mo Kio,2024-05-15,3.97,Active
D07384,Crystal Logan MD,Premium,Jurong,2025-02-21,3.93,Active
D07385,Erik Vaughn,MPV,Woodlands,2024-01-11,3.66,Active
D07386,Daniel Ruiz,MPV,Tampines,2022-08-27,4.65,Active
D07387,David Olson,Premium,Jurong,2022-10-19,4.33,Active
D07388,Stephanie Collins,Electric,Bedok,2018-08-09,3.68,Inactive
D07389,Julie Wolf,Sedan,Bedok,2018-08-13,3.72,Active
D07390,Christine Brown,MPV,Punggol,2022-01-20,4.92,Active
D07391,Anna Porter,Electric,Singapore,2023-12-18,3.61,Active
D07392,Lindsay Acosta,Premium,Ang Mo Kio,2020-06-20,4.06,Active
D07393,Adam Liu,Sedan,Bedok,2023-03-28,4.17,Active
D07394,James Huff,Electric,Singapore,2018-11-20,3.91,Active
D07395,Debra Thomas,Premium,Jurong,2019-06-02,3.82,Active
D07396,Dakota Brown,Electric,Tampines,2021-10-01,4.17,Active
D07397,Linda Pierce,Premium,Punggol,2022-01-21,3.96,Active
D07398,Valerie Ramos,Electric,Bishan,2020-08-09,3.79,Active
D07399,Lisa Clements,MPV,Bishan,2020-07-14,4.46,Active
D07400,James Lewis,Premium,Yishun,2023-11-20,4.53,Active
D07401,David Orozco,Electric,Bedok,2022-11-04,4.67,Active
D07402,Sean Mitchell,Hatchback,Ang Mo Kio,2018-11-23,4.62,Inactive
D07403,Andrew Henderson,Electric,Bedok,2026-06-10,4.62,Active
D07404,Jordan Rodriguez,Hatchback,Punggol,2025-11-30,4.23,Inactive
D07405,Rebecca Davis,Sedan,Bishan,2018-11-06,4.33,Active
D07406,Robert Thornton,Electric,Bishan,2025-12-05,4.14,Inactive
D07407,Jonathan Scott,Hatchback,Woodlands,2025-07-30,3.63,Active
D07408,Robert Hansen,Electric,Tampines,2025-10-03,4.52,Active
D07409,Jenna Richards,SUV,Yishun,2021-08-20,3.57,Active
D07410,Raven Davis,Sedan,Bedok,2025-03-10,4.15,Active
D07411,Selena Wood,Electric,Bishan,2019-08-14,4.86,Active
D07412,Eric Adams,Sedan,Ang Mo Kio,2022-10-07,4.41,Inactive
D07413,Barry Butler,MPV,Ang Mo Kio,2022-08-26,4.23,Active
D07414,Sandra Reynolds,Premium,Toa Payoh,2020-02-28,4.38,Active
D07415,Jane Stevenson,Hatchback,Woodlands,2019-12-27,3.92,Inactive
D07416,Rachel Anderson,MPV,Singapore,2025-07-01,4.27,Active
D07417,Tracy Jackson,Premium,Woodlands,2024-03-22,4.67,Active
D07418,Michael Molina,Hatchback,Ang Mo Kio,2025-07-10,4.54,Active
D07419,Diana Arnold,SUV,Ang Mo Kio,2019-03-08,4.59,Active
D07420,Penny Alvarez,Sedan,Yishun,2020-05-01,4.62,Active
D07421,Michael Black,Hatchback,Toa Payoh,2021-02-06,4.3,Active
D07422,Thomas Ruiz,Sedan,Jurong,2024-09-11,4.38,Active
D07423,Douglas Taylor,Electric,Woodlands,2023-08-24,4.76,Active
D07424,Carrie Elliott,Electric,Tampines,2020-10-02,3.73,Active
D07425,Alison Robinson,Electric,Tampines,2023-10-24,4.93,Inactive
D07426,Jeanne Meyers,Sedan,Bedok,2023-11-03,3.97,Active
D07427,Sharon Jenkins,Hatchback,Singapore,2018-09-24,4.19,Active
D07428,Kyle Hayes,Sedan,Jurong,2021-08-08,4.29,Active
D07429,Jennifer Humphrey,Electric,Bishan,2021-04-07,4.1,Active
D07430,Donna Quinn,Hatchback,Jurong,2019-04-30,4.91,Active
D07431,Daniel Peterson,SUV,Toa Payoh,2026-07-10,4.26,Active
D07432,Jeffrey Cook,Hatchback,Bishan,2019-06-07,4.49,Active
D07433,Jessica Glenn,Hatchback,Tampines,2026-02-13,4.64,Active
D07434,Amy Brown,MPV,Jurong,2020-05-23,3.99,Active
D07435,Michael Sanders,Electric,Jurong,2022-01-20,3.53,Active
D07436,Michelle Gray,Sedan,Punggol,2020-06-14,4.06,Active
D07437,Jordan Crawford,Hatchback,Jurong,2019-01-26,3.8,Active
D07438,Lydia Torres,MPV,Singapore,2022-12-12,4.11,Active
D07439,Joseph Johnson,Hatchback,Ang Mo Kio,2018-11-28,4.58,Active
D07440,Mariah Jones,SUV,Bishan,2021-06-06,3.68,Active
D07441,Blake Woodard,Sedan,Toa Payoh,2025-11-14,3.89,Active
D07442,James Brown,Hatchback,Tampines,2023-09-06,4.31,Active
D07443,Luis Bennett,Premium,Punggol,2022-04-05,5.0,Active
D07444,Stephanie Kirk,SUV,Woodlands,2019-03-03,3.91,Inactive
D07445,Paige Day,Premium,Ang Mo Kio,2026-05-31,4.92,Active
D07446,Angela Smith,MPV,Punggol,2021-07-31,4.34,Active
D07447,Barry Collier DVM,MPV,Bishan,2020-03-09,4.77,Active
D07448,Mary Watkins DVM,Electric,Punggol,2021-07-08,4.69,Inactive
D07449,Christian Day,Hatchback,Singapore,2023-08-08,4.91,Active
D07450,Dr. Tracey Green MD,SUV,Singapore,2025-08-19,3.56,Active
D07451,Leah Johnson,SUV,Bedok,2024-08-05,3.89,Active
D07452,Angel Moore,MPV,Punggol,2023-10-21,4.36,Inactive
D07453,Shannon Owens,Sedan,Ang Mo Kio,2020-02-27,4.4,Active
D07454,Kathleen Davis,Sedan,Woodlands,2020-03-22,3.83,Inactive
D07455,Claudia Washington,Sedan,Tampines,2019-12-15,4.63,Active
D07456,Beth Ramos,Sedan,Yishun,2020-02-29,4.6,Inactive
D07457,Michelle Jennings,MPV,Tampines,2024-02-08,4.09,Active
D07458,Samantha Lewis,Electric,Bishan,2022-07-28,4.07,Inactive
D07459,Christina Padilla,MPV,Punggol,2020-04-11,4.6,Active
D07460,Garrett Blackwell,Sedan,Ang Mo Kio,2022-06-15,4.37,Active
D07461,Kyle Clark Jr.,MPV,Toa Payoh,2026-01-30,4.66,Active
D07462,Jeff Wilson,MPV,Punggol,2022-12-29,4.81,Active
D07463,Lisa Rodriguez,Hatchback,Singapore,2019-04-23,4.58,Active
D07464,Nicole Potter,MPV,Bedok,2021-12-29,4.17,Active
D07465,Meghan Bradford,Sedan,Bishan,2022-05-23,3.85,Inactive
D07466,Jose Salas,Sedan,Singapore,2025-02-07,4.28,Active
D07467,John Thomas,MPV,Woodlands,2026-04-30,3.52,Active
D07468,Sean Mcneil,SUV,Bishan,2020-10-04,3.83,Active
D07469,Vincent Gray,Hatchback,Yishun,2023-06-06,3.59,Active
D07470,Carolyn Williams,Sedan,Bishan,2019-03-25,4.83,Inactive
D07471,David Davies,MPV,Toa Payoh,2019-09-06,3.72,Active
D07472,Eric Washington,Electric,Woodlands,2023-10-30,4.32,Active
D07473,Carol Carpenter,Premium,Singapore,2019-10-14,3.72,Active
D07474,Janet Wiley,Sedan,Yishun,2021-06-21,3.52,Active
D07475,Andrew Rodriguez,MPV,Woodlands,2019-10-23,4.82,Active
D07476,Patrick Sandoval,Electric,Bishan,2024-02-04,4.12,Active
D07477,Bill Harper,Premium,Bedok,2023-03-05,3.8,Active
D07478,Michael Harris,MPV,Bishan,2019-01-18,3.97,Active
D07479,Amanda Krueger,Hatchback,Toa Payoh,2024-05-13,3.72,Active
D07480,Edward Becker,SUV,Bedok,2021-02-10,3.67,Active
D07481,Rachel Greene,SUV,Bishan,2024-05-16,4.47,Active
D07482,Jessica Archer,SUV,Punggol,2024-01-28,4.77,Active
D07483,Brandon Sutton,Sedan,Yishun,2024-05-01,4.51,Active
D07484,George English,Hatchback,Woodlands,2024-05-07,4.92,Active
D07485,Erica Livingston,SUV,Bedok,2021-12-10,4.87,Active
D07486,Darren Macias,Sedan,Bishan,2025-04-26,4.7,Active
D07487,Monica Dean,Sedan,Tampines,2025-10-18,3.61,Active
D07488,Dylan Lopez,Sedan,Bishan,2021-11-10,4.61,Active
D07489,Sergio Mitchell,SUV,Woodlands,2021-08-30,3.92,Active
D07490,Jay Myers,Electric,Woodlands,2018-08-31,3.71,Active
D07491,Rebecca Richardson,SUV,Singapore,2019-04-07,3.56,Active
D07492,Robert Hernandez DDS,SUV,Toa Payoh,2018-09-30,4.97,Active
D07493,Mary Jenkins MD,MPV,Bishan,2020-07-17,3.73,Active
D07494,Michelle Juarez,MPV,Woodlands,2022-06-28,3.97,Active
D07495,Frank Schultz,SUV,Tampines,2022-07-16,3.94,Active
D07496,Randy Holland,Hatchback,Punggol,2020-04-18,4.6,Active
D07497,Dylan Mills,Premium,Tampines,2019-04-09,4.31,Active
D07498,Dawn Saunders,MPV,Punggol,2025-02-16,4.3,Active
D07499,Charles Acosta,MPV,Ang Mo Kio,2024-10-17,3.84,Active
D07500,Michele Martinez,Electric,Toa Payoh,2024-07-18,4.25,Active
D07501,Nicholas Wilson,Hatchback,Tampines,2022-12-25,3.62,Active
D07502,Andrew Jensen,MPV,Yishun,2020-07-12,4.85,Active
D07503,Ricardo Parker,Electric,Toa Payoh,2024-08-18,3.64,Active
D07504,Christian Miller,Hatchback,Ang Mo Kio,2021-09-05,3.54,Active
D07505,Timothy Mosley,Sedan,Woodlands,2019-11-02,4.32,Active
D07506,Lisa Martin,Hatchback,Punggol,2021-04-01,4.31,Active
D07507,Tony Ortiz,SUV,Woodlands,2023-03-12,4.6,Active
D07508,Joseph Bowers,Hatchback,Ang Mo Kio,2019-07-28,3.84,Active
D07509,Kyle Wood,SUV,Ang Mo Kio,2023-07-20,4.89,Active
D07510,Ann Campbell,Premium,Bishan,2019-02-19,4.64,Active
D07511,Jared Jenkins,Sedan,Punggol,2020-07-13,4.07,Inactive
D07512,Jennifer Short,Sedan,Woodlands,2026-01-15,4.78,Active
D07513,Jennifer Nielsen,Sedan,Punggol,2019-04-12,4.11,Active
D07514,Mr. David Anderson,MPV,Yishun,2021-08-03,3.61,Active
D07515,John Brown,Sedan,Singapore,2019-05-28,4.91,Active
D07516,John Clarke,SUV,Woodlands,2024-06-02,4.89,Active
D07517,Teresa Beck,Premium,Tampines,2021-07-27,4.61,Active
D07518,Andre Johnson,MPV,Ang Mo Kio,2026-03-31,3.79,Active
D07519,Mark Mckee,Premium,Punggol,2023-05-19,3.74,Active
D07520,Erin Smith,MPV,Tampines,2021-05-07,4.29,Active
D07521,Julia Martin,Premium,Yishun,2020-03-14,4.83,Active
D07522,Evelyn Lawson,SUV,Tampines,2019-10-02,3.98,Active
D07523,Mark Guzman,Sedan,Bishan,2025-05-06,4.03,Active
D07524,James Mcpherson,Electric,Toa Payoh,2023-04-09,4.47,Active
D07525,Sara Sullivan,Premium,Tampines,2021-05-24,4.61,Inactive
D07526,Jesus Tucker,Sedan,Bishan,2025-09-05,4.97,Active
D07527,Sylvia French,MPV,Singapore,2026-03-15,4.6,Active
D07528,Alejandro Chambers,MPV,Toa Payoh,2024-09-03,4.14,Active
D07529,Christopher Lewis DDS,Premium,Singapore,2020-02-03,4.49,Active
D07530,Jaime Cortez,Sedan,Woodlands,2020-04-02,4.71,Active
D07531,Kevin Smith,Electric,Jurong,2020-12-03,4.85,Inactive
D07532,Stephanie Clayton,MPV,Jurong,2025-01-31,4.0,Active
D07533,Laura Rodriguez,Hatchback,Bedok,2025-03-15,4.35,Active
D07534,Frederick Gray,Electric,Toa Payoh,2026-01-15,4.9,Inactive
D07535,Ricardo Morgan,MPV,Woodlands,2022-12-01,4.05,Active
D07536,Evan Haynes,Electric,Toa Payoh,2025-12-09,4.97,Active
D07537,Chelsey Rivers,Premium,Jurong,2025-09-10,4.03,Active
D07538,Kenneth Williams,Hatchback,Toa Payoh,2025-01-30,4.65,Active
D07539,Dustin Espinoza,Hatchback,Ang Mo Kio,2019-06-01,4.68,Active
D07540,Jamie Dougherty,Sedan,Toa Payoh,2019-10-23,4.63,Active
D07541,Travis Morgan,MPV,Ang Mo Kio,2022-04-15,4.64,Active
D07542,Kevin Young,SUV,Bishan,2025-06-08,4.47,Active
D07543,James Weber,Hatchback,Woodlands,2026-03-06,4.72,Active
D07544,Pamela Pierce,Electric,Ang Mo Kio,2021-05-10,4.08,Active
D07545,Robert West,Electric,Yishun,2021-04-15,4.37,Active
D07546,Lucas Rowe,Premium,Jurong,2018-11-14,3.86,Inactive
D07547,Matthew Knapp,SUV,Toa Payoh,2019-10-11,4.19,Active
D07548,Abigail Baker,Sedan,Jurong,2026-06-29,4.37,Active
D07549,Phillip Lowe,Hatchback,Punggol,2023-04-24,4.76,Active
D07550,Anita Mccormick,Hatchback,Singapore,2021-01-24,4.3,Active
D07551,Anthony Gallegos,Sedan,Bedok,2019-09-01,4.65,Active
D07552,Richard Holloway,MPV,Woodlands,2020-12-07,4.34,Active
D07553,John Douglas,MPV,Ang Mo Kio,2023-12-25,4.14,Active
D07554,Jonathan Dougherty,Premium,Yishun,2024-06-30,4.84,Active
D07555,Rebecca Esparza,MPV,Jurong,2024-03-28,3.55,Active
D07556,Tammy Turner,SUV,Tampines,2023-06-03,3.67,Active
D07557,Courtney Arnold,Premium,Bishan,2018-11-23,4.54,Active
D07558,Thomas Torres,Sedan,Singapore,2020-12-24,3.62,Active
D07559,Jason Wilson,SUV,Yishun,2021-05-10,4.48,Active
D07560,Jonathan Wood,Premium,Tampines,2026-03-12,4.69,Active
D07561,Erin Vance,SUV,Tampines,2026-02-11,4.15,Active
D07562,Heather Taylor,SUV,Bishan,2020-10-17,4.94,Active
D07563,Jordan Cruz,Sedan,Tampines,2019-12-24,3.85,Active
D07564,Aaron Davis,Premium,Yishun,2022-12-31,3.9,Active
D07565,Anthony Herman,Premium,Jurong,2021-05-04,4.18,Active
D07566,Glenn Lloyd,Hatchback,Bishan,2020-08-26,4.78,Inactive
D07567,Colleen Johnston,Sedan,Bishan,2021-10-16,3.71,Inactive
D07568,Heidi Lyons,MPV,Jurong,2022-08-05,4.56,Active
D07569,Richard Garcia,Sedan,Jurong,2020-11-18,4.36,Active
D07570,Patricia Harper,Hatchback,Yishun,2022-05-24,4.58,Active
D07571,Heather Mendoza,Sedan,Yishun,2021-12-30,4.47,Active
D07572,Larry Martin,Hatchback,Singapore,2021-03-13,4.57,Active
D07573,Paul Scott,MPV,Woodlands,2024-12-18,3.9,Active
D07574,Michael Hernandez,MPV,Singapore,2026-04-14,4.9,Active
D07575,Heather Ryan,Premium,Bedok,2019-07-17,5.0,Active
D07576,Tony Wade,MPV,Woodlands,2025-11-04,3.58,Active
D07577,Brent Turner,SUV,Woodlands,2022-07-22,4.15,Active
D07578,Casey Martinez,Hatchback,Bedok,2023-01-19,4.76,Active
D07579,Amber Lane,MPV,Jurong,2026-03-21,4.69,Active
D07580,Joseph Brewer,Sedan,Tampines,2025-04-06,4.38,Inactive
D07581,Kathy Hensley,Sedan,Singapore,2025-12-08,3.74,Active
D07582,Christina Wilkins,Electric,Jurong,2021-05-11,4.68,Active
D07583,Sheryl Rojas,Sedan,Ang Mo Kio,2025-10-14,3.84,Inactive
D07584,Misty Lang,Electric,Tampines,2019-08-18,4.39,Active
D07585,Sara Harris,SUV,Woodlands,2019-03-25,4.15,Active
D07586,Brandon Watkins,Sedan,Bedok,2021-07-11,3.53,Inactive
D07587,Chad Smith,Electric,Singapore,2019-03-24,3.73,Active
D07588,Robert Burns,MPV,Singapore,2020-04-17,4.02,Active
D07589,Tracy Perez,MPV,Bedok,2020-10-29,3.82,Active
D07590,Christopher Jones,MPV,Bishan,2019-10-06,4.87,Active
D07591,Sherry Anderson,MPV,Bedok,2021-04-28,3.78,Active
D07592,Toni White,MPV,Singapore,2026-06-13,4.19,Active
D07593,Luis Marks,MPV,Ang Mo Kio,2023-07-21,3.91,Active
D07594,Sarah Butler,SUV,Woodlands,2021-06-08,3.69,Active
D07595,Haley Rhodes,SUV,Bedok,2019-06-02,3.81,Active
D07596,Gabriella Collins,Hatchback,Tampines,2021-01-27,4.36,Active
D07597,Jeff Dudley,Electric,Jurong,2022-11-11,4.7,Active
D07598,Amy Green,Premium,Toa Payoh,2019-06-09,4.51,Active
D07599,Jacob Trevino,Electric,Bedok,2024-05-18,4.53,Active
D07600,John Brown,MPV,Bedok,2026-06-07,3.9,Active
D07601,Jeffrey Garcia,SUV,Bishan,2020-01-16,3.5,Active
D07602,Wesley Williams,Sedan,Bishan,2021-05-28,4.47,Active
D07603,Carolyn Ross,MPV,Toa Payoh,2018-10-13,4.21,Active
D07604,Anthony Hatfield,MPV,Woodlands,2019-03-12,4.28,Active
D07605,Laura Hardin,MPV,Tampines,2024-10-25,3.76,Active
D07606,James Chambers,Electric,Woodlands,2025-07-20,4.66,Active
D07607,Melissa Campbell,Electric,Jurong,2021-12-28,3.9,Active
D07608,Chris Chavez,Sedan,Tampines,2022-11-18,4.72,Active
D07609,Christine Castro,Electric,Toa Payoh,2018-12-26,4.41,Active
D07610,John Olsen,Electric,Bishan,2019-01-20,3.81,Active
D07611,Julia Obrien,Hatchback,Singapore,2021-09-30,3.67,Active
D07612,Curtis Jefferson,Sedan,Punggol,2020-04-14,4.15,Active
D07613,Brian Ramsey,Sedan,Singapore,2025-12-22,3.7,Active
D07614,Mackenzie Smith,SUV,Toa Payoh,2023-01-05,4.63,Active
D07615,Jesse Jones,Premium,Punggol,2026-06-15,4.37,Active
D07616,Jose Farrell,Electric,Ang Mo Kio,2024-07-21,4.75,Active
D07617,Sara Travis,Sedan,Ang Mo Kio,2023-02-14,4.24,Active
D07618,Donna Pearson,SUV,Yishun,2021-01-09,4.82,Active
D07619,Teresa Jefferson,Hatchback,Ang Mo Kio,2020-09-24,4.59,Active
D07620,Brenda Carroll,MPV,Yishun,2023-01-29,4.29,Active
D07621,Michael Gaines,Sedan,Bedok,2021-06-19,4.67,Active
D07622,John Shelton,Electric,Woodlands,2021-12-07,4.12,Active
D07623,Terry Spencer,SUV,Bishan,2025-07-03,4.88,Active
D07624,Hunter Nguyen,Electric,Toa Payoh,2021-06-27,4.71,Active
D07625,Craig Mccoy,Sedan,Tampines,2024-03-16,4.84,Active
D07626,Robert Lee Jr.,SUV,Punggol,2019-04-09,3.61,Active
D07627,Kurt White,Electric,Ang Mo Kio,2022-11-25,4.62,Active
D07628,Roger Alexander,Sedan,Bedok,2019-03-11,3.57,Active
D07629,Michael Lee,Electric,Toa Payoh,2020-01-01,4.18,Active
D07630,Justin Small,Premium,Punggol,2023-10-26,3.8,Active
D07631,Angela Parker,Hatchback,Ang Mo Kio,2026-07-18,4.85,Active
D07632,Cindy Meyer,Premium,Singapore,2019-04-24,3.81,Active
D07633,Natalie Wright,SUV,Toa Payoh,2020-11-16,4.88,Active
D07634,Steven Spears,SUV,Toa Payoh,2025-09-08,4.13,Inactive
D07635,Dennis Griffin,Hatchback,Punggol,2023-05-08,4.15,Active
D07636,Jason Lara Jr.,SUV,Jurong,2025-03-03,4.45,Active
D07637,Kristen Porter,Electric,Punggol,2018-11-02,4.33,Active
D07638,Holly Bailey,SUV,Punggol,2019-09-04,4.41,Active
D07639,John Jenkins,Sedan,Yishun,2023-11-26,4.48,Active
D07640,David Fields,Electric,Bishan,2024-11-03,4.54,Active
D07641,Dr. Christine Perkins,Hatchback,Punggol,2025-10-23,4.31,Active
D07642,Rachel Donovan,SUV,Jurong,2021-12-12,3.87,Active
D07643,Justin Forbes,Sedan,Bedok,2021-03-20,3.9,Active
D07644,Robert Ramsey,SUV,Bishan,2026-07-19,4.16,Active
D07645,Timothy Fuller,MPV,Punggol,2025-01-07,3.8,Active
D07646,William Berry,MPV,Bedok,2020-04-02,4.4,Active
D07647,Julie Horne,MPV,Ang Mo Kio,2023-02-16,4.01,Inactive
D07648,Dorothy Brown,Premium,Yishun,2023-09-07,4.63,Active
D07649,Justin Paul,Premium,Tampines,2021-09-14,3.62,Active
D07650,Kayla Ortiz,Sedan,Toa Payoh,2024-11-07,3.97,Active
D07651,Samuel Wilson,Sedan,Jurong,2024-10-11,4.72,Active
D07652,Shannon Hill,Premium,Jurong,2022-05-28,4.07,Active
D07653,John Webb,Sedan,Toa Payoh,2023-06-22,3.74,Active
D07654,Steven Meyer,Premium,Yishun,2023-09-24,4.62,Active
D07655,Robert Williams,SUV,Ang Mo Kio,2019-08-10,3.56,Active
D07656,Andrew Chang,Sedan,Toa Payoh,2022-11-29,4.61,Active
D07657,Shannon Jackson,Hatchback,Tampines,2019-10-08,3.92,Active
D07658,Douglas Ramsey,MPV,Ang Mo Kio,2020-04-18,4.07,Active
D07659,Natasha Ford,Electric,Jurong,2025-12-25,4.24,Active
D07660,Keith Lopez,MPV,Woodlands,2018-08-02,4.99,Active
D07661,Jonathan Arias,Premium,Yishun,2021-05-19,5.0,Inactive
D07662,James Foster,Electric,Ang Mo Kio,2024-02-16,3.83,Active
D07663,Connie Sandoval,Premium,Yishun,2024-02-07,3.66,Active
D07664,Barbara Peters,SUV,Singapore,2025-09-09,3.52,Active
D07665,Steven Herring,SUV,Yishun,2018-12-19,3.85,Active
D07666,David Smith,MPV,Jurong,2025-08-02,3.71,Active
D07667,Debra Holland,Sedan,Yishun,2024-10-31,4.13,Active
D07668,Jessica Faulkner,Electric,Punggol,2022-07-11,3.61,Active
D07669,Taylor Crawford,Premium,Jurong,2025-08-03,3.96,Inactive
D07670,Tammy Arias,Hatchback,Jurong,2023-05-10,4.37,Active
D07671,Joe Young,Electric,Jurong,2024-10-09,4.82,Inactive
D07672,Melissa Jones,Premium,Yishun,2019-03-20,4.18,Active
D07673,Ryan Short,Premium,Bishan,2021-09-06,3.99,Active
D07674,Amanda Williams,Hatchback,Woodlands,2023-07-09,3.91,Active
D07675,Nicholas Obrien,Sedan,Bedok,2025-07-18,4.01,Active
D07676,Derrick Valenzuela,Premium,Tampines,2020-08-23,3.81,Active
D07677,David Hall,MPV,Yishun,2026-04-25,3.7,Active
D07678,Sydney Smith,Sedan,Toa Payoh,2026-04-05,4.18,Active
D07679,Michelle Reid,Hatchback,Woodlands,2023-02-20,3.59,Active
D07680,Michael Foster,Hatchback,Toa Payoh,2022-10-10,4.11,Active
D07681,Ashley Miranda,Hatchback,Woodlands,2025-10-27,4.99,Active
D07682,Phyllis Jackson,Sedan,Toa Payoh,2026-03-22,4.82,Active
D07683,Nicholas Jackson,Hatchback,Punggol,2020-02-17,4.89,Active
D07684,Amanda Allen,Sedan,Singapore,2025-09-26,3.72,Active
D07685,Loretta Cisneros,Premium,Singapore,2024-08-30,3.56,Inactive
D07686,Anne Graham,MPV,Tampines,2020-02-04,3.88,Active
D07687,Martin Flores,Hatchback,Yishun,2023-08-28,4.44,Active
D07688,Cheryl Graham,SUV,Bishan,2022-12-25,4.62,Active
D07689,Ashley Morris,MPV,Toa Payoh,2018-10-02,4.55,Active
D07690,Nicholas Palmer,MPV,Ang Mo Kio,2024-06-19,4.65,Active
D07691,Joshua Hall,Electric,Jurong,2021-09-24,4.07,Active
D07692,James Rivera,MPV,Bishan,2022-06-20,3.97,Active
D07693,Joanna Holmes,SUV,Ang Mo Kio,2021-02-28,3.7,Active
D07694,Jacqueline Thomas,MPV,Woodlands,2025-08-20,3.85,Active
D07695,Cameron Delgado,SUV,Woodlands,2022-05-24,4.17,Active
D07696,Jessica Aguilar,Sedan,Toa Payoh,2021-04-12,3.83,Active
D07697,Michael Jones,Hatchback,Punggol,2022-05-19,4.51,Active
D07698,Julie Jackson,MPV,Tampines,2022-02-02,3.5,Active
D07699,Mark Howard Jr.,Sedan,Punggol,2021-01-13,3.95,Active
D07700,Eric Riley,MPV,Singapore,2024-06-03,4.76,Active
D07701,Ricky Brown,MPV,Singapore,2025-01-26,4.57,Active
D07702,Tiffany Cook,SUV,Tampines,2019-06-04,5.0,Active
D07703,Erin Lopez,MPV,Jurong,2026-07-19,4.48,Active
D07704,Brenda Abbott,Hatchback,Woodlands,2026-04-23,3.95,Active
D07705,Melissa Le,Hatchback,Ang Mo Kio,2021-04-01,4.56,Active
D07706,Jessica Floyd,Hatchback,Tampines,2023-09-25,4.67,Active
D07707,Robin Jensen,Hatchback,Woodlands,2018-08-03,4.6,Active
D07708,Michael Morrow,Sedan,Toa Payoh,2023-09-19,4.91,Active
D07709,Andrea Nunez,Premium,Punggol,2020-07-25,4.69,Active
D07710,Tammy Summers,Electric,Woodlands,2019-10-11,4.23,Active
D07711,Joy French,MPV,Bedok,2024-04-05,3.99,Active
D07712,Shane Gutierrez,Premium,Bedok,2026-01-17,3.57,Active
D07713,Michelle Ruiz,SUV,Ang Mo Kio,2022-05-05,3.57,Active
D07714,Stephanie Keller,MPV,Singapore,2023-08-09,4.54,Active
D07715,Katie Logan,Hatchback,Toa Payoh,2023-03-18,3.89,Active
D07716,Breanna Sharp,Sedan,Yishun,2020-02-08,4.95,Active
D07717,Linda Ortiz,Sedan,Bishan,2025-04-25,3.76,Active
D07718,Christopher Lynch,Premium,Tampines,2019-05-28,3.54,Active
D07719,Donald Vasquez,Hatchback,Yishun,2025-08-21,4.18,Active
D07720,Sheri Hernandez,MPV,Bedok,2025-08-16,4.23,Active
D07721,Gabriel Holland,Sedan,Jurong,2024-12-05,4.68,Active
D07722,Richard Hansen,SUV,Bedok,2020-02-15,3.59,Active
D07723,Michelle Weber,SUV,Toa Payoh,2023-01-05,4.2,Active
D07724,Stephanie Jones,Hatchback,Yishun,2020-02-08,4.91,Active
D07725,April Fisher,Hatchback,Woodlands,2019-05-28,4.12,Active
D07726,Stephen Brown,SUV,Yishun,2020-12-17,3.93,Active
D07727,John Sawyer,Sedan,Bishan,2021-04-19,4.04,Active
D07728,Gregory Sutton,MPV,Toa Payoh,2021-01-05,4.32,Active
D07729,Charles Sparks,Electric,Tampines,2019-02-21,3.58,Inactive
D07730,Cathy Lowe,SUV,Singapore,2024-01-15,4.46,Active
D07731,Kristen Terrell,Sedan,Jurong,2025-09-16,3.97,Active
D07732,Matthew Lopez,Sedan,Punggol,2024-04-28,4.87,Active
D07733,Christina Bradley,MPV,Woodlands,2021-02-01,4.86,Suspended
D07734,Catherine Vaughn,Electric,Yishun,2024-11-07,4.64,Active
D07735,Michelle Allen,Electric,Ang Mo Kio,2022-10-16,4.71,Inactive
D07736,Jeremy Williams,SUV,Singapore,2019-04-11,3.86,Active
D07737,Francisco Graham,Hatchback,Toa Payoh,2020-01-29,3.97,Active
D07738,Sean Fernandez,Sedan,Tampines,2019-03-29,4.87,Active
D07739,Jill Wright,Hatchback,Punggol,2020-10-04,3.94,Active
D07740,Anna Key,Hatchback,Punggol,2025-11-09,4.33,Active
D07741,Carla Russo,Sedan,Tampines,2025-08-30,4.95,Active
D07742,Gregory Oconnell,Premium,Bishan,2022-07-03,3.56,Active
D07743,Sarah Schroeder,MPV,Jurong,2019-10-22,4.35,Inactive
D07744,William Jones,Hatchback,Punggol,2020-03-22,4.15,Active
D07745,Joseph Brown,Sedan,Yishun,2025-12-04,4.1,Active
D07746,Vanessa Kemp,SUV,Singapore,2025-11-02,3.58,Active
D07747,Jessica Banks,SUV,Yishun,2019-09-14,4.82,Active
D07748,Brittany Martin,Premium,Bishan,2020-08-27,3.68,Active
D07749,Elizabeth Moore,SUV,Singapore,2019-09-29,4.35,Active
D07750,George Walsh,Hatchback,Toa Payoh,2021-03-20,4.41,Active
D07751,Kenneth Romero,SUV,Tampines,2018-08-04,4.66,Inactive
D07752,Lisa Hood,Premium,Bishan,2023-05-30,4.98,Active
D07753,Mrs. Rachel Johnson,Sedan,Jurong,2024-03-17,3.61,Active
D07754,Amber Moore,Hatchback,Ang Mo Kio,2020-12-27,4.52,Active
D07755,Dr. Meagan Brady DDS,Electric,Singapore,2022-09-29,4.88,Active
D07756,Mikayla Moore,Sedan,Tampines,2024-06-30,3.56,Active
D07757,Mark Glass,Sedan,Toa Payoh,2020-12-11,4.82,Inactive
D07758,Bryan Parrish,Hatchback,Woodlands,2021-10-29,4.27,Inactive
D07759,Thomas Thomas,Sedan,Jurong,2022-01-04,4.27,Active
D07760,Holly Anderson,Electric,Punggol,2022-05-12,3.54,Active
D07761,Tiffany Mcdonald,MPV,Punggol,2020-03-06,4.19,Active
D07762,Amy Padilla,Electric,Jurong,2022-12-23,4.79,Active
D07763,Courtney Jones,MPV,Bedok,2023-02-15,4.61,Active
D07764,Sandra Bonilla,Hatchback,Tampines,2021-12-26,4.42,Active
D07765,Mr. Ryan Parker DVM,SUV,Bishan,2019-08-21,3.97,Active
D07766,Todd Cortez,Hatchback,Bedok,2020-11-01,4.31,Active
D07767,Sabrina Barker,Premium,Jurong,2019-11-16,4.72,Active
D07768,Daniel Campbell,Premium,Jurong,2024-03-29,4.17,Active
D07769,Brian Goodman,SUV,Yishun,2023-01-16,4.4,Inactive
D07770,Carl Ramos,Sedan,Jurong,2019-09-29,3.63,Active
D07771,Danielle Villarreal,Sedan,Ang Mo Kio,2022-05-30,4.04,Active
D07772,Desiree Juarez,Hatchback,Ang Mo Kio,2022-06-03,4.64,Active
D07773,Denise Rodriguez,Electric,Woodlands,2020-08-21,3.54,Active
D07774,Sarah Moyer,Premium,Jurong,2026-04-13,4.65,Active
D07775,Julia Smith,MPV,Bedok,2023-08-22,4.93,Active
D07776,Terri Dalton,Electric,Tampines,2025-07-08,4.04,Active
D07777,Katrina Ewing,Premium,Tampines,2022-03-24,4.91,Active
D07778,Cindy Turner,SUV,Ang Mo Kio,2025-10-03,4.51,Active
D07779,Betty Boone,Sedan,Singapore,2025-04-08,4.09,Active
D07780,Danny Mills,Electric,Woodlands,2018-10-19,3.99,Active
D07781,Lauren Phillips,Premium,Punggol,2025-02-09,4.37,Active
D07782,Kathleen Carroll,SUV,Yishun,2023-10-14,3.79,Active
D07783,Jordan Short,Sedan,Jurong,2026-03-17,3.96,Active
D07784,Renee Parrish,Electric,Jurong,2020-05-06,4.32,Active
D07785,Sean Becker,MPV,Bishan,2022-03-24,4.0,Active
D07786,Jeremy George,Hatchback,Punggol,2024-09-05,4.88,Active
D07787,Lauren Pena,Premium,Bishan,2025-04-21,4.97,Active
D07788,Karen Mason,Hatchback,Bishan,2022-02-10,4.88,Active
D07789,Frank Moore,SUV,Singapore,2022-03-25,4.71,Active
D07790,Brenda Farmer,Sedan,Bishan,2023-04-20,3.61,Active
D07791,Holly Sanchez,Premium,Ang Mo Kio,2019-08-21,3.62,Active
D07792,Katherine Gonzales,Hatchback,Bedok,2019-08-03,3.87,Active
D07793,Timothy Hernandez,Hatchback,Ang Mo Kio,2020-11-05,4.33,Active
D07794,Courtney Kelly,Electric,Singapore,2024-08-28,3.96,Active
D07795,Ashley Pennington,MPV,Ang Mo Kio,2025-01-24,3.68,Active
D07796,Joseph Ryan,SUV,Yishun,2023-06-11,3.89,Active
D07797,Rachel Brewer,Hatchback,Bedok,2024-12-28,4.87,Active
D07798,Doris Parker,Electric,Bishan,2024-08-31,3.94,Inactive
D07799,Paul Garcia,MPV,Ang Mo Kio,2018-09-23,4.13,Active
D07800,Justin Gomez,Electric,Tampines,2024-09-05,3.64,Active
D07801,Jennifer Garcia,MPV,Punggol,2022-04-20,4.87,Active
D07802,David Mendoza,Electric,Toa Payoh,2024-03-30,3.53,Active
D07803,Sheila White,Sedan,Yishun,2023-03-17,4.12,Active
D07804,Michael Webster,Hatchback,Woodlands,2020-11-24,4.94,Active
D07805,Tammie Cook,Sedan,Singapore,2021-04-30,3.61,Active
D07806,Carl Hardy,Premium,Jurong,2019-01-04,3.86,Active
D07807,Carl Gross,SUV,Ang Mo Kio,2019-04-14,4.52,Active
D07808,Kimberly Jackson,Sedan,Woodlands,2019-03-20,4.45,Active
D07809,Stephanie White,Sedan,Bishan,2026-03-31,3.68,Active
D07810,Lee Gates,SUV,Jurong,2022-02-28,3.71,Active
D07811,Miranda Hoffman,Hatchback,Singapore,2024-10-14,3.9,Active
D07812,Amy Jones,Sedan,Ang Mo Kio,2019-07-25,4.74,Active
D07813,Rhonda Lara,Hatchback,Bedok,2018-08-09,3.6,Active
D07814,Cody Webster,Electric,Tampines,2021-11-15,4.9,Active
D07815,Barbara Baker,Electric,Yishun,2025-02-16,4.48,Active
D07816,Michael Brown,Premium,Bishan,2023-04-13,4.78,Active
D07817,Alex Anderson,Premium,Tampines,2024-11-29,4.43,Active
D07818,Mr. Joseph Navarro,Premium,Woodlands,2020-06-19,4.09,Inactive
D07819,Daniel Boone,Hatchback,Ang Mo Kio,2021-02-12,4.51,Active
D07820,Eric Murphy Jr.,SUV,Singapore,2023-06-03,4.87,Active
D07821,Ross Hall,MPV,Tampines,2022-08-13,4.6,Active
D07822,Patty Davis,Electric,Bishan,2019-08-22,4.41,Active
D07823,Tina Lee,Premium,Jurong,2021-12-19,3.59,Active
D07824,Alexandra Butler,Sedan,Woodlands,2023-09-14,4.52,Active
D07825,Patricia Rodgers,SUV,Bishan,2024-05-10,4.67,Active
D07826,Theresa Hill,SUV,Jurong,2023-01-09,4.17,Active
D07827,Mark Owens,MPV,Bedok,2020-12-07,4.74,Inactive
D07828,Alexander Vazquez,Sedan,Yishun,2024-02-28,4.13,Active
D07829,Stephanie Garza,Premium,Bedok,2026-04-14,4.31,Active
D07830,Jordan Maxwell,Sedan,Toa Payoh,2019-05-04,4.2,Active
D07831,Shannon Griffin,SUV,Toa Payoh,2025-01-09,3.62,Active
D07832,Margaret Brown,Sedan,Yishun,2018-08-31,4.71,Active
D07833,John Boone,Premium,Punggol,2024-10-14,4.28,Active
D07834,Beverly Thomas,Sedan,Tampines,2022-07-30,3.92,Active
D07835,Rachel Cruz,Premium,Woodlands,2024-03-21,4.35,Active
D07836,Billy Wilson,MPV,Bedok,2025-12-14,4.45,Active
D07837,Thomas Stephenson,Hatchback,Tampines,2019-04-11,3.55,Active
D07838,Edward Taylor,SUV,Jurong,2024-09-13,3.94,Active
D07839,Desiree Carter,Hatchback,Bedok,2025-06-26,3.86,Active
D07840,Melissa Martin,Electric,Punggol,2019-09-14,4.43,Active
D07841,Jenna Coleman,MPV,Tampines,2025-03-10,4.17,Active
D07842,Ashley Gonzalez,Sedan,Punggol,2025-05-02,3.99,Active
D07843,Brenda White,Electric,Bishan,2025-04-05,4.7,Active
D07844,Andrew Wilson,SUV,Bishan,2021-10-13,4.03,Active
D07845,Parker Reed,Hatchback,Woodlands,2019-01-19,3.88,Active
D07846,Greg Clark,Electric,Tampines,2023-08-05,3.71,Active
D07847,Ashley Roberts,Premium,Woodlands,2023-06-23,3.71,Active
D07848,James Jones,MPV,Bedok,2019-03-16,4.15,Active
D07849,Joseph Hill,Electric,Bishan,2024-09-16,4.54,Active
D07850,Jessica Thompson,Electric,Woodlands,2024-03-25,3.93,Active
D07851,Lisa Phillips,Premium,Bishan,2021-01-08,4.29,Active
D07852,Robert Blackwell,Hatchback,Bedok,2019-10-20,4.46,Active
D07853,Breanna Higgins,Hatchback,Tampines,2021-12-27,3.58,Inactive
D07854,Ryan Sullivan,Sedan,Jurong,2022-08-19,4.82,Active
D07855,Amber Harper,Hatchback,Toa Payoh,2022-11-26,4.54,Active
D07856,Sherri Lee,SUV,Tampines,2024-09-22,4.09,Active
D07857,Catherine Bishop,MPV,Jurong,2022-11-20,3.85,Active
D07858,Arthur Aguirre,MPV,Singapore,2025-11-03,4.83,Active
D07859,Denise Wolfe,Hatchback,Punggol,2019-05-20,4.55,Active
D07860,Bobby Peters,Sedan,Yishun,2022-04-01,3.83,Active
D07861,Jason Jackson,Electric,Singapore,2021-08-05,4.83,Inactive
D07862,Michael Wood,MPV,Woodlands,2018-12-04,4.68,Active
D07863,Ana Edwards,MPV,Toa Payoh,2022-08-29,4.06,Active
D07864,Mrs. Lorraine Heath DDS,MPV,Punggol,2019-09-21,3.77,Active
D07865,Nathan Lewis,MPV,Toa Payoh,2022-05-28,4.35,Active
D07866,Thomas Davis,SUV,Bedok,2019-11-01,4.05,Active
D07867,Henry Smith,SUV,Bishan,2024-10-11,3.51,Active
D07868,Alexis Perez,Electric,Tampines,2023-08-09,4.25,Active
D07869,Kristina Arnold,Electric,Woodlands,2022-05-22,3.57,Active
D07870,Sarah Madden,SUV,Tampines,2020-07-09,3.96,Active
D07871,Maria Finley,Hatchback,Jurong,2019-08-14,4.75,Active
D07872,Linda Bentley,Sedan,Punggol,2025-06-15,4.82,Active
D07873,Nicholas Rivera,MPV,Tampines,2024-03-10,3.67,Active
D07874,Alexander Eaton,Hatchback,Punggol,2018-12-09,4.74,Active
D07875,Sandra Pham,Sedan,Yishun,2018-12-23,4.9,Inactive
D07876,Samantha Jennings,SUV,Bishan,2024-08-19,3.84,Active
D07877,Jamie Williams,SUV,Toa Payoh,2023-11-19,4.4,Active
D07878,Clifford Austin,Electric,Punggol,2019-03-21,4.95,Active
D07879,Dustin Huynh,Premium,Tampines,2020-06-23,3.92,Active
D07880,Austin Vincent,MPV,Singapore,2025-02-13,4.16,Active
D07881,Jimmy Thompson,Premium,Yishun,2023-07-08,3.94,Active
D07882,Dr. Jasmine Guzman,Hatchback,Ang Mo Kio,2022-08-18,4.67,Active
D07883,Maurice Ross,Hatchback,Yishun,2021-05-21,4.34,Active
D07884,Michael Ramirez,SUV,Singapore,2020-03-03,3.76,Active
D07885,Justin Carter,Hatchback,Yishun,2023-01-23,3.93,Active
D07886,Steven Villanueva,Hatchback,Ang Mo Kio,2025-11-09,3.6,Active
D07887,Anna Taylor,Premium,Ang Mo Kio,2019-12-15,3.58,Inactive
D07888,Peggy Rivers,Premium,Bishan,2018-10-10,3.8,Active
D07889,Sandra Warner,Hatchback,Ang Mo Kio,2022-08-30,3.92,Active
D07890,Jose Austin,MPV,Toa Payoh,2025-07-02,4.42,Active
D07891,Mary Morgan,Sedan,Woodlands,2022-04-22,4.85,Active
D07892,Jennifer Schmitt,MPV,Bedok,2022-10-25,3.67,Active
D07893,Jamie Brown,MPV,Bedok,2021-01-11,4.79,Active
D07894,Ryan Torres,SUV,Jurong,2025-08-27,4.88,Active
D07895,Cameron Carey,Electric,Singapore,2022-04-12,3.5,Active
D07896,Robert Sanchez,SUV,Yishun,2026-06-16,3.64,Active
D07897,Karen Reid,SUV,Toa Payoh,2024-10-27,4.25,Active
D07898,Joshua Harris,Premium,Ang Mo Kio,2020-07-24,3.55,Active
D07899,Michael Fisher,MPV,Jurong,2022-03-31,4.32,Active
D07900,Molly Santiago,Hatchback,Bedok,2023-09-30,3.9,Active
D07901,Ana White,Premium,Woodlands,2024-02-06,3.95,Active
D07902,James Murray,Electric,Bishan,2024-08-13,4.63,Active
D07903,Rachel Rose,Premium,Bishan,2018-09-20,4.33,Active
D07904,Regina Clark,Electric,Bedok,2024-05-04,4.1,Active
D07905,Alexis Molina,SUV,Woodlands,2025-04-22,4.42,Active
D07906,Michael Mendez,MPV,Toa Payoh,2021-03-02,4.82,Inactive
D07907,Margaret Knight,SUV,Bedok,2021-02-02,4.31,Active
D07908,Kenneth Cook,Electric,Toa Payoh,2021-01-05,4.29,Active
D07909,Andrew Martinez,Hatchback,Tampines,2025-03-15,4.81,Active
D07910,Teresa Houston,MPV,Yishun,2024-09-07,4.06,Active
D07911,Carlos Douglas,MPV,Bishan,2020-02-08,4.46,Active
D07912,George Hammond,Hatchback,Bishan,2021-11-23,4.5,Active
D07913,Jacqueline Smith,Hatchback,Ang Mo Kio,2020-07-11,4.59,Active
D07914,Jessica Hawkins,Hatchback,Punggol,2020-02-01,4.2,Active
D07915,Paul Sanders,Electric,Ang Mo Kio,2023-12-09,3.74,Active
D07916,John Barajas,Premium,Singapore,2026-01-18,4.74,Active
D07917,Joshua Keller,Hatchback,Singapore,2022-02-26,3.8,Active
D07918,Ann Ramirez,Hatchback,Woodlands,2019-02-14,3.81,Active
D07919,Cheryl Garcia,Electric,Bishan,2020-05-19,3.84,Active
D07920,Sarah Bailey,Sedan,Ang Mo Kio,2024-11-01,3.6,Active
D07921,Judy Lucero,Electric,Yishun,2019-07-01,3.63,Active
D07922,Valerie Snyder,Sedan,Jurong,2018-12-08,4.34,Inactive
D07923,Stacy Williams,SUV,Punggol,2023-10-27,3.93,Active
D07924,Christopher Mccoy,SUV,Woodlands,2024-03-25,4.57,Inactive
D07925,Gabriel Reyes,SUV,Toa Payoh,2020-06-22,4.92,Active
D07926,Justin Ramirez,MPV,Yishun,2021-11-08,4.34,Active
D07927,Tamara Nicholson,Hatchback,Toa Payoh,2026-06-16,4.57,Active
D07928,Heather Larson,Premium,Punggol,2024-01-27,3.54,Active
D07929,Bradley Allen,Hatchback,Toa Payoh,2019-05-07,3.99,Active
D07930,Brandy Wilkins,Sedan,Jurong,2022-12-09,3.76,Active
D07931,Jose Dixon,SUV,Bedok,2022-06-18,4.52,Active
D07932,James Martin,MPV,Toa Payoh,2024-09-07,4.98,Active
D07933,Travis Reed,Premium,Ang Mo Kio,2020-05-30,3.87,Active
D07934,Grant Johnson,Premium,Punggol,2021-06-01,4.07,Active
D07935,Jasmine Black,SUV,Toa Payoh,2020-07-17,3.73,Active
D07936,Michelle Novak,Electric,Punggol,2023-12-09,4.34,Active
D07937,Monica Lambert,Hatchback,Toa Payoh,2022-01-23,4.83,Active
D07938,Rebecca Miller DDS,Hatchback,Tampines,2019-12-11,4.55,Active
D07939,Alan Ward,SUV,Woodlands,2024-05-11,4.43,Active
D07940,Michelle Bailey,SUV,Woodlands,2020-06-12,4.58,Active
D07941,Alexandria Rivera,Electric,Bedok,2022-03-18,4.8,Active
D07942,Jessica Perez,SUV,Toa Payoh,2026-07-14,4.03,Active
D07943,Anne Webb,MPV,Singapore,2021-12-16,4.33,Active
D07944,Donald Rodriguez,MPV,Singapore,2021-06-02,4.13,Active
D07945,Renee Anderson,Premium,Yishun,2019-12-04,4.99,Active
D07946,Charles Jones,MPV,Ang Mo Kio,2024-05-15,4.04,Active
D07947,Jessica Nash,Premium,Punggol,2025-01-20,4.76,Active
D07948,Sara Escobar,Sedan,Ang Mo Kio,2024-01-11,4.26,Active
D07949,Richard Wheeler,Premium,Jurong,2018-10-11,3.81,Active
D07950,Melissa Reynolds,Hatchback,Bedok,2018-07-30,3.9,Active
D07951,William Brown,Hatchback,Bedok,2021-05-14,4.43,Active
D07952,Leslie Moss,SUV,Jurong,2024-08-13,4.46,Active
D07953,Julia Orozco,Hatchback,Bishan,2023-01-06,4.12,Active
D07954,Tyler Brown,SUV,Woodlands,2024-06-25,4.35,Active
D07955,Kenneth Tyler,Electric,Bedok,2021-03-01,4.78,Active
D07956,Matthew Simpson,Hatchback,Jurong,2018-12-12,3.53,Active
D07957,Diamond Ibarra,Sedan,Tampines,2020-05-01,4.87,Active
D07958,Jessica Ward,SUV,Bishan,2021-01-18,4.66,Active
D07959,Rachel Avila,SUV,Singapore,2024-12-14,3.59,Active
D07960,Manuel Carter,SUV,Woodlands,2020-02-02,4.17,Active
D07961,Amanda Levine,Hatchback,Toa Payoh,2021-11-03,4.56,Active
D07962,Maria Garcia,SUV,Woodlands,2025-10-04,3.67,Active
D07963,Jenna Rogers,Hatchback,Singapore,2019-04-22,3.7,Active
D07964,Karen Phillips,MPV,Punggol,2026-03-29,4.05,Active
D07965,Crystal Nash,MPV,Ang Mo Kio,2020-07-04,4.41,Active
D07966,Ashley Robertson,MPV,Bedok,2021-01-16,4.08,Active
D07967,Andrew Garcia,Electric,Tampines,2022-11-21,4.3,Active
D07968,Eric Sutton,Premium,Woodlands,2020-12-09,3.63,Inactive
D07969,Zachary Turner,Hatchback,Bedok,2021-04-11,3.74,Active
D07970,David Griffith,Electric,Bedok,2024-04-09,4.86,Active
D07971,Mary Gregory,Hatchback,Bedok,2025-04-05,4.11,Active
D07972,Sarah Moore,SUV,Punggol,2020-11-09,3.78,Active
D07973,Kelly Chambers,Hatchback,Toa Payoh,2022-10-25,4.09,Active
D07974,Michele Hamilton,MPV,Punggol,2019-07-27,4.82,Active
D07975,Ian Russell,Electric,Tampines,2020-09-05,3.71,Active
D07976,Kathleen Ray,MPV,Singapore,2025-08-14,3.99,Inactive
D07977,Sarah Medina,Electric,Jurong,2021-10-25,4.74,Active
D07978,Brandon Ward,Premium,Jurong,2025-08-18,3.71,Active
D07979,Michael Warren,MPV,Bedok,2022-10-10,4.82,Active
D07980,Charles Brooks,MPV,Woodlands,2019-06-14,3.93,Active
D07981,Joseph Walker,SUV,Toa Payoh,2023-05-10,3.92,Active
D07982,Jessica Carter,MPV,Singapore,2021-03-02,3.7,Active
D07983,Ashley Watson,Sedan,Bishan,2021-04-30,4.38,Active
D07984,Richard Mendez,Hatchback,Jurong,2021-04-24,3.93,Active
D07985,Jonathan Martin,SUV,Woodlands,2021-06-16,4.44,Active
D07986,Julie Johnson,Hatchback,Punggol,2025-12-30,4.29,Active
D07987,Maria Lawson,SUV,Toa Payoh,2019-07-12,4.18,Inactive
D07988,Joan Miller,SUV,Punggol,2021-08-21,4.75,Active
D07989,Michael Dorsey,Sedan,Jurong,2018-09-11,4.06,Active
D07990,Ashley Salas,Hatchback,Yishun,2022-08-17,4.05,Active
D07991,Erica Miller,Sedan,Bishan,2022-07-30,4.2,Active
D07992,Patrick Dalton,Premium,Punggol,2018-08-29,4.82,Active
D07993,Dr. Chris Clark,Premium,Bedok,2025-11-17,4.03,Active
D07994,Denise Powers,Hatchback,Singapore,2022-09-06,4.56,Active
D07995,Marcus Hurst,Sedan,Singapore,2023-07-02,4.13,Active
D07996,Jordan Wright,Premium,Bedok,2024-06-07,4.34,Active
D07997,Todd Rivera,Sedan,Jurong,2019-11-07,4.95,Active
D07998,Ashley Davis,Hatchback,Singapore,2025-04-15,4.11,Active
D07999,Amanda Hansen,Hatchback,Toa Payoh,2023-12-07,4.85,Active
D08000,Amanda Contreras,Hatchback,Punggol,2021-12-14,3.78,Active
D08001,Mrs. Hannah Young,Hatchback,Yishun,2020-11-02,3.55,Active
D08002,Brian Jacobson,MPV,Toa Payoh,2020-05-29,3.7,Active
D08003,Manuel Simmons DDS,SUV,Jurong,2021-10-12,3.61,Active
D08004,Bruce Gray,Sedan,Tampines,2024-04-02,4.67,Active
D08005,Anthony Holmes,Sedan,Tampines,2024-05-13,4.58,Inactive
D08006,Alexis Neal,MPV,Ang Mo Kio,2019-03-03,4.45,Active
D08007,Melissa Maddox,Premium,Bedok,2020-04-04,4.1,Inactive
D08008,Jennifer Sanchez,Hatchback,Yishun,2019-12-18,3.93,Active
D08009,Monica Bell,Sedan,Yishun,2023-05-20,4.04,Active
D08010,Willie Guerra,SUV,Singapore,2024-07-18,3.77,Active
D08011,Amy Ramos,Electric,Tampines,2022-08-05,4.1,Active
D08012,Logan Wilson,Sedan,Singapore,2026-03-04,3.93,Active
D08013,Kevin Hunter,Sedan,Ang Mo Kio,2021-07-27,4.37,Active
D08014,James Lynch,Premium,Toa Payoh,2022-01-08,3.53,Active
D08015,Joshua Henderson,Premium,Yishun,2023-09-13,4.63,Active
D08016,Keith White,Hatchback,Punggol,2021-01-22,4.18,Active
D08017,Gregory Harrison,Sedan,Ang Mo Kio,2021-10-28,3.9,Active
D08018,Jessica Morris,Hatchback,Yishun,2020-09-02,4.28,Active
D08019,Paul Hernandez,Sedan,Yishun,2026-02-02,3.57,Active
D08020,Roberto Freeman,Sedan,Yishun,2026-04-22,4.78,Active
D08021,Jennifer Boone,SUV,Bishan,2023-08-07,4.08,Active
D08022,Diana Perez,Electric,Yishun,2024-10-23,4.93,Active
D08023,Michelle Schmidt,SUV,Woodlands,2026-01-29,4.34,Inactive
D08024,Matthew Kelly,Sedan,Ang Mo Kio,2020-11-12,4.91,Active
D08025,Mallory Cooley,Premium,Jurong,2019-11-25,4.5,Inactive
D08026,Sarah Hess,SUV,Jurong,2026-07-26,3.93,Inactive
D08027,Paul Soto,Hatchback,Yishun,2024-03-18,4.73,Active
D08028,Jason Martinez,Electric,Toa Payoh,2018-08-12,4.82,Inactive
D08029,Cassandra Williams,Electric,Bishan,2024-07-18,3.56,Active
D08030,Megan Byrd,MPV,Singapore,2019-07-30,4.95,Active
D08031,Robert Turner,Hatchback,Toa Payoh,2021-07-05,4.64,Active
D08032,Angela Reynolds,SUV,Bedok,2019-07-24,4.32,Active
D08033,Cindy Green,Sedan,Ang Mo Kio,2025-03-09,3.99,Inactive
D08034,Steven Nichols,SUV,Yishun,2021-04-14,3.83,Active
D08035,Edward Johnson,Premium,Bishan,2026-07-12,4.24,Active
D08036,Teresa Rivera,Electric,Woodlands,2022-06-15,4.72,Active
D08037,Robert Butler,Hatchback,Tampines,2018-12-07,4.35,Active
D08038,Martin Mcknight,Electric,Ang Mo Kio,2019-09-11,4.61,Active
D08039,Karen Horton,SUV,Ang Mo Kio,2023-09-08,4.95,Active
D08040,Sabrina Ryan,SUV,Punggol,2024-11-10,4.13,Active
D08041,Scott Ellis,Sedan,Ang Mo Kio,2019-09-11,4.07,Active
D08042,Kelsey Ward,SUV,Bedok,2024-01-22,4.93,Active
D08043,Timothy Perez,Sedan,Jurong,2022-08-14,4.42,Active
D08044,Edward Ferguson,MPV,Toa Payoh,2019-12-15,4.23,Active
D08045,Hunter Wilson,Sedan,Toa Payoh,2024-12-17,3.61,Suspended
D08046,Colleen Sandoval,Premium,Singapore,2020-07-05,4.58,Active
D08047,Kim Harrison,Electric,Bedok,2024-12-01,4.07,Active
D08048,Madeline Robinson,MPV,Jurong,2019-01-27,4.52,Active
D08049,Kimberly Harris,SUV,Tampines,2021-12-04,3.88,Active
D08050,Elizabeth Holmes,MPV,Bedok,2020-12-29,4.44,Active
D08051,Timothy Dawson,SUV,Ang Mo Kio,2023-10-14,3.91,Active
D08052,Briana Daniels,MPV,Bedok,2020-09-02,4.62,Active
D08053,Casey Morris,MPV,Ang Mo Kio,2020-10-29,4.98,Active
D08054,Sarah Walker,Sedan,Punggol,2019-08-22,4.97,Active
D08055,Mary Lee,Premium,Jurong,2019-01-11,4.53,Active
D08056,Mark Huang,Sedan,Bishan,2021-03-30,3.99,Active
D08057,Wendy Brown,SUV,Singapore,2021-01-30,3.78,Active
D08058,Bobby Torres,Premium,Woodlands,2021-09-16,3.82,Active
D08059,Allison Mills,Electric,Toa Payoh,2020-12-11,4.09,Active
D08060,Crystal Robinson,Electric,Bishan,2020-08-31,4.48,Active
D08061,Chase Brown,Hatchback,Woodlands,2022-09-14,4.34,Active
D08062,Ashley Wang,Premium,Woodlands,2018-09-10,4.65,Active
D08063,Brandy Smith,Hatchback,Singapore,2024-03-16,4.33,Active
D08064,Dr. Lindsay Bell,Electric,Ang Mo Kio,2024-02-04,4.75,Active
D08065,Stephanie Moore,SUV,Woodlands,2022-11-26,4.54,Active
D08066,Sylvia Meadows,SUV,Punggol,2026-01-18,4.52,Active
D08067,Jared Gutierrez,Sedan,Punggol,2019-09-05,4.89,Active
D08068,Michael Pittman,SUV,Toa Payoh,2024-07-03,3.85,Active
D08069,Bryan Taylor,SUV,Singapore,2022-08-09,3.71,Inactive
D08070,Robert Hubbard,Electric,Toa Payoh,2025-07-25,4.42,Active
D08071,Derek Fox,Hatchback,Bishan,2025-11-09,4.73,Active
D08072,Joel Nguyen,Sedan,Bedok,2022-04-23,4.32,Active
D08073,David Chambers,Sedan,Punggol,2025-02-08,4.88,Active
D08074,Carla Holmes,Hatchback,Toa Payoh,2023-12-08,3.89,Inactive
D08075,Carol Gomez,Premium,Jurong,2025-05-13,3.53,Active
D08076,Kathy Pacheco,Premium,Toa Payoh,2019-09-20,4.02,Active
D08077,Charles May,SUV,Punggol,2025-06-22,4.09,Active
D08078,Howard Long,Premium,Punggol,2025-03-24,4.65,Active
D08079,Emily Hall,Electric,Bishan,2024-12-04,4.12,Active
D08080,Katie Hudson,Premium,Woodlands,2019-05-04,4.96,Active
D08081,Sharon Meadows,SUV,Bedok,2020-07-18,3.85,Active
D08082,Matthew Oliver,Hatchback,Ang Mo Kio,2022-02-01,4.76,Active
D08083,Michael Thompson,Sedan,Tampines,2019-01-14,4.07,Active
D08084,James Pearson,SUV,Singapore,2025-10-08,4.89,Active
D08085,Courtney Garcia,Sedan,Jurong,2020-07-31,4.37,Inactive
D08086,Mr. Alexander Hammond,SUV,Jurong,2020-09-29,4.54,Active
D08087,Mrs. Amanda Hudson,SUV,Yishun,2019-08-15,4.04,Active
D08088,Peter Cervantes,Sedan,Bishan,2019-03-05,4.19,Active
D08089,Melissa Smith,Electric,Yishun,2021-01-15,3.6,Active
D08090,Eric Barton,Electric,Bishan,2018-12-31,4.49,Active
D08091,Cindy Wilson,Hatchback,Tampines,2021-03-31,4.95,Active
D08092,Kimberly Valentine,Hatchback,Bedok,2023-05-10,4.34,Suspended
D08093,Troy Wang,Electric,Punggol,2025-11-20,4.64,Inactive
D08094,Jesse Edwards,Hatchback,Singapore,2023-04-12,4.29,Active
D08095,Dominique Gilbert,MPV,Jurong,2021-11-11,5.0,Active
D08096,Zachary Murphy,Hatchback,Toa Payoh,2025-04-24,3.8,Active
D08097,Diana Johnson,Premium,Tampines,2023-07-19,4.36,Inactive
D08098,Kevin Cobb,MPV,Jurong,2020-02-28,4.9,Active
D08099,Ronald Villarreal,Electric,Singapore,2024-07-20,3.97,Active
D08100,Jonathan Benson,MPV,Bishan,2021-05-19,3.62,Active
D08101,Jessica Johnson,Electric,Woodlands,2025-04-18,3.95,Active
D08102,Brandon Sanders,SUV,Jurong,2025-07-22,4.37,Active
D08103,Sandra Greene,Sedan,Bishan,2022-02-06,4.94,Active
D08104,Angela Ward,Premium,Bishan,2020-12-19,4.74,Active
D08105,Cindy Santiago,SUV,Singapore,2025-07-04,3.58,Active
D08106,Randy Cherry,Electric,Jurong,2025-11-10,3.97,Active
D08107,Carol Jenkins,SUV,Punggol,2025-12-03,4.16,Inactive
D08108,William Miller,Premium,Singapore,2021-08-27,4.85,Active
D08109,Elizabeth Contreras,Premium,Woodlands,2022-03-16,3.61,Active
D08110,Sylvia Randolph,Hatchback,Punggol,2020-12-13,4.02,Suspended
D08111,Mary Callahan,SUV,Singapore,2018-08-04,3.67,Active
D08112,Richard Ortiz,Premium,Toa Payoh,2022-08-31,3.91,Active
D08113,Alfred Lutz,Premium,Yishun,2018-09-25,3.81,Active
D08114,Daniel Anderson,SUV,Bishan,2021-10-18,4.74,Active
D08115,Cynthia Hayden,MPV,Bishan,2022-11-02,3.75,Active
D08116,David Miller,Premium,Bedok,2024-06-01,4.28,Active
D08117,Brian Hatfield,Premium,Ang Mo Kio,2022-03-12,3.87,Inactive
D08118,Mary Lara PhD,Sedan,Tampines,2019-07-15,3.6,Active
D08119,Lisa Davenport,Electric,Yishun,2023-10-30,3.86,Active
D08120,David Blackburn,Hatchback,Jurong,2021-07-30,3.74,Active
D08121,Jeremy Fox,Premium,Tampines,2021-01-15,4.13,Active
D08122,Cheryl Perez,Hatchback,Bedok,2020-01-14,3.53,Active
D08123,Troy Rojas,Premium,Ang Mo Kio,2025-04-09,3.95,Active
D08124,James Barton,Electric,Woodlands,2020-12-05,4.44,Active
D08125,Kaitlyn Chan DDS,Premium,Bedok,2019-10-24,4.19,Active
D08126,Dr. Andrew Fisher,Hatchback,Bishan,2020-08-24,4.04,Active
D08127,Beth Mccoy,Sedan,Toa Payoh,2026-03-08,3.9,Active
D08128,Lisa Stephens,Hatchback,Jurong,2021-02-01,3.89,Inactive
D08129,Nicholas Hendricks,Electric,Jurong,2020-12-29,3.95,Active
D08130,Maria Palmer,Premium,Woodlands,2021-08-02,4.18,Active
D08131,Jackson Olson,Hatchback,Bishan,2022-04-23,4.5,Active
D08132,Tina Monroe,Sedan,Toa Payoh,2018-11-16,4.88,Suspended
D08133,Christine Myers,Sedan,Bedok,2019-08-09,4.04,Active
D08134,Bradley Duke,Sedan,Jurong,2021-08-13,4.03,Active
D08135,Cynthia Castillo,Electric,Jurong,2021-10-29,3.69,Active
D08136,Willie Lewis,Sedan,Toa Payoh,2023-10-07,4.91,Active
D08137,Linda Peterson,Hatchback,Tampines,2026-03-12,4.27,Active
D08138,Jason Ortiz,SUV,Toa Payoh,2026-05-01,3.91,Active
D08139,David Brown,MPV,Woodlands,2025-02-24,3.65,Active
D08140,Jessica Wilkinson,Electric,Jurong,2023-06-19,4.35,Active
D08141,Karen Baker,Sedan,Bedok,2020-09-28,4.04,Active
D08142,Austin Brooks,Hatchback,Singapore,2025-01-26,3.56,Active
D08143,Charlene Scott,Electric,Woodlands,2019-11-27,3.54,Active
D08144,Jill Conley,Sedan,Tampines,2022-05-31,4.29,Active
D08145,Jackson Smith,MPV,Bishan,2020-06-12,4.78,Inactive
D08146,Christian Gilbert,MPV,Bedok,2025-02-24,3.94,Suspended
D08147,Amber Jones,Hatchback,Ang Mo Kio,2019-11-19,4.77,Active
D08148,Heather Monroe,Electric,Woodlands,2023-07-19,4.46,Active
D08149,Joyce Meyers,Electric,Punggol,2020-12-19,4.28,Active
D08150,Kimberly Walker,SUV,Singapore,2023-10-26,4.06,Active
D08151,Erin Rivera,MPV,Toa Payoh,2019-02-13,3.66,Active
D08152,Joy Coleman,MPV,Yishun,2021-06-26,3.95,Active
D08153,Rebecca Day,Sedan,Punggol,2025-09-09,4.04,Active
D08154,Steven Smith,MPV,Tampines,2022-01-24,4.91,Active
D08155,Erin Blevins,Premium,Bishan,2020-01-11,4.36,Active
D08156,Ms. Alicia Goodman,SUV,Punggol,2020-08-28,3.61,Active
D08157,Chad Carlson,Hatchback,Woodlands,2020-11-09,4.13,Active
D08158,Samantha Smith,Premium,Bishan,2023-01-15,4.02,Active
D08159,Patricia Boyd,Premium,Singapore,2020-10-18,3.68,Active
D08160,Catherine Snyder,Hatchback,Punggol,2024-03-25,3.9,Active
D08161,Stanley Russell,Premium,Jurong,2023-12-14,3.85,Active
D08162,Ashley Grant,SUV,Ang Mo Kio,2025-10-17,4.05,Active
D08163,Cody Anderson,MPV,Tampines,2018-08-21,3.86,Active
D08164,Gary Dominguez,Hatchback,Woodlands,2023-12-29,4.4,Active
D08165,Peter Fleming,Premium,Yishun,2023-12-04,3.61,Inactive
D08166,Tracy Davis,MPV,Jurong,2026-05-31,4.93,Active
D08167,Kelly Carter,MPV,Ang Mo Kio,2025-08-12,3.52,Inactive
D08168,Shelby Christensen,Hatchback,Jurong,2022-01-02,4.85,Active
D08169,Luis Collins,SUV,Ang Mo Kio,2023-05-02,4.85,Active
D08170,Willie Martinez,SUV,Yishun,2019-07-17,4.9,Active
D08171,Diana Johnson,MPV,Bedok,2025-07-15,4.9,Inactive
D08172,Kimberly Hall,SUV,Toa Payoh,2020-08-21,3.94,Active
D08173,Darlene Porter,Sedan,Bedok,2020-06-06,4.16,Active
D08174,Ian Blevins,Premium,Woodlands,2023-09-11,4.21,Active
D08175,Tracy Gonzalez,MPV,Bedok,2022-08-02,3.92,Active
D08176,James Mccall,MPV,Tampines,2024-06-15,3.86,Active
D08177,Michelle Smith,Sedan,Toa Payoh,2021-12-10,3.65,Active
D08178,Christie Carr,Hatchback,Ang Mo Kio,2026-01-21,4.77,Inactive
D08179,Teresa Bennett,Premium,Jurong,2020-03-29,4.42,Suspended
D08180,Angelica Villarreal MD,Electric,Jurong,2024-02-08,3.76,Active
D08181,Jill Palmer,SUV,Jurong,2019-07-23,3.91,Active
D08182,Brian Day,Sedan,Ang Mo Kio,2019-06-19,4.22,Active
D08183,Joshua Thomas,Premium,Tampines,2023-01-20,4.52,Active
D08184,Scott Simon,Electric,Jurong,2026-06-27,4.14,Active
D08185,Brandon Guerra,MPV,Tampines,2024-02-21,4.84,Active
D08186,John Peterson,MPV,Bedok,2019-10-30,4.36,Active
D08187,Christine Sanchez,Sedan,Woodlands,2025-01-28,4.89,Active
D08188,Adam Page DDS,Hatchback,Singapore,2025-08-21,3.76,Active
D08189,Ricardo Heath,SUV,Ang Mo Kio,2023-04-08,3.55,Active
D08190,Dominique Gomez,Hatchback,Bedok,2021-03-14,4.44,Active
D08191,Jane Stephenson,Premium,Toa Payoh,2023-01-11,3.85,Active
D08192,Deborah Rhodes,SUV,Singapore,2020-04-12,4.59,Active
D08193,Rose Finley,SUV,Tampines,2022-11-12,4.99,Active
D08194,Catherine Weaver,Electric,Toa Payoh,2026-05-29,3.62,Active
D08195,Audrey Chavez,Hatchback,Tampines,2023-08-20,3.67,Suspended
D08196,Ethan Rocha,MPV,Punggol,2022-10-27,4.75,Suspended
D08197,Marc Brown,Hatchback,Punggol,2022-08-01,4.12,Active
D08198,Thomas Francis,Sedan,Singapore,2021-03-30,3.96,Active
D08199,Andre Lynn,Sedan,Bishan,2023-09-06,4.82,Active
D08200,Olivia Brady,SUV,Ang Mo Kio,2019-10-17,4.13,Active
D08201,Charles Lopez,Electric,Bedok,2021-02-01,4.55,Active
D08202,Mary Townsend,Electric,Woodlands,2022-06-24,4.43,Inactive
D08203,Wendy Ellis,Sedan,Bishan,2022-07-18,3.98,Active
D08204,Brandon Watkins,MPV,Toa Payoh,2021-01-18,4.48,Active
D08205,Chase Anderson,SUV,Tampines,2020-09-05,4.24,Active
D08206,Mike Carter,Premium,Bishan,2019-05-18,3.7,Active
D08207,Dr. Caitlin Jones,MPV,Bishan,2023-06-13,4.27,Inactive
D08208,Michael Washington,Electric,Toa Payoh,2020-08-08,3.88,Active
D08209,Warren Barber,Hatchback,Bishan,2021-10-17,4.94,Inactive
D08210,Vincent Trevino,Electric,Tampines,2021-09-13,4.08,Active
D08211,Jeffrey Gibbs,Sedan,Punggol,2026-03-26,4.16,Active
D08212,Dale Wolfe,Sedan,Ang Mo Kio,2020-08-29,3.82,Inactive
D08213,Michael Ross,MPV,Woodlands,2021-07-02,3.9,Active
D08214,James Chase,Sedan,Tampines,2026-03-01,4.95,Active
D08215,Deborah Davila,Sedan,Singapore,2022-09-26,4.94,Active
D08216,Jeanette Mercer,Premium,Singapore,2025-03-03,4.45,Active
D08217,Joel Nguyen,Electric,Ang Mo Kio,2026-04-24,4.78,Active
D08218,Ariel Garcia,Sedan,Bedok,2021-10-04,4.99,Active
D08219,Heather Cooper,Electric,Toa Payoh,2021-05-28,4.35,Active
D08220,Kimberly Dunlap,Hatchback,Bishan,2022-05-19,4.97,Active
D08221,Ryan Lopez,SUV,Woodlands,2025-06-25,4.57,Active
D08222,Jose Dixon,Premium,Toa Payoh,2018-09-19,3.99,Active
D08223,Melvin Jones,Hatchback,Punggol,2025-10-25,4.8,Active
D08224,Morgan Hoffman,Electric,Punggol,2023-01-20,4.08,Active
D08225,Crystal Robbins,Electric,Toa Payoh,2024-06-11,4.77,Active
D08226,Daniel Young,SUV,Yishun,2023-12-29,4.85,Inactive
D08227,Melissa Smith,Hatchback,Toa Payoh,2025-08-17,4.05,Active
D08228,Carla Barrett,MPV,Bishan,2026-02-19,4.52,Active
D08229,Jamie Saunders,MPV,Woodlands,2019-05-21,4.91,Active
D08230,Bruce Harvey,Premium,Bedok,2025-04-03,3.8,Active
D08231,Justin Sherman,SUV,Yishun,2022-03-17,3.56,Active
D08232,Heather Perry,Sedan,Toa Payoh,2025-09-06,4.91,Suspended
D08233,Kimberly Smith,Premium,Singapore,2026-05-30,4.27,Active
D08234,Elizabeth Brooks,Premium,Toa Payoh,2025-01-30,4.47,Active
D08235,Angel Mitchell,Hatchback,Bishan,2024-12-25,4.66,Active
D08236,Erin Mitchell,Premium,Yishun,2021-05-10,4.56,Active
D08237,Lisa Farley,Premium,Toa Payoh,2022-09-20,4.01,Active
D08238,Robert Ramsey,Electric,Bishan,2023-09-23,4.23,Active
D08239,Mitchell Gonzales,Electric,Tampines,2026-06-25,4.71,Active
D08240,William Swanson,Electric,Jurong,2020-07-25,3.53,Active
D08241,Mariah Lopez,Hatchback,Bedok,2020-01-27,4.53,Active
D08242,Joshua Lopez,Hatchback,Bishan,2019-06-06,4.37,Active
D08243,Madeline Williams,Premium,Ang Mo Kio,2024-11-24,4.41,Active
D08244,Karen Watkins,MPV,Bedok,2022-10-16,4.26,Active
D08245,Steven Stark,Electric,Yishun,2024-06-17,3.67,Active
D08246,Johnathan Garcia,Sedan,Ang Mo Kio,2022-07-22,4.44,Active
D08247,Mr. Tony Underwood,SUV,Toa Payoh,2018-12-22,4.34,Active
D08248,Jennifer Dennis,Hatchback,Bedok,2025-07-31,4.07,Active
D08249,Jennifer Clark,Electric,Toa Payoh,2022-05-01,4.46,Active
D08250,Cynthia Thompson,SUV,Tampines,2022-11-01,3.99,Active
D08251,Caitlin Jimenez,Electric,Punggol,2021-10-05,3.73,Active
D08252,Michele Dean,Electric,Bishan,2025-09-08,4.37,Active
D08253,Krystal Patel,Electric,Bishan,2018-09-26,4.67,Active
D08254,Kevin Thomas,Premium,Toa Payoh,2025-10-09,4.84,Inactive
D08255,Heather Watson,Hatchback,Bishan,2022-05-08,3.53,Active
D08256,Ryan Brown,Premium,Punggol,2018-08-28,4.07,Active
D08257,Katie Bernard,Sedan,Punggol,2025-05-22,3.96,Active
D08258,Kyle Dodson,Sedan,Punggol,2022-11-11,4.41,Active
D08259,Donna Sanders,Electric,Singapore,2023-12-18,3.54,Inactive
D08260,Benjamin Hill,Premium,Bedok,2024-10-05,4.3,Active
D08261,Tasha Lopez,SUV,Woodlands,2020-08-06,3.9,Inactive
D08262,Christine Leblanc,Hatchback,Yishun,2021-04-04,3.63,Active
D08263,Jacqueline Rose,Electric,Singapore,2022-05-08,4.85,Active
D08264,Larry Chung,Premium,Bishan,2022-05-25,4.2,Active
D08265,Rebecca Lambert,Sedan,Jurong,2020-06-11,3.84,Active
D08266,Tonya Charles,Premium,Yishun,2025-11-03,3.72,Active
D08267,Sean Jones,Premium,Jurong,2020-08-04,4.87,Active
D08268,Richard Bishop,Hatchback,Singapore,2021-05-30,3.62,Active
D08269,Cynthia Allen,Premium,Woodlands,2021-02-02,3.81,Active
D08270,Michael Smith,SUV,Bishan,2019-02-27,4.19,Inactive
D08271,Sarah Garza,Hatchback,Bishan,2024-06-09,4.41,Active
D08272,Bruce Johnson,Electric,Ang Mo Kio,2018-12-20,3.71,Active
D08273,Emily Bowen,Sedan,Singapore,2019-02-17,4.95,Active
D08274,Arthur Lopez,MPV,Jurong,2018-09-03,4.62,Active
D08275,Paul Mayo,SUV,Bedok,2020-12-13,4.06,Active
D08276,Adrienne Donaldson,MPV,Singapore,2019-12-15,4.84,Active
D08277,Allison Moore,MPV,Bedok,2024-08-06,4.97,Active
D08278,James Young,Hatchback,Jurong,2021-02-07,4.37,Active
D08279,Judith Thompson,SUV,Ang Mo Kio,2021-04-15,3.55,Active
D08280,Brian Graham,Hatchback,Woodlands,2021-09-13,3.72,Active
D08281,Heather Williams,Premium,Jurong,2020-11-28,3.95,Active
D08282,Michelle Farrell,Sedan,Yishun,2020-08-12,4.19,Inactive
D08283,Morgan Castillo,MPV,Tampines,2024-08-04,4.75,Inactive
D08284,Jessica Caldwell,Sedan,Woodlands,2018-12-27,4.2,Active
D08285,Amanda Miller,MPV,Ang Mo Kio,2023-08-19,3.81,Active
D08286,Caleb Goodman,Hatchback,Punggol,2019-06-08,4.9,Active
D08287,Denise Weber,Premium,Bedok,2022-02-08,4.65,Active
D08288,Amber Ward,SUV,Bedok,2024-09-08,4.33,Active
D08289,Denise Lopez,MPV,Punggol,2018-08-26,4.76,Active
D08290,Lauren Gilbert,MPV,Punggol,2022-09-21,3.52,Active
D08291,Jonathan Chapman,Electric,Toa Payoh,2022-08-05,4.41,Active
D08292,Barbara Palmer,Hatchback,Singapore,2021-12-08,4.44,Active
D08293,Mr. Andrew Jenkins,SUV,Punggol,2026-01-31,4.29,Active
D08294,Gregory Preston,Hatchback,Ang Mo Kio,2022-11-08,4.69,Active
D08295,John Morgan,Premium,Woodlands,2018-09-29,4.24,Active
D08296,Ashley Shea,Sedan,Toa Payoh,2023-10-19,4.0,Suspended
D08297,Michael Brown,Premium,Bedok,2024-03-25,4.39,Active
D08298,Jeffrey Dunn,Sedan,Toa Payoh,2018-11-08,4.76,Active
D08299,Jessica Miller,Hatchback,Woodlands,2022-03-12,4.94,Active
D08300,Jackson Johnston,Hatchback,Woodlands,2021-10-15,4.41,Active
D08301,Robert Serrano,Sedan,Yishun,2025-11-16,4.48,Active
D08302,Anthony Greene,SUV,Punggol,2021-04-04,3.77,Active
D08303,Mark Alvarez,Premium,Yishun,2026-02-18,4.31,Active
D08304,Mary Padilla,Electric,Tampines,2018-08-07,3.86,Active
D08305,Michael Gilmore,MPV,Yishun,2025-01-07,3.94,Active
D08306,Sherry Joseph,Hatchback,Jurong,2020-07-19,3.97,Active
D08307,Nancy Martinez,MPV,Toa Payoh,2020-04-22,4.85,Active
D08308,Michele Dunlap,Premium,Singapore,2022-12-08,4.07,Active
D08309,Alexander Singleton,Hatchback,Singapore,2026-03-13,3.96,Active
D08310,Justin Lowery,Hatchback,Toa Payoh,2022-07-04,4.57,Active
D08311,David Thomas,SUV,Bishan,2023-12-21,3.69,Active
D08312,Carly Bell,Premium,Punggol,2020-02-18,4.46,Active
D08313,William Stevenson,Hatchback,Singapore,2022-10-07,4.02,Active
D08314,Joseph Johnson,Hatchback,Bishan,2022-06-10,4.18,Active
D08315,Daniel Gregory,SUV,Jurong,2019-08-14,4.99,Active
D08316,Gregory Farrell,Electric,Bedok,2023-06-08,3.59,Active
D08317,Michael Green,Sedan,Yishun,2024-06-03,4.96,Active
D08318,James Stone,Electric,Woodlands,2022-06-08,4.11,Active
D08319,Leroy Bishop,Electric,Bishan,2023-06-11,4.74,Active
D08320,William Solis,MPV,Singapore,2020-12-20,3.9,Active
D08321,Lisa Parsons,Hatchback,Ang Mo Kio,2022-11-22,3.97,Active
D08322,Stephen Ewing,Electric,Yishun,2025-08-02,3.9,Active
D08323,Sarah Ponce,MPV,Toa Payoh,2018-09-05,3.95,Active
D08324,Kimberly Allen,MPV,Toa Payoh,2018-10-04,4.0,Active
D08325,Michael Holt,Electric,Yishun,2025-02-20,3.63,Active
D08326,Jeremy Allen,MPV,Singapore,2022-05-05,4.09,Active
D08327,Timothy Maddox,Hatchback,Jurong,2018-08-22,3.76,Active
D08328,Brianna Mcguire,Electric,Bedok,2019-10-30,3.92,Active
D08329,Nicolas Riley,Premium,Bedok,2023-12-09,4.45,Active
D08330,Shawn Taylor,SUV,Ang Mo Kio,2019-09-01,4.7,Active
D08331,Tina Contreras,Premium,Toa Payoh,2022-07-21,4.33,Active
D08332,Mary Clark,SUV,Bishan,2024-08-24,4.58,Active
D08333,Leslie Padilla,SUV,Woodlands,2022-07-05,3.98,Active
D08334,Diana Lee,Premium,Bedok,2026-04-15,3.72,Active
D08335,Amber Lopez,Electric,Ang Mo Kio,2026-02-11,4.48,Active
D08336,Sylvia Hansen,Sedan,Toa Payoh,2024-05-27,3.59,Active
D08337,Antonio Benson,Sedan,Tampines,2025-09-06,4.43,Active
D08338,Kevin Ramos,MPV,Toa Payoh,2024-12-08,4.31,Active
D08339,Jose Garcia,SUV,Yishun,2024-03-24,4.47,Active
D08340,Catherine Smith,Premium,Bedok,2019-07-04,3.71,Active
D08341,Jennifer Martinez,MPV,Toa Payoh,2024-12-30,4.73,Active
D08342,Tanya Hardin,SUV,Tampines,2024-10-11,4.11,Active
D08343,Jack Bradford IV,Premium,Jurong,2018-08-22,3.96,Inactive
D08344,Eugene Thompson,SUV,Woodlands,2025-12-02,4.96,Active
D08345,Kristine Lee,SUV,Punggol,2019-10-06,4.65,Active
D08346,Katherine Knox,Sedan,Woodlands,2022-06-09,4.13,Active
D08347,Mark Valentine,Hatchback,Bedok,2022-11-25,4.34,Active
D08348,Richard Myers,SUV,Jurong,2024-01-16,4.82,Suspended
D08349,Pamela Bryan,MPV,Tampines,2022-06-29,3.72,Active
D08350,Jerry Moore,Hatchback,Jurong,2019-11-03,4.56,Active
D08351,Wayne Ochoa,SUV,Punggol,2021-10-19,4.22,Active
D08352,Michael Mathews,Sedan,Woodlands,2023-07-02,4.52,Active
D08353,Vanessa Mullen,Premium,Tampines,2024-05-03,3.74,Active
D08354,James Harrison,Sedan,Woodlands,2026-06-22,4.89,Active
D08355,Edward Proctor,Sedan,Punggol,2024-03-04,3.78,Inactive
D08356,Julie Williams,Hatchback,Ang Mo Kio,2024-09-14,3.64,Active
D08357,Julie Myers,SUV,Tampines,2026-02-24,3.56,Active
D08358,Ryan Dorsey,Sedan,Woodlands,2019-04-25,4.24,Active
D08359,David Mcdonald,Hatchback,Jurong,2023-05-08,3.77,Active
D08360,Margaret Roberts,Sedan,Bedok,2025-11-19,3.66,Active
D08361,James Mendoza,Sedan,Singapore,2018-08-24,4.9,Inactive
D08362,Dr. Hayley Diaz MD,Sedan,Punggol,2020-04-11,4.25,Active
D08363,Kimberly Stevenson,Hatchback,Singapore,2026-05-26,4.41,Active
D08364,William Lee,Sedan,Toa Payoh,2022-03-12,4.91,Active
D08365,Lacey Blackwell,MPV,Ang Mo Kio,2021-01-19,4.56,Active
D08366,Karen Allen,Electric,Ang Mo Kio,2025-09-08,3.59,Active
D08367,James Townsend,SUV,Jurong,2025-08-10,4.81,Active
D08368,Mr. Chris Moore,SUV,Bishan,2020-03-27,4.8,Active
D08369,Edward Williams,Premium,Toa Payoh,2019-06-13,3.55,Active
D08370,Mark Cook,MPV,Singapore,2022-05-16,3.87,Active
D08371,Holly Lopez,Electric,Singapore,2024-01-19,4.8,Active
D08372,Travis Santos,Hatchback,Punggol,2018-08-09,3.92,Active
D08373,Logan King,Hatchback,Tampines,2026-06-22,4.3,Active
D08374,Richard King,Premium,Woodlands,2019-12-27,4.35,Active
D08375,Andrew Nguyen,Sedan,Bishan,2022-04-27,3.79,Active
D08376,Norman Gordon,SUV,Jurong,2022-12-20,4.58,Inactive
D08377,Kurt Camacho,SUV,Ang Mo Kio,2019-12-07,4.94,Active
D08378,Joanna Foster,SUV,Yishun,2025-03-28,4.41,Active
D08379,Samantha Huff,SUV,Ang Mo Kio,2023-11-10,4.69,Active
D08380,Christopher Jones,SUV,Bishan,2025-08-22,4.73,Active
D08381,Matthew Jenkins,MPV,Singapore,2022-12-24,4.1,Active
D08382,Diana Walters,SUV,Woodlands,2025-08-20,4.64,Inactive
D08383,Roy Long,Electric,Toa Payoh,2024-12-30,3.67,Active
D08384,Veronica Castaneda,Sedan,Jurong,2025-10-04,4.21,Suspended
D08385,Eric Rodriguez,MPV,Tampines,2025-03-07,4.25,Active
D08386,Darren Watkins,Premium,Bedok,2019-09-23,4.8,Active
D08387,Sandra Davis,Premium,Bedok,2025-09-24,4.13,Active
D08388,Daniel Silva,MPV,Bishan,2023-08-06,4.43,Active
D08389,Latoya James,SUV,Bishan,2023-04-01,4.11,Active
D08390,Natasha Dunn,MPV,Singapore,2023-04-25,4.01,Active
D08391,Andrew Nguyen,Premium,Punggol,2021-04-04,4.4,Active
D08392,Hailey Garcia,Hatchback,Ang Mo Kio,2022-09-18,4.91,Active
D08393,Stefanie White,MPV,Ang Mo Kio,2018-10-27,3.78,Active
D08394,Pamela Cummings,Premium,Toa Payoh,2023-05-17,4.41,Active
D08395,Leah Hodges,MPV,Ang Mo Kio,2021-01-05,4.15,Active
D08396,Heidi Nelson,MPV,Tampines,2021-02-11,3.56,Active
D08397,Christopher Baker DDS,SUV,Singapore,2018-12-01,3.69,Active
D08398,Susan Francis,Premium,Bishan,2018-09-28,4.25,Active
D08399,Laura Robinson,Electric,Toa Payoh,2020-11-22,4.59,Active
D08400,Bobby Adams,Electric,Tampines,2019-04-25,4.46,Active
D08401,Sheri Fields,Hatchback,Toa Payoh,2024-10-07,3.67,Active
D08402,Troy Combs,MPV,Tampines,2021-12-21,3.6,Active
D08403,Cindy Robinson,Electric,Bishan,2023-03-09,3.73,Active
D08404,Jessica Hutchinson,Hatchback,Woodlands,2019-06-01,4.09,Active
D08405,Shirley Johnson,SUV,Yishun,2024-08-15,4.28,Active
D08406,Karen Hensley,Hatchback,Yishun,2026-02-08,4.06,Active
D08407,Bryan Bowen,MPV,Tampines,2023-07-18,3.88,Active
D08408,Sarah Meyer,SUV,Bedok,2023-07-21,4.39,Active
D08409,James Miller,Sedan,Singapore,2021-02-27,4.19,Active
D08410,Kristina Smith,MPV,Woodlands,2026-06-08,4.47,Inactive
D08411,Nicholas Harrison,Sedan,Jurong,2024-05-12,4.77,Active
D08412,Jeffery Roberts,MPV,Woodlands,2018-09-09,4.99,Active
D08413,Rachel Williams,Sedan,Bedok,2025-03-25,4.83,Active
D08414,John Benitez,MPV,Toa Payoh,2025-10-02,3.93,Active
D08415,Kathryn Moore,Electric,Ang Mo Kio,2020-12-05,4.7,Active
D08416,Dustin Brown,Sedan,Bishan,2024-02-24,4.79,Active
D08417,Patrick Pham,Premium,Woodlands,2021-09-22,4.54,Active
D08418,Robert Knox,SUV,Toa Payoh,2021-02-23,3.62,Active
D08419,Derrick Lopez,Hatchback,Ang Mo Kio,2025-05-15,4.7,Active
D08420,Gabriel Rivas,MPV,Bishan,2025-09-05,4.45,Active
D08421,Isaac Smith,Premium,Tampines,2024-04-29,4.09,Active
D08422,Jennifer Rodriguez,Premium,Tampines,2019-08-04,4.61,Active
D08423,Eric Robinson,SUV,Toa Payoh,2020-05-30,3.57,Active
D08424,Steven Parker,Electric,Punggol,2021-05-08,4.58,Active
D08425,Robert Green,SUV,Punggol,2024-07-25,4.37,Active
D08426,Mary Romero,Sedan,Woodlands,2020-05-10,4.9,Inactive
D08427,Anthony Phelps MD,Hatchback,Yishun,2026-07-20,4.63,Active
D08428,Theodore Schneider,Sedan,Yishun,2022-08-21,4.9,Active
D08429,James Alvarez,Electric,Woodlands,2019-11-26,4.91,Active
D08430,Timothy Mack,MPV,Bedok,2020-07-09,4.89,Active
D08431,Gabriel Burns,SUV,Ang Mo Kio,2021-03-31,4.56,Active
D08432,Gabriela Ortiz,SUV,Woodlands,2022-02-09,4.66,Active
D08433,William Petersen,Premium,Jurong,2019-06-14,4.68,Active
D08434,Barry Weber,MPV,Tampines,2020-02-28,4.64,Active
D08435,Hannah Phillips,Sedan,Woodlands,2024-03-18,4.2,Active
D08436,Thomas Bishop,MPV,Ang Mo Kio,2021-05-29,4.61,Active
D08437,Mr. Brad Doyle,MPV,Yishun,2025-02-21,3.99,Inactive
D08438,David Alexander,Hatchback,Toa Payoh,2025-07-12,4.35,Active
D08439,Daniel Marshall,Sedan,Woodlands,2023-09-02,4.73,Active
D08440,David Castillo,Premium,Toa Payoh,2022-10-17,4.87,Inactive
D08441,Andrea Parker,MPV,Ang Mo Kio,2026-06-25,4.97,Active
D08442,Michelle Carter,Electric,Ang Mo Kio,2022-02-09,4.11,Active
D08443,Mr. Andrew Phillips,MPV,Bedok,2019-02-01,4.84,Active
D08444,Nathan Scott,Electric,Woodlands,2025-09-30,3.73,Active
D08445,Scott Thompson,Premium,Punggol,2022-09-23,3.56,Active
D08446,Rebecca Gardner,Electric,Punggol,2026-02-23,4.55,Active
D08447,April Kane,Electric,Woodlands,2024-04-26,4.11,Active
D08448,Tina Ramirez,MPV,Yishun,2021-03-27,4.18,Active
D08449,Larry Arnold,Premium,Bedok,2025-12-09,4.52,Suspended
D08450,Cassandra Woodard,Premium,Ang Mo Kio,2020-11-18,4.72,Active
D08451,Michael Watson,MPV,Tampines,2021-06-17,4.38,Active
D08452,Rachel Ortiz,SUV,Ang Mo Kio,2022-08-04,4.66,Active
D08453,Oscar Cox,Electric,Punggol,2021-12-31,4.83,Active
D08454,Lauren Porter,MPV,Toa Payoh,2022-07-29,4.1,Active
D08455,Jeffrey Mccarthy,Hatchback,Yishun,2021-10-13,4.08,Active
D08456,Alyssa Diaz MD,SUV,Bishan,2020-09-21,4.73,Inactive
D08457,William Hernandez,MPV,Tampines,2021-10-12,3.55,Active
D08458,Brad Le,MPV,Singapore,2022-07-14,4.13,Inactive
D08459,Andrew Dixon,Electric,Toa Payoh,2026-04-30,4.62,Active
D08460,Charles Stephens,Sedan,Jurong,2024-07-06,3.54,Active
D08461,Natalie Andrade,Sedan,Woodlands,2019-11-26,4.15,Active
D08462,Jennifer Alvarez,Premium,Singapore,2026-01-25,3.84,Active
D08463,Aaron Blevins,Premium,Singapore,2024-01-03,3.93,Active
D08464,Joseph Barron,SUV,Punggol,2021-10-02,4.42,Active
D08465,Caitlyn Fox,Premium,Singapore,2026-04-11,4.75,Active
D08466,Cynthia Murray,SUV,Tampines,2021-12-02,4.98,Inactive
D08467,John Woods,MPV,Jurong,2024-11-29,4.81,Active
D08468,Michael Garza,Sedan,Punggol,2020-11-08,4.08,Active
D08469,Brian Butler,Sedan,Punggol,2020-03-24,4.06,Active
D08470,Evan Knight,Hatchback,Tampines,2021-12-11,4.15,Active
D08471,Joseph Lawson,MPV,Punggol,2024-05-31,3.9,Inactive
D08472,Angelica Peterson,Sedan,Bishan,2021-07-25,4.25,Inactive
D08473,Dr. Jodi Trevino,SUV,Tampines,2026-06-16,4.7,Active
D08474,Stephen Mccormick,SUV,Woodlands,2021-08-23,3.96,Active
D08475,Sandra Johnson,Electric,Jurong,2021-12-02,3.58,Active
D08476,Maria Henderson,Hatchback,Bishan,2023-12-31,4.43,Inactive
D08477,Jessica Whitaker,Hatchback,Jurong,2024-11-14,4.11,Active
D08478,Tim Huff,Electric,Bishan,2019-12-01,4.26,Active
D08479,Amanda Patterson,Sedan,Tampines,2023-02-13,4.04,Active
D08480,Dr. Aaron Brooks II,Sedan,Woodlands,2023-02-06,3.73,Active
D08481,Anthony Crawford,Electric,Bedok,2021-06-01,4.3,Active
D08482,Karen Valdez,Electric,Punggol,2025-06-21,4.52,Active
D08483,Cynthia Sanchez,Sedan,Ang Mo Kio,2021-04-04,3.81,Inactive
D08484,Nicholas Warren,Sedan,Bedok,2018-09-17,4.39,Active
D08485,Johnny Bennett,MPV,Ang Mo Kio,2026-03-02,4.94,Active
D08486,Michael Herrera,MPV,Ang Mo Kio,2024-04-28,4.2,Active
D08487,Jamie Alexander,SUV,Jurong,2025-11-12,4.52,Active
D08488,Christopher Walls,Electric,Bishan,2018-09-06,4.54,Active
D08489,Travis Rose,Premium,Tampines,2022-11-26,3.9,Suspended
D08490,Sean Stone,SUV,Punggol,2026-03-23,3.5,Active
D08491,Jillian Ward MD,SUV,Bedok,2026-05-18,4.33,Active
D08492,Bruce Ellis,Electric,Woodlands,2025-09-16,4.95,Active
D08493,Crystal Simmons,SUV,Punggol,2022-03-14,4.54,Active
D08494,Aaron Barker,SUV,Jurong,2024-01-15,4.74,Active
D08495,Gabrielle Freeman,Sedan,Punggol,2021-04-26,4.15,Active
D08496,Melissa Scott,Premium,Jurong,2021-10-27,4.56,Active
D08497,Nancy Garcia,Hatchback,Tampines,2023-10-29,4.19,Active
D08498,Andrew Jenkins,MPV,Yishun,2025-11-12,3.56,Active
D08499,Alexander Williams,Premium,Bishan,2025-07-13,4.89,Active
D08500,Raymond Jennings,Electric,Yishun,2023-05-11,4.93,Inactive
D08501,Sheena Hawkins,Premium,Ang Mo Kio,2024-06-06,4.06,Inactive
D08502,William Taylor,Hatchback,Singapore,2024-02-05,4.82,Inactive
D08503,Brandon Decker,SUV,Singapore,2025-09-13,3.55,Active
D08504,Tiffany Johnson,MPV,Toa Payoh,2020-12-13,4.94,Active
D08505,Scott Kirk,Hatchback,Jurong,2025-06-15,3.78,Active
D08506,John Nguyen,Hatchback,Punggol,2019-05-29,4.74,Active
D08507,Richard Glover,Premium,Yishun,2020-09-21,3.9,Active
D08508,Aaron Page,Hatchback,Woodlands,2022-07-13,3.65,Active
D08509,Jeffrey Oconnor,Hatchback,Tampines,2022-10-02,4.9,Active
D08510,Christopher Rivera,MPV,Bishan,2019-12-02,3.57,Active
D08511,Leslie Butler,Electric,Bedok,2021-08-19,3.98,Inactive
D08512,Kevin Hill,Hatchback,Ang Mo Kio,2024-05-31,5.0,Active
D08513,Gregory Glenn,Electric,Bedok,2020-03-08,4.6,Active
D08514,William Alexander,Electric,Bishan,2024-03-16,4.66,Active
D08515,Joseph Randall,Electric,Toa Payoh,2023-04-09,4.9,Active
D08516,Ronald Hunter,MPV,Singapore,2022-06-30,4.5,Active
D08517,Natalie Schmidt,SUV,Toa Payoh,2023-09-10,4.56,Active
D08518,Nicole Butler,Electric,Tampines,2022-02-28,4.19,Active
D08519,Melissa Elliott,MPV,Bedok,2023-08-24,3.6,Active
D08520,Michael Oneal,MPV,Ang Mo Kio,2024-03-01,4.79,Active
D08521,Martin Lam,Sedan,Bishan,2025-05-16,4.93,Active
D08522,Ryan Kirk,MPV,Woodlands,2023-01-12,4.57,Active
D08523,Jerry Rogers,Premium,Woodlands,2025-10-05,4.66,Active
D08524,David Hodges,Hatchback,Toa Payoh,2025-06-26,4.96,Active
D08525,Lisa Poole,Sedan,Jurong,2024-08-03,3.76,Active
D08526,Harold Hall,SUV,Yishun,2021-05-29,4.41,Active
D08527,Brian Copeland,Hatchback,Toa Payoh,2020-10-04,4.52,Inactive
D08528,Jennifer Campos,Electric,Jurong,2018-08-21,3.51,Suspended
D08529,Amanda Heath,Electric,Tampines,2026-05-17,3.63,Suspended
D08530,Megan Griffith,SUV,Ang Mo Kio,2023-04-09,4.54,Active
D08531,James Johnson,Hatchback,Punggol,2023-05-06,4.83,Active
D08532,Richard Munoz,Premium,Yishun,2020-12-18,4.05,Active
D08533,Jacob Cruz,MPV,Yishun,2026-05-09,4.17,Active
D08534,Stacy Gonzalez,Sedan,Toa Payoh,2025-01-03,4.32,Active
D08535,Eric Coleman,MPV,Tampines,2023-04-27,3.64,Inactive
D08536,Sara Ramirez,Sedan,Bishan,2023-03-20,4.17,Active
D08537,Michael Lowe,MPV,Bedok,2022-12-25,4.84,Inactive
D08538,Sarah Ramos,Sedan,Bishan,2018-11-21,4.06,Active
D08539,Mark Gilmore,Hatchback,Bedok,2023-10-25,4.15,Active
D08540,Vanessa Mahoney,SUV,Yishun,2020-04-22,3.62,Active
D08541,Ryan Meyers,MPV,Ang Mo Kio,2023-05-25,4.03,Active
D08542,Rita Thomas,Sedan,Yishun,2021-04-03,4.7,Active
D08543,Scott Hubbard,MPV,Tampines,2026-02-25,4.52,Active
D08544,Joel Simon,SUV,Singapore,2019-01-17,3.5,Active
D08545,Mary Garcia,Sedan,Tampines,2019-10-19,3.9,Active
D08546,Stephanie Andrews,Hatchback,Yishun,2019-10-27,4.79,Inactive
D08547,Chad Pierce,Electric,Bedok,2023-05-04,4.54,Active
D08548,William Woodward,Electric,Tampines,2019-02-26,4.64,Active
D08549,James Nichols,Premium,Punggol,2021-04-18,4.02,Active
D08550,Bradley White,Electric,Bedok,2019-12-19,4.98,Active
D08551,John Cardenas,Hatchback,Yishun,2024-06-21,4.53,Suspended
D08552,Denise Burgess,Electric,Jurong,2020-01-17,4.11,Active
D08553,Jesus Willis,SUV,Tampines,2024-01-20,4.07,Active
D08554,Nicole Morgan,SUV,Singapore,2023-10-24,4.93,Active
D08555,Kristen Cordova,Sedan,Bishan,2025-12-25,4.88,Active
D08556,Caleb Kim,SUV,Yishun,2022-12-05,4.11,Active
D08557,Marc Nelson,Electric,Punggol,2020-11-04,4.81,Active
D08558,Elizabeth Robinson,Hatchback,Bedok,2024-05-06,3.8,Active
D08559,Harry Hamilton,Hatchback,Woodlands,2019-09-01,4.56,Active
D08560,Bradley West,Electric,Bishan,2020-03-23,4.52,Inactive
D08561,Mrs. Diane Patel,MPV,Woodlands,2020-01-20,3.97,Active
D08562,Kimberly Reid,Premium,Toa Payoh,2023-07-01,3.55,Active
D08563,Angel Martinez,Electric,Punggol,2019-05-11,3.51,Inactive
D08564,Linda Shannon,MPV,Yishun,2019-05-17,3.8,Active
D08565,Gregory Clark,MPV,Tampines,2019-08-09,3.82,Active
D08566,Stephanie Saunders,Premium,Bedok,2026-07-28,4.18,Inactive
D08567,Tina Campbell,MPV,Yishun,2020-02-19,4.81,Active
D08568,Theresa Leonard,Premium,Punggol,2026-02-20,4.59,Inactive
D08569,Jonathan Harris,Hatchback,Woodlands,2025-01-27,4.68,Active
D08570,Matthew Erickson,MPV,Yishun,2021-10-15,4.97,Active
D08571,Zachary Mullen,MPV,Bishan,2024-11-29,3.73,Active
D08572,Dr. Robert Butler,SUV,Tampines,2019-02-26,4.1,Active
D08573,Shawn Anderson,Premium,Woodlands,2018-08-12,3.58,Active
D08574,Tracy Clements,Electric,Singapore,2019-08-21,4.73,Active
D08575,Suzanne Pham PhD,Sedan,Yishun,2024-05-26,4.11,Active
D08576,Amy Ramirez,Premium,Toa Payoh,2026-01-18,3.6,Active
D08577,Stacy Mitchell,Hatchback,Woodlands,2022-11-15,3.68,Active
D08578,Robert Gonzalez,Premium,Ang Mo Kio,2020-11-24,4.9,Active
D08579,Ralph Wolfe,MPV,Bedok,2019-12-11,4.83,Active
D08580,Meagan Rich,Hatchback,Singapore,2025-07-08,3.92,Active
D08581,Jeffrey Walker,MPV,Tampines,2019-07-23,3.63,Active
D08582,Bonnie Lawson,MPV,Bedok,2022-01-14,4.58,Active
D08583,Tiffany Leonard,SUV,Bedok,2026-07-17,4.33,Active
D08584,Jessica Boyd,SUV,Bedok,2024-03-21,3.84,Active
D08585,Diane Chambers,Premium,Yishun,2022-03-03,3.64,Active
D08586,Natalie Parker,Hatchback,Singapore,2024-05-22,3.85,Active
D08587,Stephanie Benson,Premium,Tampines,2023-01-29,4.11,Active
D08588,Mark Roth,Electric,Woodlands,2023-08-03,4.07,Active
D08589,Adrienne Howell,Electric,Yishun,2018-08-25,4.23,Active
D08590,Raymond Gomez,Premium,Bishan,2023-05-17,3.53,Active
D08591,Russell Fernandez,Sedan,Woodlands,2023-09-23,4.38,Active
D08592,Jackie Williams,Electric,Singapore,2022-03-19,4.51,Active
D08593,Janice Jenkins,Premium,Ang Mo Kio,2021-01-16,3.94,Active
D08594,Rebecca Williamson,SUV,Ang Mo Kio,2024-07-02,4.76,Active
D08595,Cody Baxter,Electric,Jurong,2025-09-08,4.23,Active
D08596,Mr. Anthony Washington,Sedan,Punggol,2024-09-20,4.71,Active
D08597,Richard Krause,Electric,Bedok,2024-03-03,4.5,Active
D08598,Pamela Shields,Sedan,Bishan,2019-06-21,4.13,Active
D08599,Margaret Rivas DDS,Electric,Bedok,2026-05-20,4.81,Active
D08600,Joseph Bauer,Electric,Tampines,2023-07-09,3.84,Active
D08601,Michael Williamson,Electric,Punggol,2021-11-09,4.13,Active
D08602,Jennifer Moore,Premium,Bishan,2019-11-17,3.88,Active
D08603,William Hopkins,Hatchback,Woodlands,2021-09-01,4.55,Active
D08604,Gina Mora,Sedan,Ang Mo Kio,2022-08-09,4.45,Active
D08605,Lisa Harris,SUV,Yishun,2023-10-11,3.62,Active
D08606,Taylor Ellis,Sedan,Bishan,2024-01-27,4.7,Active
D08607,Christine Lee MD,Sedan,Woodlands,2024-02-19,4.36,Active
D08608,Justin Young,SUV,Punggol,2023-06-28,4.31,Active
D08609,Richard Schmidt,Hatchback,Punggol,2021-10-20,3.65,Active
D08610,Robin Smith,Hatchback,Tampines,2022-03-26,4.56,Active
D08611,Kristin Edwards,Sedan,Bishan,2024-04-01,4.77,Active
D08612,Erin Reed,Premium,Toa Payoh,2019-05-11,3.51,Active
D08613,Devon Cook,SUV,Bishan,2024-01-16,4.08,Active
D08614,Colin Potter,SUV,Ang Mo Kio,2024-04-01,3.58,Active
D08615,Michael Mora,MPV,Jurong,2022-03-12,4.56,Inactive
D08616,Danielle Hester,Sedan,Ang Mo Kio,2020-03-24,4.03,Active
D08617,Scott Ryan,Premium,Woodlands,2019-03-02,4.17,Active
D08618,Angela Nelson,Sedan,Singapore,2024-05-05,4.87,Active
D08619,Roger Dunn,Electric,Woodlands,2021-08-22,4.84,Active
D08620,Eric Norman MD,Premium,Jurong,2024-03-11,4.15,Active
D08621,Carolyn Morales,Premium,Toa Payoh,2024-12-21,3.64,Active
D08622,Audrey Steele,Electric,Singapore,2018-10-29,4.83,Suspended
D08623,Darren Thomas,Sedan,Jurong,2024-02-12,4.63,Active
D08624,Amy Bray,Hatchback,Tampines,2025-09-16,4.99,Inactive
D08625,Kimberly Brown,SUV,Bedok,2026-04-25,4.45,Active
D08626,David Ruiz,Electric,Bedok,2021-12-15,4.69,Active
D08627,Caitlin Sanchez,Premium,Jurong,2023-08-20,4.7,Inactive
D08628,Paul Welch,Hatchback,Woodlands,2023-11-17,4.36,Active
D08629,James Rodriguez,Hatchback,Yishun,2021-11-14,4.98,Active
D08630,Shannon King,Hatchback,Ang Mo Kio,2018-12-10,4.44,Active
D08631,Patricia Casey,Electric,Ang Mo Kio,2022-03-16,4.53,Active
D08632,Andrew Williams,SUV,Yishun,2022-08-15,3.89,Active
D08633,James Davis,Hatchback,Punggol,2022-03-12,4.74,Active
D08634,Kevin Williams,SUV,Punggol,2022-12-20,4.64,Inactive
D08635,William Wilson,Premium,Punggol,2026-04-09,3.62,Active
D08636,Jamie Davis,Electric,Bishan,2019-07-12,4.32,Active
D08637,Larry Jones,MPV,Yishun,2024-09-22,4.51,Active
D08638,Melissa Morgan,Premium,Singapore,2025-08-20,4.8,Active
D08639,Wayne Santiago,Hatchback,Ang Mo Kio,2024-03-28,4.97,Inactive
D08640,Donald Howard,Premium,Toa Payoh,2021-04-27,3.58,Active
D08641,Andrew Ritter,SUV,Yishun,2021-06-28,4.83,Inactive
D08642,Kimberly Tapia,Hatchback,Toa Payoh,2022-02-27,4.95,Active
D08643,David Gregory,Premium,Ang Mo Kio,2025-06-27,4.87,Active
D08644,Crystal Boyd,Premium,Woodlands,2023-07-13,4.44,Active
D08645,Natasha Baldwin,Hatchback,Bishan,2021-06-17,3.92,Active
D08646,Brian Howard,MPV,Tampines,2019-02-04,4.04,Active
D08647,Elizabeth Cummings,Premium,Punggol,2022-03-21,4.69,Active
D08648,Shane Davidson,Premium,Bishan,2019-08-29,4.05,Active
D08649,Edward Stephens,MPV,Yishun,2021-05-31,3.72,Active
D08650,Joshua Andrade,MPV,Tampines,2025-04-07,4.25,Active
D08651,Amanda Porter,Electric,Bedok,2024-07-27,4.42,Active
D08652,Shannon Martinez,Sedan,Bishan,2024-08-16,4.21,Active
D08653,Jeffrey Huerta,Hatchback,Bedok,2022-10-07,4.88,Active
D08654,Amy Bowman,SUV,Toa Payoh,2020-09-21,4.45,Active
D08655,Denise Johnson,MPV,Toa Payoh,2025-06-17,4.31,Active
D08656,Kyle Gomez,Electric,Yishun,2026-05-04,4.5,Active
D08657,Melanie Oneal,Hatchback,Bedok,2022-12-16,4.02,Inactive
D08658,Rebecca Walker PhD,SUV,Singapore,2024-01-14,4.78,Active
D08659,Cassie Johnson,Sedan,Yishun,2019-05-09,4.82,Inactive
D08660,Todd Gentry,Premium,Punggol,2021-03-29,4.77,Active
D08661,Kevin Robertson,Electric,Bishan,2023-05-04,3.62,Active
D08662,Kari Mcgee,MPV,Bedok,2025-02-16,4.97,Active
D08663,Julia Collins,Sedan,Tampines,2025-10-28,4.0,Active
D08664,Evelyn Burke,Premium,Yishun,2024-12-22,3.67,Active
D08665,Dana Hawkins,Hatchback,Punggol,2021-09-30,4.1,Active
D08666,Sean Smith,Sedan,Bishan,2024-10-27,4.55,Active
D08667,Angela Phillips,MPV,Bishan,2023-08-28,4.4,Active
D08668,Leslie Hopkins,Sedan,Jurong,2025-05-21,4.07,Active
D08669,Robert Alvarez,Premium,Punggol,2019-08-25,3.94,Active
D08670,Joshua Paul,Premium,Bedok,2026-05-27,4.65,Active
D08671,Christine Small,SUV,Tampines,2024-10-30,4.95,Active
D08672,David Parker,Premium,Ang Mo Kio,2020-12-10,4.9,Active
D08673,Bryan Byrd,Hatchback,Ang Mo Kio,2022-02-28,4.55,Active
D08674,Melanie Boyd,SUV,Punggol,2020-08-24,3.57,Inactive
D08675,Ruth Clayton,Hatchback,Jurong,2023-10-26,4.4,Inactive
D08676,Stephanie Delgado,Sedan,Punggol,2020-09-02,3.84,Active
D08677,Cameron Wong,Electric,Jurong,2023-10-15,4.28,Active
D08678,Seth Gonzales,MPV,Punggol,2022-03-10,4.79,Active
D08679,Sara Robinson,Sedan,Toa Payoh,2020-10-08,4.82,Inactive
D08680,Ryan Patrick,Hatchback,Toa Payoh,2024-01-07,3.74,Active
D08681,Dr. Ashley Cline,Sedan,Tampines,2020-08-11,4.32,Active
D08682,Christian Mueller,Electric,Punggol,2024-11-27,3.55,Active
D08683,Sydney Joseph,Premium,Tampines,2024-01-25,3.97,Active
D08684,Ariel Price,SUV,Tampines,2018-09-30,4.95,Active
D08685,Chad Rodriguez,Premium,Woodlands,2023-08-05,4.52,Active
D08686,Jon Nelson,Hatchback,Ang Mo Kio,2022-11-06,4.82,Active
D08687,Paul Frank Jr.,Electric,Jurong,2023-08-30,4.97,Active
D08688,Jenna Dominguez,MPV,Woodlands,2021-04-22,3.67,Active
D08689,Brenda Adams,Premium,Jurong,2022-06-09,4.59,Active
D08690,Billy Norton,Premium,Ang Mo Kio,2021-08-12,4.94,Active
D08691,Manuel Jackson,SUV,Woodlands,2019-07-14,4.47,Inactive
D08692,Mary Kim,Electric,Toa Payoh,2023-11-22,3.69,Active
D08693,Crystal Howell,Electric,Toa Payoh,2018-08-05,4.55,Active
D08694,Craig Anderson,Hatchback,Bedok,2024-06-25,3.93,Active
D08695,Kevin Cooper,MPV,Ang Mo Kio,2022-03-18,4.83,Suspended
D08696,Donna Foley,Sedan,Tampines,2025-12-30,3.52,Active
D08697,Frank Little,Premium,Punggol,2025-09-12,4.8,Active
D08698,Brianna Lewis,MPV,Yishun,2021-10-22,4.53,Inactive
D08699,Steven Mueller,Sedan,Singapore,2020-02-13,4.9,Active
D08700,Michelle Johnson,Sedan,Tampines,2022-12-15,3.81,Active
D08701,Nicole Watson,Sedan,Punggol,2023-08-18,3.95,Active
D08702,Lisa Green,Hatchback,Bedok,2018-11-03,4.0,Active
D08703,Daniel Lyons,SUV,Bedok,2025-03-27,4.15,Active
D08704,Troy Moore,Sedan,Yishun,2023-02-17,4.27,Active
D08705,Gerald White,Hatchback,Ang Mo Kio,2024-09-18,4.47,Active
D08706,Stephanie Gibson,Premium,Yishun,2025-07-13,5.0,Active
D08707,Matthew Hernandez,Electric,Woodlands,2025-04-06,3.73,Active
D08708,John Hernandez,Premium,Bedok,2021-01-28,4.99,Active
D08709,Jennifer Schmidt,MPV,Woodlands,2019-11-01,4.34,Active
D08710,Daniel Robertson,MPV,Woodlands,2022-08-12,4.38,Active
D08711,Courtney Jones,MPV,Punggol,2020-01-14,4.1,Active
D08712,Eric Martinez,SUV,Yishun,2021-10-16,4.71,Active
D08713,Marcus Gibbs,Premium,Singapore,2021-03-06,4.29,Active
D08714,Stephanie Ayala DDS,Sedan,Toa Payoh,2020-01-18,4.95,Active
D08715,Jason Grant,Hatchback,Tampines,2026-06-21,3.6,Active
D08716,Michelle Phelps,SUV,Jurong,2022-10-01,4.66,Active
D08717,Michelle Pineda,Sedan,Singapore,2021-07-11,3.64,Active
D08718,Thomas Phillips,Sedan,Tampines,2019-07-18,3.81,Active
D08719,Daniel Macdonald,Sedan,Bedok,2025-02-28,4.68,Active
D08720,Michelle Porter,MPV,Yishun,2021-10-16,4.82,Active
D08721,Haley Martinez,SUV,Punggol,2020-09-29,3.54,Active
D08722,Sharon Martinez,Electric,Jurong,2023-12-25,3.65,Suspended
D08723,Robert Stevenson,Electric,Punggol,2023-01-19,4.12,Active
D08724,Jay Lopez,SUV,Ang Mo Kio,2019-11-05,3.87,Active
D08725,Chad Nguyen,Electric,Jurong,2021-05-03,4.47,Active
D08726,Cameron Green,Sedan,Jurong,2022-05-02,4.87,Active
D08727,Danny Gutierrez,Hatchback,Toa Payoh,2025-01-03,4.4,Active
D08728,Jennifer Turner,SUV,Ang Mo Kio,2019-08-10,4.82,Active
D08729,Margaret Matthews,SUV,Jurong,2025-06-05,4.09,Active
D08730,Eric Harris,Sedan,Jurong,2025-07-04,4.21,Active
D08731,Laura Mendoza,Hatchback,Woodlands,2020-03-30,4.82,Active
D08732,Christopher Morgan,Electric,Jurong,2022-11-04,4.27,Active
D08733,Theresa Bell,SUV,Tampines,2023-07-14,4.39,Active
D08734,Kristin Saunders,Hatchback,Punggol,2021-11-07,4.8,Inactive
D08735,Jeremy Miller,Hatchback,Yishun,2023-11-22,4.81,Active
D08736,Emily Miller,Premium,Tampines,2025-08-13,4.41,Active
D08737,John Smith,MPV,Punggol,2021-08-29,4.65,Inactive
D08738,Christian Thompson,MPV,Singapore,2022-05-05,3.95,Active
D08739,Jordan Reid,MPV,Woodlands,2023-10-22,4.67,Suspended
D08740,Jennifer Contreras,SUV,Bishan,2020-01-08,4.84,Active
D08741,Gina Stephenson,MPV,Punggol,2021-03-05,3.73,Active
D08742,Sharon Smith,Hatchback,Punggol,2023-05-07,4.59,Active
D08743,Jill Perez,Premium,Jurong,2025-05-14,3.8,Active
D08744,Erin Koch,MPV,Punggol,2024-06-03,4.68,Active
D08745,Robert Rogers,Electric,Woodlands,2025-06-06,3.64,Active
D08746,Matthew Turner,Electric,Singapore,2023-02-07,4.58,Active
D08747,Victoria Carter,MPV,Tampines,2019-01-01,4.49,Active
D08748,Casey Hill,SUV,Singapore,2019-11-18,4.97,Active
D08749,Virginia Smith,Hatchback,Bishan,2024-08-25,4.08,Active
D08750,Mr. Matthew Kim,Hatchback,Punggol,2020-10-23,4.24,Active
D08751,Elizabeth Yu,Electric,Bedok,2026-05-10,4.47,Active
D08752,Jose Anderson,SUV,Yishun,2026-03-20,3.92,Active
D08753,Keith Carpenter,SUV,Yishun,2022-06-16,3.88,Active
D08754,Brian Mason,Electric,Yishun,2024-06-12,4.04,Suspended
D08755,Kristin Willis,Sedan,Singapore,2026-03-28,4.71,Active
D08756,Elizabeth Clark,Premium,Tampines,2026-01-21,4.34,Inactive
D08757,Clayton Hill,Sedan,Bishan,2022-08-10,3.6,Active
D08758,Robert Stewart,Hatchback,Bedok,2021-11-24,4.62,Active
D08759,Brittany Jackson,Electric,Yishun,2024-11-29,3.77,Active
D08760,Frank Hurst,MPV,Toa Payoh,2026-04-20,4.7,Active
D08761,Patrick Collins,MPV,Woodlands,2022-07-31,4.17,Active
D08762,Martin Combs,Hatchback,Singapore,2022-10-29,4.55,Active
D08763,Jennifer Villa,Sedan,Yishun,2024-04-06,4.39,Active
D08764,Ernest Torres,Electric,Yishun,2021-11-15,4.17,Active
D08765,Mathew Martinez,Electric,Toa Payoh,2020-08-12,3.76,Active
D08766,Heather Schmidt,Electric,Bedok,2024-05-29,4.79,Inactive
D08767,Susan Lopez,Sedan,Bishan,2025-02-22,4.09,Suspended
D08768,Abigail Ramos,MPV,Punggol,2020-04-20,4.9,Active
D08769,Dylan Roman,Premium,Punggol,2021-01-27,3.61,Active
D08770,Kaitlyn Brown,Premium,Ang Mo Kio,2019-01-14,4.55,Active
D08771,Ryan Nelson,Premium,Bedok,2023-08-15,3.97,Active
D08772,William Huffman,Electric,Toa Payoh,2026-04-15,4.53,Active
D08773,Duane Cobb,SUV,Bishan,2024-06-08,3.95,Active
D08774,April Barnes,Sedan,Woodlands,2021-11-06,3.85,Active
D08775,Cody Jones MD,Premium,Yishun,2024-03-28,3.96,Active
D08776,Cory Mckee,Premium,Yishun,2024-11-17,3.62,Active
D08777,Edward Lin,Sedan,Ang Mo Kio,2021-05-29,3.63,Active
D08778,Alison Gonzalez,SUV,Bishan,2022-04-02,3.86,Active
D08779,Fernando Farrell,Sedan,Woodlands,2021-09-21,4.3,Active
D08780,Dr. Janet Landry DDS,Electric,Yishun,2023-05-27,3.54,Active
D08781,Dana Bailey,Sedan,Yishun,2021-10-28,4.27,Active
D08782,Thomas Oconnor,Hatchback,Punggol,2022-07-24,3.56,Active
D08783,Donald Doyle,Premium,Jurong,2024-05-20,4.0,Active
D08784,Stephen Stone,SUV,Jurong,2021-03-08,4.97,Active
D08785,Gina Phillips,SUV,Punggol,2022-12-07,3.54,Active
D08786,Rose Peters,SUV,Tampines,2021-07-13,3.86,Active
D08787,Amanda Pineda,MPV,Ang Mo Kio,2022-08-12,4.06,Active
D08788,Kelli Klein,Electric,Bedok,2025-07-17,4.17,Active
D08789,Peter Perez,Premium,Woodlands,2021-07-31,4.2,Active
D08790,Nicole Heath,Electric,Tampines,2022-04-06,4.67,Active
D08791,Steven Brown,Hatchback,Toa Payoh,2022-09-11,3.53,Active
D08792,Kristine Johnson,Electric,Singapore,2024-06-16,3.69,Active
D08793,Deborah Spears,Hatchback,Toa Payoh,2022-04-26,3.58,Active
D08794,Sean Vega,SUV,Punggol,2022-04-08,4.38,Active
D08795,Robert Conrad,Electric,Bedok,2024-10-10,4.74,Active
D08796,Jackie Smith,SUV,Bedok,2024-08-07,4.07,Active
D08797,Timothy Brewer,Hatchback,Singapore,2024-03-11,4.14,Active
D08798,Amy Mason,MPV,Bishan,2019-06-22,4.64,Active
D08799,Amy Fisher,Premium,Bishan,2026-03-27,4.74,Active
D08800,Vanessa Brown,SUV,Punggol,2019-04-22,4.69,Active
D08801,Jeremy Cook,Electric,Tampines,2020-01-20,4.69,Active
D08802,Michelle Martinez,Premium,Bishan,2025-09-15,3.65,Active
D08803,Monica Moore,MPV,Bishan,2023-07-12,4.02,Active
D08804,Michael Johnson,MPV,Toa Payoh,2020-05-04,4.79,Active
D08805,Thomas Davenport,SUV,Punggol,2019-08-31,4.05,Active
D08806,Jason Sheppard,MPV,Jurong,2022-10-18,4.34,Active
D08807,Tracy Reed,SUV,Tampines,2022-03-12,3.66,Active
D08808,Michael Rivera,Hatchback,Toa Payoh,2022-09-10,3.52,Active
D08809,Christy Mercado,Premium,Tampines,2023-02-22,3.96,Active
D08810,Calvin Banks,SUV,Yishun,2022-09-04,4.07,Active
D08811,Anthony Leonard,Sedan,Yishun,2019-10-19,4.09,Active
D08812,Emily Sweeney,Sedan,Bedok,2021-10-28,3.96,Active
D08813,David Ramsey,SUV,Jurong,2023-08-23,4.11,Active
D08814,Joseph Jones,Premium,Ang Mo Kio,2024-05-28,4.24,Inactive
D08815,Michelle Kelly,Hatchback,Bishan,2022-08-28,3.99,Active
D08816,Perry Robinson,Sedan,Toa Payoh,2019-09-07,4.83,Active
D08817,Julia Coleman,Electric,Ang Mo Kio,2022-11-01,3.51,Inactive
D08818,Debra Sharp,SUV,Bishan,2020-01-14,3.55,Active
D08819,Jose Ross,SUV,Singapore,2023-01-27,3.68,Inactive
D08820,Adam Henry,Electric,Tampines,2021-01-26,4.53,Active
D08821,Dwayne Baker,MPV,Jurong,2019-03-02,3.92,Active
D08822,Thomas Gonzalez,MPV,Bishan,2026-06-02,4.78,Active
D08823,Anna Clark,Sedan,Jurong,2024-06-14,4.1,Suspended
D08824,Amy Gonzalez,SUV,Bishan,2019-02-13,4.15,Active
D08825,Lori Mason,SUV,Singapore,2020-07-17,4.98,Active
D08826,Jaclyn French,MPV,Ang Mo Kio,2022-09-30,4.14,Active
D08827,Bobby Keller,Sedan,Bishan,2022-08-30,3.98,Active
D08828,Kyle Ray,Premium,Jurong,2023-08-25,4.12,Active
D08829,Tamara Harris,Hatchback,Toa Payoh,2019-06-11,4.29,Active
D08830,Mallory Rubio,Premium,Ang Mo Kio,2019-07-08,3.81,Active
D08831,Nicholas Rivera,SUV,Tampines,2024-03-03,4.04,Active
D08832,Raymond White,MPV,Tampines,2022-04-15,3.9,Active
D08833,Jose Wright,SUV,Singapore,2019-11-13,4.35,Active
D08834,Tammy Ramirez,Electric,Punggol,2024-09-14,3.92,Active
D08835,Mario Caldwell,Sedan,Singapore,2019-07-26,4.2,Active
D08836,Andrea Barnes,MPV,Yishun,2018-11-18,4.42,Active
D08837,Nicholas Arellano,MPV,Bishan,2023-04-30,3.87,Active
D08838,Shannon Snow,Electric,Jurong,2021-03-17,3.96,Active
D08839,Mitchell Moody,SUV,Ang Mo Kio,2024-09-15,3.72,Active
D08840,Sara Zimmerman,Hatchback,Tampines,2020-08-27,4.01,Active
D08841,James Carter,Electric,Singapore,2020-01-13,3.59,Active
D08842,Kyle Krueger,SUV,Bishan,2020-05-26,4.15,Inactive
D08843,Gary Mendoza,SUV,Yishun,2021-01-15,3.99,Active
D08844,Faith Hood,Premium,Tampines,2019-02-21,3.66,Active
D08845,Christine Fuller,SUV,Jurong,2020-08-13,3.89,Active
D08846,Jennifer Davis,SUV,Ang Mo Kio,2024-07-12,4.75,Active
D08847,Megan Rodriguez,Premium,Bishan,2018-09-02,4.94,Active
D08848,Andrew Williams,Premium,Bishan,2025-08-20,4.61,Active
D08849,Alex Glass Jr.,MPV,Punggol,2025-09-23,4.36,Active
D08850,Mark White,MPV,Bedok,2019-10-08,3.84,Active
D08851,Benjamin Hernandez,Electric,Tampines,2023-12-30,4.0,Active
D08852,Andrew Mahoney,Hatchback,Tampines,2026-03-27,4.88,Active
D08853,Dennis Miller,Premium,Toa Payoh,2021-09-02,3.62,Active
D08854,Arthur Smith,Premium,Tampines,2021-12-26,4.94,Active
D08855,Cynthia Ruiz,MPV,Bedok,2019-11-17,3.83,Active
D08856,Seth Mora,Premium,Tampines,2020-10-29,4.62,Active
D08857,Joseph Brown,Sedan,Toa Payoh,2026-06-17,4.88,Active
D08858,Sarah Dunlap,Electric,Punggol,2021-02-08,4.39,Active
D08859,Alejandro Bennett,Hatchback,Tampines,2026-02-27,4.06,Active
D08860,Judy Padilla,Hatchback,Bishan,2023-09-29,4.17,Active
D08861,Steven Pope,Sedan,Toa Payoh,2020-03-03,4.61,Active
D08862,Victoria Rasmussen,Premium,Toa Payoh,2023-05-28,4.45,Active
D08863,Michelle Lucas,Sedan,Yishun,2026-03-30,4.37,Active
D08864,Brian Alexander,SUV,Bishan,2023-06-18,4.02,Active
D08865,Leslie Lopez,Electric,Punggol,2018-10-21,4.35,Active
D08866,Robert Mcbride,Sedan,Bedok,2019-07-29,4.34,Active
D08867,Jacob Ramos,Hatchback,Jurong,2020-04-11,3.75,Active
D08868,Cameron Kelley,Electric,Jurong,2022-03-18,4.9,Active
D08869,John Peters,Sedan,Singapore,2022-09-29,3.94,Active
D08870,Whitney Hubbard,Electric,Woodlands,2025-10-16,4.53,Active
D08871,Sarah Bishop,Premium,Punggol,2018-11-08,4.52,Active
D08872,Ryan Smith,MPV,Singapore,2026-05-09,4.13,Active
D08873,Julia Arias,Hatchback,Singapore,2019-09-27,3.67,Active
D08874,Christian Avila,Premium,Yishun,2019-08-16,3.99,Active
D08875,Donna Matthews,Hatchback,Punggol,2026-04-20,4.99,Active
D08876,Kimberly Jones,MPV,Toa Payoh,2020-02-18,4.71,Active
D08877,Lisa Caldwell,MPV,Toa Payoh,2019-06-27,4.07,Active
D08878,Nicholas Cunningham,SUV,Bedok,2018-08-12,4.83,Suspended
D08879,Robert Ellis DVM,Sedan,Yishun,2025-06-22,4.66,Inactive
D08880,Eileen Velez,SUV,Singapore,2023-04-13,4.22,Active
D08881,Tiffany Bullock,Sedan,Woodlands,2020-01-08,4.17,Active
D08882,Seth Walker,Premium,Bishan,2024-02-15,4.14,Active
D08883,Eric Robbins,Premium,Bishan,2025-08-12,4.89,Active
D08884,Ross Villa,Hatchback,Jurong,2024-04-24,4.93,Active
D08885,Raymond Munoz,Electric,Ang Mo Kio,2019-07-11,4.46,Active
D08886,Caitlin Hodges,Sedan,Jurong,2025-09-05,3.56,Active
D08887,Valerie Wang,Sedan,Toa Payoh,2020-01-19,4.55,Active
D08888,Melissa Yang,Premium,Singapore,2023-02-08,3.91,Active
D08889,Kiara Young,Electric,Ang Mo Kio,2023-09-18,4.4,Suspended
D08890,Julia Black,Hatchback,Yishun,2021-06-16,4.11,Active
D08891,Christine Bennett,SUV,Yishun,2023-07-19,3.59,Active
D08892,Steven Lewis,Electric,Tampines,2020-04-02,4.18,Active
D08893,Jennifer Roberts,MPV,Bishan,2019-07-02,4.68,Active
D08894,Claudia Hahn,Premium,Toa Payoh,2023-05-27,4.83,Active
D08895,Kelly Rose,MPV,Bedok,2025-08-06,3.56,Active
D08896,Ryan Jones,Electric,Jurong,2024-07-19,3.98,Active
D08897,Paul Jones,SUV,Singapore,2025-09-21,4.39,Active
D08898,Jeanette Gray,Hatchback,Yishun,2025-04-09,3.9,Active
D08899,Troy Wilson,MPV,Woodlands,2019-01-19,3.68,Active
D08900,Tara Odonnell,Hatchback,Jurong,2023-01-15,4.02,Active
D08901,Jeremiah Richardson,MPV,Singapore,2019-11-02,4.56,Active
D08902,Michael Aguilar,Hatchback,Punggol,2024-06-11,3.89,Active
D08903,Haley Jones,SUV,Bishan,2026-04-05,4.92,Active
D08904,Rachael Cruz,MPV,Ang Mo Kio,2021-11-02,4.25,Active
D08905,Joseph Hodges,MPV,Toa Payoh,2023-09-04,3.72,Active
D08906,Zachary Collins,Electric,Bishan,2023-09-18,4.14,Active
D08907,Laurie Terrell,Premium,Bishan,2020-09-05,4.9,Active
D08908,Jonathan Torres,SUV,Yishun,2023-10-21,4.75,Active
D08909,Mary Burton,Electric,Bishan,2022-10-17,4.06,Active
D08910,Pamela Bishop,Hatchback,Tampines,2021-03-29,3.65,Active
D08911,Janet Cunningham,Electric,Toa Payoh,2019-07-16,4.08,Active
D08912,David Ramirez,Hatchback,Punggol,2023-06-15,3.92,Active
D08913,Marissa Cook,Premium,Ang Mo Kio,2023-11-29,4.83,Active
D08914,Michele Ryan,SUV,Woodlands,2024-02-16,3.75,Active
D08915,Robin Hunter,Sedan,Punggol,2020-12-30,4.71,Active
D08916,Robert Carroll,Hatchback,Punggol,2022-10-08,4.4,Active
D08917,Robert Wagner,MPV,Bishan,2021-09-30,4.75,Active
D08918,Bryan Pennington,Electric,Jurong,2026-01-01,4.12,Active
D08919,Andrew Washington,Sedan,Jurong,2022-02-23,3.64,Active
D08920,Andrew Stone,MPV,Yishun,2026-07-13,3.86,Active
D08921,Lindsay Kidd,Sedan,Bishan,2023-02-14,4.41,Active
D08922,Debra Mitchell,SUV,Tampines,2026-02-08,3.55,Active
D08923,Larry Brady,MPV,Toa Payoh,2019-12-21,4.55,Active
D08924,Joseph Smith,Hatchback,Yishun,2020-09-04,3.66,Active
D08925,Stephanie White,MPV,Bedok,2025-02-24,4.58,Active
D08926,Douglas Jones,Electric,Tampines,2020-10-26,4.23,Active
D08927,Megan Scott,Hatchback,Yishun,2023-09-12,4.86,Suspended
D08928,Mary Farmer,Hatchback,Bishan,2021-11-19,3.93,Inactive
D08929,Angela Crawford,Electric,Ang Mo Kio,2023-02-18,4.99,Active
D08930,Amanda Payne,Hatchback,Woodlands,2018-10-27,3.98,Active
D08931,Julia Kent,Sedan,Toa Payoh,2021-07-26,4.13,Active
D08932,Frances Murray,Sedan,Bedok,2022-02-02,3.95,Active
D08933,Donna Murray,SUV,Woodlands,2019-06-11,4.44,Active
D08934,Dylan Lopez,SUV,Ang Mo Kio,2024-10-31,4.63,Active
D08935,Gary Baker,Sedan,Yishun,2022-03-27,4.34,Active
D08936,Michael Byrd,Premium,Woodlands,2022-01-10,4.08,Active
D08937,Samantha Walker,MPV,Tampines,2026-06-16,4.57,Active
D08938,Stephen Welch,Hatchback,Woodlands,2021-05-01,4.1,Active
D08939,Daniel Blevins,Premium,Ang Mo Kio,2018-09-18,4.16,Active
D08940,Andrew Lambert,Hatchback,Woodlands,2020-01-03,3.51,Inactive
D08941,Cody Nichols,MPV,Bedok,2026-05-19,4.82,Active
D08942,Rebecca Johnson,Premium,Toa Payoh,2022-07-12,3.94,Active
D08943,Deborah Mendez,SUV,Jurong,2019-04-17,4.85,Active
D08944,Carmen Bridges,MPV,Bedok,2026-02-02,4.17,Inactive
D08945,Robert Hall,Premium,Yishun,2022-10-26,4.05,Active
D08946,John Brown,MPV,Punggol,2022-12-11,4.87,Active
D08947,Jessica Vega,Electric,Jurong,2025-01-29,3.95,Active
D08948,Jesse Christensen,Hatchback,Bishan,2024-12-30,4.34,Active
D08949,Jennifer Stephens,Hatchback,Woodlands,2019-04-24,3.82,Active
D08950,Kristen Bates,SUV,Tampines,2019-05-15,4.42,Active
D08951,Mallory Williams,Premium,Yishun,2020-07-08,3.99,Active
D08952,Larry Hernandez,MPV,Bishan,2024-06-27,4.69,Active
D08953,Russell Parker,Sedan,Tampines,2025-01-14,3.53,Active
D08954,Claudia Ho,Sedan,Toa Payoh,2023-07-31,4.67,Active
D08955,Karen Rosario,SUV,Yishun,2020-06-10,3.53,Inactive
D08956,Connor Ramirez,MPV,Tampines,2019-04-04,3.99,Active
D08957,Sharon Mclaughlin,MPV,Woodlands,2023-06-14,4.81,Active
D08958,Daniel Chavez,Hatchback,Tampines,2025-06-21,4.3,Active
D08959,Emily Atkins,Premium,Punggol,2026-01-14,4.91,Active
D08960,David White,MPV,Ang Mo Kio,2023-08-08,3.93,Active
D08961,Julie Williams,Electric,Ang Mo Kio,2018-08-20,4.31,Active
D08962,Stephen Lewis,SUV,Yishun,2018-08-21,4.38,Active
D08963,Peter Hester,Electric,Punggol,2020-05-15,3.51,Active
D08964,Victoria Hernandez,Electric,Tampines,2020-06-09,4.94,Active
D08965,Philip Kim,Premium,Ang Mo Kio,2025-09-28,4.37,Active
D08966,Jason Ferguson,MPV,Bedok,2019-01-24,4.85,Active
D08967,Theresa Smith,Electric,Bishan,2019-02-22,4.38,Active
D08968,Eddie Todd,Electric,Bishan,2020-03-12,4.92,Active
D08969,Cameron Smith MD,Sedan,Tampines,2024-11-24,4.71,Active
D08970,Victoria Williams,MPV,Punggol,2020-01-17,3.85,Active
D08971,Brent Hunter,Sedan,Punggol,2021-01-28,4.19,Active
D08972,Terri Franklin,Hatchback,Punggol,2021-08-12,3.9,Active
D08973,Victoria Arias,MPV,Bedok,2024-03-26,4.74,Active
D08974,Jennifer Gonzalez,Hatchback,Ang Mo Kio,2021-06-05,4.81,Active
D08975,Tracey Waters,Electric,Tampines,2023-05-04,3.56,Active
D08976,David Jackson,Electric,Jurong,2020-05-07,4.05,Active
D08977,Elizabeth Wood,Electric,Woodlands,2024-04-02,3.72,Active
D08978,Patrick Blanchard,Hatchback,Ang Mo Kio,2018-12-21,3.82,Inactive
D08979,Christine Morton,Premium,Jurong,2024-07-14,4.45,Active
D08980,Adam Mills,Premium,Punggol,2022-09-02,4.17,Active
D08981,Mariah Jones,Electric,Bishan,2020-04-19,4.14,Active
D08982,Debra Contreras,Electric,Punggol,2026-06-13,4.35,Active
D08983,Gabriel Smith,MPV,Yishun,2019-04-07,4.68,Active
D08984,Jacob Gregory,MPV,Toa Payoh,2025-03-26,3.86,Inactive
D08985,Jared Terrell,Premium,Bedok,2019-12-17,4.73,Active
D08986,Amanda Weber,Electric,Bedok,2018-10-02,4.69,Active
D08987,David Howe,Electric,Toa Payoh,2021-09-26,3.52,Inactive
D08988,Eddie Sanders,Premium,Toa Payoh,2020-02-18,3.95,Inactive
D08989,Dustin Chan,Premium,Punggol,2020-06-24,4.8,Active
D08990,Deborah Davis,MPV,Woodlands,2021-08-01,4.86,Active
D08991,Tara Noble,Electric,Jurong,2020-02-06,4.17,Active
D08992,Michael Green,SUV,Ang Mo Kio,2022-07-24,4.14,Active
D08993,Kim Chaney,Hatchback,Woodlands,2025-12-15,4.73,Active
D08994,Donald Gray,Sedan,Ang Mo Kio,2024-10-07,4.48,Active
D08995,Mary Peterson,Hatchback,Woodlands,2022-07-15,4.67,Active
D08996,Joshua Simon,Sedan,Tampines,2021-04-26,3.53,Active
D08997,Anna Berry,Premium,Bedok,2023-07-03,4.91,Active
D08998,Jeffrey Cobb,Sedan,Ang Mo Kio,2024-03-20,3.53,Active
D08999,Thomas Stone,Premium,Singapore,2024-03-28,3.59,Active
D09000,David Rojas,MPV,Toa Payoh,2021-06-12,3.65,Active
D09001,Scott Ross,Hatchback,Punggol,2025-05-01,4.58,Active
D09002,Victor Welch,Hatchback,Ang Mo Kio,2024-10-04,3.99,Active
D09003,Luis Harmon,SUV,Jurong,2024-12-24,3.52,Active
D09004,Laura Houston,SUV,Toa Payoh,2022-08-28,3.92,Active
D09005,Duane Smith,Electric,Singapore,2019-05-23,4.12,Active
D09006,Colleen Walker,Hatchback,Punggol,2020-08-20,3.79,Active
D09007,Kevin Robinson,Sedan,Bedok,2023-05-22,4.14,Active
D09008,Jennifer Wilcox DVM,MPV,Jurong,2022-03-22,4.91,Active
D09009,Sharon Odom,Hatchback,Bedok,2026-01-28,4.48,Active
D09010,Scott Klein,SUV,Yishun,2021-06-04,3.99,Active
D09011,Margaret Gilbert,Hatchback,Bedok,2026-01-24,3.62,Active
D09012,Nicholas Benson,Hatchback,Singapore,2020-07-10,4.43,Inactive
D09013,Beverly Heath,SUV,Ang Mo Kio,2020-11-16,3.83,Active
D09014,Heidi Flowers,Hatchback,Bedok,2023-06-10,4.07,Active
D09015,Omar Hobbs,Hatchback,Yishun,2023-11-14,3.87,Active
D09016,Joshua Anthony,Hatchback,Yishun,2023-07-27,4.3,Active
D09017,Edward Knox,Premium,Toa Payoh,2021-02-21,3.51,Active
D09018,Diana Davis,Sedan,Yishun,2023-11-27,4.91,Active
D09019,Ashley Mosley,SUV,Punggol,2024-12-29,4.1,Active
D09020,Angel Collins,SUV,Yishun,2026-05-20,3.9,Active
D09021,Melanie Mcdowell,Electric,Singapore,2025-03-09,3.5,Active
D09022,Jenny Reyes,Premium,Bedok,2020-02-01,3.61,Inactive
D09023,Kelly Bryan,Hatchback,Yishun,2021-10-12,3.9,Active
D09024,Charles Burnett,Sedan,Bishan,2023-06-06,4.02,Active
D09025,Dustin Webb,Electric,Ang Mo Kio,2023-10-04,4.58,Active
D09026,James Richardson,SUV,Woodlands,2022-09-10,4.41,Active
D09027,Marcus Moore,Hatchback,Ang Mo Kio,2024-11-01,3.51,Active
D09028,Clinton Blackwell,SUV,Toa Payoh,2021-05-22,3.88,Active
D09029,Savannah Robles,Sedan,Ang Mo Kio,2020-05-18,4.78,Active
D09030,Melanie Wallace,MPV,Singapore,2026-05-30,4.46,Active
D09031,Elizabeth Washington,MPV,Bishan,2023-09-12,3.71,Active
D09032,Amanda Mahoney,Hatchback,Bishan,2022-03-29,4.33,Active
D09033,Erin Harvey,SUV,Ang Mo Kio,2018-09-26,4.18,Active
D09034,Carlos Martinez,Electric,Singapore,2021-05-28,4.7,Inactive
D09035,Elizabeth Ibarra,SUV,Ang Mo Kio,2021-08-25,4.12,Active
D09036,Duane Sims,Sedan,Woodlands,2022-06-16,5.0,Active
D09037,Christopher Bishop,Electric,Jurong,2024-03-19,4.73,Active
D09038,Lindsay Anderson,Premium,Tampines,2024-12-05,3.65,Active
D09039,Denise Peterson,Electric,Jurong,2022-06-08,4.91,Active
D09040,Mark Barnes,Hatchback,Bishan,2024-11-10,4.25,Active
D09041,Joel Davis,Premium,Punggol,2019-10-31,4.49,Active
D09042,Julie Walker,Sedan,Bishan,2025-02-05,4.26,Active
D09043,Carrie Gray,Electric,Yishun,2024-12-10,3.53,Active
D09044,Carl Woods,MPV,Yishun,2019-09-08,3.7,Active
D09045,Lawrence Russell,Premium,Bedok,2018-08-17,4.0,Active
D09046,Eric Garcia,Hatchback,Bedok,2021-03-14,4.01,Inactive
D09047,Brandon Melendez,Premium,Tampines,2021-11-27,4.66,Active
D09048,John Phillips,Premium,Ang Mo Kio,2026-05-18,4.77,Inactive
D09049,Jennifer Johnson,Premium,Toa Payoh,2025-08-19,4.24,Active
D09050,Laura Wagner,Hatchback,Bedok,2024-07-04,3.91,Active
D09051,Donna Rasmussen,MPV,Jurong,2026-06-18,4.99,Active
D09052,Brandon Mercado,SUV,Yishun,2021-06-24,4.14,Active
D09053,Shane Johnson,Electric,Singapore,2025-02-24,3.78,Active
D09054,Lucas Jones,Premium,Woodlands,2019-11-02,4.43,Active
D09055,Lindsey Holmes,Sedan,Tampines,2020-10-16,4.57,Active
D09056,Adriana Fuller,Sedan,Tampines,2024-03-07,3.63,Active
D09057,Kevin Stanton,Premium,Toa Payoh,2024-02-05,4.71,Active
D09058,Brittany Johnson,Hatchback,Tampines,2021-01-02,3.74,Active
D09059,Micheal Mcpherson,Premium,Bishan,2022-01-11,3.62,Active
D09060,Ashley Morrison,SUV,Woodlands,2026-04-27,3.9,Active
D09061,Sarah Lucas,Electric,Punggol,2021-03-13,4.49,Active
D09062,Jessica Mueller,Premium,Bishan,2026-02-06,4.28,Inactive
D09063,Katrina Clark,Sedan,Jurong,2022-03-12,4.14,Active
D09064,Ricardo White,Hatchback,Singapore,2021-03-28,4.96,Active
D09065,Ashlee Harris,Sedan,Jurong,2019-02-15,4.8,Active
D09066,Karen Copeland,Premium,Jurong,2024-07-12,3.63,Active
D09067,Mario Downs,MPV,Toa Payoh,2026-02-18,4.45,Active
D09068,Jamie Gibson,Electric,Woodlands,2021-04-21,3.97,Active
D09069,Erica Clark,Premium,Bishan,2020-03-27,4.76,Active
D09070,Cheryl Williams,Hatchback,Bedok,2022-05-02,4.53,Active
D09071,Monica Decker,Sedan,Yishun,2018-08-02,5.0,Active
D09072,Russell Yang,MPV,Ang Mo Kio,2022-08-08,4.18,Active
D09073,Tyler Stanton,Premium,Woodlands,2021-04-11,4.95,Active
D09074,Jonathan Smith,Premium,Ang Mo Kio,2023-01-24,4.3,Active
D09075,Jeffrey Hayes,Sedan,Singapore,2026-04-26,4.64,Active
D09076,Michael Cook,Premium,Bedok,2024-10-01,3.54,Active
D09077,Mike Gill,Sedan,Toa Payoh,2018-08-15,3.81,Active
D09078,Mason Le,Premium,Bedok,2022-07-04,4.45,Active
D09079,Ray Carlson,MPV,Bishan,2021-10-01,4.53,Active
D09080,Todd Gonzalez,Hatchback,Jurong,2020-01-17,4.26,Active
D09081,Maria Taylor,Sedan,Jurong,2019-06-09,4.61,Active
D09082,Catherine Hart,Sedan,Punggol,2023-12-03,3.68,Active
D09083,Lisa Jackson,MPV,Woodlands,2025-01-04,3.88,Active
D09084,Andrea Bradley,Hatchback,Punggol,2023-05-05,4.37,Active
D09085,Tracy Garrett,Sedan,Ang Mo Kio,2025-05-03,4.81,Active
D09086,Michelle Bell,Electric,Toa Payoh,2025-07-06,4.34,Active
D09087,Charles Gonzales,Sedan,Bishan,2024-11-02,4.16,Active
D09088,Cody Cochran,Electric,Punggol,2026-03-03,4.83,Active
D09089,Juan Spencer,Sedan,Tampines,2022-07-10,4.44,Active
D09090,Adrian Rodriguez,Hatchback,Bedok,2026-07-16,4.57,Active
D09091,Michael Dunlap,Hatchback,Woodlands,2020-05-11,3.56,Inactive
D09092,Erica Patel,Hatchback,Ang Mo Kio,2022-09-02,3.96,Active
D09093,Christopher Villarreal,SUV,Jurong,2019-01-11,3.96,Active
D09094,Kevin Collins,Sedan,Tampines,2022-10-08,4.03,Inactive
D09095,Nicholas Ross,Premium,Bishan,2023-06-05,4.56,Active
D09096,Holly Lynch,Electric,Ang Mo Kio,2024-07-26,4.43,Active
D09097,Michelle Romero,SUV,Toa Payoh,2025-09-08,3.78,Active
D09098,Amber Hood,MPV,Ang Mo Kio,2021-04-29,4.53,Active
D09099,James White,Sedan,Woodlands,2019-08-31,4.26,Inactive
D09100,David Brown,Hatchback,Punggol,2026-06-25,3.98,Active
D09101,Jacqueline Serrano,Electric,Jurong,2023-10-01,3.54,Active
D09102,Christopher Pratt,SUV,Punggol,2018-08-01,4.06,Active
D09103,Kaitlyn Mosley,SUV,Punggol,2021-05-22,4.97,Inactive
D09104,Kelli Johnson,Premium,Woodlands,2019-10-14,3.78,Active
D09105,Krystal Johnson,Hatchback,Bishan,2026-05-08,4.93,Active
D09106,Kevin Miranda,Electric,Yishun,2022-09-12,4.87,Active
D09107,Jessica Torres,Hatchback,Jurong,2021-10-26,4.4,Inactive
D09108,Alyssa Johnson,Electric,Singapore,2025-01-16,4.49,Active
D09109,Eric Williams,Premium,Woodlands,2022-04-14,4.24,Active
D09110,Christy Sandoval,Premium,Bedok,2024-08-01,3.71,Active
D09111,Kylie Padilla,Sedan,Bedok,2021-09-24,3.55,Active
D09112,Vanessa Moore,SUV,Yishun,2022-06-20,3.73,Active
D09113,Kenneth Kelley,Sedan,Punggol,2023-02-28,3.98,Active
D09114,Erik Green,SUV,Bedok,2022-01-18,4.08,Active
D09115,Kelly Reynolds,MPV,Singapore,2024-11-17,3.7,Active
D09116,Michael Mccullough,Hatchback,Bedok,2023-03-26,3.87,Active
D09117,Ryan Ewing,Hatchback,Yishun,2023-07-21,4.43,Active
D09118,Karen Thomas,SUV,Jurong,2019-05-22,3.68,Inactive
D09119,Dwayne Newton,Premium,Jurong,2023-12-23,4.61,Active
D09120,Catherine Herman,Premium,Bishan,2021-10-31,3.59,Active
D09121,Joan Wilson,Premium,Bedok,2022-05-14,4.97,Active
D09122,Brian Savage,MPV,Woodlands,2022-12-11,3.62,Active
D09123,Stephen Snyder,SUV,Yishun,2018-10-31,4.21,Active
D09124,Brenda Ryan,Electric,Ang Mo Kio,2026-07-20,4.04,Active
D09125,Glenda Rodriguez,Hatchback,Bedok,2025-10-18,4.38,Active
D09126,John Martinez,Sedan,Tampines,2018-09-04,4.72,Active
D09127,Gary Anderson,Sedan,Bishan,2020-07-20,4.31,Active
D09128,Maria Wallace,Electric,Woodlands,2021-07-08,4.02,Active
D09129,Michelle Whitaker,Premium,Bishan,2019-05-15,4.78,Active
D09130,Carl Davidson,Sedan,Jurong,2026-04-04,3.83,Active
D09131,Patrick Freeman,MPV,Singapore,2021-07-19,3.79,Active
D09132,Kyle Gomez,Premium,Punggol,2025-12-30,4.92,Active
D09133,Barbara Graves,MPV,Woodlands,2025-02-18,4.19,Active
D09134,Cheryl Walker,Electric,Yishun,2022-10-26,4.72,Active
D09135,Brandon Butler,SUV,Toa Payoh,2024-05-25,3.57,Active
D09136,Hannah Lee,SUV,Tampines,2026-07-15,3.74,Active
D09137,Carol Thomas,SUV,Woodlands,2022-03-13,4.08,Active
D09138,Jessica Webb,Premium,Tampines,2020-09-25,3.98,Active
D09139,Lawrence Ochoa,Electric,Bishan,2020-10-04,4.96,Active
D09140,Meghan Chambers,Premium,Punggol,2025-11-17,4.27,Active
D09141,George Hall,MPV,Singapore,2020-10-30,4.79,Active
D09142,Kevin Kemp,MPV,Yishun,2022-11-03,4.17,Active
D09143,Brian Klein,Electric,Bishan,2022-10-24,4.13,Active
D09144,Ana Powers,Hatchback,Ang Mo Kio,2025-12-23,3.94,Active
D09145,Patrick Kelly,MPV,Singapore,2024-10-08,4.32,Active
D09146,Candice Huerta,MPV,Jurong,2020-05-20,4.8,Active
D09147,Veronica Beck,Hatchback,Singapore,2024-04-04,4.65,Active
D09148,Amy Lopez,Sedan,Bishan,2023-07-02,3.83,Active
D09149,Amy Tucker,Hatchback,Toa Payoh,2020-03-27,3.75,Active
D09150,Christopher Parsons,Hatchback,Bishan,2025-03-03,3.9,Active
D09151,Marc Ball,Hatchback,Bishan,2023-01-25,4.62,Active
D09152,Autumn Davis,Hatchback,Ang Mo Kio,2020-04-19,3.56,Active
D09153,Gary Silva,Premium,Singapore,2024-08-12,3.92,Active
D09154,James Freeman,Electric,Jurong,2019-03-05,3.66,Active
D09155,Michelle George,SUV,Singapore,2025-10-12,4.96,Active
D09156,Michael Brooks,Hatchback,Tampines,2020-08-30,4.79,Active
D09157,Christopher Simpson,Hatchback,Bedok,2020-12-26,3.73,Active
D09158,Laura Fernandez,SUV,Yishun,2025-11-09,4.17,Active
D09159,Justin Rogers,SUV,Bedok,2019-08-07,4.55,Active
D09160,Gabriella Wallace,Sedan,Yishun,2019-11-01,3.95,Active
D09161,Roger Pierce,Hatchback,Singapore,2023-04-03,4.15,Active
D09162,Tina Pennington,MPV,Yishun,2018-10-04,4.48,Active
D09163,Crystal Rhodes,SUV,Jurong,2025-09-22,4.34,Active
D09164,Kimberly Coleman,Sedan,Bishan,2023-12-04,3.81,Active
D09165,Michael Hill,Sedan,Ang Mo Kio,2022-05-11,4.72,Active
D09166,Jacqueline Murphy,Premium,Bedok,2024-07-15,4.1,Active
D09167,George Logan,MPV,Toa Payoh,2025-12-25,3.85,Active
D09168,Kiara Rodriguez,Hatchback,Toa Payoh,2024-11-26,4.6,Active
D09169,Wendy Sellers,SUV,Singapore,2022-09-02,3.78,Active
D09170,Mary Cross,SUV,Punggol,2025-05-13,4.35,Active
D09171,Travis Barajas,Premium,Punggol,2019-12-23,3.68,Active
D09172,Sherry Barber,Premium,Tampines,2020-02-17,4.3,Inactive
D09173,Dominic Cooper,Sedan,Bedok,2024-07-06,4.48,Active
D09174,Richard Hill,Hatchback,Singapore,2020-12-27,4.07,Inactive
D09175,Earl Martin,MPV,Bedok,2023-09-21,3.74,Active
D09176,Christopher Bell,Hatchback,Jurong,2021-05-30,4.25,Active
D09177,Jeffrey Obrien,Premium,Ang Mo Kio,2020-05-12,4.72,Active
D09178,Ellen Young,Hatchback,Yishun,2021-12-02,3.76,Active
D09179,Charles Nichols,SUV,Punggol,2024-05-23,4.12,Active
D09180,Jennifer Martin,Sedan,Bedok,2020-07-05,3.78,Active
D09181,Grant Garcia,Electric,Bedok,2021-08-04,4.07,Active
D09182,Scott Jones,MPV,Singapore,2023-04-29,4.86,Active
D09183,Victoria Morgan,Sedan,Jurong,2018-10-31,4.22,Active
D09184,Adam Walker,Electric,Jurong,2018-11-06,3.93,Active
D09185,Thomas Davis,Electric,Singapore,2023-08-05,4.57,Active
D09186,Joseph English,SUV,Bishan,2024-05-05,3.82,Active
D09187,Amanda Conway,Hatchback,Jurong,2025-03-18,3.87,Active
D09188,Laura Myers,Electric,Bedok,2024-11-05,3.72,Active
D09189,Charles Brewer,SUV,Ang Mo Kio,2025-02-05,4.85,Inactive
D09190,Daniel Ellis,Premium,Ang Mo Kio,2025-09-15,4.85,Active
D09191,Jackie Collins,SUV,Toa Payoh,2020-03-16,4.24,Active
D09192,Sarah West,Electric,Woodlands,2024-05-23,3.57,Active
D09193,Debra Johnson,Hatchback,Bishan,2018-11-10,3.87,Active
D09194,Jason Hunt,Sedan,Yishun,2019-12-16,4.48,Active
D09195,Benjamin Rodriguez,Hatchback,Tampines,2020-10-03,3.59,Active
D09196,Carlos Hawkins,MPV,Ang Mo Kio,2021-09-07,3.68,Active
D09197,David Case,Electric,Woodlands,2021-08-28,4.92,Active
D09198,Justin Aguilar,Hatchback,Bishan,2022-02-08,4.98,Active
D09199,Peter Johnson,Sedan,Bishan,2021-03-24,4.54,Active
D09200,Rachel Miller,SUV,Tampines,2021-08-24,4.07,Active
D09201,Jon George,Premium,Bedok,2021-12-01,3.76,Active
D09202,Jonathan Romero,Sedan,Jurong,2025-10-22,4.87,Active
D09203,Stephen Patterson,Sedan,Ang Mo Kio,2026-06-20,4.34,Active
D09204,Kristen Davis,SUV,Bishan,2024-03-27,3.76,Active
D09205,Beth Robles,Hatchback,Tampines,2026-04-04,3.66,Active
D09206,Stacey Rosales,MPV,Jurong,2020-03-09,4.52,Active
D09207,Mary Smith,Electric,Woodlands,2022-09-15,4.17,Active
D09208,Brittany Stewart,MPV,Ang Mo Kio,2022-06-01,4.49,Active
D09209,Jessica Diaz,Electric,Singapore,2018-08-10,4.14,Active
D09210,Robin Roberts,SUV,Singapore,2021-10-27,3.85,Active
D09211,Richard Graves,Electric,Bishan,2020-07-24,4.36,Active
D09212,Jesse Torres,SUV,Singapore,2026-03-10,4.15,Active
D09213,Mike Johnson,Electric,Yishun,2024-06-20,4.72,Active
D09214,Lance Morrison,Hatchback,Punggol,2022-10-07,4.31,Active
D09215,Dr. Christopher Mcpherson DVM,Sedan,Tampines,2025-02-06,4.83,Active
D09216,Christopher Rodriguez,Hatchback,Punggol,2026-05-09,4.95,Active
D09217,Maria Jensen,SUV,Tampines,2022-01-08,4.05,Active
D09218,Robin Mitchell,Premium,Ang Mo Kio,2025-06-26,4.61,Active
D09219,Marvin Anderson,MPV,Jurong,2021-10-13,3.82,Active
D09220,Joshua Haney,Hatchback,Toa Payoh,2021-01-05,4.54,Active
D09221,Taylor Harmon,Electric,Punggol,2024-08-05,4.67,Active
D09222,Kevin Alexander,Premium,Ang Mo Kio,2020-11-19,3.54,Active
D09223,Michael Sanchez,Electric,Bishan,2019-09-19,3.63,Active
D09224,Amanda Perez,Hatchback,Ang Mo Kio,2026-02-01,4.88,Active
D09225,Deanna Thompson,Premium,Bishan,2025-11-18,4.14,Active
D09226,Nicole Walters,Sedan,Punggol,2023-03-13,4.95,Active
D09227,Natalie Taylor,Sedan,Tampines,2023-04-02,4.37,Active
D09228,Jeremy Ward,Electric,Bedok,2024-11-29,4.02,Active
D09229,Amanda Wilkerson,Electric,Bishan,2026-03-13,4.11,Active
D09230,Tyler Bell,SUV,Bishan,2021-08-11,3.82,Inactive
D09231,Kelsey Lee,Electric,Tampines,2025-08-03,3.54,Active
D09232,Ashley Anderson,Sedan,Woodlands,2025-07-14,4.85,Active
D09233,Christopher Hampton,Hatchback,Yishun,2019-05-22,3.59,Active
D09234,Jordan Parrish,Hatchback,Toa Payoh,2019-03-13,4.79,Active
D09235,Andrea Hubbard,Sedan,Singapore,2019-08-26,3.95,Suspended
D09236,Jerry Padilla,Premium,Bedok,2026-02-21,3.66,Inactive
D09237,Aaron Rangel,Sedan,Ang Mo Kio,2022-10-13,3.75,Active
D09238,Jesse Velez,Sedan,Toa Payoh,2025-10-17,4.51,Active
D09239,Patricia Hancock,Sedan,Singapore,2019-02-15,3.57,Active
D09240,Mason Freeman,Electric,Bishan,2023-02-04,4.28,Active
D09241,Michelle Cunningham,SUV,Yishun,2026-07-25,3.91,Active
D09242,Sarah Burke,Hatchback,Yishun,2020-02-08,4.38,Active
D09243,Madison Smith,Hatchback,Bishan,2022-04-15,4.26,Active
D09244,Jonathan Williams,MPV,Yishun,2026-05-14,4.34,Active
D09245,Alexis Woods,Sedan,Tampines,2019-03-19,4.18,Suspended
D09246,Dorothy Davis,MPV,Ang Mo Kio,2020-02-13,4.95,Active
D09247,Lisa Hunt,Electric,Woodlands,2025-06-19,4.58,Active
D09248,Kelly Tran,Sedan,Yishun,2023-04-28,3.9,Inactive
D09249,Joseph Jensen,Electric,Tampines,2019-02-06,4.94,Suspended
D09250,Chloe Martinez DDS,MPV,Jurong,2021-04-04,4.56,Active
D09251,Patrick Butler,Sedan,Toa Payoh,2021-11-28,3.67,Active
D09252,David Morgan,Hatchback,Tampines,2025-12-17,4.34,Active
D09253,Mario Hughes,Premium,Punggol,2026-02-09,4.44,Active
D09254,Elizabeth Johnson,Premium,Jurong,2026-03-30,4.79,Active
D09255,Sarah Cox,Sedan,Singapore,2023-03-18,4.72,Inactive
D09256,Michael Stone,Sedan,Yishun,2022-10-01,3.79,Active
D09257,Victoria Wilson,Hatchback,Bedok,2018-10-09,4.92,Active
D09258,Victor Thompson,Electric,Bedok,2022-12-08,4.44,Active
D09259,Carla Grimes,Sedan,Tampines,2019-06-09,3.68,Active
D09260,Carl Rosales,Hatchback,Singapore,2021-02-10,3.56,Active
D09261,Benjamin Hendricks,MPV,Tampines,2026-07-12,3.94,Active
D09262,Mrs. Lindsey Haney,MPV,Punggol,2021-10-30,4.02,Active
D09263,Shawn Hopkins,MPV,Punggol,2023-08-28,4.66,Active
D09264,Kaitlyn Fowler,SUV,Ang Mo Kio,2024-03-23,4.97,Active
D09265,Chelsea Mathews,Electric,Bishan,2026-03-13,4.57,Active
D09266,David Hernandez,MPV,Tampines,2025-03-06,4.11,Active
D09267,Marco Washington,Premium,Woodlands,2024-08-11,4.01,Inactive
D09268,Ashley Martinez,Hatchback,Bedok,2022-05-24,3.6,Active
D09269,Robert Mayer,Sedan,Woodlands,2018-11-10,4.5,Inactive
D09270,Andrea Anderson,MPV,Tampines,2024-09-18,4.56,Inactive
D09271,Richard Davis,SUV,Tampines,2021-09-03,3.95,Active
D09272,Grace Robinson,Sedan,Yishun,2024-05-06,4.28,Active
D09273,Ryan Landry,Hatchback,Jurong,2022-12-10,3.65,Active
D09274,Brian Mccormick,SUV,Singapore,2020-11-24,3.54,Active
D09275,Walter Carroll,SUV,Ang Mo Kio,2021-04-05,3.54,Active
D09276,Erika Williams,Electric,Bedok,2023-11-17,4.47,Active
D09277,Melissa Kennedy,Premium,Tampines,2024-05-19,4.16,Active
D09278,Daisy Williams,MPV,Bedok,2022-03-27,3.64,Active
D09279,Keith Nguyen,Hatchback,Ang Mo Kio,2020-10-29,3.81,Active
D09280,Victoria Cunningham,MPV,Ang Mo Kio,2022-05-06,4.59,Active
D09281,Ronnie Weiss,Premium,Bedok,2021-02-23,4.35,Active
D09282,Shannon Barajas,MPV,Bishan,2022-09-16,4.65,Active
D09283,Janice Wilson,Premium,Woodlands,2021-01-26,3.63,Active
D09284,Richard Reid,MPV,Toa Payoh,2026-02-06,3.63,Active
D09285,Susan Rodriguez,MPV,Bedok,2019-04-09,3.99,Active
D09286,Johnny Berry,MPV,Toa Payoh,2025-10-09,4.8,Active
D09287,Jason Rodriguez,Hatchback,Tampines,2021-06-11,3.76,Active
D09288,Jasmin Robinson,MPV,Woodlands,2021-07-13,3.83,Active
D09289,Anna Jones MD,Sedan,Bedok,2023-10-20,4.44,Active
D09290,Abigail Yu,MPV,Bishan,2020-04-21,3.61,Active
D09291,Michael Robinson,Sedan,Ang Mo Kio,2021-11-01,4.99,Active
D09292,Connor Wilson,Sedan,Bishan,2025-10-29,4.24,Active
D09293,Brandon Rodriguez,Premium,Woodlands,2025-10-06,3.79,Active
D09294,Robin Fleming,Hatchback,Yishun,2020-08-24,3.91,Active
D09295,Kelli Bailey,Sedan,Jurong,2024-05-10,3.84,Active
D09296,Renee Schmidt,MPV,Ang Mo Kio,2020-05-20,3.9,Active
D09297,Bradley White,Electric,Bedok,2019-02-08,4.34,Inactive
D09298,Sara Gonzalez,Electric,Jurong,2018-10-21,4.08,Active
D09299,Vanessa Thomas,Hatchback,Jurong,2020-05-24,4.52,Active
D09300,Bradley King,Premium,Bedok,2024-01-29,4.86,Active
D09301,Jeffrey Oconnor,SUV,Woodlands,2025-11-02,4.26,Active
D09302,Abigail Jackson,SUV,Bishan,2025-12-21,4.59,Active
D09303,Lauren Davis,Hatchback,Toa Payoh,2025-05-04,4.2,Active
D09304,Andrea Adams,SUV,Bishan,2019-09-11,3.72,Inactive
D09305,Connor Griffin,Electric,Tampines,2018-11-22,4.39,Active
D09306,Dr. Sharon Huynh,Sedan,Jurong,2025-10-31,4.28,Active
D09307,Megan Little,Hatchback,Bishan,2018-10-09,3.8,Active
D09308,Jason Duncan,MPV,Bedok,2019-09-12,4.31,Inactive
D09309,Samuel Melton,MPV,Bishan,2018-10-31,4.74,Active
D09310,Preston Williams,Hatchback,Bedok,2022-12-29,4.02,Active
D09311,Ethan Villegas,MPV,Yishun,2024-04-17,4.81,Active
D09312,Samantha Cruz,Sedan,Woodlands,2018-08-20,3.71,Active
D09313,Donald Adams,MPV,Bishan,2020-06-24,3.52,Active
D09314,Pamela Douglas,Hatchback,Woodlands,2020-12-26,4.09,Active
D09315,Mary Lynch,Premium,Punggol,2021-05-10,4.27,Active
D09316,Jeremy Gamble,MPV,Singapore,2026-07-26,4.07,Active
D09317,Jason Hughes,MPV,Yishun,2021-11-29,3.96,Active
D09318,Jessica Tanner,Hatchback,Punggol,2022-02-23,4.59,Suspended
D09319,Richard Smith,Sedan,Punggol,2026-05-27,4.95,Active
D09320,Nancy Martin,Sedan,Toa Payoh,2021-09-06,4.1,Active
D09321,John Miller,Hatchback,Bishan,2023-09-28,3.61,Active
D09322,Michael Cooper,Sedan,Singapore,2023-05-09,4.74,Active
D09323,Sarah Adams,Electric,Bishan,2023-06-15,3.66,Active
D09324,Christopher Yu,Sedan,Jurong,2020-09-05,4.27,Active
D09325,Dave Thomas,Electric,Bishan,2020-10-01,4.27,Active
D09326,Jordan Harmon,Electric,Jurong,2019-06-11,4.16,Active
D09327,Mr. Joseph Carney DDS,Electric,Tampines,2024-05-17,4.71,Active
D09328,Margaret Mckee,Sedan,Bishan,2019-04-22,4.25,Active
D09329,Austin Moore,Hatchback,Singapore,2019-03-21,3.56,Active
D09330,Darren Hanson,SUV,Toa Payoh,2019-08-08,4.5,Active
D09331,Mindy Davenport,Sedan,Singapore,2020-11-21,4.44,Active
D09332,Olivia Pineda,Sedan,Punggol,2025-07-26,4.09,Active
D09333,Devin Berger,MPV,Bishan,2021-05-22,3.87,Inactive
D09334,William Bryan,Premium,Tampines,2018-12-09,3.69,Active
D09335,Thomas Bryan MD,Premium,Tampines,2024-06-01,4.25,Active
D09336,Alicia Velasquez,Sedan,Bishan,2022-12-26,4.16,Active
D09337,Austin Hale,Electric,Woodlands,2025-02-02,4.83,Active
D09338,Douglas Cox,Hatchback,Ang Mo Kio,2020-03-02,4.82,Suspended
D09339,Debbie Gomez,Sedan,Singapore,2025-08-18,4.04,Active
D09340,Teresa Sosa,Premium,Singapore,2023-06-15,4.22,Inactive
D09341,Meredith Mercer,Premium,Punggol,2024-08-24,4.82,Active
D09342,Sheila Flowers,SUV,Toa Payoh,2023-12-16,4.53,Active
D09343,Mark Tyler,Electric,Toa Payoh,2024-11-07,4.65,Active
D09344,Kenneth Smith,Hatchback,Yishun,2025-05-25,4.14,Active
D09345,Jeremy Mills,Premium,Yishun,2020-08-26,3.81,Active
D09346,William Blevins,SUV,Jurong,2019-09-04,4.7,Active
D09347,Anthony Perry,Hatchback,Ang Mo Kio,2019-03-05,4.33,Active
D09348,Richard Nguyen,Hatchback,Bishan,2020-08-14,3.89,Active
D09349,Daniel Nicholson,Premium,Woodlands,2020-04-01,4.58,Active
D09350,Rebekah Durham,Sedan,Bedok,2025-11-27,3.79,Active
D09351,Christopher Short,MPV,Toa Payoh,2024-05-07,3.75,Active
D09352,Jonathan Miller,MPV,Woodlands,2022-12-16,4.92,Active
D09353,Robert Smith,Hatchback,Singapore,2021-05-21,3.73,Active
D09354,Andrea Bowen,Hatchback,Toa Payoh,2023-11-02,4.52,Active
D09355,Gloria Todd,Hatchback,Bishan,2024-12-02,4.06,Inactive
D09356,Kristi Allen,Sedan,Woodlands,2023-11-21,3.99,Suspended
D09357,William Miller,Sedan,Jurong,2023-10-30,4.68,Active
D09358,Heather Weaver,Hatchback,Punggol,2020-04-11,4.8,Active
D09359,Michael Powell,Sedan,Punggol,2024-09-21,4.16,Active
D09360,Janice Howard,Electric,Bedok,2023-03-04,4.43,Active
D09361,Joseph Paul,MPV,Woodlands,2018-09-24,4.5,Active
D09362,Christina Parrish,Premium,Jurong,2019-11-11,4.44,Active
D09363,Bruce Hamilton,Hatchback,Bishan,2023-03-23,3.93,Inactive
D09364,Michelle Hobbs,Hatchback,Bishan,2025-04-14,4.41,Active
D09365,Alicia Nelson,MPV,Jurong,2025-08-08,4.02,Active
D09366,Mrs. Catherine Hutchinson,MPV,Punggol,2018-08-09,4.66,Active
D09367,Matthew Lawrence,Sedan,Toa Payoh,2023-02-04,3.88,Active
D09368,Courtney Smith DDS,Hatchback,Singapore,2019-09-10,4.47,Active
D09369,Daniel Jordan,Electric,Ang Mo Kio,2019-09-16,4.21,Inactive
D09370,Robert Carson,Premium,Bishan,2020-09-04,4.64,Active
D09371,Gerald Roberts,SUV,Jurong,2023-06-12,4.18,Active
D09372,Timothy Taylor,Premium,Jurong,2023-03-01,3.56,Active
D09373,Katie Fuller,Premium,Jurong,2021-01-23,4.03,Active
D09374,Carolyn Evans,Electric,Singapore,2023-02-11,3.76,Active
D09375,Christopher Rodriguez,Hatchback,Toa Payoh,2019-10-19,4.63,Active
D09376,Manuel Garza,MPV,Toa Payoh,2018-08-11,4.62,Active
D09377,Alyssa Salas,Electric,Toa Payoh,2024-08-22,4.84,Active
D09378,Daniel Mcbride,SUV,Woodlands,2022-02-12,4.82,Active
D09379,Tracey Lopez,Electric,Ang Mo Kio,2021-01-17,4.95,Active
D09380,Marcus Larson,Premium,Singapore,2023-07-11,4.6,Active
D09381,Kimberly Boyle,Electric,Bishan,2026-06-20,4.88,Active
D09382,Jacob Griffin,Electric,Yishun,2025-12-25,4.46,Active
D09383,Mark Kemp,Premium,Jurong,2019-05-28,4.62,Active
D09384,John Cordova,Premium,Bishan,2025-01-27,3.68,Active
D09385,Phyllis Ellis,Electric,Jurong,2021-12-18,3.53,Active
D09386,Paul Sherman,SUV,Punggol,2025-01-25,4.99,Active
D09387,Nathan Fisher,MPV,Punggol,2021-11-15,4.8,Active
D09388,Sarah Velasquez,Sedan,Yishun,2018-09-27,4.39,Active
D09389,Lauren Cardenas,Electric,Tampines,2025-04-01,3.8,Active
D09390,Cynthia Norris,SUV,Woodlands,2023-09-14,3.74,Active
D09391,Alicia Silva,Premium,Yishun,2019-10-21,3.56,Active
D09392,Jack Wilson,Sedan,Tampines,2022-07-19,3.64,Active
D09393,Jonathan Harvey,MPV,Woodlands,2020-08-17,3.64,Active
D09394,Michael Smith,Electric,Singapore,2018-08-08,3.95,Active
D09395,Isaiah Hernandez,Electric,Toa Payoh,2020-08-06,4.54,Active
D09396,April West,Hatchback,Yishun,2022-03-26,4.16,Active
D09397,Mike Jones,SUV,Bishan,2021-06-20,3.65,Active
D09398,Denise Cooley,Sedan,Yishun,2022-08-24,4.72,Inactive
D09399,Joseph Delgado,Electric,Bedok,2024-06-23,4.08,Active
D09400,Donna Brown,Sedan,Toa Payoh,2022-08-01,3.8,Active
D09401,John Herring,Hatchback,Tampines,2025-11-21,4.4,Active
D09402,Stanley Wu,Sedan,Bedok,2021-05-24,3.77,Active
D09403,Gerald Elliott,Sedan,Tampines,2024-06-24,3.9,Active
D09404,Danielle Lawson,Electric,Bedok,2023-10-01,3.81,Active
D09405,Gordon Garrett,SUV,Bishan,2026-06-05,4.84,Active
D09406,Bryan Cervantes,Premium,Singapore,2026-04-12,4.34,Active
D09407,Brittany Acosta,Hatchback,Yishun,2018-12-04,4.95,Active
D09408,David Fuentes,Sedan,Tampines,2020-03-11,4.8,Active
D09409,Anne Mahoney,Sedan,Ang Mo Kio,2020-10-30,4.38,Active
D09410,Tyler Fletcher,Sedan,Bedok,2020-01-02,4.57,Inactive
D09411,Steven Young,MPV,Bedok,2025-03-12,4.81,Active
D09412,Kathy Diaz,SUV,Punggol,2022-01-17,4.48,Active
D09413,Lori Perez,Premium,Tampines,2019-09-11,4.92,Active
D09414,Rodney Lawson,SUV,Yishun,2021-07-21,4.06,Active
D09415,Elizabeth Thompson,Sedan,Singapore,2018-08-22,4.08,Active
D09416,Judith Mcguire,Sedan,Jurong,2022-02-02,3.71,Active
D09417,Bradley Riley,Sedan,Singapore,2026-02-16,4.65,Active
D09418,Brian Casey MD,Electric,Singapore,2020-09-07,4.86,Active
D09419,Steven Anderson,Sedan,Tampines,2021-04-24,3.87,Active
D09420,Crystal Blankenship,Sedan,Toa Payoh,2023-07-02,4.42,Active
D09421,Maria Case,Hatchback,Tampines,2021-12-29,4.5,Active
D09422,Jacob Gutierrez,Hatchback,Ang Mo Kio,2019-12-10,3.77,Active
D09423,Christopher Williams,Premium,Toa Payoh,2019-09-09,4.15,Active
D09424,Michael Hernandez,Sedan,Bishan,2019-02-14,4.93,Active
D09425,Melissa Blankenship,Premium,Singapore,2020-07-18,3.96,Active
D09426,Diana Palmer,MPV,Ang Mo Kio,2019-08-08,4.32,Active
D09427,Crystal Miller,Electric,Tampines,2023-09-24,4.26,Active
D09428,Mark Smith,Hatchback,Jurong,2018-10-07,4.7,Active
D09429,Dana Pennington,Hatchback,Tampines,2020-10-19,4.34,Inactive
D09430,Aaron Garcia,Premium,Ang Mo Kio,2020-08-12,4.89,Active
D09431,Alexandra Aguilar,Hatchback,Bishan,2021-11-29,3.68,Active
D09432,Kristina Wong,Premium,Toa Payoh,2022-10-07,3.79,Active
D09433,Jesus Clark,Sedan,Singapore,2023-06-04,4.92,Active
D09434,Lindsay Wood,SUV,Singapore,2022-04-04,3.7,Active
D09435,Jonathan Barker,Electric,Singapore,2018-11-28,4.78,Active
D09436,Selena Thomas,SUV,Punggol,2025-05-08,4.39,Active
D09437,Yolanda Hernandez,SUV,Yishun,2019-05-11,4.68,Active
D09438,Kathleen Roberts,Electric,Bishan,2020-03-18,4.95,Active
D09439,Deanna Rogers,MPV,Punggol,2025-06-23,3.77,Active
D09440,Amanda Martinez,Premium,Singapore,2022-09-22,3.61,Active
D09441,Samantha Mcbride,Electric,Ang Mo Kio,2022-09-12,4.78,Active
D09442,Lisa Carpenter,Electric,Bishan,2019-01-22,4.59,Active
D09443,Dylan Robertson,Premium,Tampines,2026-07-22,4.8,Active
D09444,Tyler Hill,SUV,Bishan,2019-06-02,4.6,Active
D09445,Michael Kaiser,Hatchback,Punggol,2024-12-28,4.9,Active
D09446,Brian Watson,Electric,Bedok,2019-11-27,3.74,Active
D09447,Shawn Porter,Premium,Bishan,2021-07-30,4.92,Active
D09448,Hannah Fleming,MPV,Toa Payoh,2020-01-21,4.79,Active
D09449,Stacey Kline,MPV,Punggol,2026-05-29,4.35,Active
D09450,Dawn Hawkins,Hatchback,Toa Payoh,2023-08-29,3.96,Active
D09451,Mr. David Blankenship,MPV,Jurong,2020-04-23,4.83,Active
D09452,Austin Cunningham,Premium,Tampines,2021-06-24,4.13,Active
D09453,Carly Pollard,Electric,Singapore,2019-06-07,4.34,Active
D09454,Denise Moran,Electric,Toa Payoh,2021-11-05,3.83,Active
D09455,Kimberly Pratt,Premium,Singapore,2019-11-29,3.62,Active
D09456,Albert Calderon MD,Sedan,Bedok,2024-02-13,4.18,Active
D09457,Phillip Thompson,Hatchback,Yishun,2018-10-15,3.91,Active
D09458,Charles Nelson,MPV,Singapore,2024-06-29,4.13,Active
D09459,Luis Potter,MPV,Punggol,2024-03-08,4.91,Active
D09460,Juan Ortiz,MPV,Ang Mo Kio,2020-12-21,4.06,Active
D09461,Michael Wood,Hatchback,Bishan,2022-12-17,4.94,Active
D09462,Mr. Bobby Mcfarland,MPV,Singapore,2020-02-29,3.88,Active
D09463,James Murphy,SUV,Ang Mo Kio,2022-05-31,4.47,Active
D09464,Morgan Wallace,Electric,Bishan,2020-03-13,3.5,Active
D09465,Kenneth Thomas,Sedan,Jurong,2026-01-08,4.96,Active
D09466,Joel Marsh,Hatchback,Punggol,2021-02-22,3.78,Active
D09467,Natasha Steele,Premium,Bishan,2023-12-21,4.66,Inactive
D09468,Elizabeth Hull,Sedan,Ang Mo Kio,2025-05-06,4.58,Active
D09469,Nicholas Perez,Premium,Punggol,2024-09-25,4.57,Active
D09470,Kelly Miller,Electric,Bishan,2022-08-11,4.64,Active
D09471,Jason Faulkner,Hatchback,Woodlands,2023-10-07,3.97,Active
D09472,Michael Sanchez,Premium,Tampines,2022-03-03,4.15,Active
D09473,Alexis Haney,Sedan,Bedok,2025-09-02,4.66,Suspended
D09474,Jose Mata,Electric,Bishan,2019-09-30,4.22,Active
D09475,Charles Baird,MPV,Toa Payoh,2024-08-23,4.82,Active
D09476,Marcia Murphy,Hatchback,Ang Mo Kio,2022-01-30,4.59,Active
D09477,Sean Alexander,Electric,Woodlands,2021-07-25,3.96,Inactive
D09478,Craig Powell,MPV,Woodlands,2018-12-09,4.7,Active
D09479,Trevor Zhang,Premium,Punggol,2019-03-19,3.76,Active
D09480,Kylie Rios,Electric,Toa Payoh,2024-06-06,4.52,Active
D09481,Emily Allen,MPV,Yishun,2020-01-04,4.14,Active
D09482,Felicia Hayden,SUV,Singapore,2024-03-08,3.68,Suspended
D09483,Ross Marquez,SUV,Bishan,2021-10-12,4.44,Active
D09484,Rebecca Flores,Electric,Toa Payoh,2026-07-12,4.69,Active
D09485,Victor Romero,Electric,Tampines,2025-04-21,4.84,Active
D09486,Cory Roberts,SUV,Bedok,2022-11-04,3.79,Active
D09487,Amber Smith,Hatchback,Bishan,2024-10-23,4.94,Active
D09488,Samuel Cooper,Hatchback,Punggol,2024-10-31,4.36,Active
D09489,Kimberly Leach,Premium,Punggol,2023-06-01,3.68,Active
D09490,Jeremy Peters,SUV,Bishan,2018-08-20,4.63,Active
D09491,Jeremy Stevens,Premium,Ang Mo Kio,2022-05-07,4.97,Active
D09492,Joe Lawson,SUV,Toa Payoh,2023-03-29,4.54,Active
D09493,Jason Black,Hatchback,Punggol,2024-06-30,3.81,Active
D09494,Jessica Brown,Electric,Bishan,2023-08-14,4.37,Active
D09495,Lauren Nelson,Hatchback,Toa Payoh,2026-03-08,3.54,Active
D09496,Laura Moore,Sedan,Bishan,2020-11-09,4.86,Active
D09497,Michael Johnson,Electric,Jurong,2023-03-16,4.71,Active
D09498,Eric Ford,SUV,Bishan,2020-03-17,4.8,Active
D09499,Lance Friedman,SUV,Bedok,2025-03-24,4.84,Active
D09500,Nicole Brown,Sedan,Ang Mo Kio,2021-05-21,4.93,Active
D09501,Mark Cardenas,Sedan,Bedok,2026-04-05,3.52,Active
D09502,Isaac Garcia,Hatchback,Toa Payoh,2025-11-03,4.62,Active
D09503,Kimberly Yates,SUV,Jurong,2021-12-15,4.45,Active
D09504,James Patel,SUV,Jurong,2023-01-14,4.07,Suspended
D09505,Paul Fuller,Electric,Jurong,2025-12-31,3.53,Active
D09506,Vincent Mcgee,Hatchback,Singapore,2025-06-30,4.35,Active
D09507,Michael Farrell,Electric,Toa Payoh,2021-10-08,4.64,Active
D09508,Aaron Graham,Premium,Punggol,2021-09-28,4.12,Active
D09509,Laura Elliott,Electric,Bishan,2022-08-18,4.63,Inactive
D09510,Benjamin Fields,SUV,Ang Mo Kio,2026-02-28,4.73,Active
D09511,Ashley Howard,SUV,Jurong,2021-06-07,4.95,Active
D09512,Sarah Tate,Hatchback,Punggol,2022-03-14,4.28,Active
D09513,Jill Small,SUV,Toa Payoh,2018-09-03,4.39,Active
D09514,Justin Jensen,Electric,Bedok,2021-02-01,4.37,Active
D09515,Anthony Pham,MPV,Punggol,2021-11-25,4.75,Active
D09516,James Allen,Electric,Ang Mo Kio,2026-02-14,3.59,Active
D09517,Dr. Ralph Diaz,SUV,Woodlands,2022-06-08,4.42,Active
D09518,Laura Evans,SUV,Tampines,2021-04-24,3.54,Active
D09519,Jim Hammond,Premium,Tampines,2025-02-09,4.93,Active
D09520,Danny Williams,Hatchback,Tampines,2026-02-04,4.09,Active
D09521,Joshua Hoffman,SUV,Ang Mo Kio,2022-11-27,4.27,Active
D09522,Rachel Bell,Premium,Bedok,2026-06-27,4.2,Active
D09523,Carolyn Ashley,Electric,Toa Payoh,2026-04-08,4.15,Active
D09524,Robert Wong,MPV,Yishun,2018-07-30,4.82,Active
D09525,Scott Nguyen,MPV,Woodlands,2023-10-14,4.88,Active
D09526,Misty Beasley,Premium,Bedok,2022-05-15,3.71,Active
D09527,Derek Lane,Premium,Singapore,2020-07-29,3.85,Active
D09528,Lisa Burgess,Electric,Bishan,2023-06-09,4.64,Active
D09529,Morgan Davis,Sedan,Ang Mo Kio,2020-04-24,3.67,Active
D09530,Charles Ball,Premium,Singapore,2025-11-25,4.25,Active
D09531,Steven Cummings,Hatchback,Ang Mo Kio,2021-01-28,4.92,Active
D09532,Lisa Crosby,MPV,Woodlands,2019-11-14,4.31,Active
D09533,Kevin Brady,SUV,Singapore,2019-11-20,4.2,Active
D09534,Steven Mills,Premium,Bedok,2023-02-14,3.72,Inactive
D09535,Kelly Petersen,SUV,Punggol,2021-04-08,4.82,Active
D09536,Mary Adams,Electric,Ang Mo Kio,2018-12-29,4.0,Active
D09537,Hunter Savage,MPV,Bishan,2021-12-23,4.95,Active
D09538,Tamara Thompson,Sedan,Ang Mo Kio,2024-08-13,4.12,Active
D09539,Randy Harvey,Electric,Toa Payoh,2025-03-21,4.01,Active
D09540,David Choi,MPV,Jurong,2019-12-16,3.61,Inactive
D09541,Elizabeth Miller,Premium,Punggol,2024-05-28,3.55,Active
D09542,Matthew Vasquez,Premium,Jurong,2024-12-16,4.64,Active
D09543,Elizabeth Martin,SUV,Tampines,2020-08-10,3.94,Active
D09544,Richard Barnett,MPV,Bishan,2025-11-06,3.68,Inactive
D09545,Matthew Whitney,Hatchback,Yishun,2026-02-23,4.51,Active
D09546,Charles Walker,Hatchback,Yishun,2022-07-26,4.2,Active
D09547,Stacey Lee,Electric,Singapore,2020-06-18,4.74,Active
D09548,Patrick Hart,Sedan,Toa Payoh,2022-01-29,4.22,Active
D09549,Eddie Waller,Hatchback,Woodlands,2025-10-25,4.14,Active
D09550,Joseph Bell,MPV,Tampines,2023-03-13,4.03,Active
D09551,Jasmine Martinez DDS,Hatchback,Toa Payoh,2025-08-01,4.43,Inactive
D09552,Teresa Norton,MPV,Tampines,2021-04-30,3.64,Active
D09553,Patricia Nguyen,Sedan,Bishan,2025-09-21,4.96,Active
D09554,Amber Christensen,Premium,Bedok,2026-05-14,4.16,Active
D09555,Stacey Elliott,MPV,Toa Payoh,2023-01-02,4.79,Active
D09556,Paul Santana,SUV,Ang Mo Kio,2025-07-10,4.18,Active
D09557,Timothy Rodriguez,Electric,Ang Mo Kio,2022-05-23,3.8,Suspended
D09558,Kimberly Gonzalez,Hatchback,Bishan,2020-06-06,4.06,Active
D09559,Martin Moore,Hatchback,Yishun,2020-06-25,4.09,Active
D09560,Brenda Castillo,Hatchback,Toa Payoh,2022-08-03,3.66,Active
D09561,Jasmine Bernard,Sedan,Bishan,2020-02-19,4.69,Active
D09562,Tiffany Gilbert,SUV,Yishun,2021-05-27,4.16,Active
D09563,Catherine Lee,SUV,Jurong,2026-03-16,4.14,Active
D09564,Erica Howard,SUV,Tampines,2022-10-30,3.78,Active
D09565,James Franklin,Electric,Punggol,2021-01-23,4.95,Active
D09566,Briana Gardner,MPV,Ang Mo Kio,2026-03-01,4.9,Active
D09567,Joel Harris,Premium,Toa Payoh,2024-08-24,4.95,Active
D09568,Nicholas Johnson,SUV,Singapore,2025-08-14,4.34,Active
D09569,Nicholas Rios,Electric,Punggol,2018-10-18,4.99,Active
D09570,Melissa Mitchell MD,MPV,Singapore,2023-06-11,4.04,Active
D09571,Ashley Martinez,Hatchback,Bedok,2023-11-27,4.13,Active
D09572,Connie Maldonado,SUV,Bedok,2022-07-27,3.94,Active
D09573,Randy Lewis,Premium,Yishun,2025-10-02,3.75,Active
D09574,Renee Reilly,Hatchback,Jurong,2023-05-27,4.25,Inactive
D09575,Justin Lucas,Premium,Punggol,2022-07-25,4.75,Active
D09576,Kiara Butler,Premium,Jurong,2021-09-14,4.03,Active
D09577,Daniel Smith,Hatchback,Bedok,2021-05-17,3.9,Active
D09578,Brandon Green,MPV,Yishun,2021-04-17,4.17,Active
D09579,Courtney Thomas,Electric,Toa Payoh,2020-12-02,5.0,Active
D09580,Danny Carr,Electric,Ang Mo Kio,2019-01-26,4.16,Active
D09581,Mrs. Mary Robinson,Premium,Tampines,2026-07-26,4.47,Active
D09582,Pamela Walters,Electric,Jurong,2023-11-28,4.97,Active
D09583,Jessica Brown,SUV,Woodlands,2019-06-23,4.39,Active
D09584,Jonathan Reyes,Sedan,Punggol,2023-03-29,3.97,Active
D09585,Tiffany Smith,Premium,Bedok,2021-03-05,4.54,Active
D09586,Christopher Donovan,Electric,Singapore,2019-06-23,3.89,Active
D09587,Andre Gray,SUV,Yishun,2020-12-28,4.96,Active
D09588,Thomas Wright,Hatchback,Bedok,2021-10-10,4.52,Active
D09589,Brittany Miller,MPV,Singapore,2022-08-21,3.52,Active
D09590,David Murphy,MPV,Jurong,2026-04-16,4.38,Active
D09591,Debra Robinson,MPV,Yishun,2018-11-28,4.88,Active
D09592,Steven Mcdowell,Premium,Bedok,2022-09-16,4.65,Active
D09593,Kelli Andrews,SUV,Singapore,2021-04-22,4.61,Active
D09594,Jaime Huerta,Electric,Bishan,2026-06-29,4.06,Active
D09595,Chelsea Silva,SUV,Bishan,2021-01-23,3.73,Active
D09596,Tamara Barnes,MPV,Jurong,2023-02-05,4.27,Active
D09597,Carolyn Evans,SUV,Yishun,2023-12-09,3.77,Active
D09598,Holly Novak,Sedan,Woodlands,2020-12-26,4.81,Active
D09599,Christopher Jackson,Hatchback,Punggol,2021-07-29,3.82,Active
D09600,Richard Austin,Hatchback,Yishun,2020-05-28,4.96,Active
D09601,Melissa Salas,Sedan,Singapore,2025-07-31,4.88,Active
D09602,Raymond Morgan,SUV,Tampines,2024-11-19,4.8,Active
D09603,Melissa Mercado,Electric,Punggol,2025-04-16,4.22,Active
D09604,Leslie Alexander,SUV,Ang Mo Kio,2026-02-23,4.87,Active
D09605,Katherine Brown,MPV,Bedok,2019-09-19,4.53,Active
D09606,Mary Coleman,Sedan,Bedok,2018-11-24,4.39,Inactive
D09607,Brittany Taylor,MPV,Woodlands,2025-03-04,4.3,Active
D09608,Aaron Thomas,MPV,Bishan,2023-12-15,4.66,Active
D09609,Joseph Guerrero,Sedan,Tampines,2025-09-05,3.95,Active
D09610,Robin Bates,Electric,Singapore,2025-07-30,4.24,Active
D09611,Cassandra Vazquez,MPV,Singapore,2021-07-14,4.3,Active
D09612,John Fry,MPV,Singapore,2021-11-17,4.64,Active
D09613,Susan White,SUV,Toa Payoh,2024-12-17,3.7,Active
D09614,Joshua Merritt,Sedan,Bishan,2023-10-12,4.52,Active
D09615,Keith Johnson,Sedan,Yishun,2024-05-16,4.48,Active
D09616,Amanda Weeks,Premium,Woodlands,2026-06-28,3.74,Active
D09617,Sara Pruitt,Premium,Woodlands,2022-05-06,4.46,Active
D09618,Kathryn Phillips,Hatchback,Woodlands,2022-09-20,5.0,Inactive
D09619,Cassandra Smith,SUV,Bedok,2025-02-17,4.25,Active
D09620,Matthew Stark Jr.,MPV,Ang Mo Kio,2024-10-09,3.95,Active
D09621,Joshua Miller,Hatchback,Punggol,2022-04-10,4.15,Active
D09622,Michael Davis,Electric,Woodlands,2024-11-25,3.89,Active
D09623,Thomas Sweeney,Sedan,Woodlands,2019-12-22,4.08,Active
D09624,Scott Werner,SUV,Bishan,2026-03-20,4.59,Active
D09625,Shannon Perez,MPV,Ang Mo Kio,2022-11-30,3.63,Active
D09626,Terri Kennedy,Electric,Punggol,2026-03-31,4.86,Active
D09627,Gerald Hansen,Electric,Jurong,2021-07-01,4.7,Inactive
D09628,Gabrielle Shaw,Sedan,Singapore,2021-10-12,4.14,Active
D09629,Deanna Patterson,Premium,Yishun,2024-03-20,3.6,Active
D09630,Brent Mcdonald,Sedan,Tampines,2022-02-05,3.99,Active
D09631,Dorothy Phelps,Premium,Ang Mo Kio,2019-12-25,4.69,Active
D09632,Casey Kelly,MPV,Bishan,2019-06-13,4.54,Active
D09633,Terry Jones,Sedan,Tampines,2026-01-23,3.7,Active
D09634,Maria Wells,Sedan,Yishun,2022-02-22,3.87,Active
D09635,Robert Oconnor,Sedan,Punggol,2019-06-02,4.33,Active
D09636,Sergio Nguyen,Hatchback,Jurong,2021-08-03,4.38,Active
D09637,Joseph Randolph,Sedan,Ang Mo Kio,2026-07-17,4.97,Active
D09638,Ashlee Rose,SUV,Toa Payoh,2023-04-21,3.83,Active
D09639,Sharon Cole,Hatchback,Punggol,2026-03-06,4.94,Active
D09640,Destiny Johnson,Sedan,Yishun,2022-05-06,4.6,Active
D09641,Denise Gill,Hatchback,Toa Payoh,2025-03-30,4.76,Active
D09642,Charles Smith,MPV,Bedok,2019-08-29,3.7,Active
D09643,Lauren Beltran,Hatchback,Woodlands,2023-05-27,4.52,Active
D09644,Lisa Brown,Hatchback,Woodlands,2020-03-17,3.81,Active
D09645,Amanda Clark,Electric,Tampines,2025-02-21,4.99,Active
D09646,James Nguyen,Sedan,Woodlands,2020-08-23,3.53,Active
D09647,Keith Nelson,SUV,Punggol,2026-01-12,4.24,Active
D09648,Anna Harris,Hatchback,Woodlands,2022-03-26,3.91,Active
D09649,Crystal Henderson,Premium,Toa Payoh,2021-08-27,4.72,Inactive
D09650,Gary Mills,Hatchback,Punggol,2024-06-29,4.05,Active
D09651,Jonathan Robbins,Premium,Jurong,2021-06-21,4.22,Active
D09652,Holly Patton,Hatchback,Woodlands,2023-04-04,3.99,Active
D09653,Charles Leblanc,Hatchback,Jurong,2023-12-22,3.84,Active
D09654,Christine Allen,Hatchback,Jurong,2022-02-08,4.6,Active
D09655,Emma Green,Sedan,Punggol,2026-01-24,4.79,Active
D09656,Steven Dean,SUV,Bishan,2022-11-01,4.14,Active
D09657,Larry Johnson,SUV,Ang Mo Kio,2018-08-22,4.31,Active
D09658,Amber Nguyen,Sedan,Singapore,2022-04-18,3.62,Inactive
D09659,Thomas Norton,MPV,Yishun,2019-09-03,3.87,Active
D09660,Teresa Chavez,Sedan,Jurong,2021-02-23,4.15,Inactive
D09661,Daniel Baker,Hatchback,Yishun,2023-12-15,4.46,Active
D09662,Jacqueline Garcia,MPV,Bedok,2019-08-12,3.68,Active
D09663,Christopher Sims,Electric,Singapore,2020-06-01,4.09,Active
D09664,Ian Pacheco,MPV,Toa Payoh,2019-10-11,4.07,Active
D09665,Christopher Clarke,Hatchback,Tampines,2019-11-29,4.81,Active
D09666,Gabriel Anderson,Premium,Singapore,2018-11-18,4.73,Active
D09667,Hannah Rodriguez,Premium,Toa Payoh,2023-02-20,4.94,Active
D09668,Tracy Ray,MPV,Jurong,2025-08-21,4.36,Active
D09669,Tony Lucero,Premium,Yishun,2023-12-28,4.96,Active
D09670,Tara Mueller,Electric,Tampines,2025-10-24,3.83,Active
D09671,Joseph Howard,SUV,Tampines,2022-10-09,3.57,Active
D09672,Shannon Jensen,Hatchback,Bedok,2020-12-31,3.76,Active
D09673,Carolyn Madden,Hatchback,Punggol,2024-08-30,3.69,Active
D09674,Brandi Lynch,Hatchback,Toa Payoh,2021-01-07,3.75,Active
D09675,Taylor Adams,SUV,Woodlands,2020-07-21,3.59,Active
D09676,Jonathan Hale,Hatchback,Yishun,2026-06-19,4.05,Active
D09677,James Ramos,Sedan,Ang Mo Kio,2026-05-03,4.46,Active
D09678,Aaron Jackson,Sedan,Bedok,2019-04-15,4.63,Active
D09679,Hannah Hill,Premium,Yishun,2021-11-16,4.28,Active
D09680,Jeremy Barker,SUV,Toa Payoh,2024-12-26,4.0,Active
D09681,Brian Bailey,Sedan,Punggol,2020-05-30,4.28,Active
D09682,Angela Perry,Sedan,Ang Mo Kio,2025-07-15,4.53,Inactive
D09683,Andrew Hernandez,SUV,Toa Payoh,2021-11-08,4.64,Active
D09684,Jessica Rose,Sedan,Ang Mo Kio,2023-07-17,4.4,Active
D09685,Tracy Fernandez,Electric,Bedok,2025-08-01,4.58,Active
D09686,Michelle Powell,Sedan,Woodlands,2018-09-14,4.97,Active
D09687,Sarah Daniel,SUV,Woodlands,2019-08-25,4.72,Active
D09688,Tracy Kim,Sedan,Toa Payoh,2018-08-07,3.65,Inactive
D09689,Thomas Franco,Sedan,Punggol,2022-03-05,3.99,Active
D09690,Ethan Harper,Sedan,Tampines,2021-05-17,4.99,Active
D09691,Sean Wilkinson,SUV,Bedok,2025-10-10,4.72,Active
D09692,Nathan Bailey,Sedan,Yishun,2019-04-15,3.86,Active
D09693,Jamie Goodwin,SUV,Ang Mo Kio,2023-08-17,3.54,Active
D09694,Mark Mitchell,Electric,Yishun,2021-02-27,3.63,Active
D09695,Jill Brooks,Hatchback,Tampines,2019-10-29,4.49,Inactive
D09696,Anthony Gomez,Premium,Bedok,2026-02-14,4.14,Active
D09697,Gina Collier,Hatchback,Singapore,2024-01-06,3.68,Active
D09698,Cindy Salazar,Electric,Toa Payoh,2021-05-01,4.13,Active
D09699,Nicole Miller,SUV,Bishan,2019-09-08,4.47,Active
D09700,Sean Hernandez,Sedan,Bedok,2024-09-14,4.45,Active
D09701,Abigail Shaw,Electric,Bishan,2023-04-22,4.62,Active
D09702,Michael Miller,Hatchback,Toa Payoh,2025-01-14,3.67,Inactive
D09703,John Rivera,Electric,Toa Payoh,2020-04-05,4.42,Active
D09704,John Stephens,MPV,Tampines,2022-08-20,4.36,Active
D09705,Eduardo Rangel,SUV,Jurong,2024-03-05,4.99,Active
D09706,Joy Torres,Hatchback,Bishan,2020-10-31,3.98,Active
D09707,Ryan Powers,SUV,Bedok,2024-05-03,4.34,Active
D09708,Kathleen Young,Sedan,Tampines,2021-09-08,4.05,Active
D09709,Abigail Jones,SUV,Singapore,2023-09-16,3.74,Inactive
D09710,Kevin Weber Jr.,Electric,Punggol,2018-07-29,4.34,Active
D09711,David Smith,Premium,Toa Payoh,2024-09-01,3.77,Active
D09712,Jeffrey Green,MPV,Woodlands,2021-01-27,4.81,Active
D09713,Cheryl Johnson,Premium,Toa Payoh,2022-09-26,4.41,Active
D09714,Hunter Callahan,Hatchback,Ang Mo Kio,2022-12-17,3.96,Active
D09715,Lori Butler,Premium,Tampines,2024-11-12,3.59,Active
D09716,Robert Nguyen,Sedan,Jurong,2023-05-25,4.67,Active
D09717,Kevin Mcgee,Electric,Punggol,2020-02-24,4.71,Active
D09718,Antonio Walker,Hatchback,Bishan,2026-02-08,4.52,Active
D09719,Marcus Mays,Hatchback,Jurong,2022-03-23,4.19,Active
D09720,Travis Baker,SUV,Tampines,2019-09-14,4.52,Active
D09721,Summer Cobb,Premium,Ang Mo Kio,2023-01-07,4.23,Active
D09722,Jennifer Robinson,Hatchback,Woodlands,2024-10-01,4.04,Active
D09723,Austin Aguilar,SUV,Jurong,2024-09-12,4.4,Active
D09724,Aimee Walker,Sedan,Woodlands,2025-01-15,4.38,Active
D09725,Kelli Barker,SUV,Bedok,2024-06-17,3.98,Active
D09726,Mark Johnson,MPV,Tampines,2019-04-29,3.74,Active
D09727,Julie Sandoval,SUV,Bedok,2025-09-13,4.97,Active
D09728,Cynthia Decker,MPV,Tampines,2019-06-30,4.67,Active
D09729,Lindsey Smith,SUV,Bishan,2022-09-22,3.89,Active
D09730,Michelle Murray,Premium,Singapore,2021-09-25,4.67,Active
D09731,Kevin Mcbride,MPV,Tampines,2018-09-05,3.66,Active
D09732,Taylor Richards,Electric,Punggol,2018-12-15,4.46,Active
D09733,Dorothy Hurley,Hatchback,Woodlands,2018-09-26,4.36,Active
D09734,Jeremy Gilmore,Sedan,Jurong,2021-01-11,3.74,Active
D09735,Samantha Jones,SUV,Yishun,2022-04-22,4.0,Active
D09736,Kaitlin Johnson,MPV,Bishan,2021-04-16,4.93,Active
D09737,Joseph Day,Electric,Jurong,2026-07-06,3.85,Active
D09738,Taylor Long,SUV,Toa Payoh,2019-01-31,4.0,Active
D09739,Kayla Rojas,MPV,Toa Payoh,2019-01-15,4.99,Inactive
D09740,Nicole Campbell,SUV,Jurong,2019-04-05,3.99,Active
D09741,Taylor Scott,Hatchback,Ang Mo Kio,2026-07-20,4.97,Active
D09742,Meagan Lee,Sedan,Toa Payoh,2019-10-10,4.67,Active
D09743,Stephanie Pearson,Electric,Woodlands,2023-01-04,4.13,Inactive
D09744,Randall Lewis,Sedan,Bishan,2021-05-07,3.9,Active
D09745,Andrew Villanueva,Electric,Bedok,2024-07-27,3.77,Active
D09746,David Dorsey,Premium,Bishan,2025-10-03,3.82,Active
D09747,Jeremy Ritter,MPV,Tampines,2023-11-19,3.56,Active
D09748,Stephen Farrell,Electric,Singapore,2025-10-10,3.84,Active
D09749,Kenneth Trevino,Premium,Yishun,2018-11-28,3.99,Active
D09750,Misty Spence,Electric,Bedok,2022-06-13,4.95,Active
D09751,Michelle Lopez,Hatchback,Woodlands,2025-08-22,3.51,Active
D09752,Thomas Sellers,Sedan,Singapore,2020-06-17,4.4,Active
D09753,Melissa Cook,Premium,Ang Mo Kio,2024-03-28,3.93,Active
D09754,Jennifer Jackson,Premium,Ang Mo Kio,2019-07-05,3.83,Active
D09755,Morgan Miller,Hatchback,Yishun,2026-03-15,4.33,Active
D09756,Molly Bailey,MPV,Punggol,2020-07-06,3.67,Active
D09757,Ivan Wells,MPV,Bishan,2019-09-25,4.55,Active
D09758,Maria Jefferson,SUV,Bishan,2019-01-08,3.81,Active
D09759,Kimberly Vazquez,Hatchback,Woodlands,2018-11-12,4.1,Active
D09760,Mr. Brendan Miller,MPV,Yishun,2025-03-19,4.4,Active
D09761,Kelly Foley,Electric,Toa Payoh,2019-01-11,4.64,Suspended
D09762,George Thomas,Premium,Bishan,2020-02-14,3.88,Inactive
D09763,Donna James,SUV,Bedok,2021-02-07,4.53,Active
D09764,Nathan Kane,Sedan,Punggol,2026-06-19,4.21,Inactive
D09765,Jonathan Stewart,Electric,Ang Mo Kio,2019-10-20,3.82,Active
D09766,Kathleen Ryan,SUV,Ang Mo Kio,2020-06-11,4.98,Active
D09767,Isaiah Garza,MPV,Bedok,2026-01-14,3.61,Active
D09768,Jorge Mcdonald,Premium,Bishan,2022-01-16,4.69,Active
D09769,Vanessa Gomez,Premium,Singapore,2023-12-22,4.55,Active
D09770,Thomas Solis,Premium,Toa Payoh,2020-05-23,4.78,Active
D09771,Ashley Higgins MD,Electric,Jurong,2022-04-16,4.45,Active
D09772,Monica Flores,Electric,Tampines,2020-04-27,3.71,Active
D09773,Christopher Lambert,Sedan,Punggol,2025-02-20,3.84,Active
D09774,Curtis Castillo,SUV,Yishun,2026-05-14,3.87,Active
D09775,John Gonzalez,MPV,Punggol,2019-01-08,4.19,Inactive
D09776,Dr. Joshua Cruz,Sedan,Bedok,2026-05-21,4.55,Active
D09777,Samantha Morton,Hatchback,Punggol,2019-09-24,4.26,Active
D09778,Emily Neal,MPV,Ang Mo Kio,2019-09-18,4.97,Active
D09779,Allen Payne,MPV,Bishan,2020-02-24,4.63,Active
D09780,Cristina Powers,Premium,Singapore,2023-03-07,3.7,Active
D09781,Kimberly Garcia,Premium,Singapore,2023-10-01,4.27,Active
D09782,Lauren Castro,SUV,Yishun,2020-09-28,3.58,Active
D09783,Chad Mullen,Premium,Singapore,2019-12-07,3.97,Active
D09784,Brittany Frye,SUV,Punggol,2018-10-07,4.76,Active
D09785,Douglas Valencia,Sedan,Punggol,2019-07-12,4.07,Inactive
D09786,Raymond Thompson,Hatchback,Bedok,2023-03-13,4.62,Active
D09787,Lee Miller,Hatchback,Toa Payoh,2025-02-21,4.53,Active
D09788,Kaylee Sampson,Electric,Bishan,2025-08-20,4.56,Active
D09789,Daisy Riley,Hatchback,Jurong,2018-08-22,3.86,Inactive
D09790,John Smith,Hatchback,Bedok,2021-01-02,4.12,Active
D09791,Catherine Johnson,Hatchback,Bedok,2018-08-08,4.27,Active
D09792,Randall James,Hatchback,Bishan,2025-05-07,3.62,Active
D09793,Kara Gonzales,MPV,Woodlands,2021-06-27,4.89,Active
D09794,Wayne Sanders,Hatchback,Tampines,2019-06-22,4.45,Suspended
D09795,Mark Hatfield,Premium,Jurong,2021-05-10,4.7,Active
D09796,John Sparks,Hatchback,Yishun,2025-08-14,3.65,Active
D09797,Jessica Barton,Premium,Bishan,2024-01-14,3.84,Active
D09798,Alyssa Luna,Electric,Yishun,2019-02-09,3.98,Active
D09799,William Barrera,Electric,Punggol,2023-02-03,4.57,Active
D09800,Joan Garza,SUV,Jurong,2025-03-16,3.93,Active
D09801,Jimmy Francis,MPV,Punggol,2022-10-27,3.53,Suspended
D09802,Mark Walters,SUV,Woodlands,2026-03-27,3.81,Active
D09803,Natasha Burnett,MPV,Singapore,2025-10-31,4.56,Active
D09804,Nina Wiley,Sedan,Jurong,2018-11-26,4.02,Active
D09805,James Hill,Premium,Yishun,2019-09-07,4.04,Active
D09806,Theresa Butler,MPV,Bishan,2021-05-24,3.74,Active
D09807,Jacob Good,Premium,Woodlands,2026-01-14,4.9,Active
D09808,Julie Huffman,Hatchback,Jurong,2021-10-16,3.92,Active
D09809,Oscar Miller,Premium,Jurong,2023-10-07,3.8,Active
D09810,Jordan Carpenter,Electric,Yishun,2019-11-02,4.3,Inactive
D09811,Michael Evans,Premium,Bishan,2023-10-29,3.9,Active
D09812,Jason Butler,Electric,Punggol,2022-12-05,4.29,Active
D09813,Linda Barnes,Sedan,Woodlands,2026-01-04,4.45,Active
D09814,Christina Rivera,Electric,Ang Mo Kio,2026-05-09,4.9,Active
D09815,Joshua Blackwell,Hatchback,Bishan,2023-02-22,4.02,Active
D09816,Michael Mitchell,Electric,Bedok,2026-02-10,4.95,Active
D09817,Kathryn Carter,Sedan,Woodlands,2020-07-13,3.54,Active
D09818,Tracy Russell,Sedan,Bishan,2025-06-09,3.71,Active
D09819,Roberta Martin,SUV,Yishun,2025-06-16,4.36,Active
D09820,Julia Peterson,Hatchback,Woodlands,2021-06-25,3.69,Suspended
D09821,Joseph Phillips,Hatchback,Jurong,2020-10-22,4.93,Active
D09822,Dawn Nixon,Sedan,Woodlands,2018-09-26,4.49,Active
D09823,Amanda Johnson,Premium,Woodlands,2020-01-08,4.26,Inactive
D09824,Kenneth Gates,SUV,Jurong,2023-11-10,4.99,Active
D09825,Kimberly Manning,Hatchback,Bishan,2022-03-26,4.24,Active
D09826,Matthew Villanueva,MPV,Ang Mo Kio,2019-05-02,4.73,Active
D09827,Amanda Campbell,Sedan,Bedok,2018-07-29,3.93,Active
D09828,Suzanne Bryant,Electric,Bishan,2023-04-14,4.41,Inactive
D09829,Bradley Erickson,SUV,Jurong,2023-11-11,4.87,Active
D09830,Crystal Poole,MPV,Bedok,2019-10-09,3.89,Active
D09831,Jason Archer,Sedan,Yishun,2022-01-05,4.79,Active
D09832,Pamela Jenkins,SUV,Yishun,2023-04-15,3.76,Active
D09833,Jill Reed,SUV,Woodlands,2024-11-07,3.66,Active
D09834,Tammy Skinner,Sedan,Singapore,2022-06-26,3.71,Active
D09835,Haley Rollins,Hatchback,Singapore,2022-09-29,4.15,Active
D09836,Lisa Porter,Premium,Bishan,2020-03-02,3.69,Active
D09837,Sharon Williams,SUV,Yishun,2026-02-13,4.45,Active
D09838,Gerald Cooper,Hatchback,Woodlands,2025-11-05,4.54,Active
D09839,Frank Robertson,Sedan,Punggol,2023-06-30,4.13,Active
D09840,Cameron Douglas,Sedan,Jurong,2020-06-24,4.37,Active
D09841,Thomas Owens,Premium,Yishun,2019-03-30,4.92,Active
D09842,Barry Lee,SUV,Ang Mo Kio,2018-10-27,4.58,Inactive
D09843,Lisa Hall,Sedan,Singapore,2023-04-17,3.88,Active
D09844,Isaac Arias,Electric,Tampines,2019-02-07,3.9,Active
D09845,Rachel Thomas,Hatchback,Toa Payoh,2024-11-20,4.02,Active
D09846,Michael Contreras,Premium,Woodlands,2021-07-02,4.23,Inactive
D09847,Nicholas Munoz,Premium,Ang Mo Kio,2023-06-20,3.5,Active
D09848,Cynthia Lambert,Hatchback,Toa Payoh,2022-10-30,4.41,Active
D09849,Heather Perez,MPV,Toa Payoh,2021-10-15,4.72,Active
D09850,Hunter Tyler,Premium,Woodlands,2020-03-07,4.97,Suspended
D09851,Crystal Leblanc,SUV,Bedok,2026-03-26,4.26,Active
D09852,Peter Olson,MPV,Jurong,2020-08-21,4.9,Inactive
D09853,Daniel Douglas,Electric,Bishan,2024-03-09,4.1,Active
D09854,Ryan Miller,Premium,Ang Mo Kio,2019-04-19,3.76,Active
D09855,William Woodard,Premium,Woodlands,2024-05-13,4.5,Active
D09856,Barry Gordon,MPV,Punggol,2021-06-19,4.03,Active
D09857,Austin Davis,SUV,Tampines,2018-12-01,4.41,Active
D09858,David Kennedy,Electric,Woodlands,2020-07-06,3.59,Active
D09859,Kenneth Webb,Hatchback,Bishan,2024-06-30,3.75,Active
D09860,Theresa Anderson,Sedan,Woodlands,2022-07-09,4.26,Active
D09861,David Vasquez,Premium,Bedok,2019-09-16,4.35,Active
D09862,Adrian Marshall,Premium,Toa Payoh,2021-07-19,4.41,Inactive
D09863,Joseph Mcconnell,Hatchback,Toa Payoh,2026-02-08,4.32,Active
D09864,Cathy Nelson,SUV,Punggol,2019-08-22,4.85,Active
D09865,Brittany Howard,SUV,Ang Mo Kio,2023-01-03,4.84,Active
D09866,Hayley Thomas,Hatchback,Punggol,2019-10-13,3.51,Active
D09867,Dale Austin,Hatchback,Singapore,2020-07-02,4.15,Active
D09868,Haley Osborn,Premium,Woodlands,2019-08-26,3.88,Active
D09869,Teresa Schmidt,Electric,Toa Payoh,2025-08-11,4.18,Active
D09870,Sherri Henry,Sedan,Punggol,2026-01-18,4.01,Active
D09871,Christopher Long,SUV,Yishun,2019-06-28,3.97,Active
D09872,Justin Anderson,SUV,Jurong,2023-11-26,4.72,Active
D09873,Kyle Brown,Electric,Jurong,2021-01-20,3.79,Active
D09874,Jason Elliott,Sedan,Singapore,2026-02-26,4.47,Active
D09875,Catherine Hensley,Electric,Bishan,2019-02-25,4.45,Active
D09876,Michael Kennedy,Sedan,Ang Mo Kio,2019-07-04,4.62,Inactive
D09877,Deborah Townsend,MPV,Yishun,2021-11-22,4.52,Active
D09878,Christine Shaffer,Sedan,Bedok,2020-03-04,3.85,Active
D09879,Matthew Sellers,SUV,Bishan,2023-02-19,3.78,Active
D09880,William Thomas,Electric,Woodlands,2019-04-24,4.03,Active
D09881,Samuel Robinson,Sedan,Bishan,2019-11-26,4.67,Active
D09882,Sharon Bell,Premium,Ang Mo Kio,2021-09-09,4.59,Active
D09883,Jeffrey Johnson,MPV,Toa Payoh,2021-04-04,4.09,Inactive
D09884,Michael Porter,SUV,Bedok,2022-11-29,5.0,Active
D09885,Jennifer Montes,Hatchback,Tampines,2022-05-26,4.09,Active
D09886,Carolyn Townsend,Hatchback,Ang Mo Kio,2023-06-28,4.93,Active
D09887,Audrey Johnson,Electric,Bishan,2023-02-14,4.76,Active
D09888,Michael Sanders,SUV,Bishan,2023-10-22,3.8,Active
D09889,Leah Hendricks,Sedan,Punggol,2025-03-07,3.51,Active
D09890,George Gonzales,Sedan,Yishun,2019-10-10,4.42,Active
D09891,Michael Yang,SUV,Toa Payoh,2019-10-20,3.63,Active
D09892,Sarah Schmidt,MPV,Bishan,2018-12-18,4.33,Active
D09893,April Davis,MPV,Yishun,2021-08-30,4.31,Active
D09894,Mrs. Kelly Kim,MPV,Jurong,2020-09-27,4.39,Active
D09895,Amber Smith,Premium,Punggol,2026-07-20,3.81,Active
D09896,Mark Roberts,SUV,Tampines,2019-02-11,4.52,Active
D09897,Kristin Ayala,Sedan,Yishun,2022-01-31,3.96,Active
D09898,Terry Phillips,Sedan,Ang Mo Kio,2025-11-26,4.88,Suspended
D09899,Curtis Becker,Sedan,Punggol,2021-12-31,4.03,Active
D09900,David Lucero,SUV,Woodlands,2023-03-13,4.74,Inactive
D09901,Austin Williams,Premium,Yishun,2024-10-20,4.85,Suspended
D09902,Shannon Calhoun,MPV,Ang Mo Kio,2023-10-23,4.8,Active
D09903,Brian Hernandez,MPV,Tampines,2023-10-11,4.79,Active
D09904,Frank Lee,Premium,Bedok,2018-10-04,4.64,Inactive
D09905,Tom Wilson,Hatchback,Singapore,2019-02-17,4.05,Active
D09906,Debra Ruiz,Electric,Singapore,2019-10-21,4.36,Active
D09907,Sue Johnson,Sedan,Punggol,2022-04-20,3.79,Active
D09908,Kristen Thompson,Electric,Punggol,2025-09-24,4.97,Active
D09909,Kristin Pace,Electric,Toa Payoh,2024-05-23,3.72,Active
D09910,Andrew Meyer,Premium,Tampines,2021-03-21,4.26,Active
D09911,Hunter Stanton,SUV,Yishun,2023-10-21,3.58,Active
D09912,Marcus Deleon,Hatchback,Ang Mo Kio,2025-06-27,4.42,Active
D09913,Miss Angela Mason DDS,SUV,Bishan,2021-12-11,4.97,Active
D09914,Monica Brown,Sedan,Woodlands,2018-12-23,3.93,Active
D09915,Audrey Morrow,Premium,Bishan,2019-01-30,4.32,Active
D09916,Kathleen Cameron,Premium,Woodlands,2023-02-26,3.73,Active
D09917,Jesse Shelton,Electric,Singapore,2022-04-10,4.49,Active
D09918,Kevin Murphy,SUV,Ang Mo Kio,2025-10-09,4.97,Active
D09919,Michelle Lewis,MPV,Jurong,2024-11-16,4.27,Active
D09920,Kelsey Moore,SUV,Jurong,2018-08-14,3.57,Active
D09921,John Spencer,Electric,Bishan,2024-04-29,3.95,Active
D09922,Kirk Williams,Sedan,Punggol,2019-10-27,4.51,Active
D09923,Sharon Murphy,Electric,Yishun,2024-10-12,4.47,Active
D09924,Daniel Melendez,Electric,Ang Mo Kio,2026-01-08,4.82,Active
D09925,Brent Arnold,SUV,Tampines,2021-06-19,4.72,Active
D09926,Lance Garcia,Sedan,Punggol,2022-03-01,4.69,Active
D09927,Scott David,Premium,Yishun,2026-03-28,4.22,Active
D09928,Diana Smith,SUV,Bishan,2019-02-17,4.69,Active
D09929,Marco Lyons,Electric,Bishan,2025-11-08,4.51,Active
D09930,Bobby Boyd,SUV,Yishun,2023-09-07,3.84,Active
D09931,Jose Carter,Premium,Bishan,2018-08-15,3.79,Active
D09932,Karla Collins,Premium,Ang Mo Kio,2021-08-22,4.37,Active
D09933,Sarah Huber,SUV,Tampines,2023-10-04,3.73,Active
D09934,Laura Johnson,Electric,Jurong,2019-03-09,4.9,Active
D09935,Kaitlyn Hardy,Premium,Toa Payoh,2021-04-08,4.49,Active
D09936,Jeffrey Johnson,MPV,Bedok,2019-08-18,4.91,Active
D09937,Melanie James,SUV,Woodlands,2026-04-23,3.77,Active
D09938,Justin Wolf,Premium,Toa Payoh,2019-08-03,3.8,Active
D09939,Valerie Thompson,Hatchback,Bedok,2022-04-05,3.5,Active
D09940,Anthony Robles,Sedan,Bedok,2023-05-27,4.65,Active
D09941,Bonnie Smith,Electric,Woodlands,2026-04-23,3.56,Active
D09942,George Frazier,Electric,Singapore,2019-08-19,3.57,Active
D09943,Ronald Lang,Electric,Jurong,2020-03-03,4.32,Active
D09944,Rachel Foley,Sedan,Jurong,2023-07-22,3.87,Inactive
D09945,Roy Graves,Hatchback,Bedok,2026-02-15,3.6,Active
D09946,Lauren Maynard,Hatchback,Punggol,2019-01-14,4.15,Active
D09947,Daniel Thompson,Hatchback,Toa Payoh,2022-12-03,4.61,Active
D09948,Jeffrey Castro,Premium,Toa Payoh,2022-05-27,4.92,Active
D09949,Monica Crawford,Premium,Woodlands,2026-04-28,3.62,Active
D09950,Ronald Franklin DVM,Electric,Jurong,2025-09-08,4.74,Active
D09951,Lori Wise,Sedan,Toa Payoh,2022-08-12,4.05,Active
D09952,Penny Garcia,Sedan,Bishan,2025-03-15,4.2,Active
D09953,Breanna Parker,MPV,Woodlands,2019-01-03,4.1,Active
D09954,Ryan Wolf,Sedan,Ang Mo Kio,2022-04-10,4.36,Active
D09955,Lauren Andrews,Hatchback,Woodlands,2023-04-28,3.86,Active
D09956,Sharon Smith,Electric,Punggol,2023-09-11,4.57,Active
D09957,Danielle Vaughan,Sedan,Punggol,2019-03-31,4.41,Active
D09958,Cody Rose,MPV,Toa Payoh,2019-08-06,4.53,Active
D09959,Jeff Leon,Sedan,Bedok,2022-04-13,3.64,Active
D09960,Mr. James Welch,Hatchback,Bishan,2021-01-17,4.39,Inactive
D09961,Darlene Johnson,Hatchback,Ang Mo Kio,2024-06-01,4.62,Active
D09962,Jennifer Thomas,Sedan,Bedok,2023-11-30,3.62,Active
D09963,Lisa Howell,Premium,Bedok,2021-09-17,4.15,Inactive
D09964,Anthony King,Hatchback,Singapore,2026-04-07,4.23,Active
D09965,Jennifer Bartlett,SUV,Bishan,2022-09-23,4.58,Active
D09966,Brooke Wilson,Electric,Bishan,2019-03-03,4.26,Active
D09967,Michael Lewis,MPV,Punggol,2023-12-03,3.93,Active
D09968,Lauren Castillo MD,Electric,Toa Payoh,2024-01-21,4.42,Active
D09969,Shirley Wagner,MPV,Ang Mo Kio,2023-01-13,3.83,Active
D09970,Carlos Johnson,Premium,Yishun,2019-01-23,3.58,Inactive
D09971,Anthony Lopez,MPV,Punggol,2020-01-08,4.65,Active
D09972,James Gutierrez,MPV,Toa Payoh,2025-05-26,3.8,Inactive
D09973,Gina Gillespie,Electric,Woodlands,2025-04-17,3.7,Active
D09974,Jonathan Brown,Electric,Bishan,2021-07-17,3.78,Active
D09975,Traci Fisher,MPV,Tampines,2020-12-16,4.77,Active
D09976,Lisa Andrade,Sedan,Yishun,2020-10-26,4.87,Inactive
D09977,Sharon Phillips,Electric,Jurong,2025-06-24,4.58,Inactive
D09978,Brianna Morgan,Electric,Singapore,2022-05-08,4.23,Active
D09979,Alex Erickson,Hatchback,Singapore,2019-06-13,4.05,Active
D09980,Christopher Morris,Sedan,Bedok,2018-09-13,3.6,Active
D09981,Ralph Martin,Sedan,Bishan,2025-06-21,4.77,Active
D09982,Patricia Ortiz,Sedan,Woodlands,2019-03-03,3.68,Active
D09983,Ryan Gibson,Hatchback,Tampines,2024-03-12,4.9,Active
D09984,Michele Holden,Premium,Ang Mo Kio,2020-01-15,3.7,Active
D09985,James Jones,SUV,Singapore,2018-11-07,4.38,Active
D09986,Daniel Duffy,Hatchback,Ang Mo Kio,2025-10-31,4.46,Active
D09987,Troy Allison,Premium,Yishun,2025-07-13,3.74,Active
D09988,Drew Lewis,Sedan,Toa Payoh,2023-02-23,4.1,Active
D09989,Christopher Walter,Electric,Yishun,2026-03-25,4.04,Active
D09990,Christopher Cardenas,Sedan,Bedok,2022-10-01,4.46,Active
D09991,Cheryl Sutton,Premium,Singapore,2020-07-29,4.4,Active
D09992,David Rodriguez,Sedan,Ang Mo Kio,2021-09-05,4.44,Active
D09993,William Gardner,Electric,Tampines,2023-03-23,4.77,Inactive
D09994,Christopher Davis,Electric,Toa Payoh,2024-12-20,4.89,Active
D09995,Miguel Knapp,Premium,Tampines,2019-07-10,4.9,Active
D09996,Brian Duffy,SUV,Toa Payoh,2019-12-26,4.32,Active
D09997,Lisa Ryan,Sedan,Woodlands,2022-07-21,3.83,Active
D09998,Joshua Jones,MPV,Tampines,2022-09-21,4.78,Inactive
D09999,Melissa Garcia,Electric,Yishun,2026-06-05,4.58,Active
D10000,Cynthia Holden,Hatchback,Jurong,2025-03-31,3.93,Inactive
